_key,heroid,cost,hero_type,hit_range,attack_base,defence_base,intel_base,speed_base,destroy_base,attack_grow,defence_grow,intel_grow,speed_grow,destroy_grow,skill_init,base_hero_id,icon_hero_id,hero_type_feature,season,book_type,valid_time,release_time,policy_id,title_heroid,achieve_heroid,free_forget_skill_activity_id,free_forget_skill_time,fashion,show_priority,balance_activity_id,balance_skill_reset,balance_policy_reset,balance_policy_time_limit,country,quality,sex,space_type,is_season_card,is_release,is_op,is_sp_card,is_memorize_card,is_baijia_hero,hero_type_availible,func_availible,name,author,description,birth_and_death_year,second_name,hero_features_availible,share_description,head_icon_ids,tag,facade_ex_hero_id,balance_description,country_name,quality_name
1,1,100,2,3,900,900,900,900,900,9,9,9,9,9,200108,0,0,0,0,0,0,0,0,0,0,0,0,0,0,0,0,0,0,5,3,0,0,0,0,0,0,0,0,2,,默认画像,,默认画像用,?,,,,0,,,,群,四星
2,2,100,3,3,900,900,900,900,900,9,9,9,9,9,200108,0,0,0,0,0,0,0,0,0,0,0,0,0,0,0,0,0,0,5,3,0,0,0,0,0,0,0,0,3,,默认画像,,默认画像用（敬请期待）,?,,,,0,,,,群,四星
3,3,100,2,3,900,900,900,900,900,9,9,9,9,9,200108,0,0,0,0,0,0,0,0,0,0,0,0,0,0,0,0,0,0,5,3,0,0,0,0,0,0,0,0,2,,默认头像,,默认头像,?,,,,301,,,,群,四星
100001,100001,25,1,3,3500,8100,8100,4100,900,38,114,79,45,41,200001,0,0,0,0,0,0,0,210031,0,0,0,0,0,0,0,0,0,0,1,3,0,0,0,1,0,0,0,0,"1,11,32",,献帝,,@【史】@东汉最后一任皇帝，公元189年－220年在位。因被董太后抚养，故称“董侯”，初封渤海王，后改封陈留王。公元189年，董卓废汉少帝刘辩，立刘协为皇帝。董卓被王允和吕布诛灭后，董卓部将李傕等攻入长安，再次挟持了他，后来逃出长安。公元196年，曹操控制了刘协，并迁都许县，挟天子以令诸侯。公元220年，曹操病死，刘协被曹丕控制，随后被迫禅让于曹丕。公元234年，刘协寿终正寝，享年54岁。\n^【演】^在《三国演义》中，他是汉灵帝中子。汉中平九月甲戌，即皇帝位，年九岁。后为董卓、曹操接连要挟，成为傀儡。建安二十五年冬十月乙卯，帝逊位，丕称天子。奉帝为山阳公。传言帝遇害，汉中王刘备闻知，痛哭终日，下令百官挂孝，遥望设祭，上尊谥曰“孝愍皇帝”。,181-234,,,,10000101,"6,5",,,汉,四星
100002,100002,55,1,4,7300,7400,8200,7800,900,184,186,205,103,104,200002,0,0,0,10003,0,0,0,413007,0,0,0,0,0,0,0,0,0,0,1,4,0,0,0,1,0,0,0,0,"1,11,21",,十常侍,,@【史】@汉灵帝时的宦官集团。张让、赵忠、夏恽、郭胜、孙璋、毕岚、栗嵩、段珪、高望、张恭、韩悝、宋典十二个宦官，他们推动了汉朝的灭亡，是引发了汉末时局大动荡的主要原因。\n^【演】^张让、赵忠、夏恽、郭胜、孙璋、毕岚、栗嵩、段珪、高望、张恭、韩悝、宋典等十二个宦官朋比为奸，号为“十常侍”。,?,,,宦官乱政除异已#颠倒黑白乱天下,10000201,"4,2",,,汉,五星
100003,100003,35,3,3,9900,10000,3000,10000,300,230,189,30,202,26,200003,0,0,0,0,0,0,0,110001,0,0,0,0,0,0,20049,0,1,1766977200,1,4,0,0,0,1,0,0,0,0,"3,23,33",,吕布,,@【史】@吕布以勇武闻名，号称“飞将”，时有“人中吕布，马中赤兔”之说。原为丁原部将，被唆使谋害丁原归附董卓，与董卓誓为父子，后又被司徒王允唆使诛灭董卓。旋即被董卓旧部李傕等击败，依附袁绍，又被袁绍猜忌，依附张杨。兴平元年（194年），吕布趁曹操攻打陶谦时与陈宫等叛乱，占据濮阳，但两年间被曹操击败转而去依附徐州刘备，又趁刘备与袁术作战时袭取了徐州，与刘备和好一阵又相互攻伐。\n期间，以辕门射戟化解刘备与纪灵的争斗。建安三年（198年），吕布先后击败刘备与夏侯惇后，曹操亲自出马征讨吕布，水淹下邳，吕布被部下叛变，城破被俘，被处死。\n^【演】^吕布是骁勇善战的汉末诸侯，先后跟随丁原、董卓作战，并最终谋害了丁原和董卓。成为独立势力后，吕布与曹操为敌，和刘备、袁术等诸侯时敌时友，最终不敌曹操和刘备的联军，兵败人亡。吕布虽然勇猛，但是少有计策，为人反复无常，唯利是图。在演义中，吕布是天下无双的超一流武将，曾在虎牢关大战刘备、关羽、张飞，曾一人独斗曹操军六员大将，武艺可谓公认的演义第一。,?-199,奉先,,龙驹跳踏起天风#画戟荧煌射秋水,10000301,"1,4",,,汉,五星
100004,100004,20,3,2,6100,7200,9000,8500,200,82,80,131,95,14,200004,0,0,0,0,0,0,0,210008,0,100004,0,0,0,0,0,0,0,0,1,4,1,0,0,1,0,0,0,0,"3,23,33",,蔡文姬,,@【史】@东汉末才女，博学多才且精通音律。匈奴入侵时，被匈奴掳走。十二年后，曹操统一北方，用重金将蔡文姬赎回，并将其嫁给董祀。,?,昭姬,,去时怀土心无绪#来时别儿思漫漫,10000401,5,,,汉,五星
100005,100005,25,1,2,7900,7400,8800,6800,1000,124,107,160,107,72,200005,0,0,0,0,0,0,0,110002,0,0,0,0,0,0,20049,1,0,0,1,4,1,0,0,1,0,0,0,0,"1,21,31",,貂蝉,,^【演】^中国古代四大美女之一。其善歌舞，色伎俱佳，凭借自己的美貌智慧在诸侯争霸的战乱年代，辗转于各诸侯之间。她通过王允的安排成为了吕布的妾室，巧施连环计成功诱使吕布诛灭了董卓。,176-?,,,三战虎牢徒费力#凯歌却奏凤仪亭,10000501,4,,,汉,五星
100006,100006,30,2,2,8200,8800,8000,3600,2500,130,163,105,57,196,200006,0,0,0,0,0,0,0,210001,0,100006,0,0,0,0,20091,1,0,0,1,4,0,0,0,1,0,0,0,0,"2,12,32",,袁绍,,@【史】@东汉末年军阀，汉末群雄之一。在汉末群雄割据的过程中，袁绍先占据冀州，又先后夺青、并二州，并于建安四年（199年）的易京之战中击败了割据幽州的军阀公孙瓒，统一河北，势力达到顶点。但在建安五年（200年）的官渡之战中大败于曹操。建安七年（202年），袁绍在平定冀州叛乱之后病逝。\n^【演】^在《三国演义》中，袁绍初为何进党羽。何进被害后，与袁术等共同诛灭宦官。董卓夺权之后，残暴不仁，涂炭生灵。袁绍奔冀州组成十七路诸侯反董卓联合。董卓迁都长安后，袁绍便引诱公孙瓒进攻冀州，并胁迫韩馥控制冀州。随后袁绍为扩大势力范围而相继占领青州、并州。\n袁绍歼灭公孙瓒，平定幽州之后，在河北建立起庞大的势力。为了与曹操一决雌雄，袁绍遣七十万兵越过黄河，却于官渡之战中被火烧乌巢，惨遭落败。最终，袁绍与曹操在仓亭决战，败归后不久病死。,?-202,本初,,少年意气自纵横#漫有英雄百万兵,10000601,"1,6",,,汉,五星
100007,100007,30,3,1,10800,13200,12300,8900,700,75,132,82,153,67,200007,0,0,0,0,0,0,0,110003,0,100007,0,0,0,0,0,0,0,0,1,4,0,0,0,1,0,0,0,0,"3,32,13",,卢植,,@【史】@东汉名臣，刘备和公孙瓒之师。黄巾起义时为北中郎将，率军与张角交战，后被诬陷下狱，皇甫嵩平定黄巾后力救卢植，于是复任为尚书。后因上谏激怒董卓被免官，隐居在上谷军都山，被袁绍请为军师。\n^【演】^在《三国演义》中，卢植为汉末大儒，名望远闻于时。刘备曾经从师于他。黄巾起义，卢植奉命镇压，以三万精锐，包围了广宗城张角的十五万人马，未见胜负，因拒绝黄门左丰索要贿赂，而被诬陷罢职问罪。何进招董卓进京诛宦臣。卢植力谏，何进不听。于是辞官而去。董卓得政后，卢植又复职，谏阻董卓废少帝立陈留王。,139-192,子干,,未似马家亲子婿#终身不踏绛纱庭,10000701,3,,,汉,五星
100008,100008,25,3,2,2100,6700,9300,8500,300,29,92,215,157,25,200008,0,0,0,0,0,0,0,110004,0,100008,0,0,0,0,0,0,0,0,5,4,0,0,0,1,0,0,0,0,"3,31,23",,张角,,@【史】@东汉末农民起义领袖。汉灵帝时期在各地传播“太平道”，发展部众至几十万，遍及青、徐、幽、冀、荆、扬、兖、豫八州。184年二月，张角发动起义，打出了“苍天已死，黄天当立”的口号，矛头直指东汉政府，史称“黄巾起义”，影响遍及全国，极大地动摇了东汉政府的统治。同年十月，张角病死，不久其直接领导的黄巾军被镇压，但其后各地起义不断，最终导致东汉灭亡。\n^【演】^在《三国演义》中，张角原是个不第的秀才，在山中采药时遇南华老仙，得天书三卷，名为《太平要术》。张角依此书所传道术，开始散施符水，为人治病，徒众发展到数十万。张角遂起了夺取天下的野心，与兄弟张宝、张梁一起发兵起义，声势浩大，但最终被朝廷和各路豪杰镇压。张角病死，黄巾军主力随即覆灭，但仍有很多残党在各地活动。,?-184,,,苍天已死，黄天当立#岁在甲子，天下大吉,10000801,2,,,群,五星
100009,100009,30,3,3,8800,9100,6800,8100,1000,207,230,79,164,101,200009,0,0,0,0,0,0,0,410012,0,100009,0,0,0,0,20069,1,0,0,5,4,0,0,0,1,0,0,0,0,"3,13,43",,董卓,,@【史】@中平六年（189年），受大将军何进、司隶校尉袁绍所召，率军进京讨伐十常侍，却借何进被害之机，得以掌握朝政。他随后废除汉少帝，改立献帝。关东诸侯联盟讨伐董卓，董卓放弃洛阳，移都长安。董卓生性残虐，当权后横征暴敛，激起了民愤，最后被王允和吕布所诛。\n^【演】^原为汉河东太守，征讨黄巾不利，却因贿赂十常侍官至西凉刺史。董卓借何进被害之机，得以掌握朝政，又赠赤兔马给吕布，诱其投降并谋害丁原，从此不可一世。董卓废汉少帝，立汉献帝，朝臣敢怒不敢言；董卓生性残暴，经常纵兵掠民，百姓皆恨。后来，司徒王允利用貂蝉巧使连环计，使董卓为吕布所诛。,?-192,仲颖,,郿坞追魂凭李肃#宫门取命有温侯,10000901,3,,,群,五星
100010,100010,40,3,3,10800,9200,2800,10000,300,395,242,39,242,33,200010,0,0,0,0,0,0,0,0,0,0,0,0,0,0,0,0,0,0,5,4,0,0,0,0,0,0,0,0,"3,33,43",,吕布,,@【史】@吕布以勇武闻名，号称“飞将”，时有“人中吕布，马中赤兔”之说。原为丁原部将，被唆使谋害丁原归附董卓，与董卓誓为父子，后又被司徒王允唆使诛灭董卓。旋即被董卓旧部李傕等击败，依附袁绍，又被袁绍猜忌，依附张杨。兴平元年（194年），吕布趁曹操攻打陶谦时与陈宫等叛乱，占据濮阳，但两年间被曹操击败转而去依附徐州刘备，又趁刘备与袁术作战时袭取了徐州，与刘备和好一阵又相互攻伐。\n期间，以辕门射戟化解刘备与纪灵的争斗。建安三年（198年），吕布先后击败刘备与夏侯惇后，曹操亲自出马征讨吕布，水淹下邳，吕布被部下叛变，城破被俘，被处死。\n^【演】^吕布是骁勇善战的汉末诸侯，先后跟随丁原、董卓作战，并最终谋害了丁原和董卓。成为独立势力后，吕布与曹操为敌，和刘备、袁术等诸侯时敌时友，最终不敌曹操和刘备的联军，兵败人亡。吕布虽然勇猛，但是少有计策，为人反复无常，唯利是图。在演义中，吕布是天下无双的超一流武将，曾在虎牢关大战刘备、关羽、张飞，曾一人独斗曹操军六员大将，武艺可谓公认的演义第一。,?-199,奉先,,龙驹跳踏起天风#画戟荧煌射秋水,10001001,"1,4",,,群,五星
100011,100011,30,2,3,5200,8100,9800,3400,1300,96,164,248,45,144,200011,0,0,0,0,0,0,0,110164,0,100011,0,0,0,0,0,0,0,0,5,4,0,0,0,0,0,0,0,0,"2,31,12",,贾诩,,@【史】@东汉末年至三国初年著名谋士、军事战略家，曹魏开国功臣。原为董卓部将，董卓死后，献计李傕、郭汜反攻长安。李傕等人失败后，辗转成为张绣的谋士。张绣曾用他的计策两次打败曹操，官渡之战前他劝张绣归降曹操。曹操与关中联军相持渭南时，贾诩献离间计瓦解马超、韩遂，使得曹操一举平定关中。\n^【演】^在《三国演义》中，贾诩的生平大体与正史相符。其形象突出，计无不中，甚至曾令善于用兵的曹操几度败绩。其所从属势力颇多，先随李傕，再随张绣，最后事曹操曹丕两代。加上他曾助曹丕篡汉，其形象不算十分正面。可是即使贾诩曾助李傕、曹魏这些在《三国演义》形象比较负面的势力，他的才能仍备受肯定。而且不论是李傕、张绣，还是曹操、曹丕，都将贾诩视为心腹。可见其人善于交际，亦深晓乱世自保之术。,147-223,文和,,生平筹策算无遗#经达权变真奇人,10001101,2,,,群,五星
100012,100012,35,1,4,10000,9900,3100,8000,300,244,282,50,162,33,200012,0,0,0,0,0,0,0,0,0,0,0,0,0,0,0,0,0,0,5,5,0,0,0,0,0,0,0,0,1,,吕布,,@【史】@吕布以勇武闻名，号称“飞将”，时有“人中吕布，马中赤兔”之说。原为丁原部将，被唆使谋害丁原归附董卓，与董卓誓为父子，后又被司徒王允唆使诛灭董卓。旋即被董卓旧部李傕等击败，依附袁绍，又被袁绍猜忌，依附张杨。兴平元年（194年），吕布趁曹操攻打陶谦时与陈宫等叛乱，占据濮阳，但两年间被曹操击败转而去依附徐州刘备，又趁刘备与袁术作战时袭取了徐州，与刘备和好一阵又相互攻伐。\n期间，以辕门射戟化解刘备与纪灵的争斗。建安三年（198年），吕布先后击败刘备与夏侯惇后，曹操亲自出马征讨吕布，水淹下邳，吕布被部下叛变，城破被俘，被处死。\n^【演】^吕布是骁勇善战的汉末诸侯，先后跟随丁原、董卓作战，并最终谋害了丁原和董卓。成为独立势力后，吕布与曹操为敌，和刘备、袁术等诸侯时敌时友，最终不敌曹操和刘备的联军，兵败人亡。吕布虽然勇猛，但是少有计策，为人反复无常，唯利是图。在演义中，吕布是天下无双的超一流武将，曾在虎牢关大战刘备、关羽、张飞，曾一人独斗曹操军六员大将，武艺可谓公认的演义第一。,?-199,奉先,,,00,,,,群,六星
100013,100013,30,3,3,9700,9100,4500,9200,400,278,184,52,154,41,200013,0,0,0,0,0,0,0,110011,0,100013,0,0,0,0,20182,0,1,1782097200,5,4,0,0,0,1,0,0,0,0,"3,23,153",,马超,,@【史】@马腾之子，少年成名，曹操曾多次征召马超入京为官，但都被马超拒绝。建安十六年（211年），曹操治兵关中，马超联合关中诸侯韩遂等抵抗曹操，曾一度对曹操造成了极大的威胁，但被曹操用离间计击败退走，而后聚拢部队再次攻取陇上诸郡，失败后依附汉中张鲁。刘备攻打刘璋时，马超投降刘备，与刘备军合围成都，汉中之战后联名上书尊刘备为汉中王。蜀汉建立后，马超官至骠骑将军、斄乡侯。\n^【演】^在《三国演义》中，马超被称为“锦马超”，羌人将其奉为“神威天将军”。出场时十七岁，在长安连破之前逐走吕布的董卓部将王方、李蒙。曹操诱诛马腾后，马超为报父仇，起兵反曹，在潼关击败大将张郃，数合枪挑李通，逼得曹操割须弃袍。而后大战虎痴许褚，被贾诩用离间计击败，败走凉州。\n不久马超卷土重来，占领冀城，虽然非常勇猛，战场上阵斩杨阜七位兄弟，但仍被夏侯渊、杨阜等人联合击退。投奔汉中张鲁后，在葭萌关前大战张飞，被劝降归附刘备，随即引兵迫降刘璋，并活跃于汉中之战。蜀汉建立后马超镇守西平关，令伐蜀五路兵的羌兵不战自退。,176-223,孟起,,威震西凉立大功#渭桥六战最英雄,10001301,"1,7",,,群,五星
100014,100014,35,3,2,9400,8800,5400,7000,1400,209,111,103,134,161,200100,0,0,0,0,0,0,0,0,0,0,0,0,0,0,0,0,0,0,1,5,0,0,0,0,0,0,0,0,3,,董卓,,@【史】@中平六年（189年），受大将军何进、司隶校尉袁绍所召，率军进京讨伐十常侍，却借何进被害之机，得以掌握朝政。他随后废除汉少帝，改立献帝。关东诸侯联盟讨伐董卓，董卓放弃洛阳，移都长安。董卓生性残虐，当权后横征暴敛，激起了民愤，最后被王允和吕布谋诛。\n^【演】^原为汉河东太守，征讨黄巾不利，却因贿赂十常侍官至西凉刺史。董卓借何进被害之机，得以掌握朝政，又赠赤兔马给吕布，诱其投降并谋害丁原，从此不可一世。董卓废汉少帝，立汉献帝，朝臣敢怒不敢言；董卓生性残暴，经常纵兵掠民，百姓皆恨。后来，司徒王允利用貂蝉巧使连环计，使董卓为吕布所诛。,?-192,仲颖,,,00,,,,汉,六星
100015,100015,20,1,3,6500,7500,9000,4200,1000,131,129,88,85,94,200015,0,0,0,0,0,0,0,210002,0,100015,0,0,0,0,0,0,0,0,5,4,1,0,0,1,0,0,0,0,"1,11,21",,甄洛,,@【史】@魏文帝曹丕的妻子，魏明帝曹叡的生母。黄初二年（221年），曹丕称帝以后甄夫人被赐死，曹叡即位后追尊甄氏为文昭皇后。\n^【演】^在《三国演义》中，甄氏生平与正史大体相当。初期嫁与袁绍次子袁熙，袁熙带兵出外征战，留下甄氏独身照顾婆婆，袁氏败亡后，曹操之子曹丕见其美艳动人，便纳为己有。黄初年间，魏文帝曹丕登基后，郭贵妃以巫蛊之术陷害甄氏。文帝曹丕大怒，将甄氏赐死。,183-221,,,体迅飞凫，飘忽若神#凌波微步，罗袜生尘,10001501,"5,7",,,群,五星
100016,100016,35,2,3,8000,8100,8000,3800,1800,154,183,128,92,173,200016,0,0,0,0,0,0,0,110006,0,100016,0,0,0,0,20182,0,1,1782097200,3,4,0,0,0,1,0,0,0,0,"2,12,32",,刘备,,@【史】@西汉中山靖王刘胜之后，三国时期蜀汉开国皇帝、政治家，史家又称他为先主。刘备早年颠沛流离，备尝艰辛，投靠过多个诸侯。赤壁之战时，与孙权联盟击败曹操，趁势夺取荆州。而后进取益州。于章武元年（221年）在成都称帝，国号汉，史称蜀或蜀汉。《三国志》评刘备的机权干略不及曹操，但其弘毅宽厚，知人待士，百折不挠，终成帝业。刘备也称自己做事“每与操反，事乃成尔”。\n^【演】^在《三国演义》中，刘备的事迹基本与正史相符。书中将其塑造成一位胸襟开阔的，十足的明主形象。并重点突出其几个性格特点：一是亲贤爱士，善待人才；二是生性善良，爱民如子；三是待人宽厚，不求全责备；四是偶有权谋，颇有心计。,161-223,玄德,,贤矣昭烈，宽厚弘毅#崎岖立国，仗信履义,10001601,5,,,蜀,五星
100017,100017,30,2,2,4900,9500,10800,2200,2100,79,167,286,39,201,200017,0,0,0,0,0,0,0,210003,0,100017,0,0,0,0,20123,1,0,0,3,4,0,0,0,1,0,0,0,0,"2,21,12",,诸葛亮,,@【史】@政治家、军事家，被誉为“千古良相”的典范。策动孙、刘联盟，于赤壁之战中大破曹操，奠定三国鼎立的基础。蜀汉建立，拜为丞相。刘备伐吴失败，受托孤于永安，辅佐幼主，外联东吴，内修政理，南征平叛，北抗强魏。为完成统一中原，兴复汉室的大业，先后五次进攻魏国。在治国、治军等方面发挥了非凡的才能。最后一次北伐时采取分兵屯田之策，与司马懿大军相持百余日，但不幸因积劳成疾而逝世，享年五十四岁，谥曰忠武侯。\n^【演】^在《三国演义》中，人称卧龙先生，有经天纬地之才，鬼神不测之机。刘皇叔三顾茅庐，遂允出山相助。曾舌战群儒、借东风、智算华容、三气周瑜，辅佐刘备于赤壁之战大败曹操，更取得荆州为基本。后奉命率军入川，于定军山智激老黄忠，斩夏侯渊，败走曹操，夺取汉中。刘备伐吴失败，受遗诏托孤，安居平五路，七纵平蛮，六出祁山，鞠躬尽瘁，死而后已。其手摇羽扇，运筹帷幄的潇洒形象，千百年来已成为人们心中“智慧”的代名词。,181-234,孔明,,出师一表真名世#千载谁堪伯仲间,10001701,6,,,蜀,五星
100018,100018,25,3,2,7000,7900,8400,8300,500,122,160,124,145,53,200100,0,0,0,0,0,0,0,0,0,0,0,0,0,0,0,0,0,0,3,4,0,0,0,0,0,0,0,0,3,,刘备,,@【史】@西汉中山靖王刘胜之后，三国时期蜀汉开国皇帝、政治家，史家又称他为先主。刘备早年颠沛流离，备尝艰辛，投靠过多个诸侯。赤壁之战时，与孙权联盟击败曹操，趁势夺取荆州。而后进取益州。于章武元年（221年）在成都称帝，国号汉，史称蜀或蜀汉。《三国志》评刘备的机权干略不及曹操，但其弘毅宽厚，知人待士，百折不挠，终成帝业。刘备也称自己做事“每与操反，事乃成尔”。\n^【演】^在《三国演义》中，刘备的事迹基本与正史相符。书中将其塑造成一位胸襟开阔的，十足的明主形象。并重点突出其几个性格特点：一是亲贤爱士，善待人才；二是生性善良，爱民如子；三是待人宽厚，不求全责备；四是偶有权谋，颇有心计。,161-223,玄德,,,10001801,,,,蜀,五星
100019,100019,25,3,3,8900,7800,5500,8800,300,156,114,57,142,24,200019,0,0,0,0,0,0,0,110007,0,100019,0,0,0,0,0,0,0,0,3,4,1,0,0,1,0,0,0,0,"3,23,43",,马云禄,,是民国作家周大荒小说《反三国演义》中的虚构人物。马超之妹，自幼习武，女中无双。在为马腾复仇的战事中跟随马超来到中原，与赵云一见钟情。\n之后嫁于赵云，与丈夫和兄长并肩作战。,?,,,柳腰束胄覆青纱#霜枪玉剑破万军,10001901,"1,7",,,蜀,五星
100020,100020,25,2,2,3300,7000,9400,2900,1600,53,113,190,47,181,200020,0,0,0,0,0,0,0,310042,0,100020,0,0,0,0,20049,0,1,1766977200,3,4,1,0,0,1,0,0,0,0,"2,12,22",,黄月英,,@【史】@诸葛亮之妻，本名不详。其长相丑陋，黄头发，黑皮肤，但才华却与诸葛亮相当。诸葛亮发明木牛流马，相传就是从黄月英的传授的技巧上发展出来。\n^【演】^诸葛瞻之母，容貌甚丑，而有奇才。上通天文，下察地理，韬略近于诸书无所不晓，诸葛亮在南阳时闻其贤，迎娶黄月英。诸葛亮所学，很多是由黄月英所授。诸葛亮死后，黄月英也很快病逝，临终以“忠孝”勉励其子诸葛瞻。而正史上没有提及诸葛瞻是何人所生。,?,,,黄氏奇女闺中待#奇械巧工胜诸葛,10002001,"2,7",,,蜀,五星
100021,100021,35,2,3,10100,9200,7800,6500,1300,227,223,112,114,138,200021,0,0,0,0,0,0,0,110174,0,0,0,0,0,0,20139,1,0,0,3,4,0,0,0,1,0,0,0,0,"2,22,32",,赵云,,@【史】@三国时期蜀汉名将。赵云跟随刘备将近三十年，先后参加过博望坡之战、长坂坡之战、江南平定战，独自指挥过入川之战、汉水之战、箕谷之战，都取得了非常好的战果。除了四处征战，赵云还先后以偏将军任桂阳太守，以留营司马留守公安，以翊军将军督江州。除此之外，赵云于平定益州时引霍去病故事劝谏刘备将田宅归还百姓，又于关羽张飞被害之后劝谏刘备不要伐吴，被后世赞为有大臣局量的儒将，甚至被认为是三国时期的完美人物。\n^【演】^在《三国演义》中，赵云一登场即和河北名将文丑大战，救了公孙瓒。曾和多名三国名将对战，冲锋陷阵罕见败绩。长坂坡救阿斗时，连续阵斩曹营名将五十余员。智取桂阳时，更是展现了他过人的机智和出众的谋略。随诸葛亮吊祭周瑜时，因赵云带剑相随，吴将无人敢动诸葛亮。汉水救黄忠时，让魏国名将张郃、徐晃心惊胆战，不敢迎敌。\n刘备去世之后，曹魏五路犯蜀，赵云把守阳平关，一将当关，万夫莫开。七十几岁时仍为蜀汉先锋，阵前力斩被作者称为“有万夫不当之勇”的西凉大将韩德一门五将。,?-229,子龙,,古来冲阵扶危主#只有常山赵子龙,10002101,"1,3",,,蜀,五星
100022,100022,30,3,2,10300,8700,4500,7100,1000,267,168,50,113,96,200022,0,0,0,0,0,0,0,110175,0,0,0,0,0,0,0,0,0,0,3,4,0,0,0,1,0,0,0,0,"3,13,23",,张飞,,@【史】@三国时期蜀汉名将。刘备长坂坡败退，张飞仅率二十骑断后，据水断桥，曹军没人敢逼近；与诸葛亮、赵云扫荡西川时，于江州义释严颜；汉中之战时又于宕渠击败张郃，对蜀汉贡献极大，官至车骑将军、领司隶校尉，封西乡侯，后被范强、张达所刺。后主时代追谥为“桓侯”。\n^【演】^在《三国演义》中，张飞是位重情重义嫉恶如仇，肤色黝黑的壮汉，同时又武力过人，曾多次主动挑战号称天下第一的吕布，吕布竟曾一度忌惮张飞，嗓门大更是人物一大亮点，是蜀汉大臣中少有的个性鲜明的武将。,?-221,益德,,虎牢关上声先震#长坂桥边水逆流,10002201,1,,,蜀,五星
100023,100023,35,3,2,8000,10700,9000,8800,600,128,295,159,126,40,200023,0,0,0,0,0,0,0,110008,0,100023,0,0,0,0,0,0,0,0,2,4,0,0,0,1,0,0,0,0,"3,13,43",,曹操,,@【史】@三国中曹魏政权的奠基人。其人文武精通，可谓非常之人，超世之杰。以汉天子的名义征讨四方，对内消灭二袁、吕布、刘表、马超、韩遂等割据势力，对外降服南匈奴、乌桓、鲜卑等，统一了中国北方，并实行一系列政策恢复经济生产和社会秩序，奠定了曹魏立国的基础。\n^【演】^在《三国演义》中，曹操的事迹基本与正史相符。主要将其塑造成一个“奸雄”形象，并且更突出“奸”的一面。,155-220,孟德,,山不厌高，海不厌深#周公吐哺，天下归心,10002301,"6,3",,,魏,五星
100024,100024,30,3,2,4700,8900,9600,8500,500,55,156,225,149,44,200024,0,0,0,0,0,0,0,310002,0,100024,0,0,0,0,0,0,0,0,2,4,0,0,0,1,0,0,0,0,"3,13,23",,荀彧,,@【史】@东汉末年著名政治家、战略家，曹操统一北方的首席谋臣和功臣。荀彧早年被称为“王佐之才”，初举孝廉，任守宫令。后弃官归乡，又率宗族避难冀州，被袁绍待为上宾。其后投奔曹操。官至侍中，守尚书令，封万岁亭侯。因其任尚书令，居中持重达十数年，处理军国事务，被人敬称为“荀令君”。后因反对曹操称魏公而受曹操所忌，调离中枢，在寿春忧郁成病而亡，年五十。获谥敬侯，后追赠太尉。\n^【演】^在《三国演义》中，荀彧旧从袁绍，因知袁绍终不能成大事遂与其侄荀攸投奔曹操。荀彧为曹操出过很多重要的战略谋划，如以兖州为基地、二虎竞食和驱虎吞狼、迎汉献帝往许都、开玄武湖练水军等等，立有大功。荀彧后为汉侍中、尚书令，参与国家大事並经常留守许都。后来董昭劝曹操称魏公，荀彧表示反对，曹操深感不满，遂将其招入军中，从征孙权。荀彧因病留于寿春，不久在曹操的暗示下服毒自尽。,163-212,文若,,颍上文若王佐才#名齐五岳震三台,10002401,2,,,魏,五星
100025,100025,25,1,4,8300,7800,8300,4500,1100,145,126,145,79,97,200025,0,0,0,0,0,0,0,410002,0,100025,0,0,0,0,0,0,0,0,2,4,0,0,0,1,0,0,0,0,"1,11,31",,曹丕,,@【史】@曹操与卞夫人的长子。其文武双全，八岁能提笔为文，善骑射，好击剑，博览古今经传，通晓诸子百家学说。曹操去世后，曹丕继任丞相、魏王。之后逼献帝禅让成为文帝，以魏代汉，结束了汉朝四百多年的统治。在位期间，平定边患。击退鲜卑，和匈奴、氐、羌等外夷修好，恢复汉朝在西域的设置。并执行了多个优良政策，重用贤臣，使魏国安定。但时年四十岁，病逝。\n^【演】^在继承权问题上处心积虑，战胜了文才更胜一筹的曹植，被立为王世子。曹操逝世后，曹丕继位成为魏王，以不参加葬礼之罪逼弟弟曹植写下七步诗，险些将其所害，又顺利夺下弟弟曹彰的兵权，坐稳魏王之位。不久，曹丕逼汉献帝让位，代汉称帝，为魏国开国皇帝。\n刘备伐吴时，曹丕看出刘备要失败，但不听谋士之言，偏要坐山观虎斗，事后又起兵伐吴，结果被徐盛火攻击败。回洛阳后，曹丕大病，临终前托付曹叡给曹真、司马懿等人，终年四十岁。,187-226,子桓,,飞鸧晨鸣声可怜#留连顾怀不能存,10002501,6,,,魏,五星
100026,100026,30,3,1,10200,8600,6200,9000,300,240,177,62,131,27,200026,0,0,0,0,0,0,0,110010,0,0,0,0,0,0,20123,1,0,0,2,4,0,0,0,1,0,0,0,0,"3,13,23",,关羽,,@【史】@蜀汉名将，是刘备、张飞的结义兄弟。早期跟随刘备辗转各地，曾被曹操生擒，于白马坡阵斩袁绍大将颜良，与张飞一同被称为万人敌。赤壁之战后，刘备助东吴周瑜攻打南郡曹仁，别遣关羽绝北道，阻挡曹操援军，曹仁退走后，关羽被刘备任命为襄阳太守。刘备入益州，关羽留守荆州。建安二十四年，关羽围襄樊，擒获于禁，阵斩庞德，威震华夏，曹操曾想迁都以避其锐。后曹操派徐晃前来增援，东吴吕蒙又偷袭荆州，关羽腹背受敌，兵败身亡。\n^【演】^与刘备、张飞桃园结义，羽居其次。使八十二斤青龙偃月刀随刘备东征西讨。汜水关温酒斩华雄，屯土山降汉不降曹。为报恩斩颜良、诛文丑，解曹操白马之围。后得知刘备音信，过五关斩六将，千里寻兄。刘备平定益州后，封关羽为五虎大将之首，督荆州事。羽起军攻曹，放水淹七军，威震华夏。围樊城右臂中箭，幸得华佗医治，刮骨疗伤。但未曾提防东吴袭荆州，关羽父子败走麦城，突围中被捕，不屈遭害。,?-220,云长,,马骑赤兔行千里#刀偃青龙出五关,10002601,1,,,魏,五星
100027,100027,35,3,3,9100,9400,8300,10500,300,221,227,105,272,29,200027,0,0,0,0,0,0,0,110014,0,100027,0,0,0,0,20049,0,1,1766977200,2,4,0,0,0,1,0,0,0,0,"3,13,23",,张辽,,@【史】@汉末三国时期曹魏名将。曾从属丁原、董卓、吕布。吕布下邳败亡后，归顺曹操。此后随曹操四处征讨，战功累累。张辽为历代推崇，并成为古今六十四名将之一。曹丕登基后，仍令张辽守御孙权。黄初二年（221年），张辽屯驻雍丘，染病。张辽大病期间，孙权依旧对其非常忌惮。黄初三年（222年），张辽不负众望，抱病击破吴将吕范。同年在江都病逝，谥刚侯，享年五十四岁。\n^【演】^在《三国演义》中，他先为吕布部将，多番令曹军陷于苦战，其武勇连关羽亦甚称道。后来吕布战败遭擒，曹操下令绞死吕布后，刘备、关羽为张辽求情，曹操便待张辽以上宾之礼。张辽感其恩情，于是投降，自此成为曹操将领。后来，张辽随曹丕以大船征伐江东，军队被徐盛所击败。曹丕登岸逃亡时，吴将丁奉从岸边袭来，张辽为保护曹丕上前迎敌，却被丁奉以箭射其腰，回营后不治身亡，曹丕厚葬之。,169-222,文远,,格斩蹋顿破乌桓#吓煞江南众小儿,10002701,"6,1",,,魏,五星
100028,100028,25,1,4,8800,5200,9000,5300,900,142,84,170,86,72,200028,0,0,0,0,0,0,0,310038,0,100028,0,0,0,0,0,0,0,0,2,4,1,0,0,1,0,0,0,0,"1,11,21",,王异,,@【史】@益州刺史赵伟璋妻，后为羌道令赵昂妻。赵英、赵月之母。马超作乱凉州时，王异协助丈夫守城，多有功勋，自马超攻冀城至祁山坚守，赵昂曾出奇计九条，王异皆有参与。\n^【演】^在《三国演义》中，作者不载其名，只称“王氏”。赵昂与杨阜、姜叙、尹奉等密谋起兵对抗强攻冀城的马超，赵昂因顾虑儿子赵月而回家跟妻子王氏商量，王氏听罢便怒道：“雪君父之大耻，虽丧身亦不惜，何况一子乎！君若顾子而不行，吾当先死矣！”令赵昂下定决心协助杨阜。王氏更将自己的首饰资帛，亲自往祁山军中赏劳军士，亦因此而避过马超后来的屠戮。,?,,,九出奇计好巾帼#三分贤妇青史铭,10002801,2,,,魏,五星
100029,100029,25,1,3,7700,5600,8200,5500,900,124,75,155,104,102,200029,0,0,0,0,0,0,0,210004,0,100029,0,0,0,0,20049,1,0,0,2,4,1,0,0,1,0,0,0,0,"1,11,21",,张春华,,@【史】@曹魏粟邑令张汪之女，晋宣帝司马懿之妻，晋景帝司马师和晋文帝司马昭的母亲。正始八年（247年），张春华去世，时年五十九岁，葬于洛阳高原陵，追赠广平县君。咸熙元年（264年），追谥为宣穆妃。泰始元年（265年），张春华之孙晋武帝司马炎登基，追谥她为宣穆皇后。,189-247,,,宣穆阅礼配潜鳞#母仪天下育真龙,10002901,4,,,魏,五星
100030,100030,30,1,4,7600,8800,8500,5800,1000,122,128,162,111,113,200030,0,0,0,0,0,0,0,410003,0,100030,0,0,0,0,0,0,0,0,4,4,0,0,0,1,0,0,0,0,"1,11,31",,孙权,,@【史】@孙坚之子，孙策之弟。东汉建安五年，兄孙策遇刺身亡，孙权继位吴侯、讨逆将军，领会稽太守，开始统领江东。他击败了黄祖。后东吴联合刘备，于赤壁击溃了曹操军。东吴后来又和曹操军在合肥附近鏖战，并从刘备手中夺回荆州、擒关羽、大破刘备的讨伐军。曹丕称帝后孙权先向北方称臣，后自己建吴称帝，迁都建业。孙权病逝后谥号大皇帝，史称东吴大帝。\n^【演】^在《三国演义》中，孙权19岁就继承了其兄孙策之位，力据江东，击败了黄祖。后东吴联合刘备，在赤壁大战击溃了曹操军。东吴后来又和曹操军在合肥附近鏖战，并从刘备手中夺回荆州、擒关羽、大破刘备的讨伐军。曹丕称帝后孙权先向北方称臣，后自己建吴称帝，迁都建业。,182-252,仲谋,,二十四年兴大业#龙盘虎踞在江东,10003001,6,,,吴,五星
100031,100031,30,1,4,7000,9200,9800,5300,1200,123,134,230,93,105,200031,0,0,0,0,0,0,0,410004,0,100031,0,0,0,0,20049,1,0,0,4,4,0,0,0,1,0,0,0,0,"1,11,21",,周瑜,,@【史】@东汉末年名将。洛阳令周异之子，堂祖父周景、堂叔周忠，都官至太尉。长壮有姿貌、精音律，江东有“曲有误，周郎顾”之语。周瑜少与孙策交好，21岁起随孙策奔赴战场平定江东，后孙策遇刺身亡，孙权继任，周瑜将兵赴丧，以中护军的身份与长史张昭共掌众事。\n建安十三年 （208年），周瑜率军与刘备联合，于赤壁之战中大败曹军，由此奠定了“三分天下”的基础。建安十四年（209年），拜偏将军领南郡太守。建安十五年（210年）病逝于巴丘，年仅36岁。\n^【演】^在《三国演义》中，为了凸显诸葛亮的智慧，对历史上的周瑜形象做了较大的改动，并虚构了较多的情节，如赤壁之战，周瑜的主张不太明确，是战是和踌躇不定，诸葛亮借曹操修筑铜雀台欲夺小乔之事，智激周瑜，坚定周瑜抗曹的决心。\n曹操命周瑜同窗好友蒋干劝降周瑜，周瑜设下计策，假装友善，伪造了曹操水军都督蔡瑁、张允写给周瑜的降书让蒋干发现，上演了一出“蒋干盗书”的好戏，为赤壁之战的成功奠定了基础。,175-210,公瑾,,世间豪杰英雄士#江左风流美丈夫,10003101,"2,4,7",,,吴,五星
100032,100032,25,1,3,2700,5000,8500,3700,1200,36,94,172,50,96,200032,0,0,0,0,0,0,0,210051,0,0,0,0,0,0,20049,1,0,0,4,4,1,0,0,1,0,0,0,0,"1,21,31",,周姬,,@【史】@周瑜之女，母疑为汉末美女小乔，兄长为周循和周胤。\n^【演】^在《三国演义》中，提及周瑜去世后留下二子一女，孙权对他们很关照。周瑜的女儿日后嫁给了太子。,?,,,佳人箜篌忆先父#玉指抚弦奏遗志,10003201,2,,,吴,五星
100033,100033,35,2,3,9000,10000,7200,3600,2000,189,209,80,57,211,200033,0,0,0,0,0,0,0,110009,0,100033,0,0,0,0,0,0,0,0,4,4,0,0,0,1,0,0,0,0,"2,12,32",,孙坚,,@【史】@县吏出身，因勇敢又有谋略被官府赏识，提拔为军官。曾参与讨伐黄巾军的战役以及讨伐董卓的战役。后与刘表作战时阵亡。孙坚的儿子孙策、孙权后来创建了东吴政权。\n^【演】^在《三国演义》中，孙坚由于征讨黄巾有功，被封为长沙太守。在董卓乱政期间，孙坚作为诸侯联军的先锋，表现得十分活跃，但因袁术存在私心，拒不发粮，而被董卓将华雄击败。后来董卓迁都长安，孙坚进驻洛阳，意外发现传国玉玺，并藏匿返回。不料事情泄漏，与袁绍、刘表结仇。不久，孙坚在与刘表手下黄祖的交战中，中埋伏而死。,155-191,文台,,争教不霸江山得#日月征曾入梦来,10003301,5,,,吴,五星
100034,100034,30,2,2,9600,8700,6700,4600,1400,211,192,78,67,135,200034,0,0,0,0,0,0,0,110015,0,100034,0,0,0,0,0,0,0,0,4,4,0,0,0,1,0,0,0,0,"2,12,22",,甘宁,,@【史】@吴国猛将。性格粗暴，年轻时经常为非作歹，行为举止旁若无人。后来熟读诸子而被感化，投靠刘表和黄祖，但均未被重用。于是甘宁率部众投奔孙权，破黄祖据楚关，攻曹仁取夷陵，镇益阳拒关羽，守西陵获朱光，率骑袭曹营，战功赫赫。孙权曾说：“孟德有张辽，孤有甘兴霸，足相敌也。”他为人仗义疏财，深得士卒拥戴，被陈寿盛赞为“江表之虎臣”。\n^【演】^在《三国演义》中，描写的甘宁事迹与史书记载基本相同。小说中甘宁参与了夷陵之战，被蜀国蛮将沙摩柯一箭射中额头，此后逃到一棵大树下坐着死去。,?-220,兴霸,,百翎直贯曹家寨#尽说甘宁虎将才,10003401,1,,,吴,五星
100035,100035,35,1,4,8600,9200,9300,5400,900,166,223,164,87,87,200648,0,0,0,0,0,0,0,310039,0,100035,0,0,0,0,0,0,0,0,4,4,0,0,0,1,0,0,0,0,"1,11,31",,吕蒙,,@【史】@孙吴重臣。早年果敢有胆，后折节读书，识见精博，终成大将，有“士别三日，刮目相待”之语。少年时依附姊夫邓当，随孙策为将。孙权统事后，渐受重用。破黄祖作先登，封横野中郎将。围曹仁于南郡，破朱光于皖城，累功拜庐江太守。后进占荆南三郡，计擒郝普，在逍遥津之战中奋勇抵抗张辽军追袭，并于濡须数御魏军，以功除左护军、虎威将军。鲁肃去世后，代守陆口，设计袭取荆州，击败蜀汉名将关羽，使东吴国土面积大增。\n^【演】^在《三国演义》中，吕蒙和正史的形象大体相当。但小说中则将夺荆州的功劳归于陆逊。吕蒙听说荆州早有防备，害怕无法实现目标因此称病躲避主公。直到孙权派来的陆逊来献出白衣渡江之计。历史上这则是吕蒙和孙权的计谋。第七十七回《玉泉山关公显圣》吕蒙的死法也较为荒诞，竟被关羽魂魄索命而死。另外，小说中未有提及吕蒙年轻时奋进及其由武转文的学习经历。,179-220,子明,,白衣摇橹真奇计#一举荆襄取次休,10003501,"4,2",,,吴,五星
100036,100036,25,1,4,9000,7700,6200,5900,900,170,135,57,79,72,200035,0,0,0,0,0,0,0,210006,0,100036,0,0,0,0,20105,1,0,0,4,4,1,0,0,1,0,0,0,0,"1,11,31",,孙尚香,,@【史】@孙权之妹，名字不详。刘备定荆州时，孙权对其十分畏惮，于是进妹予刘备为夫人，重固盟好。孙夫人才捷刚猛，有诸兄之风，身边侍婢百余人，皆亲自执刀侍立，刘备每入，心内常觉凛然惊惧。后刘备入益州，使赵云领留营司马，留守荆州。\n此时孙夫人自以孙权之妹的身份，骄妄豪强，常带着一群东吴吏兵，在荆州纵横不法。既尔孙权闻知刘备西征，于是大遣舟船以迎孙夫人，而夫人带着后主刘禅回吴，幸得赵云与张飞勒兵截江，方重夺刘禅。\n^【演】^在《三国演义》中，名为孙尚香。孙夫人才捷刚猛，有诸兄之风，身边侍婢百余人，皆亲自执刀侍立。不料在诸葛亮的锦囊妙计安排下，假婚成真姻；后来夫人更助刘备返蜀，于路上怒斥追袭的吴将。后刘备入益州，使赵云领留营司马，留守荆州。\n此时孙权闻知刘备西征，于是遣周善引领舟船以迎孙夫人，而夫人带着后主刘禅回吴，幸得赵云与张飞勒兵截江，方重夺刘禅。彝陵之战，刘备战败，有讹言传入吴中，道刘备已死，孙夫人伤心不已，望西痛哭，投江而死。,?-222,,,江东侍婢迎郎日#犹记刀光满洞房,10003601,1,,,吴,五星
100037,100037,25,1,3,6800,7700,8100,5300,1000,82,140,137,64,72,200037,0,0,0,0,0,0,0,210007,0,100037,0,0,0,0,20156,1,0,0,1,4,1,0,0,1,0,0,0,0,"1,11,32",,何太后,,@【史】@何氏出身于屠户家庭，后选入掖庭，得到汉灵帝临幸，生下皇子刘辩，并受封贵人。光和三年（180年），立为皇后。中平六年（189年），汉灵帝去世，刘辩继位，尊何氏为皇太后。董卓进京，废黜刘辩，不久毒死刘辩及何氏。\n^【演】^在《三国演义》中，何太后生平基本与正史相符。不过并非被董卓毒死。董卓当权后，废少帝辩为弘农王，何太后还政。后董卓欲灭口，太后大骂：“董贼逼我母子，皇天不佑！汝等助恶，必当灭族！”李儒大怒，双手扯住太后，直撺下楼。,?-189,,,家本屠者，选入掖庭#酖毒美人，威慑后宫,10003701,"6,7",,,汉,五星
100038,100038,15,3,2,6000,7800,8300,8600,300,67,70,101,86,15,200038,0,0,0,0,0,0,0,310019,0,0,0,0,0,0,0,0,0,0,1,3,1,0,0,1,0,0,0,0,"3,32,23",,王美人,,@【史】@灵怀皇后王荣，生汉献帝。祖父王苞为五官中郎将。王美人姿色秀丽，聪敏有才明，能书会计，以良家子的身份选入掖庭。当时灵帝的皇后何氏“性强忌，后宫莫不震慑”。王美人怀孕后，畏惧何皇后，服药欲堕胎，而胎安不动，又数次梦到负日而行。\n光和四年（公元181年），王美人生下皇子刘协，何皇后遂毒鸩王美人。永汉元年（公元189年），其子刘协为董卓立为皇帝，是为汉献帝。兴平元年（公元194年），有司乃奏追尊王美人为灵怀皇后，改葬文昭陵。 \n^【演】^在《三国演义》中，王美人是汉献帝的生母。帝宠幸王美人，生皇子协。何后嫉妒，毒鸩王美人。,?-181,,,,10003801,2,,,汉,四星
100039,100039,25,3,2,7600,9300,8200,8900,700,82,101,80,96,41,200039,0,0,0,0,0,0,0,110067,0,0,0,0,0,0,0,0,0,0,1,3,0,0,0,1,0,0,0,0,"3,13,23",,皇甫嵩,,@【史】@为人仁爱谨慎，尽忠职守，有谋略，有胆识。于黄巾起义时，以中郎将身份讨伐黄巾，用火攻大破张梁、张宝，拜左车骑将军。后因拒绝贿赂宦官而被免职。董卓掌权时，征皇甫嵩入朝为城门校尉，因私怨被其陷害下狱，经其子皇甫坚寿求情才得以保全。\n^【演】^在《三国演义》中，皇甫嵩形象与正史相似。于黄巾起义时，大破张梁、张宝。后接替董卓进攻张梁，连胜七阵。掘张角墓，拜左车骑将军、冀州牧，因拒绝贿赂宦官而被免职。董卓死，王允命其与吕布等共至郿坞抄籍董卓家产、人口，皇甫嵩将坞中所藏良家子女，尽行释放。,?-195,义真,,母不保子妻失夫#赖得皇甫复安居,10003901,2,,,汉,四星
100040,100040,25,1,4,8900,8300,7500,4800,1200,96,90,65,52,70,200040,0,0,0,0,0,0,0,110068,0,0,0,0,0,0,0,0,0,0,1,3,0,0,0,1,0,0,0,0,"1,11,21",,朱儁,,@【史】@东汉末年名将。光和七年（184年），黄巾起义爆发，朱儁担任右中郎将、持节。平定三郡之地后，被皇甫嵩上表推功，进封西乡侯，迁任镇贼中郎将。又率军讨平南阳黄巾。董卓秉政时，想任朱儁为副手，遭其婉拒。其后出逃荆州，更屯军中牟，徐州刺史陶谦等欲推举他为太师，并传檄各州牧伯，相邀讨伐李傕、奉迎天子。但朱儁却奉诏入京任太仆。兴平二年（195年），李傕、郭汜相攻时，郭汜扣留朱儁为人质，朱儁性格刚烈，同日即发病而死。\n^【演】^在《三国演义》中，朱儁形象与正史相似。是汉车骑将军。黄巾起义时，为中郎将，引军讨伐。屡立功绩，迁车骑将军，河南尹。后董卓余党李傕、郭汜乱政，掠夺公卿，朱儁对汉室衰微的状况感到悲哀，归家后即病逝。,?-195,公伟,,,10004001,2,,,汉,四星
100041,100041,20,2,2,7800,7900,8800,3300,2000,78,79,97,30,108,200041,0,0,0,0,0,0,0,210032,0,0,0,0,0,0,0,0,0,0,1,3,0,0,0,1,0,0,0,0,"2,12,22",,张奂,,@【史】@东汉时期名将、学者，凉州三明之一。汉阳太守张惇之子。少年时师从太尉朱宠，学习《欧阳尚书》，又自行删减《牟氏章句》。在东汉对外战争中功勋卓著，多次以恩信安抚、招降外族，使得北方宁静一时。后入朝，为宦官所利用，率军前往进击窦武。\n事后自责不已，拒受封侯。拜少府，迁任大司农，又上疏为窦武等人伸冤。不久迁太常，因得罪宦官被诬陷罢免。最终回乡教授弟子，不再出仕。光和四年（181年）去世，终年七十八岁，遗令素服薄葬。,104-181,然明,,,10004101,2,,,汉,四星
100042,100042,25,3,2,8500,8800,8500,9300,200,85,95,83,90,11,200042,0,0,0,0,0,0,0,210038,0,0,0,0,0,0,0,0,0,0,1,3,0,0,0,1,0,0,0,0,"3,13,23",,曹操,,@【史】@三国中曹魏政权的奠基人。其人文武精通，可谓非常之人，超世之杰。以汉天子的名义征讨四方，对内消灭二袁、吕布、刘表、马超、韩遂等割据势力，对外降服南匈奴、乌桓、鲜卑等，统一了中国北方，并实行一系列政策恢复经济生产和社会秩序，奠定了曹魏立国的基础。\n^【演】^在《三国演义》中主要将曹操塑造成一个“奸雄”形象，并且更突出“奸”的一面。,155-220,孟德,,征讨暴乱，克宁区夏#岂非少年，誓平天下,10004201,1,,,汉,四星
100043,100043,25,3,2,9000,8200,6200,9200,600,107,89,47,100,31,200043,0,0,0,0,0,0,0,110099,0,0,0,0,0,0,0,0,0,0,1,3,0,0,0,1,0,0,0,0,"3,13,23",,孙坚,,@【史】@县吏出身，因勇敢又有谋略被官府赏识，提拔为军官。曾参与讨伐黄巾军的战役以及讨伐董卓的战役。后与刘表作战时阵亡。孙坚的儿子孙策、孙权后来创建了东吴政权。\n^【演】^在《三国演义》中，孙坚由于征讨黄巾有功，被封为长沙太守。在董卓乱政期间，孙坚作为诸侯联军的先锋，表现得十分活跃，但因袁术存在私心，拒不发粮，而被董卓将华雄击败。后来董卓迁都长安，孙坚进驻洛阳，意外发现传国玉玺，并藏匿返回。不料事情泄漏，与袁绍、刘表结仇。不久，孙坚在与刘表手下黄祖的交战中，中埋伏而死。,155-191,文台,,,10004301,1,,,汉,四星
100044,100044,20,2,3,7500,8100,7200,5600,1500,73,79,62,39,97,200044,0,0,0,0,0,0,0,110100,0,0,0,0,0,0,0,0,0,0,1,3,0,0,0,1,0,0,0,0,"2,12,22",,刘备,,@【史】@西汉中山靖王刘胜之后，三国时期蜀汉开国皇帝、政治家，史家又称他为先主。刘备早年颠沛流离，备尝艰辛，投靠过多个诸侯。赤壁之战时，与孙权联盟击败曹操，趁势夺取荆州。而后进取益州。于章武元年（221年）在成都称帝，国号汉，史称蜀或蜀汉。《三国志》评刘备的机权干略不及曹操，但其弘毅宽厚，知人待士，百折不挠，终成帝业。刘备也称自己做事“每与操反，事乃成尔”。\n^【演】^在《三国演义》中，刘备的事迹基本与正史相符。书中将其塑造成一位胸襟开阔的，十足的明主形象。并重点突出其几个性格特点：一是亲贤爱士，善待人才；二是生性善良，爱民如子；三是待人宽厚，不求全责备；四是偶有权谋，颇有心计。,161-223,玄德,,,10004401,"6,5",,,汉,四星
100045,100045,20,1,3,6400,8300,8700,6100,1100,57,101,69,61,60,200679,0,0,0,0,0,0,0,110115,0,0,0,0,0,0,0,0,0,0,1,3,0,0,0,1,0,0,0,0,"1,11,21",,鲍信,,@【史】@受何进征召在外募兵，回洛阳时适逢董卓进京，鲍信劝袁绍除掉董卓，袁绍不同意。后袁绍、曹操等人起兵对抗董卓，鲍信也起兵响应。后联盟破裂，鲍信劝戒曹操静观其变。兖州爆发农民起义，刺史刘岱不听鲍信所劝冒然出战，兵败战死。鲍信把曹操迎为兖州牧。在镇压农民起义期间，鲍信为救曹操不幸战死，曹操后来追记功绩，赐封其子。\n^【演】^在《三国演义》中，后军校尉鲍信求见袁绍，说董卓有异心，劝袁绍除之，袁绍不同意，鲍信又找王允商量，王允也不同意，鲍信于是引本部军兵投泰山。后以济北相身份参加讨伐董卓的义军，鲍信因为怕孙坚抢头功，暗中令其弟鲍忠出战。结果鲍忠为华雄所斩。李傕等人控制朝廷后，以献帝名义命曹操与鲍信镇压青州黄巾起义，于是两人在寿张迎击黄巾军，鲍信深入重地，为敌所害。,151-192,允诚,,,10004501,3,,,汉,四星
100046,100046,20,3,1,6400,5200,7000,9600,600,82,67,90,123,37,200046,0,0,0,0,0,0,0,210033,0,0,0,0,0,0,0,0,0,0,5,3,1,0,0,1,0,0,0,0,"3,13,23",,董姬,,@【史】@董白，东汉末年县君，陇西临洮（今甘肃省岷县）人，董卓之孙女，尚未及笄就被封渭阳君。董卓被诛，灭三族时被处死。,?,,,,10004601,"2,4",,,群,四星
100047,100047,20,3,2,9000,6300,6700,7500,100,114,81,86,106,6,200649,0,0,0,0,0,0,0,310020,0,0,0,0,0,0,0,0,0,0,5,3,1,0,0,1,0,0,0,0,"3,23,33",,严氏,,@【史】@东汉末年著名武将吕布的正妻，未提及姓名。在李傕郭汜之乱期间曾受困，幸亏被庞舒所救，私藏于府中而得以幸免。吕布被曹操围困时，反对陈宫的计谋，导致了吕布的失败。\n^【演】^在《三国演义》中，严氏是吕布的妻子。,?,,,,10004701,6,,,群,四星
100048,100048,20,2,1,5900,7900,5500,3000,1600,76,101,71,35,110,200047,0,0,0,0,0,0,0,310021,0,0,0,0,0,0,0,0,0,0,5,3,1,0,0,1,0,0,0,0,"2,12,22",,邹氏,,^【演】^在《三国演义》中，出现在第十六回，被曹操强纳，因而之后有张绣造反，曹操兵败宛城，曹昂、典韦、曹安民战死等诸多之事。,?,,,,10004801,5,,,群,四星
100049,100049,30,2,2,8200,8600,4100,3200,1900,124,143,49,44,136,200048,0,0,0,0,0,0,0,110069,0,0,0,0,0,0,0,0,0,0,5,3,0,0,0,1,0,0,0,0,"2,12,22",,华雄,,@【史】@东汉末年为董卓帐下都督。袁绍等起兵讨伐董卓时，孙坚大破董卓军，华雄在此战中被孙坚一军所斩。\n^【演】^在《三国演义》中华雄的相关故事与史实差距较大。华雄被描述为身长九尺、虎体狼腰、豹头猿臂的猛将。在第五回中，华雄自告奋勇在汜水关抵挡十八路诸侯联军的进攻，并偷袭了孙坚的营寨，大败孙坚军，并斩了孙坚部将祖茂。后来诸侯们先后派出俞涉、潘凤两员大将与华雄交战，但二人均被华雄所斩。\n正当诸侯们手足无措之时，当时名不见经传的关羽自告奋勇出战华雄，并且在曹操为他斟的热酒尚温之时，便斩了华雄得胜归来。此段故事也被称作“温酒斩华雄”。,?-191,,,,10004901,1,,,群,四星
100050,100050,30,3,1,9200,8800,6300,9800,400,124,133,75,132,29,200049,0,0,0,0,0,0,0,110070,0,0,0,0,0,0,0,0,0,0,5,3,0,0,0,1,0,0,0,0,"3,23,43",,张辽,,@【史】@汉末三国时期曹魏名将。曾从属丁原、董卓、吕布。吕布下邳败亡后，归顺曹操。此后随曹操四处征讨，战功累累。张辽为历代推崇，并成为古今六十四名将之一。曹丕登基后，仍令张辽守御孙权。黄初二年（221年），张辽屯驻雍丘，染病。张辽大病期间，孙权依旧对其非常忌惮。黄初三年（222年），张辽不负众望，抱病击破吴将吕范。同年在江都病逝，谥刚侯，享年五十四岁。\n^【演】^在《三国演义》中，他先为吕布部将，多番令曹军陷于苦战，其武勇连关羽亦甚称道。后来吕布战败遭擒，曹操下令绞死吕布后，刘备、关羽为张辽求情，曹操便待张辽以上宾之礼。张辽感其恩情，于是投降，自此成为曹操将领。后来，张辽随曹丕以大船征伐江东，军队被徐盛所击败。曹丕登岸逃亡时，吴将丁奉从岸边袭来，张辽为保护曹丕上前迎敌，却被丁奉以箭射其腰，回营后不治身亡，曹丕厚葬之。,169-222,文远,,,10005001,1,,,群,四星
100051,100051,30,2,2,8100,7900,7700,3200,1600,122,107,92,44,100,200053,0,0,0,0,0,0,0,110107,0,0,0,0,0,0,0,0,0,0,5,3,0,0,0,1,0,0,0,0,"2,12,22",,张梁,,@【史】@东汉末农民起义首领。张角、张宝的弟弟。熹平年间，张角创太平道，梁与角同在河北一带传教，秘密进行组织工作。中平元年（184）黄巾起义时，号称“人公将军”，协同张角击败卢植、董卓进攻。角病死，东汉政府增调左中郎将皇甫嵩往攻，梁坚守广宗，英勇反击而获胜。后因麻痹轻敌，于广宗被皇甫嵩击败身亡。\n^【演】^在《三国演义》中，张梁同兄弟一起发动黄巾起义，在曲阳被皇甫嵩和曹操围攻，连败七阵，身亡。,?-184,,,,10005101,"6,3",,,群,四星
100052,100052,25,3,2,9100,7000,3300,8400,500,126,97,32,115,33,200051,0,0,0,0,0,0,0,110071,0,0,0,0,0,0,0,0,0,0,5,3,0,0,0,1,0,0,0,0,"3,13,23",,管亥,,@【史】@东汉末年黄巾军的将领。孔融屯兵都昌时，他率军围攻孔融，孔融派太史慈前去向刘备求救，他被刘备的援军击退。\n^【演】^在《三国演义》中，管亥曾经一合阵斩孔融的大将宗宝，后与关羽大战数十合后被斩。,?-194,,,,10005201,1,,,群,四星
100053,100053,25,2,2,8000,8500,6600,3200,1600,111,117,63,40,105,200052,0,0,0,0,0,0,0,110072,0,0,0,0,0,0,0,0,0,0,5,3,0,0,0,1,0,0,0,0,"2,12,13",,徐荣,,@【史】@东汉末年将领。本为中郎将，曾向董卓推举同郡出身的公孙度出任辽东太守。于汴水之战中击败曹操的独立追击军，以及在梁东之战中击败孙坚的部队。在董卓死后，受司徒王允的命令与李傕、郭汜交战，因部将胡轸投降，寡不敌众，于新丰之战被击败，战死在乱军之中。\n^【演】^在《三国演义》中，徐荣是一个被夏侯惇交马数回，斩于马下的三流将领，但演义和历史往往是有出入的。历史上的徐荣，可谓是一位名动一时的猛人。他的战绩足以令人瞠目结舌。 他的记载虽然很少，却足以令他跻身三国一线大将行列。,?-192,,,,10005301,3,,,群,四星
100054,100054,25,2,2,8200,7500,6000,2400,1900,113,104,57,30,109,200206,0,0,0,0,0,0,0,0,0,0,0,0,0,0,0,0,0,0,5,2,0,0,0,1,0,0,0,0,"2,12",,张曼成,,@【史】@东汉末南阳黄巾军首领。灵帝中平元年（184）率众起义，聚众数万，诛南阳郡守褚贡。屯宛下百余日，后为太守秦颉诛灭。,?-184,,,,10005401,,,,群,三星
100055,100055,20,2,2,9200,6600,5000,2200,1500,142,76,44,29,103,200054,0,0,0,0,0,0,0,212047,0,0,0,0,0,0,0,0,0,0,5,3,1,0,0,0,0,0,0,0,"2,12,22",,吕姬,,@【史】@吕布与严氏之女，生卒年不详。下邳战役时吕布遭曹操围困，作为派出援军条件，吕姬与袁术之子有政治婚姻，但因出嫁途中被刘备与曹操拦截因而返回。吕布死后随母亲发往许昌，后不知所终。,?,,,,10005501,"1,4",,,群,四星
100056,100056,20,1,2,3200,4400,9900,5200,900,29,39,88,46,48,200197,0,0,0,0,0,0,0,0,0,0,0,0,0,0,0,0,0,0,5,2,0,0,0,0,0,0,0,0,"1,21",,左慈,,@【史】@东汉末年著名方士，少居天柱山，研习炼丹之术。明五经，兼通星纬，学道术，明六甲，传说能役使鬼神，坐致行厨。《后汉书》说他少有神道。\n^【演】^在《三国演义》中，左慈是一名道士。道号乌角先生。在峨嵋修练，得到《遁甲天书》。在曹操宴会席上出现，使出种种幻术，把曹操捉弄一番后，扬长而去。,?,元放,,,10005601,,,,群,三星
100057,100057,25,3,1,5000,8400,9100,7900,400,55,128,152,98,27,200056,0,0,0,0,0,0,0,310022,0,0,0,0,0,0,0,0,0,0,5,3,0,0,0,1,0,0,0,0,"3,13,23",,田丰,,@【史】@东汉末年袁绍部下谋臣，官至冀州别驾。其为人刚直，曾多次向袁绍进言而不被采纳，曹操部下谋臣荀彧曾评价他“刚而犯上”。后因谏阻袁绍征伐曹操而被袁绍下令监禁。官渡之战后，田丰被袁绍所害。\n^【演】^在《三国演义》中，田丰博览多识，权略多奇，曾在朝中任侍御史，因不满宦官专权，弃官归家。袁绍起兵讨伐董卓，应其邀请，出任别驾，以图匡救王室之志。后袁绍用田丰谋略，消灭公孙瓒，平定河北，虎据四州。官渡之战，田丰建议据险固守，分兵抄掠的疲敌策略，乃至强谏，被袁绍以为沮众，械系牢狱。建安五年，袁绍官渡战败，因羞见田丰而害。,?-200,元皓,,,10005701,5,,,群,四星
100058,100058,25,3,1,9200,7400,5200,9500,200,153,102,50,131,14,200057,0,0,0,0,0,0,0,110073,0,0,0,0,0,0,0,0,0,0,5,3,0,0,0,1,0,0,0,0,"3,13,23",,颜良,,@【史】@东汉末年河北军阀袁绍部将，以勇而闻名。建安四年（199年），袁绍以颜良、文丑为将，率精卒十万，准备攻许（今河南许昌）。建安五年（200年），兵进黎阳（今河南浚县），遣颜良攻白马（今河南滑县）。曹操北救，以荀攸计分兵渡河，引袁绍西应，自率轻兵掩袭白马，颜良仓猝逆战，被关羽击斩。\n^【演】^在《三国演义》中，颜良未参加关东联军，使袁绍颇为华雄的猖狂而叹息。绍计逼韩馥，谋夺冀州，耿武欲行刺，颜良斩之。随后与文丑为先锋，击公孙瓒，平定河北。曹袁交兵，颜良统十万精兵为前部，进攻白马，连斩宋宪、魏续，二十合败徐晃，曹军诸将栗然。关羽出战，颜良方欲问时，因赤兔马快，措手不及，被关羽一刀刺于马下而死。,?-200,,,,10005801,1,,,群,四星
100059,100059,25,2,2,9100,8900,5000,2300,1500,126,148,48,29,99,200058,0,0,0,0,0,0,0,110074,0,0,0,0,0,0,0,0,0,0,5,3,0,0,0,1,0,0,0,0,"2,12,22",,文丑,,@【史】@东汉末年冀州牧袁绍帐下的大将。建安五年（200年），袁绍命文丑率军于延津攻曹操，曹操以诱敌之计大破文丑一军，文丑于此战中丧生。\n^【演】^在《三国演义》中，于讨董战役的汜水关之战中第一次被提及。袁绍计逼韩馥，夺取冀州之时，关纯行刺袁绍，被文丑阵斩。磐河一战，文丑策马挺枪，直扑上桥，十余合大败公孙瓒，随后与颜良为先锋，击公孙瓒，平定河北。曹、袁交兵，先锋颜良攻白马被斩，文丑领军为其报仇，据延津挑战曹操，却中饵敌之计而军乱，文丑挺身独战，射退张辽，与徐晃大战三十合不分胜败，追击中正遇关羽，战不三合，心怯欲走，被关羽赶上斩于马下。,?-200,,,,10005901,"1,4",,,群,四星
100060,100060,20,3,2,8600,6800,4500,8600,200,133,78,40,133,13,200059,0,0,0,2,0,0,0,212047,0,0,0,0,0,0,0,0,0,0,5,3,1,0,0,1,0,0,0,0,"3,13,43",,吕姬,,@【史】@吕布与严氏之女，生卒年不详。下邳战役时吕布遭曹操围困，作为派出援军条件，吕姬与袁术之子有政治婚姻，但因出嫁途中被刘备与曹操拦截因而返回。吕布死后随母亲发往许昌，后不知所终。,?,,,,10006001,1,,,群,四星
100061,100061,30,3,1,8900,9300,6500,8100,700,134,140,98,122,70,200100,0,0,0,0,0,0,0,0,0,0,0,0,0,0,0,0,0,0,5,3,0,0,0,0,0,0,0,0,3,,董卓,,@【史】@中平六年（189年），受大将军何进、司隶校尉袁绍所召，率军进京讨伐十常侍，却借何进被害之机，得以掌握朝政。他随后废除汉少帝，改立献帝。关东诸侯联盟讨伐董卓，董卓放弃洛阳，移都长安。董卓生性残虐，当权后横征暴敛，激起了民愤，最后被王允和吕布诛灭。\n^【演】^原为汉河东太守，征讨黄巾不利，却因贿赂十常侍官至西凉刺史。董卓借何进被害之机，得以掌握朝政，又赠赤兔马给吕布，诱其投降并谋害丁原，从此不可一世。董卓废汉少帝，立汉献帝，朝臣敢怒不敢言；董卓生性残暴，经常纵兵掠民，百姓皆恨。后来，司徒王允利用貂蝉巧使连环计，使董卓为吕布诛灭。,?-192,仲颖,,,10006101,,,,群,四星
100062,100062,25,3,3,9100,7600,6200,9300,400,113,105,59,128,27,200061,0,0,0,0,0,0,0,110103,0,0,0,0,0,0,0,0,0,0,5,3,0,0,0,1,0,0,0,0,"3,23,43",,马腾,,@【史】@东汉末年割据凉州一带的军阀，马超、马休、马铁之父。马腾身长八尺余，身体洪大，面鼻雄异，性格贤良忠厚，受众人尊敬。兴平元年（194年），马腾企图连结种邵等诛灭权臣李傕、郭汜，但为其所败，只得回到凉州。后与韩遂不和，互相攻击。\n之后，马腾听从张既的建议，入朝担任卫尉。建安十六年（211年），其子马超起兵抗拒曹操。次年，马腾与其二子皆为曹操所害，夷灭三族。\n^【演】^在《三国演义》中，马腾被写成对汉室十分忠诚的忠臣。董卓乱政时，马腾为西凉太守，起兵应诏，为十八路诸侯之一。董卓败亡后，其余党李傕、郭汜秉政，马腾受献帝诏，同韩遂讨伐李傕、郭汜，因缺粮为其所败，退还西凉。曹操将汉献帝迁往许都后，马腾入朝，参与刘备和董承等人欲刺专权的曹操的计划，因事情败露而逃回凉州。\n后曹操用荀攸计，假诏召马腾入京，他为了达成多年心愿，和黄奎欲讨伐曹操，但事情还是败露了，马腾和儿子马休、马铁全部被害。马腾的死讯传出后，马超和韩遂为了替他报仇，于是在西凉起兵反叛。,?-212,寿成,,,10006201,1,,,群,四星
100063,100063,20,2,2,3500,5200,8600,2100,1500,39,57,96,24,90,200062,0,0,0,0,0,0,0,310023,0,0,0,0,0,0,0,0,0,0,3,3,1,0,0,1,0,0,0,0,"2,22,32",,甘皇后,,@【史】@刘备之妻，刘禅之母。刘备因早年多次丧偶，甘夫人常代理主持家事。甘夫人随刘备到荆州时，生刘备长子刘禅，后来去世，葬于南郡。刘备称帝后，追谥其为“皇思夫人”。刘禅即位后追谥其为“昭烈皇后”。\n^【演】^刘备住在小沛时，娶甘氏为妻，与麋夫人俱为刘备夫人。后来刘备兵败，投袁绍。关羽保二夫人暂投曹操。关羽寻得刘备下落，带二夫人奔之。甘夫人随刘备至荆州，生下刘禅。后曹操军至，刘备逃走，甘夫人及刘禅走失，为赵云所救。赤壁之战结束后不久，甘夫人去世，周瑜遂定下美人计。,?,,,,10006301,6,,,蜀,四星
100064,100064,15,1,4,6500,4800,8000,4100,1100,68,51,84,43,62,200650,0,0,0,0,0,0,0,410008,0,0,0,0,0,0,0,0,0,0,3,3,1,0,0,1,0,0,0,0,"1,11,21",,麋夫人,,@【史】@刘备之妻，麋竺之妹。与关羽一起被曹操俘虏后事迹不详。\n^【演】^在《三国演义》中写作“糜夫人”，刘备兵败长坂坡之时，她怀抱年仅两岁的刘禅在乱军中走散，后来被赵云发现。但她因为赵云只有一匹马而不肯上马，最终将阿斗托付给赵云后投井而亡。,?,,,,10006401,6,,,蜀,四星
100065,100065,30,2,2,9700,9000,7000,3700,1600,127,130,73,44,113,200063,0,0,0,0,0,0,0,110075,0,0,0,0,0,0,0,0,0,0,3,3,0,0,0,1,0,0,0,0,"2,12,22",,关羽,,@【史】@蜀汉名将，是刘备、张飞的结义兄弟。早期跟随刘备辗转各地，曾被曹操生擒，于白马坡阵斩袁绍大将颜良，与张飞一同被称为万人敌。赤壁之战后，刘备助东吴周瑜攻打南郡曹仁，别遣关羽绝北道，阻挡曹操援军，曹仁退走后，关羽被刘备任命为襄阳太守。刘备入益州，关羽留守荆州。建安二十四年，关羽围襄樊，擒获于禁，阵斩庞德，威震华夏，曹操曾想迁都以避其锐。后曹操派徐晃前来增援，东吴吕蒙又偷袭荆州，关羽腹背受敌，兵败身亡。\n^【演】^与刘备、张飞桃园结义，羽居其次。使八十二斤青龙偃月刀随刘备东征西讨。汜水关关温酒斩华雄，屯土山降汉不降曹。为报恩斩颜良、诛文丑，解曹操白马之围。后得知刘备音信，过五关斩六将，千里寻兄。刘备平定益州后，封关羽为五虎大将之首，督荆州事。羽起军攻曹，放水淹七军，威震华夏。围樊城右臂中箭，幸得华佗医治，刮骨疗伤。但未曾提防东吴袭荆州，关羽父子败走麦城，突围中被捕，不屈遭害。,?-220,云长,,,10006501,6,,,蜀,四星
100066,100066,25,2,1,9300,8500,6600,3200,1600,112,102,55,35,103,200064,0,0,0,0,0,0,0,110076,0,0,0,0,0,0,0,0,0,0,3,3,0,0,0,1,0,0,0,0,"2,12,22",,魏延,,@【史】@刘备入川时魏延因数有战功被任命为牙门将军，刘备攻下汉中后又将其破格提拔为镇远将军，领汉中太守，镇守汉中，成为独当一方的大将。魏延镇守汉中近十年，之后又屡次随诸葛亮北伐，功绩显著。期间魏延多次请诸葛亮给他统领一万兵，另走一路攻关中，最后与诸葛亮会师于潼关，如同韩信的例子，但诸葛亮一直不许，因而认为自己无法完全发挥才能，心怀不满。\n与长史杨仪不和，诸葛亮死后，两人矛盾激化，相互争权，魏延败逃，为马岱所追斩，并被夷灭三族。\n^【演】^在《三国演义》中，刘备率军入蜀，魏延随军前往。刘备逝世后，魏延随诸葛亮平定“南蛮王”孟获的叛乱。于诸葛亮北伐时献“子午谷奇谋”之策，但未被诸葛亮采纳；因此在奉命进攻箕谷时无视诸葛亮的军令，险些败北。于诸葛亮向天祈祷延命时进帐报告敌军入侵的消息，不慎碰倒主灯，导致诸葛亮的祈祷失败。\n诸葛亮临终前遗命杨仪统兵，魏延对此不满，于诸葛亮病逝后率军反攻杨仪，而杨仪则根据诸葛亮的遗计挑衅魏延，魏延最终被马岱所诛。,?-234,文长,,,10006601,1,,,蜀,四星
100067,100067,30,3,1,8000,8200,9700,8800,400,105,108,153,114,25,200065,0,0,0,0,0,0,0,110077,0,0,0,0,0,0,0,0,0,0,3,3,0,0,0,1,0,0,0,0,"3,22,23",,徐庶,,@【史】@东汉末年刘备帐下谋士，后归曹操，并仕于曹魏。徐庶本名徐福，为寒门子弟。早年为人报仇，获救后改名徐庶，求学于儒舍。后与同郡石广元避难于荆州，与司马徽、诸葛亮、崔州平等道友来往密切。刘备屯驻新野时，徐庶前往投奔，并向刘备推荐诸葛亮。徐庶南下时因母亲被曹操所掳获，徐庶不得已辞别刘备，进入曹营。魏文帝时，徐庶官至右中郎将、御史中丞。\n^【演】^在《三国演义》中，徐庶化名单福。刘备在新野时，投效于刘备，被拜为军师。徐庶为刘备出谋划策，击败曹将吕旷、吕翔，斗阵胜曹仁，并计取樊城。不久曹操手下谋士程昱识破了徐庶的身份，称徐庶之才十倍于己。曹操欲拉拢徐庶，于是程昱取来徐庶老母，用伪书赚徐庶来降。徐庶临走前向刘备“走马荐诸葛”，并立誓在曹营“终身不设一谋”。后徐庶跟随曹操参加赤壁之战，在庞统建议下，主动请命去散关防守马腾、韩遂，逃过赤壁大火。,?,元直,,,10006701,"2,4",,,蜀,四星
100068,100068,30,2,1,9900,7800,3500,2800,1700,156,102,32,33,120,200066,0,0,0,0,0,0,0,110078,0,0,0,0,0,0,0,0,0,0,3,3,0,0,0,1,0,0,0,0,"2,12,32",,张飞,,@【史】@三国时期蜀汉名将。刘备长坂坡败退，张飞仅率二十骑断后，据水断桥，曹军没人敢逼近；与诸葛亮、赵云扫荡西川时，于江州义释严颜；汉中之战时又于宕渠击败张郃，对蜀汉贡献极大，官至车骑将军、领司隶校尉，封西乡侯，后被范强、张达所刺。后主时代追谥为“桓侯”。\n^【演】^在《三国演义》中，张飞是位重情重义嫉恶如仇，肤色黝黑的壮汉，同时又武力过人，曾多次主动挑战号称天下第一的吕布，吕布竟曾一度忌惮张飞，嗓门大更是人物一大亮点，是蜀汉大臣中少有的个性鲜明的武将。,?-221,益德,,,10006801,"1,4",,,蜀,四星
100069,100069,25,2,2,5900,7100,9800,2300,1800,71,85,142,25,115,200067,0,0,0,0,0,0,0,110079,0,0,0,0,0,0,0,0,0,0,3,3,0,0,0,1,0,0,0,0,"2,12,22",,庞统,,@【史】@号凤雏，刘备帐下重要谋士，与诸葛亮同拜为军师中郎将。与刘备一同入川，于刘备与刘璋决裂之际，献上上中下三条计策，刘备用其中计。进围雒县时，庞统率众攻城，不幸中流矢而亡，年仅三十六岁。后来庞统所葬之处遂名为落凤坡。\n^【演】^被称为凤雏，与诸葛亮齐名。赤壁之战时，庞统避乱江东，鲁肃将其荐于周瑜，入曹营献连环计，助周瑜大败曹军。周瑜死后，诸葛亮前往吊孝，因而得见庞统。当时鲁肃亦引荐庞统给孙权，但因其外貌丑陋，而不被起用。庞统于是投靠刘备，但亦因其貌丑陋而不被重用。\n庞统到任后，不理政事，于是刘备遣张飞前往问责，张飞因赏识庞统之才，遂拜其为副军师中郎将，与诸葛亮共赞方略，教练军士。后庞统随刘备取蜀，设计斩杨怀、高沛，得涪水关。攻雒城时，因疑诸葛亮欲争功，而不听从劝阻，进至落凤坡，中张任埋伏，为乱箭射死。,179-214,士元,,,10006901,"6,2",,,蜀,四星
100070,100070,20,3,1,6200,8500,6800,8600,600,76,113,68,96,36,200068,0,0,0,0,0,0,0,210034,0,0,0,0,0,0,0,0,0,0,3,3,1,0,0,0,0,0,0,0,"3,13,23",,穆皇后,,@【史】@吴懿的妹妹。本为刘璋之兄刘瑁的妻子，但其丈夫早逝，年轻时就成了寡妇。刘备入蜀后嫁于刘备。在刘备称帝后成为皇后。\n^【演】^在《三国演义》中，穆皇后的事迹基本与正史相符。,?-245,,,,10007001,5,,,蜀,四星
100071,100071,30,3,1,7800,8100,5500,8600,300,102,139,50,113,17,200069,0,0,0,2,0,0,0,412010,0,0,0,0,0,0,0,0,0,0,3,3,1,0,0,1,0,0,0,0,"3,23,43",,马姬,,@【史】@蜀国名将马超之女。许配与安平王刘理。,?,,,,10007101,1,,,蜀,四星
100072,100072,30,2,2,8000,8400,6300,3300,1500,152,185,63,43,117,200070,0,0,0,0,0,0,0,210009,0,100072,0,0,0,0,0,0,0,0,3,4,1,0,0,1,0,0,0,0,"2,12,32",,关银屏,,@【史】@关羽之女。史书里未载关羽女儿名字。后人编造名字为关银屏和关凤等。因在关羽的四个子女中排行第三，故又被称作“关三小姐”、“关氏三姐”或“关羽三小姐”。在传说中她是赵云的弟子、并随同诸葛亮平定南蛮，嫁给蜀国名臣李恢之子李遗，最终也在建宁俞元（今云南澄江）去世，现澄江存有夫妻二人的合墓。\n^【演】^关羽之女，孙权曾欲为子娶之，但被关羽以“虎女安嫁犬子”拒绝。,?,,,翩若惊鸿舞刀剑#云袖沙阵染朱红,10007201,1,,,蜀,五星
100073,100073,20,2,2,5500,5800,8300,2400,1600,43,45,64,19,74,200120,0,0,0,0,0,0,0,0,0,0,0,0,0,0,0,0,0,0,3,2,0,0,0,0,0,0,0,0,"2,12",,马谡,,@【史】@字幼常，襄阳宜城人。以荆州从事随刘备入蜀，先后担任绵竹令、成都令、越巂太守。才器过人，好论军计，但刘备认为他“言过其实，不可大用”，不过诸葛亮仍然重用马谡，以其为参军。建兴三年，诸葛亮征南中，马谡献“攻心为上，攻城为下，心战为上，兵战为下”之策，诸葛亮纳之，赦孟获而服南方。建兴六年，诸葛亮军出祁山，不听众人建议，拔马谡为先锋。与魏将张郃战于街亭，违背诸葛亮的安排，为张郃所破，导致街亭失守。\n^【演】^在《三国演义》中的马谡，事迹与正史中大致相同，唯有随诸葛亮南征孟获、献计离间司马懿与魏明帝曹叡等情节，为小说虚构。,190-228,幼常,,,10007301,,,,蜀,三星
100074,100074,25,2,2,9200,8900,9100,2900,1900,161,168,121,39,136,200072,0,0,0,0,0,0,0,310003,0,0,0,0,0,0,20049,0,1,1766977200,3,4,0,0,0,1,0,0,0,0,"2,12,32",,姜维,,@【史】@三国时蜀汉名将，官至大将军。曾为魏中郎将，诸葛亮北伐时，姜维被怀疑有异心，姜维不得已投降蜀汉。因他忠勤时事、思虑精密、敏于军事、既有胆义，又兼心存汉室，故深得诸葛亮器重。诸葛亮去世后姜维在蜀汉开始崭露头角，费祎死后姜维开始独掌军权，继续率领蜀汉军队北伐曹魏。\n后因蜀中大臣多反对北伐，而宦官黄皓弄权，姜维只得在沓中屯田避祸。后司马昭五道伐蜀，姜维据守剑阁，阻挡钟会大军，却被邓艾从阴平偷袭成都，刘禅投降。后姜维假意投降魏将钟会，打算利用钟会反叛曹魏以实现恢复汉室的愿望，但最终反叛失败，与钟会一同被魏军所害。\n^【演】^在《三国演义》中，姜维生平与正史相似。在描写姜维降蜀时，在天水中识破设伏的赵云，并劫了诸葛亮的寨。诸葛亮视其为接班人，用计令夏侯楙和马遵误以姜维降蜀，最终使得姜维走投无路而降蜀。,202-264,伯约,,阴平穷寇非难御#如此江山空负人,10007401,6,,,蜀,五星
100075,100075,20,1,4,5000,4200,8500,3600,1700,39,52,113,40,90,200073,0,0,0,0,0,0,0,210035,0,0,0,0,0,0,0,0,0,0,2,3,1,0,0,0,0,0,0,0,"1,11,21",,郭皇后,,@【史】@曹魏王朝第一位皇后，曹丕之妻。其祖上世代为郡县官吏，但早失二亲。曹操为魏公时，入曹丕东宫。曹丕即王位，封为夫人（位次王后），同年魏受禅，进为贵嫔（位次皇后）。黄初三年（222年），册立为皇后。\n^【演】^在《三国演义》第九十一回短暂提及郭后 ，于曹丕称帝后，聘为贵妃，姿貌艳丽，颇有城府。郭贵妃欲谋为后，与宠臣张韬商议，谎称甄夫人以魇镇之术谋害天子。曹丕遂将甄夫人赐死，立郭贵妃为皇后。因郭后无出，养曹叡为子，虽甚爱之，不立为嗣。,184-235,女王,,,10007501,6,,,魏,四星
100076,100076,20,3,1,3200,4100,7000,9000,600,36,46,78,100,32,200074,0,0,0,0,0,0,0,310024,0,0,0,0,0,0,0,0,0,0,2,3,1,0,0,1,0,0,0,0,"3,13,23",,卞夫人,,@【史】@魏武帝曹操的正妻（继室），魏文帝曹丕、任城威王曹彰、陈思王曹植、萧怀王曹熊的母亲。原本是倡家，即汉代专门从事音乐歌舞的乐人家庭，后来与曹操成婚，建安初年，原配丁夫人被废，卞夫人成为曹操的正妻。曹丕继位后尊其为皇太后，曹叡继位后尊其为太皇太后。卞后在太和四年去世，与魏武帝曹操合葬高陵。,159-230,,,,10007601,"6,4",,,魏,四星
100077,100077,15,2,2,5000,7200,6600,2400,1900,53,76,48,23,107,200075,0,0,0,0,0,0,0,310025,0,0,0,0,0,0,0,0,0,0,2,3,1,0,0,1,0,0,0,0,"2,12,22",,丁夫人,,@【史】@曹操的正室，曹操长子曹昂的养母。因养子之死与曹操决裂，后来离异，丁夫人去世后，葬在许都城南。\n^【演】^在《三国演义》中，丁夫人乃曹操大妻，因为无出被黜。,?-219,,,,10007701,4,,,魏,四星
100078,100078,25,3,3,5000,6500,10000,8500,600,48,70,157,102,35,200076,0,0,0,0,0,0,0,110080,0,0,0,0,0,0,0,0,0,0,2,3,0,0,0,1,0,0,0,0,"3,11,23",,郭嘉,,@【史】@曹操帐下著名谋士。原为袁绍部下，后转投曹操，为曹操统一中国北方立下了功勋，官至军师祭酒，封洧阳亭侯。在曹操征伐乌丸时病逝，年仅三十八岁。史书上称他“才策谋略，世之奇士”。曹操称赞他见识过人，是自己的“奇佐”。\n^【演】^在《三国演义》中，郭嘉生平与三国志基本相同，前期由荀彧推荐给曹操，再让程昱加以肯定与推举；是曹操麾下洞察力敏锐的谋士，深得信赖，自身也曾经推举过参谋刘晔。增加遗计定辽东的剧情，成功让公孙康诛灭二袁并降曹，使曹操不费一兵一卒兼领辽东（史书未载定辽东之策为郭嘉所出）。,170-207,奉孝,,,10007801,4,,,魏,四星
100079,100079,30,3,1,8900,9200,7600,8300,300,105,121,69,98,19,200077,0,0,0,0,0,0,0,110081,0,0,0,0,0,0,0,0,0,0,2,3,0,0,0,1,0,0,0,0,"3,13,43",,夏侯惇,,@【史】@汉末年三国时期曹魏名将，西汉开国元勋夏侯婴的后代。少年时以勇气闻名于乡里。曹操起兵，夏侯惇是其最早的将领之一。与吕布军交战时，曾一度被擒为人质，又被流矢射瞎左眼。多次为曹操镇守后方，曾率军民阻断太寿河水，筑陂塘灌溉农田，使百姓受益，功勋卓著。历任折冲校尉、济阴太守、建武将军，官至大将军，封高安乡侯，追谥忠侯。青龙元年（233年），得以配享太祖（曹操）庙庭。\n^【演】^在《三国演义》中，夏侯惇在徐州攻防战时迎战吕布部将高顺，高顺败逃，夏侯惇从后追赶，不料遭另一名敌将曹性射箭偷袭。夏侯惇左眼被射中，痛得怒吼一声便匆忙用手拔箭，却不慎连着眼珠子拔了出来。夏侯惇立即大喊：“父精母血，不可弃也！”便把眼睛塞进嘴巴吞咽下去；然后又挺枪纵马，上前斩了曹性报回一箭之仇。,?-220,元让,,,10007901,3,,,魏,四星
100080,100080,30,2,2,9700,7200,4500,3200,1700,166,94,41,38,120,200078,0,100473,0,0,0,0,0,110082,0,0,0,0,0,0,0,0,0,0,2,3,0,0,0,0,0,0,0,0,"2,12,32",,许褚,,@【史】@主要负责曹操的护卫工作。官渡之战时发现欲谋害曹操者，将刺客全部消灭。渭南之战时在身披重甲的情况下左手掩面，右手控船桨令曹操安然成功渡河，上岸才发现早已身中数箭。相随曹操会面马超、韩遂时，许褚怒视马超，令其放弃袭击曹操的想法。当曹操去世时许褚哭至吐血，曹丕迁其作武卫将军，负责宫中安全。曹叡继位时封其为牟乡侯，不久去世，谥曰壮侯。\n^【演】^在《三国演义》中，许褚是曹操帐下数一数二的猛将。曹操讨伐黄劭、何仪时，许褚生擒何仪以及黄巾数百骑，典韦要人，许褚与典韦大战两次，不分胜败，为曹操赏识，收之用为护卫，从此为曹操征战四方。官渡破袁绍后，因谋士许攸辱骂，怒而斩之。许褚向来目光呆滞，征战英勇，人称“虎痴”，曾裸衣恶斗马超。汉中之战，许褚护粮，因酒醉为张飞所败，幸得众将相救。,?,仲康,,,10047301,1,,,魏,四星
100081,100081,30,2,1,9300,9200,3300,2900,1800,122,145,30,34,127,200079,0,0,0,0,0,0,0,110082,0,0,0,0,0,0,0,0,0,0,2,3,0,0,0,1,0,0,0,0,"2,12,32",,典韦,,@【史】@曹操部将，相貌魁梧，膂力过人。本属张邈，后归曹操。曹操征讨吕布时被募为陷阵，表现英勇，被拜为校尉，宿卫曹操。后曹操于宛城时，张绣先降而复反，急迫曹操本营；典韦守着大门，殊死恶斗，破敌无算，最终因敌人太多而战死。 \n^【演】^在《三国演义》中，因其悍武，曹操称其为“古之恶来”。张绣背叛时，先令胡车儿暗盗韦双戟，再引军急迫曹操本营。典韦守大门，殊死恶斗，破敌无算，刀坏了竟双手各提一人为武器迎敌。群贼不敢近，只远远以箭射之，箭如骤雨，典韦犹死拒寨门。,?-197,,,,10008101,3,,,魏,四星
100082,100082,25,2,2,7500,9300,7800,2600,1300,81,158,75,28,94,200100,0,0,0,0,0,0,0,0,0,0,0,0,0,0,0,0,0,0,2,3,0,0,0,0,0,0,0,0,2,,郝昭,,@【史】@曹魏初年著名将领。郝昭少年从军，屡立战功，后受曹真的推荐镇守陈仓，防御蜀汉。太和二年（228年），诸葛亮率军北伐，为郝昭所阻，劝降不成，昼夜相攻二十余日后被迫退军。\n^【演】^在《三国演义》中，郝昭生平与正史大体相当。身长九尺，猿臂善射，深有谋略。诸葛亮第三次北伐前探知郝昭病重，赶在张郃换防前出兵。郝昭呻吟之间忽听报蜀军到城下，急令人上城把守。但当时各门上火起，城中大乱。郝昭听知惊死，陈仓终被破。事后诸葛亮怜郝昭之死，令其妻小扶灵柩回魏国，以表其忠。,?,伯道,,,10008201,,,,魏,四星
100083,100083,25,2,2,9100,9500,8000,6000,1800,159,153,96,88,144,200081,0,0,0,0,0,0,0,110018,0,0,0,0,0,0,0,0,0,0,2,4,0,0,0,0,0,0,0,0,"2,12,23",,张郃,,@【史】@征西车骑将军。先从韩馥，后投袁绍，在与公孙瓒的交战中多有功劳。官渡之战时，张郃受郭图陷害，率众投降于曹操，得以重用，随曹操平定北方，远征乌桓，平马超，斩宋建，灭张鲁，多有战功。后来，张郃随夏侯渊驻守汉中，在夏侯渊被害后暂代主帅，维持败兵。\n魏明帝时诸葛亮第一次北伐，张郃奉命救援陇右，在街亭大败蜀将马谡，导致诸葛亮撤兵；诸葛亮第四次时，张郃随司马懿前往相拒。后诸葛亮粮尽退兵，张郃追至木门，与诸葛亮军交战，被飞矢射中右膝而亡。\n^【演】^在《三国演义》中，张郃原为袁绍手下名将，官渡之战时，受郭图陷害，无奈投降于曹操，从此被曹操重用，跟随曹操南征北战，平马超，灭张鲁，多有战功。诸葛亮一出祁山时，张郃任司马懿先锋，跟随司马懿在街亭击败蜀将马谡，使诸葛亮撤兵。此后，在诸葛亮的多次北伐中，张郃先后随曹真、司马懿前往对抗，多有表现，连诸葛亮也叹其勇猛。诸葛亮五出祁山撤退时，于在剑阁设计埋伏，张郃前往追击，中埋伏被乱箭射死。,?-231,儁乂,,儁乂官渡投明主#屈指一算料敌先,10008301,"1,3",,,魏,五星
100084,100084,30,3,1,7900,9800,7100,9600,200,104,142,74,126,13,200082,0,0,0,0,0,0,0,110104,0,0,0,0,0,0,0,0,0,0,2,3,0,0,0,1,0,0,0,0,"3,12,13",,庞德,,@【史】@初为马腾部下，在平定羌民的征伐中屡立战功。建安年间，庞德跟随马超征战，每次出征常冲锋陷阵，勇冠凉州三军。后几经辗转，随张鲁归降于曹操麾下。219年，庞德协助曹仁抵御关羽。时值汉水暴溢，他率诸将与关羽殊死搏斗，箭镞尽，又短兵相接。\n而他格斗益怒，胆气愈壮，力战多时后因小舟被洪水打翻为关羽军所擒。关羽敬重他的刚毅威武，以封将劝降，但他却怒目不跪，怒斥关羽，最终殒身殉节。\n^【演】^在《三国演义》中，曹操进攻汉中时，庞德被曹操所擒，且因张鲁的不仁而转投曹操。此后，庞德屡立战功，濡须口之战斩东吴名将陈武，汉中之战中击败蜀汉名将魏延，救出曹操。后来曹仁被关羽包围在樊城，庞德随于禁引军赴救。其时诸将皆以庞德兄长庞柔、故主马超均在蜀，都怀疑庞德有二心；\n庞德抬棺决死，遂力斗关羽父子，又箭射关羽，深为关羽所忌惮。然而于禁惧其立功，加以掣肘。魏军战败，庞德被周仓在水中擒获，誓死不降，为关羽所害。曹操闻知此事甚为伤悲，为之流涕。,?-219,令明,,,10008401,3,,,魏,四星
100085,100085,30,3,2,8200,8800,7000,8700,200,96,163,73,113,13,200083,0,0,0,0,0,0,0,110083,0,0,0,0,0,0,0,0,0,0,2,3,0,0,0,1,0,0,0,0,"3,13,23",,曹仁,,@【史】@曹操从弟。三国曹魏名将。从曹操多年，为魏朝立下汗马功劳。破袁术，曹仁所斩获颇多，大破陶谦军及陶谦部将吕由，攻克句阳，生擒吕布的部将刘何，官渡之战中，在隐强打败刘备军、鸡落山之战又战胜袁绍军。\n^【演】^在《三国演义》中，曹仁于曹操起兵时与曹洪一同前来投奔，并随曹操一同参与讨董战役。后从征袁术、吕布、张绣，参加官渡之战，多立功勋。曹操平定北方后决意南征，曹仁率军先攻刘备，并列八门金锁阵以敌刘备，但阵法却被徐庶所破。赤壁之战后，周瑜乘胜进取荆州，与镇守南郡的曹仁大战，曹仁用曹操遗计诈败引周瑜入城，随命放箭，周瑜中箭败退。然此后反中东吴军士诈降之计，被周瑜击败。,168-223,子孝,,,10008501,4,,,魏,四星
100086,100086,30,2,1,8700,9000,6100,2800,1500,91,167,55,33,106,200084,0,0,0,0,0,0,0,110084,0,0,0,0,0,0,0,0,0,0,4,3,0,0,0,1,0,0,0,0,"2,12,32",,周泰,,@【史】@三国时期吴国武将。孙策平定江东时与同郡蒋钦一起加入孙策军，随孙策左右，后孙权爱其为人，向孙策请求让周泰跟随自己。周泰多次于战乱当中保护孙权的安危，身上受的伤多达几十处，就像在皮肤上雕画一样，吴将朱然、徐盛等因此对其拜服。后来孙权为了表彰周泰为了东吴出生入死的功绩，而赐给他青罗伞盖。官至汉中太守、奋威将军，封陵阳侯。死于黄武中年，有子周邵，亦数有战功，死于黄龙二年，周邵的弟弟周承继承了兵权和爵位。\n^【演】^在《三国演义》中，跟正史差不多，最初和蒋钦一同在江中劫掠为生，后归顺孙策，并助孙策攻刘繇营寨。孙策攻取吴郡之时，周泰与孙权镇守宣城，期间山贼前来攻城，周泰为保护孙权而被刺12枪，身受重伤，幸得名医华佗救治才得以保全一命。,?,幼平,,,10008601,3,,,吴,四星
100087,100087,25,1,4,8300,7600,7300,5700,1100,110,101,70,69,71,200085,0,0,0,0,0,0,0,110085,0,0,0,0,0,0,0,0,0,0,4,3,0,0,0,1,0,0,0,0,"1,11,21",,徐盛,,@【史】@三国时吴国名将。早年徐盛抗击黄祖，因功升为中郎将。刘备伐吴时，徐盛跟随陆逊攻下蜀军多处屯营；曹休伐吴时，徐盛在形势不利的情况下以少抗多，成功防御。因前后战功，徐盛先后升任建武将军、安东将军，任庐江太守。后来，曹丕大举攻吴，吴国依徐盛的建议在建业外围筑上围墙，曹丕被迫退走。黄武年间，徐盛病逝，被陈寿盛赞为“江表之虎臣”。其官爵由儿子徐楷继承。\n^【演】^在《三国演义》中，无论前期或者后期，徐盛与丁奉都是一起登场和破敌。在曹丕224年伐吴，徐盛与丁奉一起率军迎敌，偃旗息鼓地在广陵城内设芦苇草人，装作布满士兵的空城。曹丕在龙舟上闻曹真回报城里没有一人，认为是诡计打算下舟查探，但心里拿不定注意询问刘晔，但刘晔也跟曹丕一样看法。当夜，曹丕军举起火把，灯火通明，反而江南没有半点光。曹丕认为是诡计便撤退，而淮河布满事先浸满鱼油的芦苇，徐盛把芦苇点燃，大火连横。,177-228,文向,,,10008701,"1,2",,,吴,四星
100088,100088,30,3,1,8900,9300,6700,8600,400,129,109,61,113,25,200086,0,0,0,0,0,0,0,110086,0,0,0,0,0,0,0,0,0,0,4,3,0,0,0,1,0,0,0,0,"3,13,23",,孙坚,,@【史】@县吏出身，因勇敢又有谋略被官府赏识，提拔为军官。曾参与讨伐黄巾军的战役以及讨伐董卓的战役。后与刘表作战时阵亡。孙坚的儿子孙策、孙权后来创建了东吴政权。\n^【演】^在《三国演义》中，孙坚由于征讨黄巾有功，被封为长沙太守。在董卓乱政期间，孙坚作为诸侯联军的先锋，表现得十分活跃，但因袁术存在私心，拒不发粮，而被董卓将华雄击败。后来董卓迁都长安，孙坚进驻洛阳，意外发现传国玉玺，并藏匿返回。不料事情泄漏，与袁绍、刘表结仇。不久，孙坚在与刘表手下黄祖的交战中，中埋伏而死。,155-191,文台,,,10008801,1,,,吴,四星
100089,100089,30,3,2,9500,7100,7100,7600,200,137,93,64,100,13,200087,0,0,0,0,0,0,0,110087,0,0,0,0,0,0,0,0,0,0,4,3,0,0,0,1,0,0,0,0,"3,13,23",,孙策,,@【史】@三国时期孙吴的奠基者之一，孙坚长子、吴大帝孙权长兄。其人有智有勇，英姿勃发，其治军严整，军纪严明，被称为“江东小霸王”。初为继承父亲孙坚的遗业而屈事袁术，征战时屡获大胜。袁术僭越称帝后，孙策与袁术决裂，曹操下诏书给孙策，要孙策讨伐袁术。之后孙策统一江东，但在一次狩猎中为刺客所伤，不久后身亡。其弟孙权接掌孙策势力。\n^【演】^在《三国演义》中，孙策的事迹基本与正史相符。而在描写孙策被刺后，引入了孙策斩道士于吉而受其诅咒，伤重而亡的情节。,175-200,伯符,,,10008901,1,,,吴,四星
100090,100090,25,1,5,9800,8900,6700,6500,800,198,180,62,105,57,200088,0,0,0,0,0,0,0,110017,0,100090,0,0,0,0,0,0,0,0,4,4,0,0,0,1,0,0,0,0,"1,21,33",,太史慈,,@【史】@东汉末年名将，官至建昌都尉。弓马熟练，箭法精良。原为刘繇部下，后被孙策收降，自此太史慈为孙氏大将，助其扫荡江东。孙权统事后，因太史慈能制刘磐，便将管理南方的要务委托给他。建安十一年（206年）太史慈逝世。\n^【演】^在《三国演义》中，初登场为第十一回“刘皇叔北海救孔融，吕温侯濮阳破曹操”，后来表现与《三国志》中没有太大分别，但其死亡时间却往后调了数年。于群英会、赤壁之战中，太史慈也有登场，先在群英会上为周瑜担任监酒官，于赤壁战中则负责绕到曹军背后，断绝来自合肥的曹军援兵。\n后来太史慈更于合肥之战一役中大战魏将张辽，可惜其所献的“里应外合”之计被张辽悉破，张辽更将计就计，安排伏兵，袭击进入合肥城的太史慈，令太史慈身中数箭，回营后伤重身亡。,166-206,子义,,矢志忠孝太史公#临终壮言千古嗟,10009001,"1,4,7",,,吴,五星
100091,100091,15,3,2,4900,6600,8000,8700,200,41,62,84,91,10,200089,0,0,0,0,0,0,0,210036,0,0,0,0,0,0,0,0,0,0,4,3,1,0,0,1,0,0,0,0,"3,13,23",,吴夫人,,@【史】@孙坚夫人。孙策、孙权之母。本姓吴，早丧父母，与其弟吴景居处。孙坚闻其才貌，娶而为妻，生四男一女。孙策、孙权分别执政时，吴夫人皆助治军国大事，甚有补益。临终引见张昭等，嘱以后事。死后与孙坚合葬高陵。\n^【演】^在《三国演义》中，被称为吴太夫人。其次子孙权自立为吴国皇帝后，她被追尊为皇后。并且演义中虚构其妹继为国太，在孙刘联姻一事上起主导作用。,?-202,,,,10009101,6,,,吴,四星
100092,100092,25,2,2,6800,9600,9900,2500,1900,73,103,143,27,137,200090,0,0,0,0,0,0,0,110105,0,0,0,0,0,0,0,0,0,0,4,3,0,0,0,1,0,0,0,0,"2,21,12",,陆逊,,@【史】@三国时期吴国政治家、军事家。建安二十四年（219年），陆逊参与袭取荆州。章武二年（222年），孙权以陆逊为大都督，在夷陵火烧连营击败刘备，一战成名。黄武七年（228年），陆逊取得石亭之战的胜利。黄龙元年（229年），孙权称帝后，以陆逊为上大将军、辅佐太子孙登并掌管陪都武昌事宜，后卷入立嗣之争。\n赤乌七年（244年）拜为丞相，总领三公事务，领武昌事。陆逊跟随孙权四十余年，统领吴国军政十余年，深得孙权器重。深谋远虑，忠诚耿直。一生出将入相，被赞为“社稷之臣”。\n^【演】^在《三国演义》中，称其“身长八尺，面如美玉，体如凝酥”。孙权统事后，陆逊投奔入孙权门下。陆逊、董袭作为第五队参与了赤壁之战。合肥之战时陆逊董袭又救出重伤的太史慈；樊城之战前吕蒙因为想不出对付关羽的办法装病躲避。陆逊向孙权进言猜测是诈病，后又献夺荆州计谋。孙权遂以陆逊代吕蒙守陆口。后孙权力排众议，拜陆逊为大都督。,183-245,伯言,,,10009201,2,,,吴,四星
100093,100093,20,1,4,6500,6300,5100,6400,1000,73,70,57,71,60,200651,0,0,0,0,0,0,0,210039,0,0,0,0,0,0,0,0,0,0,4,3,1,0,0,1,0,0,0,0,"1,11,21",,徐夫人,,@【史】@徐夫人，吴郡富春人，吴郡豪族徐琨之女，吴大帝孙权之妻。徐氏初嫁予陆尚，陆尚殁后嫁给时为讨虏将军的孙权为妻，并抚养庶长子孙登。徐氏因善妒不受孙权宠爱，被孙权废黜于吴郡。孙权称帝后，群臣请立徐氏为后，但孙权已属意步氏，遂不许。\n^【演】^在《三国演义》中，徐夫人为吴太子孙登生母，其他生平与正史大体相当。,?,,,,10009301,6,,,吴,四星
100094,100094,20,1,2,7700,5300,8100,6100,1000,86,59,100,68,60,200091,0,0,0,0,0,0,0,310026,0,0,0,0,0,0,0,0,0,0,4,3,1,0,0,1,0,0,0,0,"1,11,21",,小乔,,@【史】@东汉末年时期的美女，庐江皖县（今安徽潜山）人。乔公的次女，汉末名将周瑜之妾。\n^【演】^在《三国演义》中，她是庐江皖县乔国老次女，秀美绝伦，貌压群芳，又琴棋书画无所不通。周瑜攻取皖城，迎娶小乔为妻。周郎小乔英雄美女、郎才女貌 ，被流传为千古佳话。,?,,,,10009401,4,,,吴,四星
100095,100095,20,1,3,5700,7500,8200,5400,1100,64,84,101,60,66,200092,0,0,0,0,0,0,0,310027,0,0,0,0,0,0,0,0,0,0,4,3,1,0,0,1,0,0,0,0,"1,11,21",,大乔,,@【史】@吴国乔公长女，孙策之妾、小乔之姊。大乔国色流离、资貌绝伦。建安三年，孙策攻皖，拔之。纳大乔。后人谓英雄美女，天作之合。\n^【演】^在《三国演义》中，大乔唯一一次登场在二十九回中，孙策去世时，留下遗言命她孝顺吴夫人。孔明智激周瑜时，暗示曹操打仗是为了二乔，并将她们放到铜雀台中，引得小乔之夫周瑜暴怒，最终同意联刘抗曹。,180-?,,,画楼影蘸清溪水#歌声响彻行云里,10009501,"2,5,7",,,吴,四星
100096,100096,20,2,2,6900,7800,9300,2800,1500,77,87,104,28,90,200093,0,0,0,0,0,0,0,110125,0,0,0,0,0,0,0,0,0,0,4,3,0,0,0,0,0,0,0,0,"2,12,22",,步骘,,@【史】@吴国重臣。步骘最初避难江东，后事孙权。在任期间，在稳定交州、平定叛乱、匡救贤良方面均有重大贡献。驻守西陵二十年，曹魏的边境将士都敬仰他的威信。\n^【演】^在《三国演义》中，步骘生平与正史大体相当。曹操平定荆州后，大军百万压吴境。及曹公平东川，亲往攻吴，相拒月余，不能取胜。吴主乃令骘往曹营求和，许年纳岁贡。后蜀主刘备亲往攻吴，所战皆克，步骘奏擒范疆、张达二人，并张飞首级，遣使送还，交与荆州，送归夫人，上表求和，再会前情，共图灭魏。吴主从之，然备不纳。,?-247,子山,,,10009601,3,,,吴,四星
100097,100097,40,1,3,6500,6300,8900,5700,900,64,62,87,56,53,200115,0,0,0,0,0,0,0,0,0,0,0,0,0,0,0,0,0,0,1,2,0,0,0,0,0,0,0,0,"1,11",,蒯良＆蒯越,,@【史】@蒯良为刘表定下安抚荆楚的政治方向，佐其成业，被刘表誉为“雍季之论”。蒯越原为刘表的部下，曾经在刘表初上任时帮助刘表铲除荆州一带的宗贼。刘表病逝后与刘琮一同投降曹操。\n^【演】^在《三国演义》中，则描写蒯良、蒯越为兄弟。二人均足智多谋，辅助刘表，佐其成业。,?,,,,"10009701,10009702",,,,汉,三星
100098,100098,20,3,2,7900,7300,2700,8300,500,55,51,19,57,21,200110,0,0,0,0,0,0,0,0,0,0,0,0,0,0,0,0,0,0,1,2,0,0,0,0,0,0,0,0,"3,13",,何进,,@【史】@东汉灵帝时外戚，何进的异母妹有宠于灵帝并被立为皇后，他也随之升迁。黄巾起义时，为大将军。灵帝驾崩后，何进从袁绍之言，博征智谋之士为己所用。自此独揽大权。然而何进不纳陈琳之谏，多结外镇军阀，翘首京师，与袁绍等谋诛宦竖。终于事泄，被张让等先下手为强，遇刺而亡。\n^【演】^在《三国演义》中，何进本为屠夫，因为其妹入宫为皇后，以外戚身份入仕。对于是否诛灭当权宦官，犹豫不决。在袁绍建议下，决定除去十常侍，但不听众人劝告，召董卓带兵入京。宦官们知道外兵入京要对付自己，十常侍之首张让设计让何太后召何进入宫，并埋伏了刀斧手五十人于长乐宫嘉德门内，何进中了埋伏，被斩。,?-189,遂高,,,10009801,,,,汉,三星
100099,100099,25,3,1,8000,8500,5900,8900,400,60,64,44,67,18,200103,0,0,0,0,0,0,0,0,0,0,0,0,0,0,0,0,0,0,1,2,0,0,0,0,0,0,0,0,"3,13",,丁原,,@【史】@东汉末年人物，官拜执金吾，领并州刺史，汉灵帝驾崩后，受何进之邀，入洛阳诛灭十常侍，未至，何进已被宦官所害。之后，丁原与董卓发生冲突，董卓得知丁原手下大将吕布唯利是图并未得重用，便遣使挑拨诱使吕布将其谋害。\n^【演】^汉荆州刺史、吕布义父。董卓入京都，欲废少帝，原怒之，愤而离席。次日，原引军城外搦战，大胜之。后卓遣虎贲中郎将李肃说原义子吕布斩原，割首献卓。,?-189,建阳,,,10009901,,,,汉,三星
100100,100100,20,3,1,6200,5300,7200,8600,400,43,37,50,60,17,200114,0,0,0,0,0,0,0,0,0,0,0,0,0,0,0,0,0,0,1,2,0,0,0,0,0,0,0,0,"3,23",,董承,,@【史】@汉灵帝母董太后之姪，献帝的岳父。曾任车骑将军。董卓乱京，董承送献帝回洛阳。曹操专权，董密谋诛操，将献帝的密诏带给刘备，事泄，为操所斩。\n^【演】^在《三国演义》中，被描绘成对汉献帝无比忠诚的大臣。曹操接献帝回许县后，专国弄权，擅作威福，献帝血写诏书密付董承，望董承能诛灭曹操，匡扶汉室。董承于是邀请了刘备、王子服等一批志士共谋刺曹操。不料家奴秦庆童因不满董承将密谋告知曹操，董承全家因之被害。,?-200,,,,10010001,,,,汉,三星
100101,100101,35,1,4,8500,9100,8400,6500,1300,148,185,159,94,112,200607,0,0,0,0,0,0,0,410005,0,100101,0,0,0,0,20069,1,0,0,1,4,0,0,0,1,0,0,0,0,"1,21,31",,灵帝,,@【史】@汉灵帝，刘宏。在位期间，大部分时间施行党锢及宦官政治，又设置西园，巧立名目搜刮钱财，甚至卖官鬻爵以用于自己享乐，在位晚期爆发了黄巾起义，而凉州等地也陷入持续动乱之中。\n^【演】^在《三国演义》中，刘宏的生平与正史基本相同。为人昏庸无能，对政治毫不关心，实权全部掌握在十常侍的手里。刘宏死后，由于其生前没有选定继承人，故而使得刘辩和刘协之间争夺皇位。,157-189,,,榜悬金价鬻官荣#千万为公五百卿,10010101,"1,2",,,汉,五星
100102,100102,15,2,2,5500,6900,5700,2100,1700,36,45,37,14,67,200114,0,0,0,0,0,0,0,0,0,0,0,0,0,0,0,0,0,0,1,2,0,0,0,1,0,0,0,0,"2,12",,王烈,,@【史】@王烈少时师从陈寔，闻名遐迩。董卓作乱时避乱辽东，并多次拒绝曹操的聘请。七十八岁时病死于辽东。,141-219,彦方,,,10010201,,,,汉,三星
100103,100103,20,3,1,6000,3800,8300,8700,400,42,27,57,60,17,200211,0,0,0,0,0,0,0,0,0,0,0,0,0,0,0,0,0,0,1,2,0,0,0,0,0,0,0,0,"3,23",,孔融,,@【史】@东汉末年文学家，“建安七子”之一，家学渊源，为孔子的二十世孙。其人少有异才，勤奋好学，性好宾客，喜抨议时政，言辞激烈，后因触怒曹操而为其所害。\n^【演】^在《三国演义》中，孔融形象与正史相似。十八路诸侯起兵讨董卓，孔融为第十镇。后黄巾将领管亥率兵数万围北海，孔融与之战不利，幸得太史慈求救于刘备。后召还为太中大夫，曹操征荆州时，孔融劝阻，被曹操叱退。孔融口出怨言，为郗虑宾客所听闻。郗虑素来与孔融不睦，于是将此事告诉曹操，孔融被下狱弃市。,153-208,文举,,,10010301,,,,汉,三星
100104,100104,15,3,3,6600,5400,6100,8800,200,43,35,40,57,8,200137,0,0,0,0,0,0,0,0,0,0,0,0,0,0,0,0,0,0,1,2,0,0,0,1,0,0,0,0,"3,23",,刘虞,,@【史】@汉光武帝刘秀之子东海恭王刘强之后。镇守幽州时为政宽仁，安抚百姓，深得人心。由于与公孙瓒意见不合而产生矛盾，因而进兵攻击公孙瓒，兵败身亡。\n^【演】^在《三国演义》中，刘虞于第二回登场，被朝廷任命为幽州牧，负责征讨张举、张纯。刘备曾在他手下任职，立功后被刘虞推荐升为下密丞。刘虞也因平叛有功升为太尉。,?-193,伯安,,,10010401,,,,汉,三星
100105,100105,20,2,1,6300,5900,6600,2700,1900,44,41,46,19,79,200183,0,0,0,0,0,0,0,0,0,0,0,0,0,0,0,0,0,0,1,2,0,0,0,0,0,0,0,0,"2,12",,王允,,@【史】@东汉末年大臣。王允出身官宦世家。他十九岁就开始任公职，壮年时任豫州刺史。因为在和中常侍张让的斗争中失败，王允被迫去官隐居，在中平六年，何进掌权之后重新出仕，历任从事中郎和河南尹。在何进被宦官所害，董卓掌权时，他已经代替杨彪成为了司徒兼尚书令。\n身为地方官勤政爱民，由于朝廷腐败而被迫在此为官，从而密谋诛灭董卓。董卓死后，王允与吕布共执朝政，但是董卓余党李傕、郭汜、樊稠等率军攻破长安，吕布出逃，王允被处死，时年56岁。\n^【演】^在《三国演义》中，他是貂蝉的义父，貂蝉是造成吕布和董卓反目，以致于吕布最终诛灭了董卓的主要原因。,137-192,子师,,,10010501,,,,汉,三星
100106,100106,15,1,3,2300,5500,6900,5200,1100,15,36,45,34,43,200216,0,0,0,0,0,0,0,0,0,0,0,0,0,0,0,0,0,0,1,2,0,0,0,0,0,0,0,0,"1,11",,陶谦,,@【史】@汉末群雄之一。最初为诸生，在州郡任职，被举茂才，历任舒、卢二县令、幽州刺史、议郎，性格刚直，有大志。后随左车骑将军皇甫嵩对抗北宫伯玉，任扬武校尉，之后又随张温征韩遂、边章。\n^【演】^在《三国演义》中，陶谦被描述成一副和蔼可亲的老实善人形象，是为参与讨伐董卓的诸侯之一。由于曹操来犯，请求孔融、刘备救援。后来病倒，恳求刘备治理徐州。,132-194,恭祖,,,10010601,,,,汉,三星
100107,100107,20,1,4,6900,6800,7600,4800,900,48,47,53,34,38,200120,0,0,0,0,0,0,0,0,0,0,0,0,0,0,0,0,0,0,1,2,0,0,0,0,0,0,0,0,"1,21",,刘表,,@【史】@其人身长八尺余，姿貌温厚伟壮，少时知名于世，名列“八俊”。在荆州期间，刘表远交袁绍，近结张绣，内纳刘备，据地数千里，带甲十余万，称雄荆江，先破孙坚，后又常抗曹操。然而刘表为人性多疑忌，好于坐谈，立意自守，而无四方之志，后更宠溺后妻蔡氏，使妻族蔡瑁等得权。刘表死后，蔡瑁等人废长立幼，奉表次子刘琮为主；曹操南征，刘琮举州投降，荆州遂没。\n^【演】^在《三国演义》中，刘表生平基本与正史相符。,142-208,景升,,,10010701,,,,汉,三星
100108,100108,15,3,2,5000,6100,5900,7200,100,31,38,37,45,4,200140,0,0,0,0,0,0,0,0,0,0,0,0,0,0,0,0,0,0,1,1,0,0,0,1,0,0,0,0,3,,禁军,,跟随武将的亲卫队，擅长马上作战。,?,,,,10010801,,,,汉,二星
100109,100109,20,1,4,5600,7500,8900,4800,900,50,66,79,43,48,200115,0,0,0,0,0,0,0,0,0,0,0,0,0,0,0,0,0,0,5,2,0,0,0,0,0,0,0,0,"1,11",,陈宫,,@【史】@为人性格刚直烈壮，少与海内知名之士皆相连结。初随曹操，后因曹操斩边让而与曹操反目，弃曹投靠吕布。吕布战败后，随吕布等一同被曹操所擒，陈宫求即就戮，从容赴死。\n^【演】^在《三国演义》中，陈宫曾被刘晔评价为“陈宫多计”；荀攸评其“有谋而迟”。在下邳吕布战败后，陈宫亦于下邳城南门被曹操部将徐晃擒获。白门楼前，曹操劝降陈宫，陈宫不肯屈降，曹操忍痛下令斩首处决陈宫。,?-199,公台,,,10010901,,,,群,三星
100110,100110,20,1,3,5300,6300,9300,5400,1100,47,81,156,69,76,200610,0,0,0,0,0,0,0,110088,0,0,0,0,0,0,0,0,0,0,5,3,0,0,0,1,0,0,0,0,"1,11,21",,李儒,,@【史】@董卓专政时担任弘农王郎中令，奉董卓之命，入宫毒死汉少帝。董卓死后，李傕攻进长安，控制朝政，李傕推举博士李儒为侍中，但被汉献帝拒绝。\n^【演】^董卓的谋士，董卓的大小事宜均与之参谋，堪称智囊。董卓趁乱进京、说降吕布、废立皇帝、迁都长安等举动，均离不开李儒的参谋之功。汉少帝刘辩被废后不满，李儒奉董卓之命，亲自带人入宫，毒死刘辩。后王允使“连环计”离间董卓、吕布，李儒劝董卓放弃貂蝉而换取吕布的效忠，董卓最终没有听从，死于吕布之手。董卓死时，李儒卧病在家，被家仆捆绑献出，处斩于市曹之中。,?-192,文优,,,10011001,"2,4,7",,,群,四星
100111,100111,20,2,1,8100,7200,5700,3100,1900,72,64,51,28,101,200098,0,0,0,0,0,0,0,0,0,0,0,0,0,0,0,0,0,0,5,2,0,0,0,1,0,0,0,0,"2,12",,周仓,,^【演】^在《三国演义》中，周仓为身材高大、黑面虬髯的关西大汉，黄巾军出身。关羽千里寻兄之时请求跟随，自此对关羽忠心不二；在听说关羽兵败被害后，周仓也自刎而死。,?-219,元福,,,10011101,,,,群,三星
100112,100112,20,1,4,7200,5600,6700,5300,1000,64,50,59,47,53,200100,0,0,0,0,0,0,0,0,0,0,0,0,0,0,0,0,0,0,5,2,0,0,0,0,0,0,0,0,1,,,,同为关羽部下。两人因饮酒失火，而被关羽怒责。后因惧怕关羽，而投吴，导致关羽兵败身亡。\n刘备伐吴时，二人斩马忠再次投蜀，但刘备认为二人因势急而投降，并非本意，同时恼怒二人背叛关羽，遂将二人凌迟处死。,?,,,,10011201,,,,群,三星
100113,100113,20,1,2,7300,7500,5300,4800,1200,65,66,47,43,64,200100,0,0,0,0,0,0,0,0,0,0,0,0,0,0,0,0,0,0,5,2,0,0,0,1,0,0,0,0,"1,21",,李肃,,@【史】@吕布同郡之人，协同吕布诛灭董卓，随后受派遣，前往陕地征讨牛辅，被牛辅击败，退至弘农，为吕布所害。\n^【演】^董卓帐下武将，与吕布同乡，曾主动请命为董卓说服吕布来降。诸侯联军伐董卓之际，李肃协同华雄镇守汜水关，为华雄出谋划策，击败缺粮的孙坚军。后王允、吕布策划诛灭董卓，拉拢李肃同谋，李肃因久不升迁，心怀不满，与吕布一拍即合，共同诛灭了董卓，又为吕布先锋与牛辅军交战，兵败后被吕布斩首示众。,?-192,,,,10011301,,,,群,三星
100114,100114,25,3,3,8300,8000,6500,8300,500,79,76,62,79,29,200108,0,0,0,0,0,0,0,0,0,0,0,0,0,0,0,0,0,0,5,2,0,0,0,0,0,0,0,0,"3,23",,公孙瓒,,@【史】@汉末群雄之一。依靠自己的才能逐步做到中郎将，以强硬的态度对抗北方少数民族，作战勇猛，威震边疆。公孙瓒好战，与主张以怀柔政策对待胡人的刘虞不和，后来公孙瓒斩刘虞，并挟持朝廷使者，得到了总督北方四州的授权，成为北方最强大的诸侯之一。他与袁绍多次相争，初期占据优势，但在龙凑之战后，公孙瓒锐气顿减，采取自保战略，逐渐失去了部下信任，被袁绍击败。最终困于高楼，引火自焚。\n^【演】^在《三国演义》中，公孙瓒犹如刘备恩人一般的存在。在黄巾起义和讨伐董卓时，公孙瓒均有举荐刘备。刘备在徐州抵御为报父仇而兴兵的曹操后，几乎没有与公孙瓒有任何联系。最终由曹操麾下的满宠告知刘备，公孙瓒已败于袁绍之手，死于易京的消息。,?-199,伯珪,,,10011401,,,,群,三星
100115,100115,30,3,2,8800,8900,4300,9100,1300,146,148,52,137,130,200608,0,0,0,0,0,0,0,110089,0,0,0,0,0,0,0,0,0,0,5,3,0,0,0,1,0,0,0,0,"3,13,23",,高顺,,@【史】@吕布帐下中郎将。高顺为人清白有威严，不好饮酒，所统率的部队精锐非常，号称“陷阵营”。屡进忠言于吕布，吕布虽知其忠而不能用。曹操击破吕布后，高顺被曹操所害。\n^【演】^在《三国演义》的第十八章提到，高顺军在下邳城外与夏侯惇军交战时曾与其单挑。双方大战了四五十个回合夏侯惇击败了高顺，高顺欲退回城内，夏侯惇则令其战马追赶。夏侯惇在追赶高顺途中，被高顺的部下曹性用弓箭射中眼睛，最后，高顺部队反攻夏侯惇的部队而获胜。,?-199,,,,10011501,1,,,群,四星
100116,100116,25,2,2,7800,7900,7000,3700,2000,108,109,87,41,166,200609,0,0,0,0,0,0,0,410009,0,0,0,0,0,0,0,0,0,0,5,3,0,0,0,1,0,0,0,0,"2,12,32",,袁术,,@【史】@袁逢之嫡次子，袁基、袁绍之弟。初为虎贲中郎将。董卓进京后以袁术为后将军，袁术因畏祸而出奔南阳。初平元年（190年）与袁绍、曹操等同时起兵，共讨董卓。后与袁绍对立，被袁绍、曹操击败，率馀众奔九江，割据扬州。建安二年（197年）称帝，建号仲氏 ，但未受人承认。此后袁术奢侈荒淫，横征暴敛，使江淮地区残破不堪，民多饥死，部众离心，先后为吕布、曹操所破，元气大伤，后于建安四年（199年）呕血而死。\n^【演】^在《三国演义》中，他的家族四代中有五人位居三公，是当世的大豪族。因董卓祸国，十八路诸侯聚讨董卓，袁术以第一镇诸侯的身份参与。同盟解散后，袁术为了除掉刘备，派遣使者想和吕布结亲，吕布将使者送给曹操斩首。得知吕布送斩他的使者，就发兵攻打他，却反被吕布所破。曹操又会合吕布、刘备、孙策等讨伐袁术，袁术大败。,?-199,公路,,,10011601,1,,,群,四星
100117,100117,25,3,1,6800,7900,5900,8800,600,65,75,56,84,35,200203,0,0,0,0,0,0,0,0,0,0,0,0,0,0,0,0,0,0,5,2,0,0,0,0,0,0,0,0,"3,23",,张勋,,@【史】@东汉末年军阀袁术麾下的重要将领，袁术称帝后的大将军。\n^【演】^在《三国演义》中，张勋是袁术的大将，都督。袁术称帝后，被封为大将军。统帅二十万大军与吕布军交战，但是大败而回。,?,,,,10011701,,,,群,三星
100118,100118,25,2,2,8200,5200,6200,3300,1500,78,50,59,32,86,200097,0,0,0,0,0,0,0,0,0,0,0,0,0,0,0,0,0,0,5,2,0,0,0,0,0,0,0,0,"2,22",,淳于琼,,@【史】@袁绍手下的猛将。西园八校尉之一，与张郃、高览等人齐名。在官渡之战时镇守乌巢，遭到曹操的偷袭而惨败，自己也被曹操处斩。\n^【演】^在《三国演义》中，淳于琼本为汉右军校尉，后为袁绍部将。官渡之战，淳于琼督领二万人马守乌巢，整日酗酒无备。曹操率军偷袭，淳于琼醉卧而不能迎敌，战败被擒，粮谷被烧，曹操命割去其耳鼻手指，缚于马上放回。袁绍怒而斩之。,?-200,仲简,,,10011801,,,,群,三星
100119,100119,25,2,2,7700,7700,6700,3600,1600,74,74,64,35,92,200110,0,0,0,0,0,0,0,0,0,0,0,0,0,0,0,0,0,0,5,2,0,0,0,1,0,0,0,0,"2,22",,高览,,@【史】@与颜良、文丑、张郃并称河间四将，本为袁绍部将，后在官渡之战因遭郭图谗言，与张郃一同投降曹操，官至偏将军、东莱侯。\n^【演】^在《三国演义》中，高览曾和许褚大战而不分胜负。曹操偷袭乌巢，袁绍从郭图之计，命高览、张郃率兵劫曹营，遭埋伏兵败，惧罪而降于曹操。后随曹操出征汝南，率军伏击刘备，三合斩刘辟，正欲擒刘备，被赵云一枪刺于马下。,?-201,,,,10011901,,,,群,三星
100120,100120,20,1,4,4600,6200,8200,3900,1000,41,55,73,35,53,200181,0,0,0,0,0,0,0,0,0,0,0,0,0,0,0,0,0,0,5,2,0,0,0,0,0,0,0,0,"1,11",,沮授,,@【史】@袁绍帐下谋士。史载他“少有大志，擅于谋略”。袁绍占据冀州后任用沮授为从事。沮授经常对袁绍提出良策，但很多时候袁绍并不听从。官渡之战时袁绍大败，沮授未及逃走，被曹操所获，因拒降被曹操处死。\n^【演】^在《三国演义》中，沮授生平与正史大体相当。官渡之战，沮授夜观天象，知乌巢屯粮有险，连夜求见，促速遣精兵巡哨，袁绍以其妄言惑众，更人监押。袁军战败，沮授急走不脱，为曹军所获，不降而盗马欲归，曹操怒而斩之。,?-200,,,,10012001,,,,群,三星
100121,100121,15,1,2,3600,5100,8000,4600,1000,30,43,67,39,50,200117,0,0,0,0,0,0,0,0,0,0,0,0,0,0,0,0,0,0,5,2,0,0,0,0,0,0,0,0,"1,21",,逢纪,,@【史】@袁绍的谋臣。袁绍甚为赏识逢纪的智谋而重用他。袁绍逃离董卓势力时，与逢纪、许攸同到冀州，之后逢纪献计帮助袁绍反客为主得到冀州。袁绍死后，逢纪、审配私下改袁绍遗命，立袁尚继位。袁谭不能继位，袁尚不给袁谭多兵，使逢纪随之。袁谭要求配兵为审配拒绝，一怒之下斩了逢纪。\n^【演】^在《三国演义》中，逢纪生平与正史大体相当。在第七回《袁绍磐河战公孙 孙坚跨江击刘表》里，袁绍用逢纪之计，胁迫韩馥，得到冀州。平定河北后，袁绍又以审配、逢纪为统军，兴兵讨曹。袁绍后，逢纪等立袁尚为嗣，袁谭争位，郭图定谋，计赚逢纪同赴袁谭军。\n后袁谭与曹军在黎阳交战，大败。遣人求救于袁尚。袁尚与审配计议，只发兵五千余人相助。被曹操派兵于半路尽破之。袁谭令逢纪作书，遣人到冀州请袁尚再次发兵，但袁尚却不同意，袁谭大怒，立斩逢纪。,?-202,元图,,,10012101,,,,群,三星
100122,100122,20,1,4,7300,7100,5200,6400,900,65,63,46,57,48,200179,0,0,0,0,0,0,0,0,0,0,0,0,0,0,0,0,0,0,5,2,0,0,0,0,0,0,0,0,"1,21",,麴义,,@【史】@袁绍部下的将领，能征善战，屡建战功，早年在凉州，精通羌人战法，率领着袁绍的精锐部队。后来由于自恃功高而骄纵不轨，被袁绍所害。\n^【演】^在《三国演义》中，麴义于第七回登场，袁绍、公孙瓒两军在磐河对峙，袁绍令麴义引八百弓手，步兵一万五千，列于阵中，自引马步军于后接应。公孙瓒遣大将严纲为先锋，鼓噪前来，麴义军乱箭齐发，麴义拍马舞刀，斩严纲于马下，直冲过界桥，击败公孙瓒，斩将夺旗，复引军冲公孙瓒后军，正撞着赵云，战不数合，被赵云一枪刺于马下。,?-192,,,,10012201,,,,群,三星
100123,100123,25,2,3,8900,8000,7000,3200,1800,123,111,67,40,118,200637,0,0,0,0,0,0,0,110108,0,0,0,0,0,0,0,0,0,0,5,3,0,0,0,1,0,0,0,0,"2,12,22",,张郃,,@【史】@征西车骑将军。先从韩馥，后投袁绍，在与公孙瓒的交战中多有功劳。官渡之战时，张郃受郭图陷害，率众投降于曹操，得以重用，随曹操平定北方，远征乌桓，平马超，斩宋建，灭张鲁，多有战功。后来，张郃随夏侯渊驻守汉中，在夏侯渊被害后暂代主帅，维持败兵。\n魏明帝时诸葛亮第一次北伐，张郃奉命救援陇右，在街亭大败蜀将马谡，导致诸葛亮撤兵；诸葛亮第四次时，张郃随司马懿前往相拒。后诸葛亮粮尽退兵，张郃追至木门，与诸葛亮军交战，被飞矢射中右膝而亡。\n^【演】^在《三国演义》中，张郃原为袁绍手下名将，官渡之战时，受郭图陷害，无奈投降于曹操，从此被曹操重用，跟随曹操南征北战，平马超，灭张鲁，多有战功。诸葛亮一出祁山时，张郃任司马懿先锋，跟随司马懿在街亭击败蜀将马谡，使诸葛亮撤兵。此后，在诸葛亮的多次北伐中，张郃先后随曹真、司马懿前往对抗，多有表现，连诸葛亮也叹其勇猛。诸葛亮五出祁山撤退时，于在剑阁设计埋伏，张郃前往追击，中埋伏被乱箭射死。,?-231,儁乂,,,10012301,1,,,群,四星
100124,100124,20,2,3,4300,4600,8800,2400,1700,38,41,78,22,90,200138,0,0,0,0,0,0,0,0,0,0,0,0,0,0,0,0,0,0,5,2,0,0,0,0,0,0,0,0,"2,12",,南华老仙,,^【演】^《三国演义》中的虚构人物。其将太平要术传给张角，让他普救世人。,?,,,,10012401,,,,群,三星
100125,100125,20,2,2,6300,6500,5600,3000,1900,56,57,50,27,101,200123,0,0,0,0,0,0,0,0,0,0,0,0,0,0,0,0,0,0,5,2,0,0,0,0,0,0,0,0,"2,22",,成公英,,@【史】@初为韩遂的心腹。为人忠义尽节，韩遂兵败华阴还湟中，部众散去，唯他相随。韩遂死后，降曹操，被委以军师，封列侯。,?,,,,10012501,,,,群,三星
100126,100126,20,2,2,2900,6200,8100,3100,1300,26,55,72,28,69,200663,0,0,0,0,0,0,0,0,0,0,0,0,0,0,0,0,0,0,5,2,0,0,0,1,0,0,0,0,"2,12",,祢衡,,@【史】@其人个性恃才傲物．和孔融交好。孔融著有《荐祢衡表》，向曹操推荐祢衡，但是祢衡称病不肯去，曹操封他为鼓手，想要羞辱祢衡，却反而被祢衡裸身击鼓而羞辱。后来祢衡骂曹操，曹操就把他遣送给刘表，祢衡对刘表也很轻慢，刘表又把他送去给江夏太守黄祖，最后因为和黄祖言语冲突而被害，时年二十六岁。黄祖对此感到十分后悔，便将其加以厚葬。\n^【演】^在《三国演义》中，祢衡的事迹基本与正史相符。,173-198,正平,,,10012601,,,,群,三星
100127,100127,20,3,2,5400,8200,6000,9500,500,48,73,53,84,27,200129,0,0,0,0,0,0,0,0,0,0,0,0,0,0,0,0,0,0,5,2,0,0,0,0,0,0,0,0,"3,13",,韩遂,,@【史】@汉末群雄之一，以诛宦官为名举兵造反，聚众十万，先后败皇甫嵩、张温、董卓、孙坚等名将，后受朝廷招安，拥兵割据一方长达三十余年。袁绍、曹操相争之际，马腾、韩遂被钟繇说服，依附于曹操。\n^【演】^在《三国演义》中，韩遂形象与正史有一些出入。与马腾结为异姓兄弟，同镇西凉，曾随马腾勤王，进攻李傕等人，因军粮不足被击败。后马腾被曹操诱入京城，遇害。出于兄弟之谊，韩遂与马腾之子马超联合，起兵进攻曹操，欲为马腾报仇。几番交战之后，马超、韩遂中曹操离间之计，马超对韩遂起疑，韩遂手下密谋降曹，被马超发现，砍断左手。最终，马超败走，韩遂降于曹操。,?-215,文约,,,10012701,,,,群,三星
100128,100128,10,3,2,5900,3000,4100,6600,1200,46,24,32,52,56,200165,0,0,0,0,0,0,0,0,0,0,0,0,0,0,0,0,0,0,5,1,0,0,0,1,0,0,0,0,3,,精兵,,群雄阵营精锐骑兵。,?,,,,10012801,,,,群,二星
100129,100129,25,1,2,8800,8100,6400,4100,1000,117,97,53,50,65,200625,0,0,0,0,0,0,0,110090,0,0,0,0,0,0,0,0,0,0,3,3,0,0,0,1,0,0,0,0,"1,11,12",,关平,,@【史】@关羽之子，关羽率军攻打樊城时，孙权借机征讨荆州。关平与其父一同被擒，最后被斩于临沮县。此外，民间通常认为他是关羽收养的义子而非亲子。\n^【演】^原为冀州关家庄庄主关定之子，关羽过五关时被收为义子，从此作为关羽副将，随关羽南征北战，屡立功劳，多与刘封搭档。之后逐渐成长为一员大将，曾与庞德大战三十合，不分胜负。关羽败走麦城之际，关平跟随，一同被捕，遭孙权所害。,178-220,,,,10012901,6,,,蜀,四星
100130,100130,30,1,4,9000,8500,7600,4800,900,130,123,69,57,64,200611,0,0,0,0,0,0,0,110119,0,0,0,0,0,0,0,0,0,0,3,3,0,0,0,0,0,0,0,0,"1,11,21",,黄忠,,@【史】@本为刘表部下，后归刘备，并助刘备攻益州刘璋。在定军山一战中阵斩曹操部下名将夏侯渊。黄忠在后世多以勇猛的老将形象出现于各类文学艺术作品中。\n^【演】^在《三国演义》中，刘备称汉中王后将其封为五虎上将之一。初为刘表部下，后事韩玄；虽年近六旬，却有万夫不当之勇。关羽攻长沙时，关羽用拖刀计将黄忠击败，但不忍将其害之。次日，黄忠计诱关羽，为报关羽恩情，用弓箭只射关羽盔缨，但韩玄却因此怀疑黄忠有二心，想将黄忠斩首，但遭魏延劫场，韩玄被诛，黄忠与魏延一同降蜀。\n黄忠入蜀后，战功赫赫。先与严颜败张郃，后更于定军山亲斩夏侯渊。刘备称帝后伐吴，黄忠不顾年迈，请令担任先锋，为吴将马忠偷袭射中，回营后不治而亡。,?-220,汉升,,,10013001,3,,,蜀,四星
100131,100131,30,3,2,9500,7800,6400,8900,300,158,130,77,120,22,200055,0,0,0,0,0,0,0,110091,0,0,0,0,0,0,0,0,0,0,5,3,0,0,0,1,0,0,0,0,"3,23,43",,赵云,,@【史】@三国时期蜀汉名将。赵云跟随刘备将近三十年，先后参加过博望坡之战、长坂坡之战、江南平定战，独自指挥过入川之战、汉水之战、箕谷之战，都取得了非常好的战果。除了四处征战，赵云还先后以偏将军任桂阳太守，以留营司马留守公安，以翊军将军督江州。除此之外，赵云于平定益州时引霍去病故事劝谏刘备将田宅归还百姓，又于关羽张飞被害之后劝谏刘备不要伐吴，被后世赞为有大臣局量的儒将，甚至被认为是三国时期的完美人物。\n^【演】^在《三国演义》中，赵云一登场即和河北名将文丑大战，救了公孙瓒。曾和多名三国名将对战，冲锋陷阵罕见败绩。长坂坡救阿斗时，连续阵斩曹营名将五十余员。智取桂阳时，更是展现了他过人的机智和出众的谋略。随诸葛亮吊祭周瑜时，因赵云带剑相随，吴将无人敢动诸葛亮。汉水救黄忠时，让魏国名将张郃、徐晃心惊胆战，不敢迎敌。\n刘备去世之后，曹魏五路犯蜀，赵云把守阳平关，一将当关，万夫莫开。七十几岁时仍为蜀汉先锋，阵前力斩被作者称为“有万夫不当之勇”的西凉大将韩德一门五将。,?-229,子龙,,,10013101,3,,,群,四星
100132,100132,20,2,2,5200,6000,8500,3100,1600,40,46,66,24,74,200124,0,0,0,0,0,0,0,0,0,0,0,0,0,0,0,0,0,0,3,2,0,0,0,0,0,0,0,0,"2,12",,马良,,@【史】@蜀汉官员，马谡之兄。马良兄弟五人都有才华名气，而马良又在五人中最为出色，因此有“马氏五常，白眉最良”的赞誉。建安十四年（209年），刘备担任荆州牧，征召马良为州从事。马良与诸葛亮关系友善，曾奉命出使东吴，受到孙权恭敬的接待。章武元年（221年），刘备称帝，建立蜀汉政权，任命马良为侍中。刘备东征东吴时，派马良招纳五溪少数民族。同年，刘备在夷陵之战中兵败，马良也遇害身亡。\n^【演】^在《三国演义》中，关羽讨魏时，以马良、伊籍为参谋，一同征进。关羽臂中毒箭，名医华佗为其刮骨，关羽与马良弈棋。后荆州失守，关羽遣马良、伊籍、赍文三道，星夜赴成都求救。夷陵之战中，刘备因报仇心切，起兵伐吴，并任马良、陈震掌理文书，马良劝阻，但刘备不听，孙权拜陆逊为都督，马良劝刘备需要提防，但刘备又不听。吴军坚守不出，马良认为吴军必定在等待蜀军的变化而作出行动。期间，马良曾携地理图本前往请教诸葛亮。,187-222,季常,,,10013201,,,,蜀,三星
100133,100133,30,2,1,7400,9000,7600,2900,2000,67,81,69,27,108,200178,0,0,0,0,0,0,0,0,0,0,0,0,0,0,0,0,0,0,3,2,0,0,0,0,0,0,0,0,"2,12",,陈到,,@【史】@陈到，字叔至，豫州汝南人，三国时期蜀汉将领。刘备在豫州时期，陈到开始追随刘备，名位常亚于赵云，以忠勇著称。先后担任护军、征西将军，在建兴四年接替李严担任永安都督，封亭侯。负责统率和管理白毦兵，在永安任上去世。,?,叔至,,,10013301,,,,蜀,三星
100134,100134,25,1,3,8300,7300,5400,3700,1200,120,97,45,40,69,200657,0,0,0,0,0,0,0,110109,0,0,0,0,0,0,0,0,0,0,3,3,0,0,0,1,0,0,0,0,"1,11,21",,严颜,,@【史】@东汉末年武将，初为刘璋部下，担任巴郡太守。建安十九年，刘备进攻江州，严颜战败被俘，张飞对严颜说：“大军至，何以不降而敢拒战？”，严颜回答说：“卿等无状，侵夺我州，我州但有断头将军，无降将军也！”，张飞生气，命左右将严颜牵去砍头，严颜表情不变地说：“砍头便砍头，何为怒邪！”张飞敬佩严颜的勇气，遂释放严颜并以严颜为宾客，之后的事迹不在正史中出现。\n^【演】^在《三国演义》中，严颜在刘备攻取成都，径取汉川中登场。擅使硬弓和大刀，有万夫莫敌之勇。据守巴郡，与张飞交战，后为张飞用计俘虏。张飞质问：“大将在这里，为什么不投降，而敢率军拒敌？”颜宁死不屈，张飞壮而释之，引为上宾，严颜感概张飞的恩义而归降。,?,,,,10013401,6,,,蜀,四星
100135,100135,25,3,2,6500,4600,9200,8800,600,54,38,76,73,30,200100,0,0,0,0,0,0,0,0,0,0,0,0,0,0,0,0,0,0,3,2,0,0,0,0,0,0,0,0,3,,,,原为刘璋部下，刘备围成都时劝说刘璋投降，而后又与刘备进取汉中，献计将曹操大将夏侯渊斩首。\n法正善奇谋，深受刘备信任和敬重，被陈寿称赞为可比魏国的程昱和郭嘉。,?,,,,10013501,,,,蜀,三星
100136,100136,20,3,1,6500,6900,5000,9600,300,50,53,39,74,14,200199,0,0,0,0,0,0,0,0,0,0,0,0,0,0,0,0,0,0,3,2,0,0,0,1,0,0,0,0,"3,23",,吴兰,,@【史】@东汉末年益州牧刘璋的部将，后降刘备。汉中对曹操的战役中，与马超、张飞各领一军，驻扎在下卞，被魏将曹洪所击败，败退时为阴平的氐族首领强端所害。\n^【演】^在《三国演义》中，最初为刘璋部下，在刘备进川时刘璋部将吴懿举荐雷铜、吴兰为副将，领两万军马前往雒城。另一将领汵苞被刘备击破，雷铜、吴兰前去接应被黄忠击退。二将退守雒城围困魏延又被黄忠击败，二将又跟随刘璝攻夺刘备寨。刘备攻打雒城，雷铜、吴兰和魏延、黄忠二将对阵，后二将追击时中刘备设下的埋伏，迫不得已，只好投降刘备。,?-218,,,,10013601,,,,蜀,三星
100137,100137,20,2,2,7000,6900,6000,2600,1700,54,53,46,20,79,200238,0,0,0,0,0,0,0,0,0,0,0,0,0,0,0,0,0,0,3,2,0,0,0,1,0,0,0,0,"2,22",,雷铜,,@【史】@东汉末年将领。本属益州牧刘璋麾下，刘备攻取益州后而归刘备麾下。归顺刘备后屡建奇功。后于下辨之战中与吴兰一起被曹洪军击败阵亡。\n^【演】^在《三国演义》中，雷铜在汉中之战，与张飞一同对抗魏将张郃时，表现勇猛。后中张郃之埋伏计而被张郃所斩。,?-218,,,,10013701,,,,蜀,三星
100138,100138,25,2,2,7500,7100,7500,3000,1500,62,59,62,25,75,200195,0,0,0,0,0,0,0,0,0,0,0,0,0,0,0,0,0,0,3,2,0,0,0,0,0,0,0,0,"2,22",,李严,,@【史】@蜀汉重臣，与诸葛亮同为刘备临终前的托孤之臣。蜀军北伐时，李严押运粮草因为下雨道路泥泞延误时日，为推卸责任反而怪罪诸葛亮的北伐，使诸葛亮不得不退兵，因而获罪，最终被废为平民。诸葛亮病逝，李严得知消息后，认为以后再也不会有人能够起用自己了，因此心怀激愤而病死。\n^【演】^在《三国演义》中，刘璋任命李严守绵竹抵抗刘备，和黄忠战了四十多回合不分胜负，被孔明安排黄忠诈败包围后投降。刘备死前，召诸葛亮和李严听受遗命。亦提及李严运粮不继，假称东吴来侵犯，使得诸葛亮退兵，但又向后主奏说粮食充足，不知诸葛亮为何退兵，结果被诸葛亮贬为庶民。到诸葛亮死时，李严亦因失去复官机会，大哭病死。,?-234,正方,,,10013801,,,,蜀,三星
100139,100139,25,3,2,8600,8100,7200,7700,500,125,107,69,83,29,200642,0,0,0,0,0,0,0,310032,0,0,0,0,0,0,0,0,0,0,3,3,0,0,0,1,0,0,0,0,"3,13,23",,马岱,,@【史】@三国时期蜀汉将领，马超的从弟。早年追随马超大战曹操，反攻陇上，围攻成都，汉中之战等。后在诸葛亮病逝后受杨仪派遣斩了蜀将魏延。曾率领军队出师北伐，被魏将牛金击败而退还。官至平北将军，陈仓侯。\n^【演】^在《三国演义》中，马岱初次登场随马腾入许昌。后来马腾和其余诸子尽皆被害，马岱乔装逃出。马超起兵，马岱随之周旋。曾在潼关前打败钟繇。建安十九年，马岱随马超救援刘璋，曾与张飞大战十余合败北，旋即随马超归降刘备。刘禅登基后，跟随丞相诸葛亮南征孟获和北伐曹魏。马岱久经沙场、多负辛劳，作战冷静而勇猛，深得诸葛亮信任。诸葛亮临终授命于马岱，袭斩魏延。,?,,,,10013901,1,,,蜀,四星
100140,100140,30,3,2,9700,9200,4200,8500,200,127,133,38,146,13,200623,0,0,0,0,0,0,0,110092,0,0,0,0,0,0,0,0,0,0,3,3,0,0,0,1,0,0,0,0,"3,13,23",,马超,,@【史】@马腾之子，少年成名，曹操曾多次征召马超入京为官，但都被马超拒绝。建安十六年（211年），曹操治兵关中，马超联合关中诸侯韩遂等抵抗曹操，曾一度对曹操造成了极大的威胁，但被曹操用离间计击败退走，而后聚拢部队再次攻取陇上诸郡，失败后依附汉中张鲁。刘备攻打刘璋时，马超投降刘备，与刘备军合围成都，汉中之战后联名上书尊刘备为汉中王。蜀汉建立后，马超官至骠骑将军、斄乡侯。\n^【演】^在《三国演义》中，马超被称为“锦马超”，蜀国“五虎上将”之一。羌人将其奉为“神威天将军”。出场时十七岁，在长安连斩之前逐走吕布的董卓部将王方、李蒙。曹操害死马腾后，马超为报父仇，起兵反曹，在潼关击败大将张郃，数合枪挑李通，逼得曹操割须弃袍。而后大战虎痴许褚，被贾诩用离间计击败，败走凉州。\n不久马超卷土重来，占领冀城，虽然非常勇猛，战场上将杨阜七位兄弟阵斩，但仍被夏侯渊、杨阜等人联合击退。投奔汉中张鲁后，在葭萌关前大战张飞，被劝降归附刘备，随即引兵迫降刘璋，并活跃于汉中之战。蜀汉建立后马超镇守西平关，令伐蜀五路兵的羌兵不战自退。,176-223,孟起,,,10014001,"1,4",,,蜀,四星
100141,100141,20,1,2,8600,8000,3400,6100,1200,66,62,27,61,56,200101,0,0,0,0,0,0,0,0,0,0,0,0,0,0,0,0,0,0,3,2,0,0,0,0,0,0,0,0,"1,11",,沙摩柯,,@【史】@三国时期五溪蛮首领。为报关羽被东吴所害之仇，刘备亲自领兵攻孙权，以金锦爵赏诱沙摩柯助战。沙摩柯率一万余人响应蜀军，表现活跃。章武二年（222年），吴大都督陆逊以火攻破刘备，率诸军齐击，蜀军四十多个营寨被攻破，沙摩柯在大乱中匹马奔逃，死于乱军。\n^【演】^为刘备伐吴的援军。生得面如噀血，碧眼突出，使一个铁蒺藜骨朵，腰带两张弓，威风抖擞。伐吴期间，曾一箭射死东吴猛将甘宁。后刘备兵败，沙摩柯被东吴大将周泰所诛。,?-222,,,,10014101,,,,蜀,三星
100142,100142,10,2,2,5400,4800,4400,2100,1500,37,33,30,15,61,200150,0,0,0,0,0,0,0,0,0,0,0,0,0,0,0,0,0,0,3,1,0,0,0,1,0,0,0,0,2,,精兵,,蜀军精锐步兵。,?,,,,10014201,,,,蜀,二星
100143,100143,20,3,1,7800,7600,7100,8400,400,60,59,55,65,19,200104,0,0,0,0,0,0,0,0,0,0,0,0,0,0,0,0,0,0,2,2,0,0,0,0,0,0,0,0,"3,23",,于禁,,@【史】@三国时期魏国武将。本为鲍信部将，后属曹操，曾于张绣造反时讨伐不守军纪的青州兵，同时为迎击敌军而固守营垒，因此曹操称赞他可与古代名将相比。然而在建安二十四年（219年）的襄樊之战中，于禁在败给关羽后投降，致使晚节不保。关羽败亡后，于禁从荆州获释到了吴国。黄初二年（公元221年），孙权遣还于禁回魏，同年去世，谥曰厉侯，有一子于圭。\n^【演】^在《三国演义》中，于禁于曹操招贤之时前来投奔。后随曹操参与官渡之战、赤壁之战。赤壁兵败之后，于禁随曹操征讨马超、韩遂，于阵前不敌马超而败北。关羽率军攻樊城时，于禁、庞德奉命前往援救镇守樊城的曹仁终被关羽以水攻大败。战后于禁被俘，向关羽乞降，被押解往荆州。吕蒙攻陷荆州后于禁被送往吴国，孙权降魏后将其释放返魏，奉命守护曹操陵墓。曹丕遣人将于禁战败乞降等事画于陵壁，于禁看后惭愧发病而死。,?-221,文则,,,10014301,,,,魏,三星
100144,100144,25,2,1,6700,8100,7600,3700,1800,56,67,63,31,103,200223,0,0,0,0,0,0,0,0,0,0,0,0,0,0,0,0,0,0,2,2,0,0,0,0,0,0,0,0,"2,12",,乐进,,@【史】@曹魏名将。以胆识英烈而从曹操，随军多年，南征北讨，战功无数。从击袁绍于官渡，奋勇力战，斩袁绍部将淳于琼。又从击袁谭、袁尚于黎阳，斩其大将严敬。不久乐进别击黄巾、雍奴、管承，皆大破之。从平荆州，留屯襄阳，进击关羽、苏飞等人，击退其众，南郡诸郡的山谷蛮夷都前往乐进处投降。后世将其与张辽、张郃、于禁、徐晃并称为曹魏“五子良将”。\n^【演】^在《三国演义》中，乐进是曹操招贤时最早投靠的武将，可惜在小说整体表现并不出色，常与另一魏将李典共同登场。赤壁之战后，曹操留乐进与张辽、李典屯于合肥，以当孙权。其时孙权入寇，双方对阵，乐进忽施突袭，一骑马一口刀，如一道电光，折贾华、宋谦之双戟，几乎擒得孙权。后来与吴将凌统鏖战，得曹休之助，本可取胜，却被吴将甘宁发箭所伤，退入军中调治伤势。,?-218,文谦,,,10014401,,,,魏,三星
100145,100145,30,1,4,8800,8100,6800,5500,700,139,128,71,80,50,200613,0,0,0,0,0,0,0,110093,0,0,0,0,0,0,0,0,0,0,2,3,0,0,0,1,0,0,0,0,"1,11,21",,夏侯渊,,@【史】@东汉末年名将，擅长千里奔袭作战，官至征西将军，封博昌亭侯。初期随曹操征伐，官渡之战为曹操督运粮草，又督诸将先后平定昌豨、徐和、雷绪、商曜等叛乱。后率军驻凉州，逐马超、破韩遂、灭宋建、横扫羌、氐，虎步关右。张鲁降曹操后夏侯渊留守汉中，与刘备相拒逾年，于定军山被刘备部将黄忠所袭，战死，谥曰愍侯。\n^【演】^在《三国演义》中，夏侯渊是夏侯婴之后、大将军惇族弟。自曹操陈留起兵起，便跟随征伐，历任陈留、颍川太守。官渡之战后，夏侯渊负责粮草补给，保证了曹操平定北方。而后夏侯渊又率兵四处征讨叛乱，破昌豨、徐和、雷绪、商曜等，战功卓著。而后夏侯渊督张郃、徐晃等留守汉中，与前来取汉中的刘备大军交战，为刘备将黄忠所袭，不幸战死。谥曰愍侯。魏齐王正始四年从祀曹操庙庭。,?-219,妙才,,,10014501,1,,,魏,四星
100146,100146,20,2,2,8100,8400,4600,2500,1500,62,65,36,20,80,200225,0,0,0,0,0,0,0,0,0,0,0,0,0,0,0,0,0,0,2,2,0,0,0,1,0,0,0,0,"2,12",,邓忠,,@【史】@曹魏将领邓艾之子。钟会谋反事败，士兵哗变，钟会被诛，邓艾部将想追还邓艾父子，但卫瓘却派田续追邓艾，于绵竹西相遇，将邓艾和邓忠等人所害。\n^【演】^在《三国演义》中，邓忠随父亲在段谷打败姜维。在长城作战时，与姜维激战，不分胜负。后遭钟会诬陷，与其父邓艾押往洛阳，半路被邓艾旧部解救，后被卫瓘之将田续追上所害。,?-264,,,,10014601,,,,魏,三星
100147,100147,25,3,1,7900,8700,6700,8500,200,66,72,56,71,10,200207,0,0,0,0,0,0,0,0,0,0,0,0,0,0,0,0,0,0,2,2,0,0,0,1,0,0,0,0,"3,13",,曹洪,,@【史】@曹洪早年随曹操起兵讨伐董卓。曹操于荥阳兵败失马时，曹洪舍命献马，并救护曹操，使其免于厄难。后多随军征伐，平兖州、征刘表、讨祝臂。官渡之战时，曹操令其驻守本阵。汉中之战时，与曹休在下辩抵御刘备，破斩吴兰、任夔，逼退张飞与马超。\n^【演】^在《三国演义》中，曹洪的生平与正史大体相同。,?-232,子廉,,,10014701,,,,魏,三星
100148,100148,25,3,2,8900,7500,4800,8600,300,129,90,40,125,22,200633,0,0,0,0,0,0,0,110094,0,0,0,0,0,0,0,0,0,0,2,3,0,0,0,1,0,0,0,0,"3,13,23",,曹彰,,@【史】@曹操之子。其胡须黄色，被曹操称为“黄须儿”。弱冠前喜搏猛虎，臂力过人、不善文章。代北乌桓无（能）臣氐等造反，曹彰引军往讨，大捷而归。后又降服辽东鲜卑大人轲比能。曹丕即位后，曹彰与诸侯就国。\n^【演】^在《三国演义》中，曹彰的生平与正史大体相同。在阳平为曹操助战，曹彰使一条长戟，大败刘封，斩蜀将吴兰。后来曹操逝世，世子曹丕继位；曹彰得知父亲病逝，便自长安引十万大军到洛阳；然而却被贾逵以片言折服，入宫交割军马后，便回鄢陵自守。,?-223,子文,,,10014801,1,,,魏,四星
100149,100149,20,2,2,6200,7600,9300,2500,1700,69,76,136,22,102,200614,0,0,0,0,0,0,0,310028,0,0,0,0,0,0,0,0,0,0,2,3,0,0,0,1,0,0,0,0,"2,12,22",,程昱,,@【史】@东汉后期至三国时期曹魏谋士、名臣。本名程立，因梦中在泰山捧日，更名程昱。曾于东阿率领民众抗击黄巾。初平三年，被曹操征辟为寿张令，从此为其出谋献策、征战四方。曹操征徐州时，程昱与荀彧留守后方，阻吕布、陈宫大军，保住三城。\n^【演】^在《三国演义》中，程昱初在山中读书，经荀彧荐仕曹操。曾于徐州用计迫降关羽；曹操征河北，昱举羽以敌颜良，又於仓亭献十面埋伏之计，大胜袁绍。后与刘备战，昱计挟亲赚徐庶，使庶来投。从南征，昱谏曹操以防火攻，又识黄盖粮船之伪，免大寨遭创，曹操亦因此逃逸得及。后又于濡须劝曹操班师。魏国既建，以昱为卫尉。,141-220,仲德,,,10014901,6,,,魏,四星
100150,100150,25,2,2,2300,7100,9500,2800,1500,25,68,185,31,108,200634,0,0,0,0,0,0,0,310029,0,0,0,0,0,0,0,0,0,0,2,3,0,0,0,1,0,0,0,0,"2,12,22",,荀攸,,@【史】@荀彧之侄，东汉末年谋士。曹操迎天子入许都之后，荀攸成为曹操的军师。 曹操征伐吕布时荀攸劝阻了曹操退兵，并献奇计水淹下邳城，活捉吕布。官渡之战荀攸献计声东击西，斩颜良和文丑。又策奇兵，派徐晃烧袁绍粮草，同时力主曹操接纳许攸，画策乌巢，立下大功。\n平定河北期间，荀攸力排众议，主张曹操消灭袁绍诸子，被曹操上奏朝廷封为陵树亭侯。荀攸行事周密低调，计谋百出，深受曹操称赞。建安十九年（214年），荀攸在曹操伐吴途中去世。\n^【演】^在《三国演义》中，荀攸初仕大将军何进，后弃官还乡。曹操在兖州，攸同从叔彧共来投之，为曹操重用。曹操迎天子都许，拜为军师。荀攸随讨吕布，定河北，及官渡、赤壁之战，屡出奇谋。及魏国建立，以荀攸为尚书令。曹操进爵魏王，荀攸认为曹操叛汉，曹操大怒，荀攸忧愤成疾，旋即去世。,157-214,公达,,,10015001,6,,,魏,四星
100151,100151,20,3,2,6900,8000,4000,7700,500,53,62,31,59,23,200218,0,0,0,0,0,0,0,0,0,0,0,0,0,0,0,0,0,0,2,2,0,0,0,0,0,0,0,0,"3,23",,曹真,,@【史】@其父为曹操招募人马时被州郡所害，曹操因怜悯曹真少年丧父而待其如亲子一般，因赞赏曹真的勇猛而让他率领虎豹骑。曹真在镇守曹魏西北边境时表现突出，魏文帝时期督众将大破羌胡联军，平定河西；魏明帝时期屡次对抗诸葛亮的北伐。\n^【演】^在《三国演义》中，为了强调司马懿与诸葛亮两名英杰对垒的激烈，而将曹真成功击退诸葛亮两次北伐的功绩转记予司马懿，曹真的实力被大大弱化，面对诸葛亮屡战屡败，最后更在征蜀失败后因为诸葛亮的信活活气死。不过，曹真在演义中也有当诸葛亮以离间计制造司马懿谋叛消息时加以识破，以及卧病时主动将都督印让与司马懿的描述，仍表现出相当的才智与气量，在蜀将魏延的评价中，也是个“颇识兵法”的人物。,?-231,子丹,,,10015101,,,,魏,三星
100152,100152,20,2,1,4300,5600,7800,2800,1600,33,43,60,22,74,200200,0,0,0,0,0,0,0,0,0,0,0,0,0,0,0,0,0,0,2,2,0,0,0,0,0,0,0,0,"2,12",,满宠,,@【史】@魏国名将。最初在曹操手下任许县县令，掌管司法，以执法严格著称；转任汝南太守，开始参与军事，曾参与赤壁之战。后关羽围攻樊城，满宠协助曹仁守城，劝阻了弃城而逃的计划，成功坚持到援军到来。曹丕在位期间，满宠驻扎在新野，负责荆州侧的对吴作战。曹叡在位期间，满宠转任到扬州，接替曹休负责东侧对吴作战，屡有功劳。\n^【演】^在《三国演义》中，满宠的事迹与正史大体相当，为刘晔所荐，与吕虔投曹操，为军中从事。曹操与袁绍交战时，满宠协助夏侯惇镇守汝南，以防刘表。关羽围樊城，时大水至，满宠劝曹仁固守，以待援军，不可弃城而走。曹操采纳司马懿建议，令满宠为使节去游说东吴袭取关羽后方。周鲂定计赚曹休，满宠为前将军，属贾逵，后兵败。蜀汉第六次伐魏，孙吴亦分兵三路伐魏，满宠设计偷袭，火烧吴军粮草战具，大败之。,?-242,伯宁,,,10015201,,,,魏,三星
100153,100153,15,1,2,6000,6800,6300,4700,900,44,49,46,34,39,200186,0,0,0,0,0,0,0,0,0,0,0,0,0,0,0,0,0,0,2,2,0,0,0,0,0,0,0,0,"1,21",,曹叡,,@【史】@曹魏第二代皇帝。曹丕和甄皇后之子。在位期间指挥曹真、司马懿等人成功防御了吴、蜀的多次攻伐，并且平定鲜卑，攻灭公孙渊，颇有建树。然而统治后期，大兴土木，耽于享乐。\n^【演】^在《三国演义》中，曹叡的生平基本与正史相符。,204-239,元仲,,,10015301,,,,魏,三星
100154,100154,25,2,3,6900,7600,9300,5100,1000,57,63,77,43,50,200236,0,0,0,0,0,0,0,0,0,0,0,0,0,0,0,0,0,0,2,2,0,0,0,0,0,0,0,0,"2,22",,钟会,,@【史】@魏晋时期重要的策臣与谋士、制定伐蜀计划并参与灭蜀之战的智将。自幼才华横溢，上至皇帝、下至群臣都对他非常赏识。在征讨毌丘俭、诸葛诞期间，钟会屡出奇谋。被人比作西汉谋士张良，又曾为司马昭献策阻止了曹髦的夺权企图，钟会得以成为司马氏的亲信。\n景元年间，钟会独力支持司马昭的伐蜀计划，从而发动伐蜀之战。灭蜀后，钟会大力结交西蜀名士，打击邓艾等人，打算自立政权，但由于手下官兵不支持钟会的行动而发动兵变，钟会与姜维等人皆死于兵乱之中。\n^【演】^在《三国演义》中，钟会少有异才，受众人赏识，夏侯霸降蜀后预言其终究成为吴蜀之大患。毌丘俭叛乱后，钟会说服司马师亲征。司马师病死后，钟会又帮助司马昭保住兵权。诸葛诞叛乱期间，钟会多次献策助司马昭平叛。\n伐蜀期间，钟会为严军法，处死名将许禇的儿子许仪，又攻下阳安关，因为在阳安城中受诸葛亮托梦，于是对百姓秋毫无犯，但在追击姜维时与邓艾交恶。灭蜀后，钟会打压邓艾，又准备与姜维策划谋反，但事情败露，被士兵乱箭射死。,225-264,士季,,,10015401,,,,魏,三星
100155,100155,10,3,1,5700,5500,6300,6000,300,39,38,43,41,13,200160,0,0,0,0,0,0,0,0,0,0,0,0,0,0,0,0,0,0,2,1,0,0,0,1,0,0,0,0,3,,精兵,,魏军精锐骑兵。,?,,,,10015501,,,,魏,二星
100156,100156,25,1,3,8200,7600,7300,4600,1100,99,91,79,50,79,200656,0,0,0,0,0,0,0,110110,0,0,0,0,0,0,0,0,0,0,4,3,0,0,0,1,0,0,0,0,"1,11,21",,韩当,,@【史】@吴国将领。韩当因为长于弓箭、骑术并且膂力过人。历仕孙坚、孙策、孙权三代，随从其征伐四方，功勋卓著，对江东基业的逐渐稳固和吴国的建立有着重要影响。官至昭武将军、冠军太守，加都督称号，封爵石城侯。被陈寿盛赞为“江表之虎臣”。\n^【演】^在《三国演义》中，韩当的生平与正史相似，是东吴的开国老将，随孙坚攻打刘表时三十回合斩张虎。孙坚攻襄阳之时韩当劝其班师，孙坚不听，导致大败并且丢掉性命。后从孙策平定江东。扶佐孙权。赤壁之战，韩当为前部先锋，三江口之战，韩当大破蔡瑁，后斩焦触，与周泰合力败文聘，大战中又救黄盖。\n濡须口之战，韩当与周泰合力三十回合战平许褚。后随吕蒙奇袭荆州与蒋钦、周泰、丁奉、徐盛以伏兵之策战败关羽。夷陵之战，韩当为正将与陆逊、朱然等拒刘备。,?-226,义公,,,10015601,6,,,吴,四星
100157,100157,30,1,3,9600,7500,7100,4700,1100,126,98,74,62,78,200624,0,0,0,0,0,0,0,110095,0,0,0,0,0,0,0,0,0,0,4,3,0,0,0,1,0,0,0,0,"1,21,12",,甘宁,,@【史】@吴国猛将。性格粗暴，年轻时经常为非作歹，行为举止旁若无人。后来熟读诸子而被感化，投靠刘表和黄祖，但均未被重用。于是甘宁率部众投奔孙权，破黄祖据楚关，攻曹仁取夷陵，镇益阳拒关羽，守西陵获朱光，率骑袭曹营，战功赫赫。孙权曾说：“孟德有张辽，孤有甘兴霸，足相敌也。”他为人仗义疏财，深得士卒拥戴，被陈寿盛赞为“江表之虎臣”。\n^【演】^在《三国演义》中，描写的甘宁事迹与史书记载基本相同。小说中甘宁参与了夷陵之战，被蜀国蛮将沙摩柯一箭射中额头，此后逃到一棵大树下坐着死去。,?-220,兴霸,,,10015701,1,,,吴,四星
100158,100158,25,2,2,8000,8900,6500,2100,1700,66,74,54,18,85,200178,0,0,0,0,0,0,0,0,0,0,0,0,0,0,0,0,0,0,4,2,0,0,0,1,0,0,0,0,"2,12",,黄盖,,@【史】@孙吴名将。历仕孙坚、孙策、孙权三任君主。为人严肃，善于训练士卒，每每征讨，他的部队皆勇猛善战。赤壁之战时，黄盖前往曹营诈降，并趁机以火攻大破曹操的军队，是赤壁之战主要功臣之一。\n^【演】^在《三国演义》中，黄盖以铁鞭为兵器。曹操军来犯之际，黄盖向周瑜提议火攻破敌，周瑜要他行苦肉计，黄盖一口答应。黄盖故意提出投降曹操，周瑜假意下令斩首，后改为杖打五十，打得皮开肉绽。黄盖向曹操献降书，曹操起初识破诈降，但有两细作回报黄盖遭刑的事，曹操才相信。但苦肉计并无正史记载，赤壁之战时候黄盖只是“建策火攻”而已。,?,公覆,,,10015801,,,,吴,三星
100159,100159,20,1,3,8200,6700,7400,4200,1100,110,67,57,42,59,200641,0,0,0,0,0,0,0,110111,0,0,0,0,0,0,0,0,0,0,4,3,0,0,0,1,0,0,0,0,"1,11,21",,蒋钦,,@【史】@汉末东吴名将，其人贵守约，性豁达。早年随孙策平定丹阳、吴郡、会稽和豫章四郡。平盗贼，迁西部都尉。讨会稽贼吕合、秦狼等，徙讨越中郎将。又与贺齐并力讨平黟贼。从征合肥，因功迁荡寇将军，被陈寿盛赞为“江表之虎臣”。孙权讨伐关羽时，蒋钦率领水军入沔水。回军途中病逝。\n^【演】^在《三国演义》中，蒋钦是擅长弓术的将领。与周泰原为江贼，孙策下江东自立门户时，和周泰一起率众投靠。孙策攻刘繇，并引出城中麾下的陈横、薛礼、张英三名将领，陈横被蒋钦一箭射死。曾在赤壁之战与周泰，还有擅使长枪的韩当率领水军在三江口踏江破敌。南郡之战请命攻曹仁，但却被曹仁和牛金击退，周瑜打算怒斩蒋钦，众将求情劝免，其后故事与《三国志》基本相同。,?-220,公奕,,,10015901,1,,,吴,四星
100160,100160,20,2,2,5400,6600,7500,3100,1600,42,51,57,24,74,200202,0,0,0,0,0,0,0,0,0,0,0,0,0,0,0,0,0,0,4,2,0,0,0,0,0,0,0,0,"2,22",,张纮,,@【史】@东汉末年文学家、谋士，和张昭一起合称“二张”。孙策平定江东时亲自登门邀请，张纮遂出仕为官。后来，张纮被派遣至许都，任命侍御史。但孙权继位时张纮又返回了江东，任长史之职。张纮后来建议孙权迁都秣陵，孙权正在准备时张纮病逝，其年六十岁。孙权为之流涕。\n^【演】^在《三国演义》中，张纮生平与正史大体相当。孙策征讨江东，亲顾张纮家中，请出为自己划谋。江东平定后，张纮奉命去许都上表。恰逢孙策死去，张纮说以利害，劝曹操不要加兵江南。曹操平定荆州，赤壁鏖兵，张纮等文官主张降曹。后来谏孙权迁都秣陵，不久病故。孙权听从了他的建议，把都城迁到秣陵。,153-212,子纲,,,10016001,,,,吴,三星
100161,100161,15,1,2,3800,5800,8800,3200,1100,28,42,64,24,48,200121,0,0,0,0,0,0,0,0,0,0,0,0,0,0,0,0,0,0,4,2,0,0,0,0,0,0,0,0,"1,21",,张昭,,@【史】@少时好学，博览群书。二十岁时拒绝应试孝廉而与名士王朗等人讨论时事，深受陈琳赏识。东汉末年张昭避乱扬州。孙策举事时，张昭出任长史、抚军中郎将。孙策器重张昭，有关文武之事均由张昭办理。 孙策死时将孙权托付给张昭，张昭则尽力辅佐孙权，迅速稳定了民心士气。\n张昭敢于直言谏议，曾因违背孙权意愿而一度不让他朝见。孙权称帝之后，张昭因年老多病而辞官，著有《春秋左氏传》解和《论语》注。嘉禾五年，张昭去世。孙权素服吊唁并赠谥号文侯。 \n^【演】^在《三国演义》中，张昭好学善书，是当时的著名人物，于汉末避乱江东。孙策在江东创业时，辟张昭为长史，以管仲视之。孙策临终时，将孙权托付于张昭、周瑜，遗言“内事托子布，外事全赖公瑾”。张昭性格严肃，对孙权多有直谏。赤壁之战之际，张昭主降，孙权深感失望。孙权称帝后，张昭被封为娄侯，数年后病逝。,156-236,子布,,,10016101,,,,吴,三星
100162,100162,25,3,2,8200,8900,7700,8000,700,99,118,74,86,46,200626,0,0,0,0,0,0,0,110096,0,0,0,0,0,0,0,0,0,0,4,3,0,0,0,1,0,0,0,0,"3,13,23",,程普,,@【史】@历仕孙坚、孙策、孙权三任君主。是吴国最年长的将军，人们都敬称其为“程公”。他曾跟随孙坚讨伐过黄巾、董卓，又助孙策平定江东。孙策死后，他与张昭等人共同辅佐孙权，并讨伐江东境内的山贼，功勋卓著。\n^【演】^在《三国演义》中，使用武器为铁脊蛇矛，为孙坚最早的部下。斩华雄手下胡轸，也是为孙坚提出计谋的将领。孙坚发现玉玺后，提议孙坚回家的计策。当孙坚和袁绍对立时，与黄盖，韩当一起和袁绍手下大将颜良、文丑对峙 。,?-210,德谋,,,10016201,6,,,吴,四星
100163,100163,20,1,2,5100,6700,9100,4800,1100,45,75,133,54,66,200617,0,0,0,0,0,0,0,310030,0,0,0,0,0,0,0,0,0,0,4,3,0,0,0,1,0,0,0,0,"1,11,21",,鲁肃,,@【史】@东吴名臣。曾为其提出鼎足江东的战略规划，因此得到孙权的赏识。建安十三年，曹操率大军南下。孙权部下多主降，而鲁肃与周瑜力排众议，坚决主战。结果，孙、刘联军大败曹军于赤壁，从此，奠定了三国鼎立格局。\n^【演】^在《三国演义》中，鲁肃是以一个老实人的形象出现，孙权继位后为周瑜推荐，仕于孙权，为孙权谋划战略，深受器重。赤壁之战时，鲁肃力主抗曹，出使联合刘备，并协助诸葛亮、周瑜说服孙权。鲁肃为人忠厚老实，不忍周瑜陷害诸葛亮，多次协助诸葛亮脱险。赤壁战后，鲁肃在诸葛亮的设计下，成为保人，将荆州“借”予刘备，此后多次讨要不成，处于两难的境地。周瑜去世后，鲁肃代周瑜成为水军都督。,172-217,子敬,,,10016301,6,,,吴,四星
100164,100164,15,1,3,5500,6300,8200,3500,1000,40,46,60,26,44,200134,0,0,0,0,0,0,0,0,0,0,0,0,0,0,0,0,0,0,4,2,0,0,0,0,0,0,0,0,"1,11",,诸葛瑾,,@【史】@三国时期吴国重臣，诸葛亮之兄，诸葛恪之父。经弘咨推荐，为东吴效力。胸怀宽广，温厚诚信，得到孙权的深深信赖，称为“神交”，并努力缓和蜀汉与东吴的关系。建安二十五年（220年）吕蒙病逝，诸葛瑾代吕蒙领南郡太守，驻守公安。孙权称帝后，诸葛瑾官至大将军，领豫州牧。\n^【演】^在《三国演义》中，诸葛瑾经鲁肃推荐，为东吴效力。胸怀宽广，温厚诚信，得到孙权的深深信赖，努力缓和蜀汉与东吴的关系，曾于刘备伐吴之际出使求和，但未成功。,174-241,子瑜,,,10016401,,,,吴,三星
100165,100165,25,2,2,8000,7600,7700,2200,1700,66,63,64,19,85,200180,0,0,0,0,0,0,0,0,0,0,0,0,0,0,0,0,0,0,4,2,0,0,0,0,0,0,0,0,"2,12",,丁奉,,@【史】@吴国重要将领。年少时以骁勇为小将，经常奋勇破敌，屡立功勋。在东兴之战中“雪中奋短兵”，大破进犯东吴的魏军。丁奉一生征战，与北方政权从曹操时代打到司马炎时代，侍奉了孙权到孙皓四位吴国君主，见证了三国的盛衰兴亡。\n^【演】^在《三国演义》中的丁奉事迹较史书记载简略，主要描述了他在东兴之战中“雪中奋短兵”的事迹以及诛灭孙綝时的表现。同时还增加了曹丕伐吴，张辽保护曹丕撤退时，丁奉用箭射中了张辽腰部，使张辽回营后旧伤迸发、不治而亡的情节。,？-271,承渊,,,10016501,,,,吴,三星
100166,100166,25,3,1,8800,8300,3400,9900,300,73,69,29,82,15,200182,0,0,0,0,0,0,0,0,0,0,0,0,0,0,0,0,0,0,4,2,0,0,0,0,0,0,0,0,"3,23",,吕蒙,,@【史】@孙吴重臣。早年果敢有胆，后折节读书，识见精博，终成大将，有“士别三日，刮目相待”之语。少年时依附姊夫邓当，随孙策为将。孙权统事后，渐受重用。破黄祖作先登，封横野中郎将。围曹仁于南郡，破朱光于皖城，累功拜庐江太守。后进占荆南三郡，计擒郝普，在逍遥津之战中奋勇抵抗张辽军追袭，并于濡须数御魏军，以功除左护军、虎威将军。鲁肃去世后，代守陆口，设计袭取荆州，击败蜀汉名将关羽，使东吴国土面积大增。\n^【演】^在《三国演义》中，吕蒙和正史的形象大体相当。但小说中则将夺荆州的功劳归于陆逊。吕蒙听说荆州早有防备，害怕无法实现目标因此称病躲避主公。直到孙权派来的陆逊来献出白衣渡江之计。历史上这则是吕蒙和孙权的计谋。第七十七回《玉泉山关公显圣》吕蒙的死法也较为荒诞，竟被关羽魂魄索命而死。另外，小说中未有提及吕蒙年轻时奋进及其由武转文的学习经历。,179-220,子明,,,10016601,,,,吴,三星
100167,100167,10,1,4,5400,3200,5000,3500,1500,37,22,34,24,61,200170,0,0,0,0,0,0,0,0,0,0,0,0,0,0,0,0,0,0,4,1,0,0,0,1,0,0,0,0,1,,精兵,,吴军精锐弓兵。,?,,,,10016701,,,,吴,二星
100168,100168,20,3,1,2600,3600,2800,8100,200,17,24,19,53,8,200145,0,0,0,0,0,0,0,0,0,0,0,0,0,0,0,0,0,0,1,1,0,0,0,0,0,0,0,0,3,,张让,,@【史】@东汉宦官，颍川（今河南禹县）人。桓帝、灵帝时，历为小黄门、中常侍等职，封列侯。在职时以搜刮暴敛、骄纵贪婪见称，灵帝极为宠信，常谓“张常侍是我父”。中平六年（189年），何进谋诛宦官，事泄，他和其余几个常侍设计害死何进。袁绍、袁术等人闻何进被害，入宫诛灭宦官，张让走投无路，投水自尽。\n^【演】^张让、赵忠、夏恽、郭胜、孙璋、毕岚、栗嵩、段珪、高望、张恭、韩悝、宋典等十二个宦官朋比为奸，号为“十常侍”。,?-189,,,,10016801,,,,汉,二星
100169,100169,15,3,1,4200,3600,2900,7800,600,26,23,18,48,23,200160,0,0,0,0,0,0,0,0,0,0,0,0,0,0,0,0,0,0,1,1,0,0,0,0,0,0,0,0,3,,赵忠,,@【史】@东汉末年宦官，赵延之兄。桓帝、灵帝时，历为小黄门、中常侍、大长秋、车骑将军等职，封都乡侯。在职时以搜刮暴敛、骄纵贪婪见称，灵帝极为宠信，常谓“赵常侍是我母”。中平六年（189年），何进谋诛宦官，事泄，他和其余几个常侍设计害死何进，袁绍、袁术等人闻何进被害，入宫诛灭宦官，后诛灭赵忠。\n^【演】^张让、赵忠、夏恽、郭胜、孙璋、毕岚、栗嵩、段珪、高望、张恭、韩悝、宋典等十二个宦官朋比为奸，号为“十常侍”。,?-189,,,,10016901,,,,汉,二星
100170,100170,15,2,1,4200,3300,4600,2300,1600,26,21,29,15,59,200170,0,0,0,0,0,0,0,0,0,0,0,0,0,0,0,0,0,0,1,1,0,0,0,0,0,0,0,0,2,,夏恽,,@【史】@东汉宦官。汉灵帝中平初为中常侍，宗亲依势横行于州郡。时中常侍吕强清忠奉公，为平息人民对朝廷不满情绪，建议汉灵帝先诛左右贪浊者、大赦党人。夏恽以吕强主张危及自身利益，遂与同僚赵忠等诬陷吕强与党人联合，诽谤朝廷。汉灵帝不察，致使吕强自戮，宗亲财产没入官府。\n^【演】^张让、赵忠、夏恽、郭胜、孙璋、毕岚、栗嵩、段珪、高望、张恭、韩悝、宋典等十二个宦官朋比为奸，号为“十常侍”。,?-189,,,,10017001,,,,汉,二星
100171,100171,15,2,2,4100,3900,4600,2700,1700,26,24,29,17,63,200155,0,0,0,0,0,0,0,0,0,0,0,0,0,0,0,0,0,0,1,1,0,0,0,0,0,0,0,0,2,,郭胜,,@【史】@东汉宦官，十常侍之一。十常侍朋比为奸，祸乱朝纲，制造出党锢之祸，后被袁绍所诛。\n^【演】^张让、赵忠、夏恽、郭胜、孙璋、毕岚、栗嵩、段珪、高望、张恭、韩悝、宋典等十二个宦官朋比为奸，号为“十常侍”。,?,,,,10017101,,,,汉,二星
100172,100172,15,1,3,2900,3700,2500,4000,1000,18,23,16,25,37,200145,0,0,0,0,0,0,0,0,0,0,0,0,0,0,0,0,0,0,1,1,0,0,0,0,0,0,0,0,1,,毕岚,,@【史】@东汉宦官，十常侍之一。十常侍朋比为奸，祸乱朝纲，制造出党锢之祸，后被袁绍所诛。另外，毕岚曾制造翻车，用于取河水洒路。\n^【演】^张让、赵忠、夏恽、郭胜、孙璋、毕岚、栗嵩、段珪、高望、张恭、韩悝、宋典等十二个宦官朋比为奸，号为“十常侍”。,?-189,,,,10017201,,,,汉,二星
100173,100173,15,1,3,4400,3600,4200,3300,1100,27,23,26,21,41,200160,0,0,0,0,0,0,0,0,0,0,0,0,0,0,0,0,0,0,1,1,0,0,0,0,0,0,0,0,1,,段珪,,@【史】@东汉宦官，“十常侍”之一。十常侍党同伐异，卖官鬻爵，后在“十常侍之乱”中被袁绍所诛。\n^【演】^张让、赵忠、夏恽、郭胜、孙璋、毕岚、栗嵩、段珪、高望、张恭、韩悝、宋典等十二个宦官朋比为奸，号为“十常侍”。,?-189,,,,10017301,,,,汉,二星
100174,100174,15,3,1,3800,3600,2800,7500,500,24,23,18,46,19,200170,0,0,0,0,0,0,0,0,0,0,0,0,0,0,0,0,0,0,1,1,0,0,0,0,0,0,0,0,3,,高望,,@【史】@东汉宦官，“十常侍”之一。十常侍党同伐异，卖官鬻爵，后在“十常侍之乱”中被袁绍所诛。\n^【演】^张让、赵忠、夏恽、郭胜、孙璋、毕岚、栗嵩、段珪、高望、张恭、韩悝、宋典等十二个宦官朋比为奸，号为“十常侍”。,?-189,,,,10017401,,,,汉,二星
100175,100175,15,2,2,4600,4700,4100,2900,1500,29,29,26,18,56,200155,0,0,0,0,0,0,0,0,0,0,0,0,0,0,0,0,0,0,1,1,0,0,0,0,0,0,0,0,2,,张恭,,@【史】@东汉宦官，“十常侍”之一，后被袁绍所诛。\n^【演】^张让、赵忠、夏恽、郭胜、孙璋、毕岚、栗嵩、段珪、高望、张恭、韩悝、宋典等十二个宦官朋比为奸，号为“十常侍”。,?-189,,,,10017501,,,,汉,二星
100176,100176,15,1,3,2900,3800,4200,4500,900,18,24,26,28,34,200145,0,0,0,0,0,0,0,0,0,0,0,0,0,0,0,0,0,0,1,1,0,0,0,0,0,0,0,0,1,,韩悝,,@【史】@东汉宦官，十常侍之一。十常侍朋比为奸，祸乱朝纲，制造出党锢之祸，后被袁绍所诛。\n^【演】^张让、赵忠、夏恽、郭胜、孙璋、毕岚、栗嵩、段珪、高望、张恭、韩悝、宋典等十二个宦官朋比为奸，号为“十常侍”。,?-189,,,,10017601,,,,汉,二星
100177,100177,15,2,1,3100,4500,3900,3100,1700,19,28,24,19,63,200160,0,0,0,0,0,0,0,0,0,0,0,0,0,0,0,0,0,0,1,1,0,0,0,0,0,0,0,0,2,,宋典,,@【史】@东汉宦官，十常侍之一。十常侍朋比为奸，祸乱朝纲，制造出党锢之祸，后被袁绍所诛。\n^【演】^张让、赵忠、夏恽、郭胜、孙璋、毕岚、栗嵩、段珪、高望、张恭、韩悝、宋典等十二个宦官朋比为奸，号为“十常侍”。,?-189,,,,10017701,,,,汉,二星
100178,100178,10,3,1,3100,3100,4000,7800,400,18,18,23,45,14,200175,0,0,0,0,0,0,0,0,0,0,0,0,0,0,0,0,0,0,1,0,0,0,0,1,0,0,0,0,3,,官兵,,汉军普通骑兵。,?,,,,10017801,,,,汉,一星
100179,100179,10,2,2,3700,4100,4000,3200,1600,22,24,23,19,55,200176,0,0,0,0,0,0,0,0,0,0,0,0,0,0,0,0,0,0,1,0,0,0,0,1,0,0,0,0,2,,官兵,,汉军普通步兵。,?,,,,10017901,,,,汉,一星
100180,100180,10,1,4,2700,2500,3300,4800,900,16,15,19,28,31,200177,0,0,0,0,0,0,0,0,0,0,0,0,0,0,0,0,0,0,1,0,0,0,0,1,0,0,0,0,1,,官兵,,汉军普通弓兵。,?,,,,10018001,,,,汉,一星
100181,100181,20,2,1,6200,5900,5400,2800,1600,52,50,45,24,80,200140,0,0,0,0,0,0,0,0,0,0,0,0,0,0,0,0,0,0,5,1,0,0,0,0,0,0,0,0,2,,程远志,,^【演】^黄巾军将领，于三国演义第一回登场，统兵五万进犯涿郡。幽州刺史刘焉令校尉邹靖引刘备、关羽、张飞三人，统兵五百，前去破敌。在大兴山下，两军交战，程远志被关羽一刀挥为两段，余众溃散。,?-184,,,,10018101,,,,群,二星
100182,100182,20,3,1,7300,6200,4200,8500,400,61,52,35,71,20,200145,0,0,0,0,0,0,0,0,0,0,0,0,0,0,0,0,0,0,5,1,0,0,0,0,0,0,0,0,3,,裴元绍,,^【演】^《三国演义》中的虚构人物。原黄巾军之武将。黄巾起义失败后，与周仓一同率领残部当了山贼。在关羽过五关时，与周仓一同希望成为关羽的部下，后被留守山中。不久后，因其欲夺偶然路过的赵云之马，反遭讨伐战败身死。,?-200,,,,10018201,,,,群,二星
100183,100183,15,1,2,5400,6500,3800,4900,1000,43,51,30,39,47,200150,0,0,0,0,0,0,0,0,0,0,0,0,0,0,0,0,0,0,5,1,0,0,0,0,0,0,0,0,1,,马元义,,@【史】@东汉末年黄巾起义的组织者之一，是黄巾大方首领。光和六年（183年），马元义奉张角之命，筹划起事的准备工作。马元义聚集荆州、扬州信徒数万人约定于邺城相会，并收买中常侍封谞、徐奉等为内应，准备于次年（甲子年）三月初五（甲子日）内外同时起事。由于张角弟子济南人唐周的告密，马元义于于中平元年（184年）正月在河内郡山阳县被捕。由于马元义被害，迫使张角提前于二月起兵发动起义。\n^【演】^张角派马元义暗中收买中常侍封谞作为内应。张角将要起义时，由于其弟子唐周的告密。使得灵帝召大将军何进调兵诛马元义。,?-184,,,,10018301,,,,群,二星
100184,100184,35,3,3,8500,6600,4500,8500,400,97,76,52,97,28,200128,0,0,0,0,0,0,0,0,0,0,0,0,0,0,0,0,0,0,5,2,0,0,0,0,0,0,0,0,"3,13",,李傕＆郭汜,,@【史】@二人原为董卓部下。董卓被诛后，二人归无所依，于是采用贾诩之谋，联兵将攻向长安，击败吕布，斩王允等人，占领长安，把持朝廷大权。\n^【演】^在《三国演义》中，二人生平与正史大体相同。而李傕则是董卓手下排名第一的凉州系心腹大将，统领董卓的西凉精锐部队“飞熊军”。,?,,,,"10018401,10018402",,,,群,三星
100185,100185,15,1,2,4800,3400,7300,4500,1200,38,27,57,36,57,200160,0,0,0,0,0,0,0,0,0,0,0,0,0,0,0,0,0,0,5,1,0,0,0,0,0,0,0,0,1,,许攸,,@【史】@本为袁绍帐下谋士，官渡之战时其家人因犯法而被收捕，许攸因此背袁投曹，并为曹操设下偷袭袁绍军屯粮之所乌巢的计策，袁绍因此而大败于官渡。后许攸随曹操平定冀州，因自恃其功而屡屡口出狂言，终因触怒曹操而被害。\n^【演】^在《三国演义》中，许攸年轻时与曹操相友善，后来成为袁绍的谋士，多次为袁绍出谋划策，力主攻打曹操都城许昌。官渡之战之际，许攸因家人犯法被收治而投奔曹操，提供了重要情报，建议曹操偷袭乌巢，结果大获全胜。官渡之战后，许攸跟随曹操到达邺城，口出狂言，辱骂曹操，轻视曹军将士，被许褚一怒之下所斩，曹操见后深责许褚，下令厚葬许攸。,?-204,子远,,,10018501,,,,群,二星
100186,100186,15,1,4,3100,3500,7600,5100,1200,26,29,63,43,60,200227,0,0,0,0,0,0,0,0,0,0,0,0,0,0,0,0,0,0,5,2,0,0,0,0,0,0,0,0,"1,11",,审配,,@【史】@袁绍的军师，为人正直，被委以腹心之任。河北平定，袁绍以审配、逢纪统军事，审配恃其强盛，力主与曹操决战。曾率领弓弩手大破曹军于官渡。后官渡战败，审配二子被俘，反因此受谮见疑，幸得逢纪力保。袁绍病死后，审配等矫诏立袁尚为嗣，导致兄弟相争，被曹操各个击破。曹操围邺，审配死守数月，终城破被擒，拒不投降，慷慨受死。\n^【演】^在《三国演义》中，审配生平与正史基本一致。,?-204,正南,,,10018601,,,,群,三星
100187,100187,20,2,1,5600,3500,6800,3200,1800,47,30,57,27,90,200156,0,0,0,0,0,0,0,0,0,0,0,0,0,0,0,0,0,0,5,1,0,0,0,0,0,0,0,0,2,,陈琳,,@【史】@建安七子之一。先后效力于何进和袁绍。效力袁绍时，陈琳曾作檄以告刘备，言曹操为人没有德行，不堪依附，宜归于袁绍。袁氏败亡后，陈琳为曹军俘获。曹操爱其才而不咎，将其招入账下。\n^【演】^在《三国演义》中，袁绍伐许都，要向曹操宣战，便使陈琳作檄天下，以声讨曹操之大罪；曹操当时正苦于头风，病发在床，因卧读陈琳檄文，竟惊出一身冷汗，翕然而起，头风顿愈。袁氏败亡后，陈琳被擒见曹操；曹操责其作檄文时辱及父祖，陈琳因以谢罪，众请曹操诛之，然而曹操爱怜其才，赦之不咎，命为从事。,?-217,孔璋,,,10018701,,,,群,二星
100188,100188,15,1,4,3100,5100,6600,4400,900,25,40,52,35,43,200161,0,0,0,0,0,0,0,0,0,0,0,0,0,0,0,0,0,0,5,1,0,0,0,0,0,0,0,0,1,,郭图,,@【史】@袁绍帐下谋士。官渡之战时力主趁机偷袭曹营，在此计失败后为免于责罚而归罪于率军偷袭曹营的张郃、高览，致使二人背袁投曹。袁绍死后为其长子袁谭效力，后和袁谭一同被曹操所害。\n^【演】^在《三国演义》中，郭图生平与正史大体相当。,?-205,公则,,,10018801,,,,群,二星
100189,100189,15,3,1,2700,4200,4400,8600,400,20,31,33,64,18,200175,0,0,0,0,0,0,0,0,0,0,0,0,0,0,0,0,0,0,5,0,0,0,0,1,0,0,0,0,3,,军士,,群雄阵营普通骑兵。,?,,,,10018901,,,,群,一星
100190,100190,15,2,1,3200,3700,4000,2300,1600,24,28,30,17,71,200176,0,0,0,0,0,0,0,0,0,0,0,0,0,0,0,0,0,0,5,0,0,0,0,1,0,0,0,0,2,,军士,,群雄阵营普通步兵。,?,,,,10019001,,,,群,一星
100191,100191,15,1,4,3700,3500,4400,5000,1100,28,26,33,37,49,200177,0,0,0,0,0,0,0,0,0,0,0,0,0,0,0,0,0,0,5,0,0,0,0,1,0,0,0,0,1,,军士,,群雄阵营普通弓兵。,?,,,,10019101,,,,群,一星
100192,100192,15,3,1,5100,3000,5800,8300,200,40,24,46,65,10,200175,0,0,0,0,0,0,0,0,0,0,0,0,0,0,0,0,0,0,5,1,0,0,0,0,0,0,0,0,3,,黄巾精兵,,黄巾军中少见的精锐骑兵。,?,,,,10019201,,,,群,二星
100193,100193,15,3,1,3600,3300,2700,8800,300,27,25,20,65,14,200175,0,0,0,0,0,0,0,0,0,0,0,0,0,0,0,0,0,0,5,0,0,0,0,0,0,0,0,0,3,,黄巾军,,黄巾军普通骑兵。,?,,,,10019301,,,,群,一星
100194,100194,15,2,1,4300,3300,4700,2100,1500,32,25,35,16,67,200176,0,0,0,0,0,0,0,0,0,0,0,0,0,0,0,0,0,0,5,0,0,0,0,0,0,0,0,0,2,,黄巾军,,黄巾军普通步兵。,?,,,,10019401,,,,群,一星
100195,100195,15,1,3,3600,3000,2600,4200,900,27,23,20,31,40,200177,0,0,0,0,0,0,0,0,0,0,0,0,0,0,0,0,0,0,5,0,0,0,0,0,0,0,0,0,1,,黄巾军,,黄巾军普通弓兵。,?,,,,10019501,,,,群,一星
100196,100196,15,3,1,5800,3400,3900,8000,500,46,27,31,63,24,200175,0,0,0,0,0,0,0,0,0,0,0,0,0,0,0,0,0,0,5,1,0,0,0,0,0,0,0,0,3,,西凉军,,西凉军骑兵，比一般的骑兵更擅长马上作战。,?,,,,10019601,,,,群,二星
100197,100197,15,2,1,6100,3800,3800,3300,1600,48,30,30,26,76,200177,0,0,0,0,0,0,0,0,0,0,0,0,0,0,0,0,0,0,5,1,0,0,0,0,0,0,0,0,2,,西凉军,,西凉军普通步兵。,?,,,,10019701,,,,群,二星
100198,100198,20,2,1,3900,6100,6800,2900,1600,29,45,50,21,70,200171,0,0,0,0,0,0,0,0,0,0,0,0,0,0,0,0,0,0,3,1,0,0,0,0,0,0,0,0,2,,麋竺,,@【史】@麋竺原为徐州富商，后被徐州牧陶谦辟为别驾从事。陶谦病死后，奉其遗命迎接刘备。与其弟麋芳拒绝曹操的任命而跟随刘备，在刘备最潦倒之时给予刘备很大的帮助，使他重新振作。刘备入主益州后，拜麋竺为安汉将军，地位在诸葛亮之上，为刘备手下众臣之最。吕蒙袭取荆州，麋芳举城投降，导致关羽兵败身亡，麋竺面缚请罪，刘备劝慰麋竺，对他待遇如初，但不久后即因惭恨病死。\n^【演】^在《三国演义》中写作“糜竺”，事迹基本与正史相符。,?-220,子仲,,,10019801,,,,蜀,二星
100199,100199,15,1,2,5900,3900,6600,4100,1100,41,27,45,28,45,200163,0,0,0,0,0,0,0,0,0,0,0,0,0,0,0,0,0,0,3,1,0,0,0,0,0,0,0,0,1,,伊籍,,@【史】@三国时期蜀汉官员。年少时依附于同乡刘表。刘备落难到荆州时，伊籍时常拜访，托请刘备照顾。建安十三年（208年），刘表病死，伊籍便转投刘备，一起渡江南下。建安十六年（211年），刘备入蜀帮助刘璋，伊籍亦有跟随。随后刘备和刘璋双方决裂。建安十九年（214年），刘备平定益州，任命伊籍为左将军从事中郎，其待遇次于简雍、孙乾等。后升任昭文将军，并与诸葛亮、法正、刘巴、李严共同编制《蜀科》。\n^【演】^在《三国演义》中，伊籍是刘备的救命恩人。当刘备陷入危难之中时，是他通风报信，数次助刘备脱险。,?,机伯,,,10019901,,,,蜀,二星
100200,100200,20,2,2,5200,5000,8100,2300,1700,38,37,59,17,74,200161,0,0,0,0,0,0,0,0,0,0,0,0,0,0,0,0,0,0,3,1,0,0,0,0,0,0,0,0,2,,孙乾,,@【史】@东汉末年刘备的幕僚。最初被大儒郑玄推荐于州里。刘备领徐州，以孙乾为从事。自徐州跟随刘备，多次作为刘备的使臣。刘备定益州后，拜孙乾为秉忠将军，其待遇仅次于麋竺，与简雍相同。不久便病逝。\n^【演】^在《三国演义》中，陶谦临死前推荐孙乾辅佐刘备。孙乾身为谋士，随刘备转战天下。刘备败投刘表时，以孙乾为使者。其待遇仅次于麋竺。,?-215,公祐,,,10020001,,,,蜀,二星
100201,100201,20,3,1,3400,5200,6900,8300,500,27,40,53,64,23,200205,0,0,0,0,0,0,0,0,0,0,0,0,0,0,0,0,0,0,3,2,0,0,0,0,0,0,0,0,"3,23",,张松,,@【史】@建安十三年（208年），为益州牧刘璋别驾从事，被派遣至曹操处而不为其所存录，因而怀怨恨。回蜀后，劝刘璋与曹操断绝关系，并说璋连好刘备；其后，又说璋迎备以击张鲁，皆为璋所采纳。建安十七年（212年），暗助刘备，为其兄张肃所告发，刘璋怒而斩之。\n^【演】^在《三国演义》中，张松长得额䦆头尖，鼻偃齿露，身短不满五尺，言语有若铜钟，但很有才干，可过目不忘。张松奉命出使许都，结果不被曹操礼遇，言语顶撞曹操，被乱棍打出。张松归蜀时途经荆州，为刘备所厚待，于是将西川地理图献予刘备，劝刘备取益州，愿为内应，并派好友孟达、法正帮助刘备。后来，刘备入蜀后假意归还，张松信以为真，写信劝阻，被兄长张肃发现，被告发，全家被害。,?-212,子乔,,,10020101,,,,蜀,三星
100202,100202,20,1,4,7200,8300,7200,5600,1100,72,112,72,50,59,200627,0,0,0,0,0,0,0,0,0,0,0,0,0,0,0,0,0,0,3,3,0,0,0,0,0,0,0,0,"1,11,21",,王平,,@【史】@曾为外祖父所养而改姓，后复姓王。王平最初投奔曹操，在汉中之战时投降于刘备。诸葛亮第一次北伐时，王平随马谡防守街亭，因其卓越的见识和在撤退时的出色表现被诸葛亮赏识，得到破格提升。之后，王平在第四次北伐时成功防守住了魏将张郃的进攻，在诸葛亮去世后帮助众人平定了魏延之乱。蒋琬执政初期，王平协助吴懿防守汉中，吴懿死后接替其任务，升为镇北大将军，统领汉中，后成功防御了魏将曹爽十万大军的伐蜀之举。\n^【演】^在《三国演义》中，王平初为曹操的牙门将军，因通晓汉中地理，在汉中之战时被任命为徐晃的副将，因徐晃不听王平劝谏而兵败，发生争执欲斩王平，他便降于刘备。后来，王平跟随诸葛亮南征、北伐，多次受命执行任务，表现十分活跃。街亭之战曾劝马谡从诸葛亮之言立寨于大道但不为所纳，结果马谡大败。诸葛亮曾感叹他“肯亲冒矢石，真忠臣也！”诸葛亮去世后，王平在蒋琬的推荐下，与张嶷到永安防守吴国。,?-248,子均,,,10020201,3,,,蜀,四星
100203,100203,20,3,1,7100,6700,5900,8200,200,52,49,43,60,9,200187,0,0,0,0,0,0,0,0,0,0,0,0,0,0,0,0,0,0,3,1,0,0,0,0,0,0,0,0,3,,吴懿,,@【史】@三国时期蜀汉将领，蜀汉穆皇后吴氏兄长。随刘焉入蜀，刘璋时任中郎将。刘备进攻刘璋，吴懿归降刘备，历任讨逆将军、护军、关中都督。后随蜀汉丞相诸葛亮北伐曹魏，并与魏延在阳溪大破魏将郭淮、费曜，升任左将军，进封高阳乡侯。诸葛亮逝世后，任汉中都督，升任车骑将军、雍州刺史、假节，又进封济阳侯。237年（建兴十五年）去世。吴懿为人高亢强劲，又因其妹的身份，是当时蜀汉的重要将领。\n^【演】^在《三国演义》中，吴懿初为益州牧刘璋的部将，刘备进攻益州时，泠苞在雒城大败，吴懿自告奋勇，领兵前往救援。不料被赵云和张飞生擒，吴懿于是归降。刘备自称汉中王，迎娶吴懿之妹。诸葛亮出师北伐，吴懿以左将军、高阳侯的身份跟随出征，屡立战功。诸葛亮逝世后，吴懿随姜维一并镇守汉中。,?-237,子远,,,10020301,,,,蜀,二星
100204,100204,40,1,4,6100,6800,8300,4500,1100,66,74,90,49,72,200117,0,0,0,0,0,0,0,0,0,0,0,0,0,0,0,0,0,0,3,2,0,0,0,0,0,0,0,0,"1,21",,陈珪＆陈登,,@【史】@父子二人皆为徐州名士。父子二人对吕布为人深恶痛绝，并设法解除了吕布与淮南袁术之间的联姻，削弱了吕布的力量。随后，陈登出使许都，向曹操献册破吕布，深得曹操嘉许。\n^【演】^在《三国演义》中，二人事迹基本与正史相同。吕布欲与袁术联姻，他竭力劝阻。曹操赠陈珪秩中二千石，拜陈登为广陵太守，嘱其父子为内应，以图吕布。,?,,,,"10020401,10020402",,,,蜀,三星
100205,100205,15,3,1,4800,2800,3400,8500,300,31,18,22,55,12,200175,0,0,0,0,0,0,0,0,0,0,0,0,0,0,0,0,0,0,3,0,0,0,0,1,0,0,0,0,3,,军士,,蜀军普通骑兵。,?,,,,10020501,,,,蜀,一星
100206,100206,15,2,1,4600,4500,3100,3000,1600,30,29,20,20,62,200176,0,0,0,0,0,0,0,0,0,0,0,0,0,0,0,0,0,0,3,0,0,0,0,1,0,0,0,0,2,,军士,,蜀军普通步兵。,?,,,,10020601,,,,蜀,一星
100207,100207,15,1,3,4800,2800,2900,4000,900,31,18,19,26,35,200177,0,0,0,0,0,0,0,0,0,0,0,0,0,0,0,0,0,0,3,0,0,0,0,1,0,0,0,0,1,,军士,,蜀军普通弓兵。,?,,,,10020701,,,,蜀,一星
100208,100208,20,3,1,7000,6200,3200,8300,600,51,45,24,60,27,200165,0,0,0,0,0,0,0,0,0,0,0,0,0,0,0,0,0,0,2,1,0,0,0,0,0,0,0,0,3,,曹昂,,@【史】@曹操的长子。聪明且性情谦和，为曹操所喜爱，二十岁时即举孝廉。随曹操出征张绣时，因张绣突然袭击，曹昂为救曹操负责断后，与大将典韦一同战死于宛城。\n^【演】^在《三国演义》中，宛城之战，曹昂把自己的马让给曹操，曹操乘马脱险，而曹昂死于乱军之中。,?-197,子脩,,,10020801,,,,魏,二星
100209,100209,20,1,4,6500,7800,7800,6500,1000,50,60,60,50,46,200191,0,0,0,0,0,0,0,0,0,0,0,0,0,0,0,0,0,0,2,2,0,0,0,0,0,0,0,0,"1,11",,李典,,@【史】@曹操麾下将领。其人深明大义，不与人争功，崇尚学习与高贵儒雅，尊重博学之士，在军中被称为长者。李典向来与张辽、乐进不和，但在合肥之战时，他却不因私怨而耽误公事，听从张辽的指挥大败孙权。\n^【演】^在《三国演义》中，李典与乐进在第五回同时响应曹操的号召，前来投归。基本与史实相同，但在合肥之战与史实不相同。小说中则说曹操派人送“贼来乃发”四字的木匣助其三人大败孙权军。,?,曼成,,,10020901,,,,魏,三星
100210,100210,15,1,2,3200,4200,8300,4300,1100,22,29,57,30,45,200170,0,0,0,0,0,0,0,0,0,0,0,0,0,0,0,0,0,0,2,1,0,0,0,0,0,0,0,0,1,,曹植,,@【史】@曹操的三子。曹植很有才学，早年被曹操宠爱，几乎被立为太子，后失宠。魏文帝时，他受兄长曹丕的猜忌和迫害，屡遭贬爵和改换封地。曹植为建安文学中成就最高者，其诗以笔力雄健和词采画眉见长，留有集三十卷，已佚，今存《曹子建集》为宋人所编。\n^【演】^在《三国演义》中，曹操一度想立他为世子，但疑其乖巧，而不如曹丕心诚，最终听信贾诩的建议，立曹丕为嗣。曹操去世后，曹丕继位，以曹植不来奔丧为由问罪。曹丕发兵将曹植捉来，让其“七步成诗”，继而又让其立即成诗，曹植均能做到。之后，曹丕迫于太后的压力，放过曹植，对其只做贬爵处罚。,192-232,子建,,,10021001,,,,魏,二星
100211,100211,20,3,1,5700,5400,7700,8200,600,42,40,56,60,27,200188,0,0,0,0,0,0,0,0,0,0,0,0,0,0,0,0,0,0,2,1,0,0,0,0,0,0,0,0,3,,刘晔,,@【史】@光武帝刘秀之子刘延的后裔。刘晔年少知名，人称有佐世之才，是曹操手下举足轻重的谋士，他屡献妙计，对天下形势的发展往往一语中的。刘晔历仕数朝，是曹魏的三朝元老。\n^【演】^在《三国演义》中，刘晔生平与正史相差不大，经郭嘉推荐，为曹操效力。官渡之战时提出用发石车，击退了袁绍军来自营楼的攻击。曹氏三代元老，献过许多妙计。官拜魏太中大夫。,?-234,子扬,,,10021101,,,,魏,二星
100212,100212,20,1,2,4200,4800,7900,4600,1200,31,35,57,34,53,200146,0,0,0,0,0,0,0,0,0,0,0,0,0,0,0,0,0,0,2,1,0,0,0,0,0,0,0,0,1,,杨修,,@【史】@太尉杨彪之子，是我国古代伟大的文学家。杨修为人恭敬，学问渊博，极聪慧，建安年间（196—220）被推选为孝廉，不久改任郎中，后改任丞相府仓曹属主簿\n^【演】^在《三国演义》中，杨修是汉太尉杨彪之子。虽有才，但是被曹操疏远。一说因他是袁术之侄，又有一说是他曾给曹植出主意之故。数犯曹操之忌。后随操出兵汉中，时与刘备对峙中，修言口令“鸡肋”有退兵之意，被操以扰乱军心处斩。后曹操果败，得以厚葬。,175-219,德祖,,,10021201,,,,魏,二星
100213,100213,20,3,2,7900,5800,5400,5100,1100,57,42,40,37,48,200137,0,0,0,0,0,0,0,0,0,0,0,0,0,0,0,0,0,0,2,1,0,0,0,0,0,0,0,0,3,,曹休,,@【史】@三国曹魏将领，曹操族子。官至大司马，封长平侯。于曹操起兵讨伐董卓时前往投奔，曹操称赞其为“千里驹”。汉中之战中，识破张飞计谋，大败吴兰。曹魏建立后，镇守曹魏东线，多次击破吴军，诱降吴将。\n^【演】^在《三国演义》中，曹休于“曹操大宴铜雀台”之时率先登场，射箭夺袍。曹休随曹操四处征伐，在攻蜀汉中之战，伐吴濡须口之战均有登场，曾放冷箭射倒吴将凌统的马匹，后又协助夏侯惇平息洛阳纵火叛乱，总管御林兵马，协助曹丕代汉。,?-228,文烈,,,10021301,,,,魏,二星
100214,100214,15,3,1,3300,4800,2900,8500,500,22,31,19,55,20,200175,0,0,0,0,0,0,0,0,0,0,0,0,0,0,0,0,0,0,2,0,0,0,0,1,0,0,0,0,3,,军士,,魏军普通骑兵。,?,,,,10021401,,,,魏,一星
100215,100215,15,2,1,3600,3700,4000,2200,1800,24,24,26,15,70,200176,0,0,0,0,0,0,0,0,0,0,0,0,0,0,0,0,0,0,2,0,0,0,0,1,0,0,0,0,2,,军士,,魏军普通步兵。,?,,,,10021501,,,,魏,一星
100216,100216,15,1,3,4500,3600,4200,4600,900,29,24,27,30,35,200177,0,0,0,0,0,0,0,0,0,0,0,0,0,0,0,0,0,0,2,0,0,0,0,1,0,0,0,0,1,,军士,,魏军普通弓兵。,?,,,,10021601,,,,魏,一星
100217,100217,15,1,3,7000,6200,3600,4400,1000,51,45,26,32,44,200189,0,0,0,0,0,0,0,0,0,0,0,0,0,0,0,0,0,0,4,2,0,0,0,0,0,0,0,0,"1,11",,朱治,,@【史】@三国时期吴国武将，东吴名将朱然之嗣父。早年随从孙坚、孙策征伐，又辅助孙权，稳定江东，功勋卓著。此后长期居住在吴郡，孙权为吴王，拜其为安国将军，配金印紫绶，徙封毗陵侯。每次进见，孙权都亲自迎接。黄武三年（224年）卒，年六十九。\n^【演】^在《三国演义》中，朱治生平与正史大体相当，为孙坚旧将，孙坚阵亡后，孙策附袁术，朱治、吕范为之定计，用玉玺向袁术借兵夺取江东。孙策平定东路后，任命朱治为吴郡太守，收军返回江东。后来赤壁之战，大都督周瑜令朱治、吕范为四方巡警使，催督六郡官军。,156-224,君理,,,10021701,,,,吴,三星
100218,100218,20,3,1,6900,7700,6600,7500,300,50,56,48,55,14,200176,0,0,0,0,0,0,0,0,0,0,0,0,0,0,0,0,0,0,4,1,0,0,0,0,0,0,0,0,3,,凌操,,@【史】@凌统之父。早年跟随孙策转战江东。孙权统军后，凌操随其征伐黄祖，被甘宁射死。\n^【演】^孙策锋起淮南时，征讨吴贼严白虎，白虎不敌，奔走余杭，于路劫掠；凌操便与子凌统引乡人击败之，父子二人来投孙策，孙策使为从征校尉，同引兵渡江。孙权统军后，凌操从讨江夏黄祖。军入夏口，凌操先登，破其前锋，轻舟独进，为黄祖部将甘宁流矢而死。,?-203,,,,10021801,,,,吴,二星
100219,100219,20,2,1,3600,3300,7600,2300,1800,27,24,55,17,79,200163,0,0,0,0,0,0,0,0,0,0,0,0,0,0,0,0,0,0,4,1,0,0,0,0,0,0,0,0,2,,阚泽,,@【史】@吴国大臣。少年时家贫，只得向别人抄书，于是博学多闻。孙权为骠骑将军时，征召他为西曹掾。后官至中书令、太子太傅，封都乡侯。虞翻称其为“盖蜀之扬雄”、“今之仲舒”。赤乌六年（243年）卒，孙权为之痛惜，数日不食。他曾撰有《乾象历注》一书，今已佚。另有《九章算术》，亦不存。\n^【演】^孙权谋士，在孙权广纳贤才之时与严畯等来到江东，甚为孙权礼遇。是第一个识破周瑜打黄盖是苦肉计，后欣然向曹操献诈降书，被曹操识破后面不改色，哈哈大笑，一番妙言让曹操相信了诈降书，是苦肉计中的关键人物。后劝孙权不要设局请关羽。在刘备御驾亲征东吴时，向孙权举荐陆逊为都督，间接上挽救了东吴的命运。,?,,,,10021901,,,,吴,二星
100220,100220,20,1,2,4800,5000,5800,4400,900,35,37,42,32,40,200145,0,0,0,0,0,0,0,0,0,0,0,0,0,0,0,0,0,0,4,1,0,0,0,0,0,0,0,0,1,,虞翻,,@【史】@三国时期吴国学者、官员。他本是会稽太守王朗部下功曹，后投奔孙策，自此仕于东吴。\n^【演】^在《三国演义》中，虞翻生平与正史大体相当。,164-233,仲翔,,,10022001,,,,吴,二星
100221,100221,25,2,1,7500,8600,6500,2800,1600,90,135,70,31,92,200640,0,0,0,0,0,0,0,0,0,0,0,0,0,0,0,0,0,0,4,3,0,0,0,0,0,0,0,0,"2,12,22",,朱桓,,@【史】@三国时期吴国名将，骠骑将军朱据从兄、镇南将军朱异之父、朱桓官至前将军、青州牧，假节，封为嘉兴侯。孙权统事后，朱桓成为余姚长。后来代替周泰成为濡须督。周鲂引诱曹休出兵皖城，朱桓为右督，助陆逊破曹休，吴军斩获万余人。庐江主簿打算开城迎接吴军，全琮和朱桓率军接应，但事情败露，被迫退军。退军时吴军渡河，魏军打算出击拦截，但见到朱桓押后，于是不敢出击。后来朱桓狂病发作，回建业治病，并于第二年（赤乌元年）病死，时年六十二岁。\n^【演】^在《三国演义》中，朱桓于第38回中首次登场。在第85回“刘先主遗诏托孤儿　诸葛亮安居平五路”中，朱桓奉命抵抗曹仁大军，时年方二十七岁，小说称其“极有胆略”。结果朱桓亲斩曹仁军前锋常雕，大败曹军，立下战功。后来，在96回“孔明挥泪斩马谡，周鲂断发赚曹休”中，陆逊与周鲂合谋诱战曹休，并向孙权举荐朱桓为左都督。朱桓献计于夹石、挂车二路以柴木大石阻路以擒曹休，虽不为所用，但魏国谋士贾逵亦曾虑及此计，可见朱桓有先见之明。,177-238,休穆,,,10022101,6,,,吴,四星
100222,100222,20,2,1,5600,3700,6800,2400,1600,41,27,50,18,70,200161,0,0,0,0,0,0,0,0,0,0,0,0,0,0,0,0,0,0,4,1,0,0,0,0,0,0,0,0,2,,顾雍,,@【史】@吴国重臣。顾雍少时受学于蔡邕，弱冠即任合肥县长，所在之处皆有治绩。后为会稽郡丞，行太守事，讨平寇贼，安定郡县。数年后，入孙权幕府为左司马，后升任丞相。他为相十九年，多有匡弼辅正之词。《唐会要》将顾雍等八人评为“魏晋八君子”。\n^【演】^在《三国演义》中，顾雍生平与正史大体相同，为蔡邕之徒。其为人少言语，不饮酒，严厉正大，被张纮推荐仕于孙权。孙权任命他为会稽郡丞，行太守事，后不断升迁，官至吴国丞相。顾雍为官，多进良言，有功于吴。,168-243,元叹,,,10022201,,,,吴,二星
100223,100223,15,1,3,5600,6300,6800,4300,900,39,43,47,30,37,200173,0,0,0,0,0,0,0,0,0,0,0,0,0,0,0,0,0,0,4,1,0,0,0,0,0,0,0,0,1,,孙静,,@【史】@东汉末年长沙太守孙坚之弟，孙策、孙权之叔。孙坚初起义军时，孙静集合乡里及宗族子弟五六百人作为孙坚的基础队伍。孙静献计助孙策击败钱塘太守王朗，平定会稽。孙策上表任命孙静为奋武校尉，打算委以重任。但孙静留念故乡，不愿出外为官。建安四年（200年），孙权执掌大事，就地升任孙静为昭义中郎将。孙静后终老故乡。\n^【演】^在《三国演义》中，孙策进攻会稽，派人请孙静，孙静带家属与孙策在钱塘会面。孙静献计助孙策击败钱塘太守王朗，平定会稽。孙策死后，张昭安排孙静处理丧事。孙权统领时期，指派孙静驻守吴会。,?,幼台,,,10022301,,,,吴,二星
100224,100224,15,3,1,2800,3900,3800,8400,500,18,25,25,54,20,200175,0,0,0,0,0,0,0,0,0,0,0,0,0,0,0,0,0,0,4,0,0,0,0,1,0,0,0,0,3,,军士,,吴军普通骑兵。,?,,,,10022401,,,,吴,一星
100225,100225,15,2,1,3000,3000,3300,2100,1500,20,20,22,14,57,200176,0,0,0,0,0,0,0,0,0,0,0,0,0,0,0,0,0,0,4,0,0,0,0,1,0,0,0,0,2,,军士,,吴军普通步兵。,?,,,,10022501,,,,吴,一星
100226,100226,15,1,3,4400,2900,2900,3800,900,29,19,19,25,35,200177,0,0,0,0,0,0,0,0,0,0,0,0,0,0,0,0,0,0,4,0,0,0,0,1,0,0,0,0,1,,军士,,吴军普通弓兵。,?,,,,10022601,,,,吴,一星
100227,100227,15,1,3,3500,4500,7600,4400,900,26,33,55,32,39,200213,0,0,0,0,0,0,0,0,0,0,0,0,0,0,0,0,0,0,2,2,0,0,0,0,0,0,0,0,"1,21",,陈群,,@【史】@陈群历仕曹操、曹丕、曹叡三代，以其突出的治世之才，竭忠尽职，为曹魏政权的礼制及其政治制度的建设，做出了突出的贡献。\n^【演】^在《三国演义》中，曹操斩马腾后，有言刘备将兴兵取川，曹操因而深表畏忌；陈群建议曹操起大军南征孙权，而刘备意在两川，必不救权，故能一举得江东，其后徐图西进，吞荆并川，以定天下。曹操对其策极表赞同。可惜诸葛亮派人赍书西凉，使马超兴兵入关，曹操急于应付，被迫搁下陈群之策。,?-237,长文,,,10022701,,,,魏,三星
100228,100228,20,3,1,7500,7200,5100,8200,300,57,56,40,63,14,200229,0,0,0,0,0,0,0,0,0,0,0,0,0,0,0,0,0,0,2,2,0,0,0,1,0,0,0,0,"3,23",,李通,,@【史】@早年以游侠闻名于江汝，在率众补充曹操兵源有功拜为阳安都尉，其间不因私而忘公。官渡之战不但不被利诱，在当时许都以南民心不稳，唯李通的阳安犹存。在准备救援曹仁于南郡时病死于途中。\n^【演】^原守备汝南，于曹操与张绣、刘表作战时前来接应曹操，得到曹操的封赏。后来在曹操讨伐马超时出阵挑战，死于马超枪下。,168-209,文达,,,10022801,,,,魏,三星
100229,100229,20,1,4,5800,3400,3900,3900,900,42,25,29,29,40,200170,0,0,0,0,0,0,0,0,0,0,0,0,0,0,0,0,0,0,2,1,0,0,0,0,0,0,0,0,1,,朱灵,,@【史】@三国时期曹魏名将。官至后将军，封为高唐侯，谥号威侯。初为袁绍部将，后归顺曹操，随曹操征伐四方，屡建战功。\n^【演】^在《三国演义》中，朱灵于第二十一回登场。其时刘备与曹操同在朝中，刘备深感掣肘，欲求脱计。适时袁术以淮南甚乱，欲北投族兄袁绍。刘备以其必从徐州过，向曹操请兵击之。曹操准其议，就遣朱灵、路昭与刘备同行，并以朱、路二人监督刘备。大军到徐州，大败袁术，不久袁术败逃病死。\n刘备便驻徐州，使朱、路二人回许都。曹操大怒，欲斩朱、路二人，荀彧告免。朱灵后又从征马超、韩遂，与徐晃夜渡蒲阪津，据河西为营，为大破关西军立下功劳。,?,文博,,,10022901,,,,魏,二星
100230,100230,20,3,1,7100,6000,3400,7900,300,52,44,25,57,14,200140,0,0,0,0,0,0,0,0,0,0,0,0,0,0,0,0,0,0,2,1,0,0,0,0,0,0,0,0,3,,牛金,,@【史】@初为曹仁部曲将，周瑜军数万人来攻，前锋数千人始至，曹仁遣牛金迎战。但对方兵力较多，牛金遂被围困。曹仁亲自攻入阵中救出牛金。司马懿使牛金轻骑饵诱蜀军，刚交战诸葛亮就退兵，追至祁山。蜀将马岱入寇，司马懿遣将军牛金击退，斩千余级。公孙渊反，司马懿率牛金、胡遵等步骑四万发自洛阳，后平定辽东。牛金官至后将军。\n^【演】^曹仁麾下骁将，与东吴交战时，将甘宁困于夷陵城，却被周瑜所救。之后，牛金欲夜袭周瑜营寨，但被周瑜识破，大败。,?,,,,10023001,,,,魏,二星
100231,100231,25,2,2,7000,7700,7000,3000,1700,57,64,57,25,85,200234,0,0,0,0,0,0,0,0,0,0,0,0,0,0,0,0,0,0,2,2,0,0,0,0,0,0,0,0,"2,12",,蔡瑁,,@【史】@久事刘表，并协助其平定荆州。刘备在荆州时，蔡瑁和蒯越企图在刘表宴请刘备时谋害刘备，但最后没有成功。刘表死后，蔡瑁与蒯越共同迫刘琮降伏曹操，尔后仕入曹操麾下。\n^【演】^在《三国演义》中，蔡瑁久事刘表，其姐为刘表后妻，是以蔡瑁以亲见任。刘表死后，因其深通养练水军之法，被封为镇南侯水军大都督，深为周瑜所忌。在赤壁之战前，由于周瑜的离间计，被曹操处决。,?-208,德珪,,,10023101,,,,魏,三星
100232,100232,15,1,2,3900,4800,7200,4400,800,29,35,52,32,35,200128,0,0,0,0,0,0,0,0,0,0,0,0,0,0,0,0,0,0,2,2,0,0,0,0,0,0,0,0,"1,11",,蒋济,,@【史】@曹魏重臣，四朝元老。历仕曹操、曹丕、曹叡、曹芳四代，官至太尉，为曹魏出过不少有价值的建议。后相助司马懿诛灭曹爽。\n^【演】^在《三国演义》中，蒋济生平与正史相似。蒋济曾任曹操的主簿，劝阻过曹操迁都；后来曹丕伐吴，蒋济与刘晔同为参谋官；魏帝曹芳时期，蒋济官至太尉，随司马懿发动政变，出兵落水浮桥，写信劝说曹爽投降，最终导致曹爽一族灭亡。,188-249,子通,,,10023201,,,,魏,三星
100233,100233,20,1,2,5000,7200,6000,4200,1100,37,53,44,31,48,200141,0,0,0,0,0,0,0,0,0,0,0,0,0,0,0,0,0,0,2,1,0,0,0,0,0,0,0,0,1,,贾逵,,@【史】@西晋开国功臣贾充的父亲，他历仕曹操、曹丕、曹叡三世，是曹魏政权中具有政治、军事才干的多面型人才，终其一生为曹魏的统一事业作出贡献。曾建起了一条二百余里的运河，称为“贾侯渠”，便利民生。石亭之战中，率军救出曹休。《唐会要》将其尊为魏晋八君子之一。\n^【演】^在《三国演义》中，贾逵生平与正史大体相当。曹操寿终，曹彰提兵奔丧，贾逵斥曹彰莽归。东吴周鲂诈降曹休，贾逵协同曹休出兵，建议曹休慎重进兵。曹休大怒，要斩贾逵，众将苦告求情，贾逵得以免死。曹休孤军深入，被东吴大都督陆逊大败，贾逵领兵接应，曹休才得以生还。,?,,,,10023301,,,,魏,二星
100234,100234,20,1,3,5600,6000,4800,4200,700,43,46,37,33,33,200133,0,0,0,0,0,0,0,0,0,0,0,0,0,0,0,0,0,0,2,2,0,0,0,0,0,0,0,0,"1,21",,王凌,,@【史】@三国时期曹魏将领，东汉司徒王允之侄。李傕、郭汜斩王允后，他逃归乡里。后来举孝廉，为发干长，迁中山太守。后被曹操辟为丞相掾属。曹丕即位，拜散骑常侍，出为兖州刺史，与张辽等至广陵讨孙权，以功封宜城亭侯，加建武将军。正始初年，为征东将军，正始二年（241年）与孙礼于芍破力战，败吴将全琮，以功进封南乡侯。\n后迁车骑将军、仪同三司，正始九年（248年）代高柔为司空。嘉平元年（249年）代蒋济为太尉。后与其甥令狐愚谋废曹芳，事泄，服毒自尽。时年79岁。,172-251,彦云,,,10023401,,,,魏,三星
100235,100235,20,3,1,1000,1000,1000,1000,1000,8,8,8,8,44,200100,0,0,0,0,0,0,0,0,0,0,0,0,0,0,0,0,0,0,2,1,0,0,0,0,0,0,0,0,3,,周旨,,@【史】@西晋时期人物，在晋初伐吴时为牙门将。在攻吴战役中，西晋镇南将军杜预伐吴至乐乡，命牙门将管定、伍巢、周旨等伏兵于乐乡城外。吴都督孙歆遣军拒晋将王濬于上流，大败而还。周旨等伏兵，随孙歆军而入，直至帐下，虏获孙歆。故军中为之谣曰：“以计代战一当万。”之后进逼江陵。吴将伍延诈降失败被晋军攻克。\n^【演】^在《三国演义》中，有沈莹和孙歆被周旨所斩的情节。,?,,,,10023501,,,,魏,二星
100239,100239,20,2,1,3800,4600,4400,2800,1000,28,34,32,21,44,200176,0,0,0,0,0,0,0,0,0,0,0,0,0,0,0,0,0,0,2,1,0,0,0,1,0,0,0,0,2,,精兵,,魏军精锐步兵。,?,,,,10023901,,,,魏,二星
100240,100240,20,1,4,6500,6600,6000,5000,1100,47,48,44,37,48,200143,0,0,0,0,0,0,0,0,0,0,0,0,0,0,0,0,0,0,4,1,0,0,0,0,0,0,0,0,1,,吕范,,@【史】@东吴重臣。吕范年轻为汝南县吏，后避难寿春，结识孙策。随孙策、孙权征伐四方，对稳定江东做出了杰出的贡献，孙权将其比之于吴汉。官至前将军、假节、扬州牧，封南昌侯。黄武七年（228年），拜大司马，印绶未下，吕范已病卒。孙权悲痛不已，遣使者追赠大司马印绶。孙权还都建业后，以太牢礼祭祀吕范。\n^【演】^在《三国演义》中，吕范初为袁术谋士，后从孙策，与之平定江东。赤壁之战后，孙权与刘备表面为盟友，实则互竞诡谲。其时周瑜献美人计，欲以孙权之妹许配刘备，让刘备入赘为东吴女婿，吕范则负责说媒，并以“人不可中道而废人伦”与及“两家结秦晋之好”为由，说服刘备接受亲事。当刘备到甘露寺见吴国太之时，吕范更建议伏刀斧手以斩刘备，然而失败告终。\n在第八十五回中，陆逊统领吴军将举国来侵的刘备击退后，曹丕乘蜀吴交战之时安排曹仁、曹休、曹真三路袭吴，吕范则受命抵御曹休，并成功将敌军击败（事实上，洞口之役的结果是吕范败于曹休、臧霸等）。,?-228,子衡,,,10024001,,,,吴,二星
100241,100241,20,2,1,7000,5400,5000,3200,1600,54,42,39,25,74,200103,0,0,0,0,0,0,0,0,0,0,0,0,0,0,0,0,0,0,4,2,0,0,0,1,0,0,0,0,"2,12",,宋谦,,@【史】@东吴将领。曾于神亭岭一役中与黄盖、韩当等人一同护卫孙策。曾在合肥之战中，救出败于乐进的孙权。夷陵之战中作为陆逊的部属，大破刘备。\n^【演】^孙权部将，和贾华一起担任孙权的护卫。于孙权攻合肥时与贾华一同持画戟立马于孙权两旁。张辽和太史慈单挑时，乐进突入孙权阵中，挥刀砍断宋、贾二人画戟。宋谦拿过军士手中枪，正欲赶去与乐进交锋，被李典一箭射中心窝，死于马下。,?,,,,10024101,,,,吴,三星
100242,100242,15,3,1,5600,5000,4200,7300,300,39,34,29,50,13,200155,0,0,0,0,0,0,0,0,0,0,0,0,0,0,0,0,0,0,4,1,0,0,0,0,0,0,0,0,3,,祖茂,,@【史】@东汉末年孙坚部下的将领。孙坚讨伐董卓时，于梁县被董卓军击破，溃败逃走，被董卓的骑兵追捕，于是孙坚命祖茂戴上自己常戴的红色头巾引开追兵。祖茂成功引开追捕孙坚的董卓军，令孙坚得以逃脱，但后来祖茂被围困，于是将头巾丢在一根烧过的柱上，并躲在草堆中，才避过了董卓军的追兵。\n^【演】^在《三国演义》中，讨伐董卓时，祖茂换上败走的孙坚的红头巾，吸引敌军，让被华雄军包围的孙坚逃脱。茂将红头巾挂在木桩上吸引华雄，自己从树丛中冲出，不幸被华雄所斩。,?,大荣,,,10024201,,,,吴,二星
100243,100243,20,1,3,8500,8500,8300,4300,1000,85,95,83,43,60,200662,0,0,0,0,0,0,0,110112,0,0,0,0,0,0,0,0,0,0,4,3,0,0,0,1,0,0,0,0,"1,11,12",,孙桓,,@【史】@吴国将领。其人仪容端正，器怀聪明，博学强记，能论议应对，孙权常称其为“宗室颜渊”。跟随陆逊抗击进攻东吴的刘备时。刘备率领众多兵众进攻，满山都是蜀军，孙桓奋战，与陆逊等协力击破蜀军。刘备兵败逃走，孙桓截击，“斩上夔道，扼要径”，差点生擒刘备。刘备忿恨地感叹：“吾昔初至京城，（孙）桓尚小儿，而今迫孤至此也！”\n^【演】^在《三国演义》中，孙桓的事迹基本与正史相符。,198-223,叔武,,,10024301,"1,2",,,吴,四星
100244,100244,20,2,2,8700,7200,4300,2900,1500,97,72,33,29,100,200661,0,0,0,0,0,0,0,0,0,0,0,0,0,0,0,0,0,0,4,3,0,0,0,0,0,0,0,0,2,,陈武,,@【史】@孙策、孙权靡下猛将。由于陈武仁厚好施，故受到上至孙权，下至乡里的敬爱。其屡建战功，每战皆所向无前，被封为偏将军。在合肥战役中，张辽奇袭孙权，陈武战死，孙权对此十分哀痛。被陈寿盛赞为“江表之虎臣”\n^【演】^在《三国演义》中，描写陈武的形象时，说他“身长七尺，面黄睛赤，形容古怪”。孙策攻打刘繇，陈武前来相助，孙策非常喜爱陈武，拜为校尉，使作先锋。陈武以十数骑兵力斩敌五十余人。后于赤壁等战役屡立功勋。,178-215,子烈,,,10024401,,,,吴,四星
100245,100245,25,2,1,8800,8500,5000,3900,1600,95,113,48,42,103,200660,0,0,0,0,0,0,0,110113,0,0,0,0,0,0,0,0,0,0,4,3,0,0,0,1,0,0,0,0,"2,12,22",,董袭,,@【史】@孙吴部将，身高八尺，武力过人。孙策见他甚为奇伟，十分欣赏。在讨伐山阴贼，平定江东叛乱，征战黄祖的战役中屡立功绩。曹操攻濡须时，孙权派董袭率领五艘楼船到濡须口。至夜深时，暴风狂袭，五艘楼船都要倾覆，董袭死守在船上，最终溺死。被陈寿盛赞为“江表之虎臣”。\n^【演】^在《三国演义》中，董袭生平与正史大体相当，孙策征战江东时，董袭献上严白虎的人头来降孙策。赤壁之战，董袭受周瑜命，分兵去汉阳，合肥会战时接应太史慈，逍遥津支援孙权。濡须口之战时，董袭在船上督战，船覆董袭坚守殉职。,?-213,元代,,,10024501,1,,,吴,四星
100246,100246,20,2,1,7700,6700,5500,4200,1500,59,52,43,33,69,200188,0,0,0,0,0,0,0,0,0,0,0,0,0,0,0,0,0,0,4,2,0,0,0,0,0,0,0,0,"2,12",,潘璋,,@【史】@吴国将领。潘璋年轻时家贫，跟随孙权后得到其赏识，加上其作战勇猛，不断升迁，其一生为孙权东征西讨，在合肥之战、追擒关羽、夷陵之战、江陵保卫战中多次立下战功。但其为人奢侈贪财。经常设立军市，又洗劫将士以获得财物，但孙权念其有功未予深究。被陈寿盛赞为“江表之虎臣”。 \n^【演】^在《三国演义》中，描写潘璋擒获关羽，并夺取了青龙偃月刀及赤兔马，而且描写了在夷陵之战被为父报仇的关兴所害，但实际上都是小说虚构的。,?-234,文珪,,,10024601,,,,吴,三星
100247,100247,10,1,4,4200,5200,6800,4100,900,29,36,46,28,37,200177,0,0,0,0,0,0,0,0,0,0,0,0,0,0,0,0,0,0,4,1,0,0,0,0,0,0,0,0,1,,孙瑜,,@【史】@孙坚之侄，昭义中郎将孙静第二子。初为恭义校尉。后领丹杨太守，得众万余人，加绥远将军。建安十一年（204）与周瑜共克麻、保二屯。后从孙权拒曹操于濡须（今安徽无为附近），迁奋威将军，后转屯牛渚，招降魏兵。又在军中立学，请马普为师。孙瑜喜好读书，虽军务繁忙也不停辍。年三十九而卒。\n^【演】^在《三国演义》中，孙瑜是孙权的堂弟，东吴的宗室成员，于三国演义第57回登场。周瑜以取蜀为借口，欲取荆州时，孙瑜受孙权派遣，率兵前来会合，支援周瑜。,177-215,仲异,,,10024701,,,,吴,二星
100248,100248,20,1,2,4000,4800,7000,3900,900,29,35,51,29,40,200170,0,0,0,0,0,0,0,0,0,0,0,0,0,0,0,0,0,0,4,1,0,0,0,0,0,0,0,0,1,,骆统,,@【史】@三国时吴国将领、学者。陈国相骆俊之子。年二十，就担任乌程相，任内有政绩，使得民户过万。曾劝孙权尊贤纳士，省役息民。凌统卒，骆统领其部曲。因战功迁偏将军，封新阳亭侯，任濡须督。\n^【演】^在《三国演义》中，骆统在舌战群儒时出场，欲与赴东吴的诸葛亮辩论，被黄盖劝阻。,193-228,公绪,,,10024801,,,,吴,二星
100249,100249,20,2,1,7300,5200,5000,2200,800,53,38,37,16,35,200140,0,0,0,0,0,0,0,0,0,0,0,0,0,0,0,0,0,0,4,1,0,0,0,0,0,0,0,0,2,,全琮,,@【史】@吴国名将。全琮很有谋略，曾参与多场重要战役的谋划。孙权将自己的女儿孙鲁班嫁给了全琮，全琮的家族也成为吴国的名门；但全琮本人并不因此而骄横跋扈，仍然以十分谦恭的态度对待他人。\n^【演】^全琮在《三国演义》里着墨处不多，后期战役常与朱桓出阵。初登场于第九十六回，其时周鲂行计引诱曹休走进陷阱，陆逊担任外应带兵伏击曹休。当时陆逊为了分兵三路以迎击曹休，便向孙权推荐朱桓与全琮为辅佐。结果全琮引一军暗袭魏寨后方，与魏将薛乔对垒并击退薛乔，最后会合主军大败魏兵。,198-249,子璜,,,10024901,,,,吴,二星
100253,100253,15,2,1,4500,3900,4500,2500,1000,31,27,31,17,41,200177,0,0,0,0,0,0,0,0,0,0,0,0,0,0,0,0,0,0,4,1,0,0,0,1,0,0,0,0,2,,精兵,,吴军精锐步兵。,?,,,,10025301,,,,吴,二星
100254,100254,20,2,1,5200,5000,5100,2300,1700,38,37,37,17,74,200175,0,0,0,0,0,0,0,0,0,0,0,0,0,0,0,0,0,0,3,1,0,0,0,0,0,0,0,0,2,,孟达,,@【史】@本为刘璋属下，后降刘备。关羽围樊城、襄阳时因不发兵救关羽而触怒刘备，于是投奔曹魏。此后又欲反曹魏而归蜀汉，事败而死。\n^【演】^在《三国演义》中，孟达初仕刘璋，与张松、法正为腹契友。璋遣达领精兵五千，迎刘备入川为援。后投刘备，庞统以达与霍峻守葭萌关。后关羽被围麦城，廖化突围求救，孟达劝刘封不应，刘封从之。关羽败死，刘备怒，孟达随申耽、申仪投魏。后诸葛亮北伐，孟达欲应之。孟达心腹人李辅并达外甥邓贤出首，司马懿暗袭之，孟达被申耽一枪刺于马下。,?-228,子度,,,10025401,,,,蜀,二星
100255,100255,15,3,1,7200,7300,7100,8000,500,52,53,52,57,22,200231,0,0,0,0,0,0,0,0,0,0,0,0,0,0,0,0,0,0,3,2,0,0,0,0,0,0,0,0,"3,23",,刘封,,@【史】@刘备的义子。有武艺，性格刚猛，气力过人。随赵云、张飞等扫荡西川，颇有战功，而后又统领孟达攻取上庸，深为刘备信任。\n^【演】^在《三国演义》中，刘封生平与正史大体相当。刘备到荆州投奔刘表后，将刘封收为义子。刘封随刘备参与了新野、赤壁之战，累立战功。,?-220,,,,10025501,,,,蜀,三星
100256,100256,20,3,2,7200,6800,4600,8100,200,56,53,36,62,10,200192,0,0,0,0,0,0,0,0,0,0,0,0,0,0,0,0,0,0,3,2,0,0,0,0,0,0,0,0,"3,23",,廖化,,@【史】@蜀汉将领。曾为关羽主簿，关羽败亡后归入孙吴，用诈死之计回归蜀汉。刘备去世后，廖化多次参与蜀汉的北伐。蜀汉灭亡后，徙往洛阳，在中途病逝。廖化以果敢刚直著称，是蜀汉后期的重要将领。\n^【演】^在《三国演义》中，廖化的形象与正史有较多出入。廖化初为黄巾军，以劫掠为生。关羽千里寻兄时，廖化想要跟随关羽，关羽虑其黄巾出身不从，于是拜别。等到刘备入益州时，廖化再引军投靠，追随关羽。关羽死后，仍然在北伐中屡立战功。,?-264,元俭,,,10025601,,,,蜀,三星
100257,100257,20,2,1,6200,4500,8000,2900,1800,48,35,62,23,83,200131,0,0,0,0,0,0,0,0,0,0,0,0,0,0,0,0,0,0,3,2,0,0,0,0,0,0,0,0,"2,12",,蒋琬,,@【史】@三国时期蜀汉宰相。与诸葛亮、董允、费祎合称“蜀汉四相”。蒋琬初随刘备入蜀，被任命为广都长，后因不理政事激怒刘备，在诸葛亮的劝说下，蒋琬免于一死，后重新被启用，诸葛亮将其悉心培养，并密表刘禅可以作为诸葛亮的接班人。建兴十二年（234年），诸葛亮死后，蒋琬继其执政。延熙元年（238年），受命开府，加大司马，总揽蜀汉军政。曾制定由水路进攻曹魏的计划，但未被采纳。\n^【演】^在《三国演义》中，蒋琬形象与正史相似。刘备在荆州时成为刘备属下，在内政方面发挥才能。北伐之时在后方支援大军。诸葛亮死后，刘禅依诸葛亮遗言加蒋琬为丞相、大将军，录尚书事，与费祎一起处理丞相事务。,?-246,公琰,,,10025701,,,,蜀,三星
100258,100258,20,2,1,3800,4700,6900,2300,1500,28,34,50,17,66,200146,0,0,0,0,0,0,0,0,0,0,0,0,0,0,0,0,0,0,3,1,0,0,0,0,0,0,0,0,2,,费祎,,@【史】@三国时蜀汉名臣，与诸葛亮、蒋琬、董允并称为蜀汉四相，深得诸葛亮所器重。屡次出使东吴，孙权、诸葛恪、羊茞等人以辞锋刁难，而费祎据理以答，辞义兼备，始终不为所屈。诸葛亮死后，初为后军师，再为尚书令，再迁大将军，执行休养生息的政策，为蜀汉的发展尽心竭力。\n^【演】^在《三国演义》中，费祎的生平与正史大体相同。刘备死后，诸葛亮辅刘禅当国，重用费祎及蒋琬等。诸葛亮撰《出师表》，称费祎等“皆良实，志虑忠纯”。诸葛亮死时，将国事付与蒋琬、费祎。后来姜维执意北伐，费祎以内治无人、国实不殷阻其事，然皆不为所听。,?-253,文伟,,,10025801,,,,蜀,二星
100259,100259,40,2,1,6500,6100,6800,2400,1700,71,66,74,26,111,200100,0,0,0,0,0,0,0,0,0,0,0,0,0,0,0,0,0,0,3,2,0,0,0,0,0,0,0,0,2,,麋芳＆士仁,,@【史】@使东汉王朝走向灭亡的诸侯。在灵帝末年的十常侍之乱时受大将军何进之召率军进京，旋即掌控朝中大权。其为人残忍，倒行逆施，招致群雄联合讨伐。后被其亲信吕布所诛，余部由李傕等人率领。,?,,,,"10025901,10025902",,,,蜀,三星
100260,100260,40,2,1,7000,9300,10800,5000,800,122,228,344,69,75,200100,0,0,0,0,0,0,0,0,0,0,0,0,0,0,0,0,0,0,3,4,0,0,0,0,0,0,0,0,2,,诸葛亮,,@【史】@政治家、军事家，被誉为“千古良相”的典范。策动孙、刘联盟，于赤壁之战中大破曹操，奠定三国鼎立的基础。蜀汉建立，拜为丞相。刘备伐吴失败，受托孤于永安，辅佐幼主，外联东吴，内修政理，南征平叛，北抗强魏。为完成统一中原，兴复汉室的大业，先后五次进攻魏国。在治国、治军等方面发挥了非凡的才能。最后一次北伐时采取分兵屯田之策，与司马懿大军相持百余日，但不幸因积劳成疾而逝世，享年五十四岁，谥曰忠武侯。\n^【演】^在《三国演义》中，人称卧龙先生，有经天纬地之才，鬼神不测之机。刘皇叔三顾茅庐，遂允出山相助。曾舌战群儒、借东风、智算华容、三气周瑜，辅佐刘备于赤壁之战大败曹操，更取得荆州为基本。后奉命率军入川，于定军山智激老黄忠，斩夏侯渊，败走曹操，夺取汉中。刘备伐吴失败，受遗诏托孤，安居平五路，七纵平蛮，六出祁山，鞠躬尽瘁，死而后已。其手摇羽扇，运筹帷幄的潇洒形象，千百年来已成为人们心中“智慧”的代名词。,181-234,孔明,,出师一表真名世#千载谁堪伯仲间,10026001,,,,蜀,五星
100264,100264,15,1,3,4400,3800,3600,4300,800,30,26,25,30,33,200175,0,0,0,0,0,0,0,0,0,0,0,0,0,0,0,0,0,0,3,1,0,0,0,1,0,0,0,0,1,,精兵,,蜀军精锐弓兵。,?,,,,10026401,,,,蜀,二星
100265,100265,15,3,1,6200,6900,3200,8600,400,52,57,27,72,20,200206,0,0,0,0,0,0,0,0,0,0,0,0,0,0,0,0,0,0,5,2,0,0,0,1,0,0,0,0,"3,23",,侯成,,@【史】@东汉末年武将。曾任吕布部将八健将之一，吕布被酒色所伤故下禁酒令，侯成不知，献酒于吕布被吕布所打。曹操围下邳，侯成与宋宪、魏续等缚陈宫、高顺，率众降曹操。\n^【演】^本为吕布帐下八健将之一，数次与曹军交战。后曹军围吕布于下邳，侯成有马十五匹，被后槽人盗去，欲献与刘备。成知觉，追击后槽人，将马夺回。侯成酿得五六斛酒，欲与诸将会饮，恐吕布见罪，乃先以酒五瓶诣布府。恰好吕布刚禁酒，见如此，怒欲斩之。众将告免，打成五十背花，成怀恨，盗赤兔马降曹。,?,,,,10026501,,,,群,三星
100266,100266,20,3,1,3100,5100,6600,6400,200,26,43,55,54,10,200176,0,0,0,0,0,0,0,0,0,0,0,0,0,0,0,0,0,0,5,1,0,0,0,0,0,0,0,0,3,,波才,,@【史】@黄巾军高级将领，统领东方黄巾军部队。曾在黄巾起义初期取得一定战果，但在长社之战被皇甫嵩的火攻击溃。,?-184,,,,10026601,,,,群,二星
100267,100267,20,2,1,6600,3600,3200,2600,1600,55,30,27,22,80,200175,0,0,0,0,0,0,0,0,0,0,0,0,0,0,0,0,0,0,5,1,0,0,0,0,0,0,0,0,2,,胡车儿,,@【史】@东汉末年武将，初从张绣，为其心腹猛将，勇冠三军，与贾诩交情甚佳。宛城大战后，张绣投降曹操，曹操爱胡车儿之骁勇，手以黄金与之。后胡车儿与张绣串通，盗走典韦的双戟并刺向典韦，使得典韦在张绣叛乱中战死。\n^【演】^在《三国演义》中，胡车儿“力能负五百斤，日行七百里”，且在张绣与曹操作战时，胡车儿把典韦灌醉了且盗取了典韦的双戟，使得典韦在跟张绣军作战时战死。,?,,,,10026701,,,,群,二星
100268,100268,25,3,1,8500,7800,6200,9000,300,130,97,59,124,20,200096,0,0,0,0,0,0,0,110097,0,0,0,0,0,0,0,0,0,0,5,3,0,0,0,1,0,0,0,0,"3,13,23",,张绣,,@【史】@骠骑将军张济的从子。东汉末年割据宛城的军阀，汉末群雄之一。初随张济征伐，张济死后与刘表联合。后降曹操，因不满其言行而突袭曹操，复与刘表联合。官渡之战前夕，听从贾诩的建议再次投降曹操，参加官渡之战，官至破羌将军，封宣威侯。在北征乌桓（207年）途中去世（一说为曹丕逼死），谥定侯。\n^【演】^在《三国演义》中，张绣是骠骑将军张济的侄子。建安元年，张济因军中缺粮，自关中引兵入荆州界，与刘表交战，攻穰城，中流矢而死。建安二年，曹操南征，部队到达淯水，张绣率众投降。曹操纳了张济的遗孀邹夫人，张绣因此怀恨曹操。后来，张绣偷袭曹操，曹操战败，长子曹昂，侄子曹安民被斩，猛将典韦战死。\n张绣引兵追击，被曹操击退，于是张绣退回防守穰城，再次与刘表联盟。建安四年，张绣听从贾诩的建议，再次向曹操投降。张绣到达后，曹操牵着张绣的手，一起参加宴会，为自己的儿子曹均娶了张绣的女儿，并封张绣为扬武将军。,?-207,,,,10026801,1,,,群,四星
100269,100269,20,1,3,6600,5100,3800,4400,900,59,45,34,39,48,200100,0,0,0,0,0,0,0,0,0,0,0,0,0,0,0,0,0,0,5,2,0,0,0,1,0,0,0,0,"1,21",,魏续,,@【史】@东汉末吕布部将。与吕布有亲，吕布将高顺兵归续管。建安三年（198年），曹操率军攻吕布，围之三月。魏续与侯成、宋宪缚陈宫，降曹。吕布被迫降，被缢死在白门楼。\n^【演】^在《三国演义》中，与侯成、宋宪一起背叛吕布、投降曹操。白马之战中宋宪被颜良斩落马下。魏续上马持矛准备报仇，在阵前大骂颜良。最终颜良将魏续劈于马下。,?-200,,,,10026901,,,,群,三星
100270,100270,15,2,2,5600,4600,4000,2200,1500,44,36,32,18,71,200187,0,0,0,0,0,0,0,0,0,0,0,0,0,0,0,0,0,0,5,1,0,0,0,0,0,0,0,0,2,,邓茂,,^【演】^黄巾军将领程远志的副将，随之引兵五万进犯涿郡。在大兴山下，邓茂被张飞一回合刺于马下。,?,,,,10027001,,,,群,二星
100271,100271,40,3,1,5600,7000,4800,8000,200,70,87,60,100,15,200123,0,0,0,0,0,0,0,0,0,0,0,0,0,0,0,0,0,0,5,2,0,0,0,1,0,0,0,0,"3,23",,袁氏兄弟,,@【史】@袁谭、袁熙、袁尚三兄弟，皆为袁绍之子。在袁绍败给曹操并病死后，为了争夺爵位，被曹操利用并相继身死。\n^【演】^在《三国演义》中，袁谭、袁熙、袁尚皆为袁绍之子。袁绍死后，由于袁尚自行继位，袁谭与袁尚争锋，结果以失败告终。后来，袁谭求得曹操的援助，战胜了袁尚，但最终被曹操所诛。袁熙后来接纳了战败给曹操的袁尚，但是由于属下背叛而逃往乌丸。后来袁熙投奔辽东的公孙康，却被公孙康斩了首级并献予曹操。,?,,,,"10027101,10027102",,,,群,三星
100272,100272,15,2,1,3100,4800,6400,4900,800,25,38,51,39,38,200150,0,0,0,0,0,0,0,0,0,0,0,0,0,0,0,0,0,0,5,1,0,0,0,0,0,0,0,0,2,,辛评,,@【史】@东汉末年人物。曹魏卫尉辛毗之兄。原是韩馥部下，韩馥逃亡后转而辅佐袁绍。袁绍死后，辛评、郭图欲立袁谭为主，与审配等不和。后来曹操破邺，其弟辛毗在城下劝降。审配怒遣手下将辛评全家所诛。\n^【演】^在《三国演义》中，他是韩馥麾下大臣。韩馥逃亡后，为袁氏效力，担任袁谭的参谋，表现活跃。出任使者去面见曹操时，被劝说留下，但他坚辞未从。,?-204,仲治,,,10027201,,,,群,二星
100276,100276,15,2,1,4400,3200,3400,2900,1000,35,26,27,23,47,200177,0,0,0,0,0,0,0,0,0,0,0,0,0,0,0,0,0,0,5,1,0,0,0,1,0,0,0,0,2,,精兵,,群雄阵营精锐步兵。,?,,,,10027601,,,,群,二星
100277,100277,15,2,1,4200,4600,3100,2300,1500,33,36,25,18,71,200165,0,0,0,0,0,0,0,0,0,0,0,0,0,0,0,0,0,0,5,1,0,0,0,0,0,0,0,0,2,,黄巾军,,黄巾军普通步兵。,?,,,,10027701,,,,群,二星
100278,100278,20,3,1,1000,1000,1000,1000,1000,8,8,8,8,47,200100,0,0,0,0,0,0,0,0,0,0,0,0,0,0,0,0,0,0,5,0,0,0,0,0,0,0,0,0,3,,西凉铁骑,,西凉军精锐骑兵。,?,,,,10027801,,,,群,一星
100279,100279,15,1,4,6000,4500,4200,4300,700,39,30,28,28,28,200221,0,0,0,0,0,0,0,0,0,0,0,0,0,0,0,0,0,0,1,2,0,0,0,0,0,0,0,0,"1,21",,黄祖,,@【史】@东汉末年将领。刘表任荆州牧时，黄祖出任江夏太守。初平二年（191年），黄祖在与长沙太守孙坚交战时，其部下将孙坚射死，因此与孙家结下仇怨，之后黄祖在建安十三年（208年）与孙权的交战中败北身亡。\n^【演】^在《三国演义》中，黄祖生平与正史大体相当，在第七回《袁绍磐河战公孙 孙坚跨江击刘表》出场，孙坚攻打刘表，黄祖初战溃败，而后在在岘山率部射死孙坚，与前来相救的黄盖相遇，战不两合，被黄盖生擒。刘表不忍放弃黄祖，于是用孙坚的尸首换回黄祖。,?-208,,,,10027901,,,,汉,三星
100280,100280,20,2,1,3200,3000,4800,2600,1400,21,20,32,17,55,200176,0,0,0,0,0,0,0,0,0,0,0,0,0,0,0,0,0,0,1,1,0,0,0,0,0,0,0,0,2,,王子服,,@【史】@东汉末年越骑校尉、偏将军。建安五年，服与董承、长水校尉种辑、议郎吴硕受衣带诏共谋曹操。后事发，为操所诛。\n^【演】^在《三国演义》中，他与董承、长水校尉种辑、议郎吴硕受衣带诏共谋曹操。后事发，为操所诛。,?,,,,10028001,,,,汉,二星
100281,100281,20,2,1,3000,3100,6500,2000,1400,20,21,43,14,55,200170,0,0,0,0,0,0,0,0,0,0,0,0,0,0,0,0,0,0,1,1,0,0,0,0,0,0,0,0,2,,许劭,,@【史】@东汉末年著名人物评论家。许劭与其兄许靖都声名在外，每月会品评乡党人物，是为“月旦评”。经过其评品的人物皆显名于世，曾评价曹操“清平之奸贼，乱世之英雄”（孙盛《异同杂语》记载为“治世之能臣，乱世之奸雄”）。许劭早年为汝南郡功曹，后以“小人道长，王室将乱”为由拒绝朝廷征召，前往南方投奔扬州刺史刘繇避祸，后病逝。\n^【演】^在《三国演义》中，许劭仅出场一次，评价曹操“治世之能臣，乱世之奸雄”，之后再无出场。,150-195,子将,,,10028101,,,,汉,二星
100282,100282,10,1,2,2900,3700,6200,4100,700,18,23,38,25,26,200150,0,0,0,0,0,0,0,0,0,0,0,0,0,0,0,0,0,0,1,1,0,0,0,0,0,0,0,0,1,,刘琦,,@【史】@荆州牧刘表之子。刘表去世后，被蔡瑁等人所废，而奉表次子刘琮为主。后曹操大军南下荆州，刘琦避走江南。,?-209,,,,10028201,,,,汉,二星
100283,100283,20,1,2,6100,5000,3800,3800,800,40,33,25,25,32,200187,0,0,0,0,0,0,0,0,0,0,0,0,0,0,0,0,0,0,1,1,0,0,0,0,0,0,0,0,1,,曹豹,,@【史】@初为陶谦部下，后仕刘备。刘备领徐州牧后，与袁术战于淮阴石亭，曹豹与张飞守下邳。豹反刘备，间迎吕布，致使吕布得以自称徐州刺史。\n^【演】^在《三国演义》中，吕布为曹豹的女婿。刘备讨袁术，留张飞守徐州，飞设宴请各官赴席。把酒至曹豹面前，豹只饮一杯，飞并怒其为吕布丈人，鞭豹至五十。豹深恨飞，阴与布谋，引布夺徐州。,?-196,,,,10028301,,,,汉,二星
100284,100284,20,2,1,4200,4000,6300,1900,1300,28,27,41,13,51,200150,0,0,0,0,0,0,0,0,0,0,0,0,0,0,0,0,0,0,1,1,0,0,0,0,0,0,0,0,2,,郑泰,,@【史】@东汉末官吏。郑泰年轻时已有才略，喜欢结交豪杰。后来郑泰获举孝廉，由三府辟命并由公车征召，但郑泰不应命。汉灵帝死后，汉少帝刘辩继位，并由大将军何进辅政，何进任命郑泰为尚书侍郎，迁待御史。同时何进密谋诛除宦官，打算召凉州牧董卓入京协助。由于何进不听郑泰的劝阻，郑泰弃官而去。后来郑泰与荀攸和何颙等合谋诛灭董卓，但秘密泄漏，郑泰从武关逃离长安，投奔后将军袁术，袁术则上表郑泰为扬州刺史。郑泰于上任的路上去世，享年四十一岁。\n^【演】^在《三国演义》中，郑泰生平与正史大体相当。,?,公业,,,10028401,,,,汉,二星
100285,100285,20,2,1,5000,7400,7000,3800,700,35,51,49,27,29,200214,0,0,0,0,0,0,0,0,0,0,0,0,0,0,0,0,0,0,1,2,0,0,0,1,0,0,0,0,"2,12",,刘焉,,@【史】@刘璋之父，汉末群雄之一。黄巾起义时，刘焉欲取得一安身立命之所，割据一方。于是向朝廷求为益州牧。刘焉进入益州后，派张鲁盘踞汉中，张鲁截断交通，斩汉使，从此益州与中央道路不通。刘焉进一步对内打击地方豪强，巩固自身势力，益州因而处于半独立的状态。后因背疮迸发而卒，其子刘璋继领益州牧。\n^【演】^在《三国演义》中，刘焉主要在第一回登场，当时正值黄巾起义，刘焉初任幽州太守，发榜招募义兵以抗黄巾，在刘备说出自己身份后，刘焉大喜，遂认刘备为侄，后官至益州牧。之后在第五十九回提及刘焉于兴平元年患病疽而死，由其子刘璋袭位。,?-194,君郎,,,10028501,,,,汉,三星
100286,100286,15,1,2,3400,4100,7000,3700,900,21,26,43,23,34,200140,0,0,0,0,0,0,0,0,0,0,0,0,0,0,0,0,0,0,1,1,0,0,0,0,0,0,0,0,1,,王朗,,@【史】@汉末至三国曹魏时期重臣、经学家。王朗早年师从太尉杨赐，因通晓经籍而被拜为郎中。徐州刺史陶谦又举其为茂才，拜治中从事。迁任会稽太守，任内获百姓爱戴。建安元年（196年）孙策攻会稽时，王朗举兵抵抗，为孙策所败。王朗在逃亡失败后投降，孙策敬重王朗而未加害。后为曹操所征，因战乱辗转数年后才抵达，被拜为谏议大夫、参司空军事。魏国建立，王朗以军祭酒身份领魏郡太守，又任少府、奉常、大理等职。\n^【演】^在《三国演义》中，王朗以会稽太守的身份初次登场。在孙策打败吴郡的严白虎之后节节进逼，基于唇亡齿寒的原因，力排众议接纳了逃亡的严白虎，但遭到虞翻的反对。之后派遣大将周昕与孙策作战失败，自知不敌孙策而向中原逃亡。逃亡至中原后，受到曹操的赏识在朝中任职。在此之后则成为极力帮助曹操夺权的得力助手，与华歆等人联手，使曹操得以晋升至魏公、魏王的位子。曹操死后则威逼汉献帝禅让帝位与曹丕，成为魏国建立的一大功臣。,?-228,景兴,,,10028601,,,,汉,二星
100287,100287,20,1,4,7000,7200,4200,4300,1100,49,50,29,30,46,200193,0,0,0,0,0,0,0,0,0,0,0,0,0,0,0,0,0,0,1,2,0,0,0,0,0,0,0,0,"1,21",,田豫,,@【史】@三国时期曹魏将领。初从刘备，因母亲年老回乡，后跟随公孙瓒，公孙瓒败亡，劝说鲜于辅加入曹操。曹操攻略河北时，田豫正式得到曹操任用，历任颖阴、郎陵令、弋阳太守等。\n^【演】^在《三国演义》中，蜀相诸葛亮联吴伐魏，吴主孙权三路发兵，陆逊率众取襄阳。曹叡令田豫等引兵三路救援，吴军败退。,171-252,国让,,,10028701,,,,汉,三星
100288,100288,20,3,1,5000,4900,6800,8000,1000,33,32,45,53,40,200165,0,0,0,0,0,0,0,0,0,0,0,0,0,0,0,0,0,0,1,1,0,0,0,0,0,0,0,0,3,,杨彪,,@【史】@东汉末年名臣，太尉杨赐之子、名士杨修之父，出身东汉名门“弘农杨氏”。汉献帝时，杨彪历官三公（司空、司徒、太尉）。权臣董卓意图迁都时，他据理力争。献帝东迁时，杨彪尽节护主。曹操挟献帝定都许县后，将杨彪下狱，获释后又任太常。他见汉室衰微，便诈称脚疾，不理世事。曹魏建立后，拒绝出任太尉，改光禄大夫，待以客礼。黄初六年（225年），杨彪逝世，年八十四。其著作现仅存《答曹公书》一篇。\n^【演】^在《三国演义》中，杨彪为东汉太尉，与司徒王允等共同迎接失散的少帝和陈留王，后为司徒，与太尉黄琬共谏欲迁都的董卓，遭罢免，废为庶人。后任太尉，献计于献帝以离间李傕、郭汜二人。二人交战时，奉命同众官诣郭汜营中劝和，为郭汜所监，杨彪怒斥郭汜，郭汜恼怒，欲害之，中郎将杨密力劝，郭汜才放了杨彪与大司农朱儁，二人出营相抱而哭，昏绝于地。\n又建议东迁中的献帝依靠曹操，因与袁术为姻亲，被曹操诬陷下狱，经孔融力争才得以幸免。,142-225,文先,,,10028801,,,,汉,二星
100310,100310,30,2,2,9200,8700,8900,6000,2400,161,153,115,87,188,200677,0,0,0,0,0,0,0,210052,0,100310,0,0,0,0,20174,1,0,0,2,4,0,0,0,1,0,0,0,0,"2,12,22",,邓艾,,@【史】@魏国名将。其人文武全才，深谙兵法，对内政也颇有建树。被推崇为古今六十四名将之一。邓艾多年在曹魏西边战线防备蜀汉姜维。公元263年他与钟会分别率军攻打蜀汉，最后他率先进入成都，使得蜀汉灭亡。后因遭到钟会的污蔑和陷害，被司马昭猜忌而被收押，最后与其子邓忠一起被卫瓘派遣的武将田续所害。\n^【演】^在《三国演义》中，邓艾资性敏捷、善识地理，司马懿以为奇才。其生平基本与正史相同。,197-264,士载,,五丁破路应难及#三国论功合让先,10031001,1,,#-原效果（1级→10级）#\n发动率 @40%@\n对敌军群体发动一次攻击（伤害率@75.0%@ {0} @150.0%@），并使其陷入动摇状态，每回合产生逃兵（伤害率40.0% {0} 80.0%），持续1回合，同时使其士气降低5 {0} 10\n\n#-调整后效果（1级→10级）#\n发动率 @45%@\n对敌军群体发动一次攻击（伤害率@80.0%@ {0} @160.0%@），并使其陷入动摇状态，每回合产生逃兵（伤害率40.0% {0} 80.0%），持续1回合，同时使其士气降低5 {0} 10,魏,五星
100311,100311,20,2,1,6500,7500,9200,2400,1000,47,55,67,18,44,200100,0,0,0,0,0,0,0,0,0,0,0,0,0,0,0,0,0,0,2,1,0,0,0,0,0,0,0,0,2,,戏志才,,@【史】@经荀彧推荐，成为曹操手下谋士。为人多谋略，曹操十分器重，不幸早卒。他死后，荀彧推荐了郭嘉。,?,志才,,,10031101,,,,魏,二星
100312,100312,20,2,2,7100,6700,6500,3200,1400,71,67,73,32,94,200100,0,0,0,0,0,0,0,0,0,0,0,0,0,0,0,0,0,0,2,3,1,0,0,0,0,0,0,0,2,,甄皇后,,@【史】@魏文帝曹丕的妻子，魏明帝曹叡的生母。黄初二年（221年），曹丕称帝以后甄夫人被赐死，曹叡即位后追尊甄氏为文昭皇后。\n^【演】^在《三国演义》中，甄氏生平与正史大体相当。初期嫁与袁绍次子袁熙，袁熙带兵出外征战，留下甄氏独身照顾婆婆，袁氏败亡后，曹操之子曹丕见其美艳动人，便纳为己有。黄初年间，魏文帝曹丕登基后，郭贵妃以巫蛊之术陷害甄氏。文帝曹丕大怒，将甄氏赐死。,183-221,,,,10031201,,,,魏,四星
100313,100313,20,1,1,7100,8000,7600,5500,1000,88,119,113,68,67,200100,0,0,0,0,0,0,0,0,0,0,0,0,0,0,0,0,0,0,2,4,1,0,0,0,0,0,0,0,1,,贾南风,,@【史】@即惠贾皇后，平阳襄陵（今山西襄汾东北）人。她是西晋时期晋惠帝司马衷的皇后，贾充的女儿。貌丑而性妒，因惠帝懦弱而一度专权，是西晋时期“八王之乱”的始作俑者之一。后死于赵王司马伦之手。,257-300,,,,10031301,,,,魏,五星
100314,100314,20,2,2,5700,6800,8300,3200,2200,57,68,121,32,147,200777,0,0,0,4,0,0,0,114161,0,0,0,0,0,0,0,0,0,0,2,3,1,0,0,1,0,0,0,0,"2,12,22",,辛宪英,,@【史】@颍川阳翟人。辛毗之女，羊耽之妻、辛敞之姐。魏晋时期才女。辛宪英聪朗有才鉴，曾劝弟尽忠职守，又预言钟会将会叛变。\n^【演】^在《三国演义》中，记载了辛宪英分析司马懿对付曹爽及劝弟尽忠职守之事。,191-269,宪英,,,10031401,5,,,魏,四星
100315,100315,20,2,1,1000,1000,1000,1000,1000,8,8,8,8,44,200100,0,0,0,0,0,0,0,0,0,0,0,0,0,0,0,0,0,0,2,1,0,0,0,0,0,0,0,0,2,,孟达,,@【史】@本为刘璋属下，后降刘备。关羽围樊城、襄阳时因不发兵救关羽而触怒刘备，于是投奔曹魏。此后又欲反曹魏而归蜀汉，事败而死。\n^【演】^在《三国演义》中，孟达初仕刘璋，与张松、法正为腹契友。璋遣达领精兵五千，迎刘备入川为援。后投刘备，庞统以达与霍峻守葭萌关。后关羽被围麦城，廖化突围求救，孟达劝刘封不应，刘封从之。关羽败死，刘备怒，孟达随申耽、申仪投魏。后诸葛亮北伐，孟达欲应之。孟达心腹人李辅并达外甥邓贤出首，司马懿暗袭之，孟达被申耽一枪刺于马下。,?-228,子度,,,10031501,,,,魏,二星
100316,100316,20,2,1,1000,1000,1000,1000,1000,8,8,8,8,44,200100,0,0,0,0,0,0,0,0,0,0,0,0,0,0,0,0,0,0,2,1,0,0,0,0,0,0,0,0,2,,何晏,,@【史】@东汉大将军何进之孙，年少有为，为魏晋玄学的创始者之一，并为后世留下了许多文学名作。曹丕在位时未被授官职。曹叡认为他虚浮不实，也只授予他冗官之职。曹爽秉政时，何晏党附曹爽。高平陵之变后与曹爽同为司马懿所害，灭三族。\n^【演】^曹爽的心腹门客。曹爽奏请魏主曹芳加封司马懿为太傅，夺其兵权。用何晏为尚書。后来曹爽、何晏等随魏主曹芳出城，谒明帝墓，就去畋猎。司马懿乘机兵变，夺曹爽大权，并将其兄弟及何晏等心腹皆斩于市曹，灭其三族。,?-249,平叔,,,10031601,,,,魏,二星
100317,100317,20,2,1,8400,8500,7000,5100,1000,103,105,62,40,46,200100,0,0,0,0,0,0,0,0,0,0,0,0,0,0,0,0,0,0,2,3,0,0,0,0,0,0,0,0,2,,文聘,,@【史】@三国时期曹魏名将。本来是荆州刘表的大将。刘表死后，其子刘琮降曹操。文聘初不随见曹操，直至曹操召聘相见。曹操仍旧让他守卫江夏，使其典北兵、镇荆江。文聘也不负曹操所望，守御荆城之际，多次引兵阻遏关羽之师，攻其辎重，烧其战船，立下莫大之功，成为曹操倚为屏障的大将之一，威名远播。\n后又多从征讨，累封后将军，新野侯。曹叡即位之初，文聘在江夏击退了孙权的进攻。死后追谥曰壮。\n^【演】^在《三国演义》中，本来是荆州刘表的大将，镇守荆北。后来刘表死后，其子刘琮继位，议降曹操。刘琮降于曹操后，文聘初不随见曹操，直至曹操召聘相见。曹操委以兵马之重，令其引军追击刘备；然而追上刘备后，被刘备片言责退。赤壁战前夕，文聘为阻止黄盖伪船来闯，独引小舟拦截，却被敌军弓箭所伤。\n后来文聘多从征讨，于国有功。曹丕即位后，举军造舟以攻东吴，以文聘等将作先行，却为吴将徐盛所破。文聘不避险阻，棹舟上龙船，亲负曹丕脱险，曹丕方免于难。\n\n@本武将设计建议来自：@\n@【129区玩家：王者归来】@,?,仲业,,,10031701,,,,魏,四星
100318,100318,35,1,4,1000,1000,1000,1000,1000,12,12,12,12,69,200100,0,0,0,0,0,0,0,0,0,0,0,0,0,0,0,0,0,0,5,2,0,0,0,0,0,0,0,0,1,,蔡瑁＆张允,,@【史】@张允与蔡瑁有姻亲之谊，二人同事刘表。刘表死后，共同迫刘琮降伏曹操，尔后仕入曹操麾下。\n^【演】^在《三国演义》中，在投降曹操后位列将军，与蔡瑁一起统领水军。因他们深通养练水军之法，深为周瑜所忌。在赤壁之战前，由于周瑜的离间计，被曹操处决。,?,,,,"10031801,10031802",,,,群,三星
100319,100319,20,1,2,1000,1000,1000,1000,1000,8,8,8,8,44,200100,0,0,0,0,0,0,0,0,0,0,0,0,0,0,0,0,0,0,2,1,0,0,0,0,0,0,0,0,1,,钟繇,,@【史】@三国时期曹魏著名书法家、政治家。钟繇早年相貌不凡，聪慧过人。历任尚书郎、黄门侍郎等职，助汉献帝东归有功，封东武亭侯。后被曹操委以重任，为司隶校尉，镇守关中，功勋卓著。以功迁前军师。魏国建立，任大理，又升为相国。曹魏建立后，历任廷尉、太尉、太傅等职，累封定陵侯。在魏文帝时期，与华歆、王朗并为三公。太和四年（230年），钟繇去世，年八十，谥号“成”。正始四年（243年），配享曹操庭庙。\n^【演】^在《三国演义》中，钟繇形象与正史相似。初为长安郡守，马超反叛时，引军攻打长安，钟繇率军防卫。后城破，钟繇从东门弃城而走，退守潼关。后奉献帝令繇草拟诏令，册立曹操为魏王，曹操以钟繇为相国。明帝即位时，钟繇为太傅。诸葛亮北伐，钟繇举荐司马懿前往抵御。,151-230,元常,,,10031901,,,,魏,二星
100320,100320,20,2,1,1000,1000,1000,1000,1000,8,8,8,8,44,200100,0,0,0,0,0,0,0,0,0,0,0,0,0,0,0,0,0,0,4,1,0,0,0,0,0,0,0,0,2,,贾华,,^【演】^是《三国演义》中的虚构人物，吴国大帝孙权配下护卫将领，不见正史记载。在孙权的妹妹孙尚香与刘备的婚礼上，奉吕范之名暗害刘备，但计划败露。孙尚香之母吴国太大怒，欲将其处以极刑，后得刘备求情才留住性命。,?,,,,10032001,,,,吴,二星
100321,100321,20,2,2,7500,5000,5200,2100,1500,55,37,38,16,66,200160,0,0,0,0,0,0,0,0,0,0,0,0,0,0,0,0,0,0,4,1,0,0,0,0,0,0,0,0,2,,贺齐,,@【史】@吴国名将。早年在平定山越的战争中立有大功，又讨平叛乱无数，身经百战，所向披靡，深受孙权器重。后来在与魏国的多次边境争斗中也屡立战功，官至后将军。,?-227,公苗,,,10032101,,,,吴,二星
100322,100322,20,2,1,1000,1000,1000,1000,1000,8,8,8,8,46,200100,0,0,0,0,0,0,0,0,0,0,0,0,0,0,0,0,0,0,4,2,0,0,0,0,0,0,0,0,2,,吾粲,,@【史】@三国时期吴国大臣。吾粲初为县中小吏，后得县长孙河赏识，担任曲阿县丞，又升任长史，治理有声名政绩，与同郡人陆逊、卜静等齐名。孙权任车骑将军，征召吾粲为主簿，外任山阴县令，入朝为参军校尉。黄武元年（222年），与吕范、贺齐等以水军抗击魏将曹休，升任会稽太守。\n后任昭义中郎将，与吕岱讨平山越，入朝又任屯骑校尉、少府、太子太傅。赤乌年间，孙权欲废太子孙和，而立鲁王孙霸，他坚持“嫡庶之分”，违忤孙权。后被孙霸等人诬陷，下狱处死。\n^【演】^在《三国演义》中，吾粲在孙权招贤纳士之时投奔东吴。,?-245,孔休,,,10032201,,,,吴,三星
100323,100323,20,2,1,1000,1000,1000,1000,1000,8,8,8,8,44,200100,0,0,0,0,0,0,0,0,0,0,0,0,0,0,0,0,0,0,4,1,0,0,0,0,0,0,0,0,2,,太史享,,@【史】@太史慈之子，建昌都尉。亨历尚书、吴郡太守，官至越骑校尉。\n^【演】^在《三国演义》中，他是孙策部下名将太史慈的儿子。其父逝世之后，太史享继续辅佐孙权。,?,元复,,,10032301,,,,吴,二星
100324,100324,20,2,1,1000,1000,1000,1000,1000,8,8,8,8,44,200100,0,0,0,0,0,0,0,0,0,0,0,0,0,0,0,0,0,0,4,1,0,0,0,0,0,0,0,0,2,,士燮,,@【史】@汉末三国时期割据交州一带的军阀。在步骘接管交州时积极配合，归附孙权，被孙权加为左将军；此后又因诱降益州豪族雍闿而迁任卫将军，进封龙编侯。士氏家族是汉末三国实力雄厚的地方势力，士燮及其三个兄弟共领四郡，占岭南疆土过半。在岭南及越南历史上，士燮威望极高，不在南越王赵佗之下。后越南陈朝追赠士燮善感嘉应灵武大王。,137-226,威彦,,,10032401,,,,吴,二星
100325,100325,20,2,1,5000,7000,9000,2800,2500,62,105,134,35,166,200100,0,0,0,0,0,0,0,0,0,0,0,0,0,0,0,0,0,0,4,4,1,0,0,0,0,0,0,0,2,,孙氏,,@【史】@孙策之女。在孙策还是袁术之臣时，因为攻击陆康而与陆家对立。孙策死后陆逊投入孙权之下，为了巩固两家关系，孙权将孙氏嫁于陆逊。\n^【演】^在《三国演义》中，孙氏为孙策之女，陆逊之妻。,?,,,,10032501,,,,吴,五星
100326,100326,25,3,2,8500,7700,7000,8000,1000,113,93,76,115,50,200733,0,0,0,0,0,0,0,110119,0,0,0,0,0,0,0,0,0,0,3,3,1,0,0,1,0,0,0,0,"3,13,23",,夏侯月姬,,@【史】@张飞之妻、后主敬哀皇后之母、魏夏侯渊之弟女。父早亡，时兖、豫大乱，伯父渊以饥乏，弃其幼子，而活亡之。建安五年，时年十三四，在本郡，出行樵采，为张飞所得。飞知其良家女，遂以为妻，产息女，为刘禅皇后。渊之初亡，飞妻请而葬之。,187-?,,,,10032601,"6,1",,,蜀,四星
100327,100327,20,2,1,1000,1000,1000,1000,1000,8,8,8,8,44,200100,0,0,0,0,0,0,0,0,0,0,0,0,0,0,0,0,0,0,3,1,0,0,0,0,0,0,0,0,2,,赵累,,@【史】@赵累，三国时蜀汉将领，隶属于关羽。建安后期，赵累任关羽所置的都督一职。\n^【演】^在《三国演义》中，赵累是荆州管粮都督。为败走的关羽出谋略，随羽从麦城逃出，但遇到东吴伏兵，战死。,?-219,,,,10032701,,,,蜀,二星
100328,100328,20,2,2,8200,7900,5600,4000,1800,101,79,50,40,120,200100,0,0,0,0,0,0,0,0,0,0,0,0,0,0,0,0,0,0,3,3,0,0,0,0,0,0,0,0,2,,夏侯霸,,@【史】@三国时期魏国和蜀汉后期的重要将领，夏侯渊次子。在魏国官至右将军、讨蜀护军，封爵博昌亭侯，屯驻陇西；在蜀汉时为主要北伐将领，多次参加御蜀和伐魏战争。嘉平元年（249年），司马懿发动政变，诛灭曹爽。征西将军夏侯玄被调入朝，由雍州刺史郭淮接任征西将军。夏侯玄是夏侯霸的堂侄、曹爽的表弟。夏侯霸从前得到曹爽的厚待，与郭淮不和。曹爽被司马懿所害后，他心中不安，投奔蜀汉，被任命为车骑将军，曾随姜维伐魏。\n^【演】^在《三国演义》中，为夏侯渊的长子而非次子。夏侯霸弓马娴熟，由曹爽推举的心腹部将，多次抵御蜀汉的侵扰。在征伐辽东公孙渊时，不到数回合砍掉辽东大将军卑衍，辽东军大乱。后来司马懿政变，曹爽被害，夏侯玄被调离，夏侯霸看出司马懿的野心，遂起兵造反，却被郭淮击败。走投无路不得已降蜀，夏侯霸投蜀时已经是一个年华老去的将领。夏侯霸在蜀时追随姜维北伐，曾不到十回合打败郭淮救出姜维，最终却在洮阳之战中邓艾伏击被射死。,?-262,仲权,,,10032801,,,,蜀,四星
100329,100329,20,2,1,5200,8500,8200,3400,1800,57,95,91,34,108,200071,0,0,0,0,0,0,0,210037,0,0,0,0,0,0,0,0,0,0,3,3,1,0,0,1,0,0,0,0,"2,12,22",,敬哀皇后,,@【史】@张飞长女，蜀汉后主刘禅第一任皇后。221年作为太子刘禅的妃子入宫；223年被立为皇后。237年逝世，其妹成为刘禅之皇后。她通常被称为敬哀皇后，其妹则被称为张皇后。\n^【演】^在《三国演义》中，敬哀皇后为人贤惠，十七岁时，诸葛亮上言后主刘禅立其为正宫皇后。,?-237,,,,10032901,3,,,蜀,四星
100330,100330,20,2,1,6100,6400,8300,3800,1600,47,49,64,30,74,200669,0,0,0,0,0,0,0,0,0,0,0,0,0,0,0,0,0,0,3,2,0,0,0,0,0,0,0,0,"2,12",,邓芝,,@【史】@蜀汉重臣。为人任官清廉、严谨，有治绩，深受刘备重用。刘备逝世后，奉命出使吴国，成功修复两国关系，并深为孙权所欣赏。\n^【演】^在《三国演义》中，邓芝形象与正史相似。原为刘璋手下，刘备取蜀之际归降。邓芝曾向诸葛亮献联吴抗曹之计，奉命出使东吴，顺利完成使命，为孙权所敬服。第一次北伐之际，邓芝任中监军，同赵云伏兵箕谷，后蜀军撤退，唯赵云、邓芝军不损兵将。,?-251,伯苗,,,10033001,,,,蜀,三星
100331,100331,20,2,2,7700,8300,6400,3200,1700,77,102,57,32,102,200653,0,0,0,0,0,0,0,110114,0,0,0,0,0,0,0,0,0,0,3,3,0,0,0,1,0,0,0,0,"2,12,22",,霍弋,,@【史】@三国蜀汉至西晋初时将领，霍峻之子。尽言规谏刘禅，甚为得体。后永昌郡蛮夷作乱，刘禅以霍弋领永昌太守，率军讨伐，斩其豪帅。邓艾偷袭阴平，霍弋想率军救援成都，但刘禅以成都已有准备，不准，后刘禅投降，霍弋在得知司马氏善待刘禅后，才率领南中六郡投降。\n^【演】^初为蜀建宁太守，弋闻成都不守，素服望西大哭三日。诸将皆劝速降，弋不从。后弋探听得后主受封，遂率部下军士来降。,?,绍先,,,10033101,1,,,蜀,四星
100332,100332,20,2,1,1000,1000,1000,1000,1000,8,8,8,8,44,200100,0,0,0,0,0,0,0,0,0,0,0,0,0,0,0,0,0,0,3,1,0,0,0,0,0,0,0,0,2,,黄皓,,@【史】@蜀国的宦官。董允死后，与侍中陈祗互为表里，开始参与朝政。陈祗死后，黄皓总揽朝政、操弄威权，并排挤在北伐前线的大将军姜维。蜀国灭亡后，司马昭因为黄皓祸国殃民，将他凌迟处死。\n^【演】^在《三国演义》中，黄皓的形象与正史大体相同，与正史主要不同在于将姜维两次战斗的退败直接归罪于黄皓的谗言，而且补充了黄皓的死亡结局。,?-264,,,,10033201,,,,蜀,二星
100333,100333,20,2,1,1000,1000,1000,1000,1000,8,8,8,8,44,200100,0,0,0,0,0,0,0,0,0,0,0,0,0,0,0,0,0,0,3,1,0,0,0,0,0,0,0,0,2,,诸葛瞻,,@【史】@三国时期蜀汉大臣，蜀汉丞相诸葛亮之子。邓艾伐蜀时，他与长子诸葛尚及蜀将张遵、李球、黄崇等人防御绵竹，因不听黄崇速占险要的建议而坐失良机，后来出城与邓艾决战，在交战时阵亡，绵竹也随后失守。\n^【演】^在《三国演义》中，诸葛瞻的生平和正史大体相当。自幼聪敏，诸葛亮死后不久，诸葛瞻之母黄氏也去世，遗教诸葛瞻以“忠孝”二字。诸葛瞻袭其父诸葛亮武乡侯之爵。景耀四年迁行军护卫将军后与邓艾交战失利。遂修书请东吴发兵救援。东吴派老将丁奉率精兵援救，然救兵仅至巴丘，未进蜀境，诸葛瞻只好再度出战，被重兵包围，中箭落马，最后自刎殉国。诸葛瞻之子诸葛尚也战死沙场，邓艾怜其忠，将诸葛瞻父子合葬。而后丁奉得知消息，遂领兵还建业。,227-263,思远,,,10033301,,,,蜀,二星
100334,100334,25,2,2,5600,8800,7800,2700,1400,54,128,84,29,101,200654,0,0,0,0,0,0,0,210043,0,0,0,0,0,0,0,0,0,0,3,3,0,0,0,1,0,0,0,0,"2,12,22",,黄权,,@【史】@原为刘璋部将，因劝谏刘璋勿引刘备入蜀，而为刘璋所疏远。刘璋战败，才降刘备。刘备称帝，将征伐东吴，黄权劝谏而不纳。刘备伐吴败还，而归途隔绝，黄权不得归，无奈之下率部降魏。\n^【演】^在《三国演义》中，黄权生平与正史大体相当，而在黄权归降的描写上略有不同。刘璋战败，刘备平定益州后，黄权闭门不降，刘备于是亲自前往请他，黄权才归降。,?-240,公衡,,,10033401,3,,,蜀,四星
100335,100335,20,1,4,6200,7400,8000,3800,800,45,54,57,28,35,200143,0,0,0,0,0,0,0,0,0,0,0,0,0,0,0,0,0,0,3,1,0,0,0,0,0,0,0,0,1,,李恢,,@【史】@蜀汉将领、官员。曾为刘璋属下，后投靠刘备。在平定南中的战争中立下赫赫战功，并于战后积极调配南中物资，有效地支持了蜀汉政府的财政。\n^【演】^在《三国演义》中，李恢的形象对比史实有较大的艺术修改。李恢初次出场时力劝刘璋不要迎接刘备，被刘璋命左右赶出。后经赵云引荐归降刘备，刘备欲劝降马超，李恢毛遂自荐作为说客，说服马超投降刘备。刘备取得益州时，李恢亦收到奖赏擢用。李恢在演义中并没有参加平定南中之战。,?-231,德昂,,,10033501,,,,蜀,二星
100336,100336,20,2,1,1000,1000,1000,1000,1000,9,9,9,9,50,200100,0,0,0,0,0,0,0,0,0,0,0,0,0,0,0,0,0,0,5,1,0,0,0,0,0,0,0,0,2,,邢道栄,,^【演】^在《三国演义》中，邢道荣是虚构的人物，为零陵太守刘度手下武将，被评价有万夫不当之勇。后被赵云刺死。,?-208,克比,,,10033601,,,,群,二星
100337,100337,25,2,2,7500,7200,8800,5800,1700,127,133,163,71,173,200603,0,0,0,0,0,0,0,110165,0,0,0,0,0,0,0,0,0,0,5,4,1,0,0,1,0,0,0,0,"2,12,32",,貂蝉,,^【演】^中国古代四大美女之一。其善歌舞，色伎俱佳，凭借自己的美貌智慧在诸侯争霸的战乱年代，辗转于各诸侯之间。她通过王允的安排成为了吕布的妾室，巧施连环计成功诱使吕布诛灭了董卓。,?,,,三战虎牢徒费力#凯歌却奏凤仪亭,10033701,"6,4",,,群,五星
100338,100338,20,3,2,6100,3300,4700,8000,100,54,30,42,71,6,200097,0,0,0,0,0,0,0,0,0,0,0,0,0,0,0,0,0,0,5,2,0,0,0,1,0,0,0,0,"3,23",,宋宪,,@【史】@吕布部将八健将之一。宋宪勇猛，武力过人。建安三年（198年），曹操攻吕布，与刘备围下邳。因同伴侯成送酒于吕布被吕布杖打，对吕布感到失望后怀恨在心，宋宪与魏续、侯成等执吕布的谋士陈宫及大将高顺，献城降，曹操遂诛吕布。后不见史书记载。\n^【演】^吕布麾下大将。见同僚侯成因为皮毛小事而遭棒责，与侯成、魏续一起投降了曹操。后来与袁绍军交战时，死在猛将颜良刀下。,?-200,,,,10033801,,,,群,三星
100339,100339,25,3,2,7100,4200,3400,8800,200,68,40,33,84,12,200666,0,0,0,0,0,0,0,0,0,0,0,0,0,0,0,0,0,0,5,2,0,0,0,0,0,0,0,0,"3,23",,张燕,,@【史】@东汉末黑山军首领。张燕剽捍，敏捷过人，军中称为“飞燕”。官渡之战时投降曹操，被任命为平北将军，封安国亭侯。死后其子张方袭爵。\n^【演】^在《三国演义》中，张燕是黑山军首领。吕布自长安出逃后一度投奔袁绍，与袁绍共破张燕于常山。公孙瓒被围于易京，曾遣人求救于张燕，但送信人半途被袁绍截住。曹操击破袁谭后，张燕来降，被封为平北将军，与李典、乐进一同攻壶关。,?,,,,10033901,,,,群,三星
100340,100340,20,1,3,2000,3400,9000,3100,1000,18,30,127,36,77,200686,0,0,0,0,0,0,0,210044,0,0,0,0,0,0,0,0,0,0,5,3,0,0,0,1,0,0,0,0,"1,11,21",,于吉,,@【史】@东汉末年黄老道代表人物之一，史书有两种说法：（1）认为其即《太平经》作者。《后汉书·襄楷传》：“顺帝时，琅邪宫崇诣阙，上其师干吉于曲阳泉水上所得神书百七十卷，皆缥白素朱介青首朱目，号《太平青领书》。”（2）认为其乃三国时道士，《三国志·孙策传》注引《江表传》：“时有道士琅邪于吉，先寓居东方，往来吴会，立精舍，烧香读道书，制作符水以治病，吴会人多事之。”后为孙策所斩。\n^【演】^在《三国演义》中，于吉在吴郡、会稽一带为百姓治病，深得人心。孙策以蛊惑人心为由将他斩了。后策常受吉咒，死。,?-200,,,,10034001,2,,,群,四星
100341,100341,20,2,2,7500,5200,3000,2300,1500,66,46,27,21,80,200100,0,0,0,0,0,0,0,0,0,0,0,0,0,0,0,0,0,0,5,2,0,0,0,0,0,0,0,0,2,,俄何烧戈,,@【史】@三国时羌族首领。齐王芳正始八年，戈连同诸羌叛魏，围攻城池，南联蜀军。同年，魏将夏侯霸、郭淮率军平叛，斩戈等。\n^【演】^羌族首领迷当大王帐下武将。去劫魏寨，然中陈泰之计，被郭淮、陈泰包围而不能脱，遂自刎而死。,?-253,,,,10034101,,,,群,三星
100342,100342,25,3,2,7100,7600,4200,7900,600,98,105,40,109,35,200695,0,0,0,2,0,0,0,112130,0,0,0,0,0,0,0,0,0,0,5,3,0,0,0,1,0,0,0,0,"3,13,23",,张横,,@【史】@东汉末年凉州军阀。建安十六年，跟随马超起兵反抗曹操。同年九月，兵败后，下落不明。\n^【演】^在《三国演义》中，张横是关中将领，拥兵割据一方，是马超八健将之一。韩遂、马超讨伐曹操时，马超联合韩遂、张横、侯选、程银、李堪、梁兴、成宜、马玩、杨秋共十部势力起兵反抗曹操，渭南之战中被徐晃击败，他和程银死于陷坑之中。,?,,,,10034201,3,,,群,四星
100343,100343,25,3,2,7700,7900,4000,8500,100,106,109,38,117,6,200695,0,0,0,2,0,0,0,112131,0,0,0,0,0,0,0,0,0,0,5,3,0,0,0,1,0,0,0,0,"3,13,23",,李堪,,@【史】@于兴平年间起兵作乱，有部众数千家。后李堪联合马超、韩遂、侯选、程银、张横、梁兴、成宜、马玩、杨秋共十部势力起兵反抗曹操，被击败，临阵战死。\n^【演】^韩遂手下八部兵马将领之一，同马超、韩遂一起起兵反抗曹操。后马超中曹操离间之计，与韩遂火并，李堪等五将步战围攻马超，不能取胜，被马超砍死二人，李堪逃窜。混战中李堪又遇马超，被马超追赶。曹将于禁箭射马超，被闪过，误中李堪，李堪坠马而死。,?-211,,,,10034301,3,,,群,四星
100344,100344,25,3,2,7300,6800,4200,8800,200,101,94,40,122,12,200697,0,0,0,2,0,0,0,112132,0,0,0,0,0,0,0,0,0,0,5,3,0,0,0,1,0,0,0,0,"3,13,23",,马玩,,@【史】@拥兵割据一方。后马玩联合马超、韩遂、侯选、程银、李堪、张横、梁兴、杨秋共十部势力起兵反抗曹操，被击败。\n^【演】^韩遂手下旗本八骑之一，同马超、韩遂一起起兵反抗曹操。后马超中曹操离间之计，与韩遂火并，马玩等五将步战围攻马超，不能取胜。结果，马玩被马超砍死。,?,,,,10034401,3,,,群,四星
100345,100345,25,3,2,7400,6900,3800,8300,300,102,95,37,114,18,200698,0,0,0,2,0,0,0,112133,0,0,0,0,0,0,0,0,0,0,5,3,0,0,0,1,0,0,0,0,"3,13,23",,杨秋,,@【史】@汉末凉州军阀之一，三国时期魏国将领。建安十六年，从附马超起兵反抗曹操，兵败于渭南后，逃到安定。曹操兵围安定，杨秋降曹操，成为魏之名将。曹丕称帝后，秋为冠军将军，畤乡侯。征讨郑甘、卢水、平定关中。官至讨寇将军，封临泾侯。\n^【演】^在《三国演义》中，杨秋是马超八健将之一，同马超、韩遂一起起兵反抗曹操。后韩遂派杨秋为使前往曹营言割地求和之事。之后因遭中贾诩反间计的马超的攻击，杨秋等五将步战围攻马超，不能取胜，被马超砍死二人。杨秋逃窜，投降于曹操，被曹操封为列侯，守渭口，之后便不在演义中亮相。,?,,,,10034501,6,,,群,四星
100346,100346,25,3,2,7500,7700,4700,8500,500,104,106,45,117,29,200696,0,0,0,2,0,0,0,112134,0,0,0,0,0,0,0,0,0,0,5,3,0,0,0,1,0,0,0,0,"3,13,23",,侯选,,@【史】@从附马超起兵反抗曹操，失败后入汉中依附张鲁，曹操平定汉中后，侯选投降，被封官赐爵。\n^【演】^在《三国演义》中，侯选是韩遂手下旗本八骑之一，同马超、韩遂一起起兵反抗曹操。后马超中曹操离间之计，与韩遂火并，侯选等五将步战围攻马超，不能取胜，被马超砍死二人，侯选逃窜，投降于曹操。,?,,,,10034601,6,,,群,四星
100347,100347,25,3,2,6100,7800,5200,8600,200,84,108,50,119,12,200665,0,0,0,2,0,0,0,112135,0,0,0,0,0,0,0,0,0,0,5,3,0,0,0,1,0,0,0,0,"3,13,23",,程银,,@【史】@关中将领。于兴平年间起兵作乱，有部众数千家。后程银联合马超、韩遂、侯选、李堪、张横、梁兴、成宜、马玩、杨秋共十部势力起兵反抗曹操，被击败，逃入汉中。曹操平定汉中后，程银投降，被封官赐爵。\n^【演】^韩遂手下八部兵马将领之一，追随马超、韩遂一起兴兵雪恨，征伐曹操。跟韩遂、庞德等人夜袭曹操营寨，中埋伏，战死。,?,,,,10034701,1,,,群,四星
100348,100348,25,3,2,7800,6000,4400,8100,400,108,83,42,112,23,200697,0,0,0,2,0,0,0,112136,0,0,0,0,0,0,0,0,0,0,5,3,0,0,0,1,0,0,0,0,"3,13,23",,成宜,,@【史】@关中将领，拥兵割据一方。后成宜联合马超、韩遂、侯选、程银、李堪、张横、梁兴、马玩、杨秋共十部势力起兵反抗曹操，被击败，临阵战死。\n^【演】^韩遂手下八部兵马将领之一，追随马超、韩遂一起兴兵雪恨，征伐曹操。马超等人夜袭曹操营寨，先使成宜率三十骑往前哨探，侵入中军，被伏兵包围，成宜为夏侯渊所斩。,?-211,,,,10034801,6,,,群,四星
100349,100349,20,2,1,1000,1000,1000,1000,1000,9,9,9,9,53,200100,0,0,0,0,0,0,0,0,0,0,0,0,0,0,0,0,0,0,5,2,0,0,0,0,0,0,0,0,2,,刘璋,,@【史】@继父亲刘焉担任益州牧，为人懦弱多疑。曹操来袭时，听信手下张松、法正之言，迎刘备入益州抵抗曹操。不料此举乃引狼入室，被刘备反手攻击，法正又为刘备内应，刘璋不得已而投降。\n^【演】^在《三国演义》中，刘璋生平基本与正史相符。,?-220,季玉,,,10034901,,,,群,三星
100350,100350,20,1,4,1000,1000,1000,1000,1000,9,9,9,9,50,200100,0,0,0,0,0,0,0,0,0,0,0,0,0,0,0,0,0,0,5,1,0,0,0,0,0,0,0,0,1,,张鲁,,@【史】@东汉末年割据汉中一带的军阀，据传是西汉留侯张良的十世孙、天师道（五斗米道）教祖张陵之孙。张鲁为五斗米道的第三代天师（称系师），在诛张修后继续在汉中一带传播五斗米道，并自称“师君”。雄据汉中近三十年，后投降曹操，官拜镇南将军，封阆中侯，食邑万户。张鲁去世后谥号为“原”，葬于邺城东。\n^【演】^在《三国演义》中，张鲁为汉宁太守，继父祖之后传播五斗米教。刘璋害死张鲁之母，二人因此结仇，多次交战。刘备攻益州时，刘璋向张鲁求援。张鲁派马超前往，但马超投降刘备。张鲁后见曹操自封魏王，想要自立为汉宁王，为谋士阎圃劝免。后曹操讨汉中，张鲁败，众人劝其烧粮仓，张鲁认为这是国家之物，未听从，为曹操所称赞。不久投降曹操，任镇南将军。,?-245,公祺,,,10035001,,,,群,二星
100351,100351,30,1,4,8700,8900,7600,5800,900,118,134,79,70,56,200630,0,0,0,0,0,0,0,110106,0,0,0,0,0,0,0,0,0,0,5,3,0,0,0,1,0,0,0,0,"1,11,32",,张任,,@【史】@东汉末年益州牧刘璋的属下，官至益州从事。公元213年（建安十八年），在刘备进攻刘璋的战争中，张任率军迎战刘备，战败身死。\n^【演】^在《三国演义》中，张任以忠勇著称。刘备入蜀时，张任等文武官员出言劝谏刘璋提防刘备，刘璋不听。宴会之际，刘备手下谋士庞统策划让将军魏延舞剑，趁机除掉刘璋，张任见势，出面对舞，解救刘璋。刘备攻打刘璋，张任与诸将引兵对抗，并在落凤坡埋伏射死庞统。后诸葛亮从荆州前来支援刘备，用计擒获张任，张任宁死不降，遂被处斩。刘备感叹不已，令收其尸首，葬于金雁桥侧，以表其忠。,?-213,,,,10035101,3,,,群,四星
100352,100352,25,3,2,7200,7800,1800,8400,400,100,108,18,115,23,200696,0,0,0,2,0,0,0,112138,0,0,0,0,0,0,0,0,0,0,5,3,0,0,0,1,0,0,0,0,"3,13,23",,梁兴,,@【史】@关中将领，拥兵割据一方。后梁兴联合马超、韩遂、侯选、程银、李堪、张横、成宜、马玩、杨秋共十部势力起兵反抗曹操。梁兴率步骑五千人夜袭曹军先头部队徐晃，被击退。马超、韩遂联军失败后，梁兴逃到蓝田，劫掠周围郡县。夏侯渊、徐晃进攻蓝田征讨梁兴，梁兴战败被诛。\n^【演】^韩遂手下八部兵马将领之一，同马超、韩遂一起起兵反抗曹操。后马超中曹操离间之计，与韩遂火并，梁兴等五将步战围攻马超，不能取胜。结果梁兴被马超所斩。,?-212,,,,10035201,6,,,群,四星
100353,100353,20,3,1,7900,7600,5500,7800,300,70,67,49,69,16,200670,0,0,0,0,0,0,0,0,0,0,0,0,0,0,0,0,0,0,5,2,0,0,0,0,0,0,0,0,"3,13",,纪灵,,@【史】@袁术帐下将领，勇猛非常，曾奉命率军攻打小沛的刘备，在吕布辕门射戟的调停下撤兵。\n^【演】^在《三国演义》中，纪灵擅使六十五斤重三尖两刃刀。刘备进攻袁术时，他提兵迎战，同关羽大战三十合未见胜负。后提兵十万，攻打小沛，但在吕布的调解下退兵。袁术称帝后，分兵七路下徐州，任命纪灵为救应使，但未能挽回袁术兵败的命运。后袁术在北上投靠袁绍的途中，遭到刘备拦击，纪灵出战，十余合死于张飞矛下。,?-199,,,,10035301,,,,群,三星
100354,100354,20,2,2,1000,3600,9200,2900,1600,6,25,102,26,67,200678,0,0,0,0,0,0,0,310033,0,0,0,0,0,0,0,0,0,0,1,3,0,0,0,1,0,0,0,0,"2,12,22",,司马徽,,@【史】@东汉末年名士，精通道学、奇门、兵法、经学。有“水镜先生”之称。司马徽为人清雅，学识广博，有知人之明，并向刘备推荐了诸葛亮、庞统等人，受到世人的敬重。\n^【演】^刘备马跃檀溪后，偶然相遇司马徽。司马徽向刘备举荐诸葛亮和庞统，并称诸葛亮为“卧龙”，庞统为“凤雏”，刘备随后夜宿庄院。次日，司马徽自称“山野闲散之人”，谢绝了刘备请求他出山辅佐的好意。不久，赵云率军寻找到庄前，刘备便随赵云离开。其后，刘备准备拜访诸葛亮，司马徽想要探访徐庶，但徐庶已经中曹操的计策前往许昌，刘备向司马徽提起徐庶举荐诸葛亮的事情，司马徽再次力荐诸葛亮。,?-208,德操,,,10035401,6,,,汉,四星
100355,100355,15,2,2,2400,3000,8300,2900,1400,18,23,78,28,79,200682,0,0,0,0,0,0,0,210045,0,0,0,0,0,0,0,0,0,0,1,3,1,0,0,1,0,0,0,0,"2,11,22",,蔡夫人,,@【史】@荆州牧刘表的后妻，荆襄一带的豪族蔡氏家族的一员。她是诸葛亮之妻黄月英的姨母，以侄女妻表次子刘琮，因爱之，常毁刘琦而誉刘琮于表。表死，与蔡瑁等共排表长子刘琦，奉刘琮为嗣，寻降曹操。\n^【演】^在《三国演义》中，蔡夫人为荆州刺史刘表后妻、刘琮生母、蔡瑁之姐。心肠恶毒，因先主劝刘表立长子琦为嗣，深恨之，数次欲加害于琦。后表亡，借兄瑁之力，立子琮为主。操军到襄阳，蔡氏随子琮举州请降。操命琮为青州刺史，上任途中，命于禁将其母子二人灭口。,?,,,,10035501,6,,,汉,四星
100356,100356,20,2,1,1000,1000,1000,1000,1000,6,6,6,6,42,200100,0,0,0,0,0,0,0,0,0,0,0,0,0,0,0,0,0,0,1,2,0,0,0,0,0,0,0,0,2,,王粲,,@【史】@东汉末年文学家，“建安七子”之一，太尉王龚曾孙、司空王畅之孙。\n^【演】^在《三国演义》中，献帝西迁时，王粲徙至长安，左中郎将蔡邕见而奇之。后到荆州依附刘表。刘表以王粲其人貌不副其名而且躯体羸弱，不甚见重。刘表死后。王粲劝刘表次子刘琮，令归降于曹操。曹操辟王粲为丞相掾，赐爵关内侯。魏国始建宗庙，王粲与和洽、卫觊、杜袭同拜侍中。其时旧制礼仪废弛，朝内正要兴造制度，故使王粲与卫觊等典其事。与鲁国孔融、北海徐干、广陵陈琳、陈留阮瑀、汝南应玚、东平刘桢，合称建安七子。,177-217,仲宣,,,10035601,,,,汉,三星
100357,100357,20,1,4,6100,8200,7700,4200,1000,61,82,77,42,54,200100,0,0,0,0,0,0,0,0,0,0,0,0,0,0,0,0,0,0,1,3,0,0,0,0,0,0,0,0,1,,刘焉,,@【史】@刘璋之父，汉末群雄之一。黄巾起义时，刘焉欲取得一安身立命之所，割据一方。于是向朝廷求为益州牧。刘焉进入益州后，派张鲁盘踞汉中，张鲁截断交通，斩汉使，从此益州与中央道路不通。刘焉进一步对内打击地方豪强，巩固自身势力，益州因而处于半独立的状态。后因背疮迸发而卒，其子刘璋继领益州牧。\n^【演】^在《三国演义》中，刘焉主要在第一回登场，当时正值黄巾起义，刘焉初任幽州太守，发榜招募义兵以抗黄巾，在刘备说出自己身份后，刘焉大喜，遂认刘备为侄，后官至益州牧。之后在第五十九回提及刘焉于兴平元年患病疽而死，由其子刘璋袭位。,?-194,君郎,,,10035701,,,,汉,四星
100358,100358,25,1,3,9400,8100,4200,5300,700,177,142,39,86,45,200094,0,0,0,0,0,0,0,210013,0,0,0,0,0,0,0,0,0,0,3,4,1,0,0,1,0,0,0,0,"1,11,31",,张姬,,@【史】@张皇后，张飞次女，刘禅之妻。其姊敬哀皇后死后，于238年正月立为皇后。蜀汉灭亡后，随刘禅到洛阳。,?,,,姊妹椒房堪继美#册仪宣命左将军,10035801,1,,,蜀,五星
100359,100359,20,1,3,6500,5000,8200,5700,1000,59,45,108,57,54,200775,0,0,0,4,0,0,0,114159,0,0,0,0,0,0,0,0,0,0,1,3,1,0,0,1,0,0,0,0,"1,11,21",,袁姬,,@【史】@汉末军阀袁术之女，吴大帝孙权的妃子。袁术败亡后不久为孙吴皇族所得，入吴王宫拜为夫人。以节操品行著称。\n^【演】^在《三国演义》中，袁术死后，其侄袁胤带着袁术灵柩和他的妻子孩子逃奔庐江，但他们都被徐璆所害，并从他们手里夺得传国玉玺献给曹操。,?,,,,10035901,4,,,汉,四星
100360,100360,20,2,1,1000,1000,1000,1000,1000,6,6,6,6,42,200100,0,0,0,0,0,0,0,0,0,0,0,0,0,0,0,0,0,0,1,2,0,0,0,0,0,0,0,0,2,,武安国,,^【演】^在三国演义中，武安国是虚构的一位猛将。他是北海太守孔融的部将，兵器为一把重达一百多斤的流星铁锤，虎牢关被吕布一戟斩断手腕。,?,霸候,,,10036001,,,,汉,三星
100361,100361,15,3,1,4300,4500,4700,8000,200,36,38,39,67,10,200141,0,0,0,0,0,0,0,0,0,0,0,0,0,0,0,0,0,0,5,2,0,0,0,0,0,0,0,0,"3,23",,亲卫,,群雄武将亲卫骑兵。,?,,,,10036101,,,,群,三星
100362,100362,15,2,2,5200,4200,4000,2100,1500,38,31,29,16,65,200146,0,0,0,0,0,0,0,0,0,0,0,0,0,0,0,0,0,0,2,2,0,0,0,0,0,0,0,0,"2,12",,亲卫,,魏武将亲卫步兵。,?,,,,10036201,,,,魏,三星
100363,100363,15,2,2,4900,4800,4100,2000,1600,41,40,34,17,80,200151,0,0,0,0,0,0,0,0,0,0,0,0,0,0,0,0,0,0,5,2,0,0,0,0,0,0,0,0,"2,12",,亲卫,,群雄武将亲卫步兵。,?,,,,10036301,,,,群,三星
100364,100364,15,1,3,4900,4300,4400,5000,1000,36,31,32,36,44,200156,0,0,0,0,0,0,0,0,0,0,0,0,0,0,0,0,0,0,4,2,0,0,0,0,0,0,0,0,"1,11",,亲卫,,吴武将亲卫弓兵。,?,,,,10036401,,,,吴,三星
100365,100365,15,3,1,5100,5400,4600,8000,300,37,39,34,57,13,200161,0,0,0,0,0,0,0,0,0,0,0,0,0,0,0,0,0,0,2,2,0,0,0,0,0,0,0,0,"3,23",,亲卫,,魏武将亲卫骑兵。,?,,,,10036501,,,,魏,三星
100366,100366,15,2,2,5200,5400,5200,2500,1500,38,39,38,18,65,200153,0,0,0,0,0,0,0,0,0,0,0,0,0,0,0,0,0,0,3,2,0,0,0,0,0,0,0,0,"2,12",,亲卫,,蜀武将亲卫步兵。,?,,,,10036601,,,,蜀,三星
100367,100367,15,2,2,4000,5400,4900,2100,1500,29,39,36,16,65,200171,0,0,0,0,0,0,0,0,0,0,0,0,0,0,0,0,0,0,4,2,0,0,0,0,0,0,0,0,"2,12",,亲卫,,吴武将亲卫步兵。,?,,,,10036701,,,,吴,三星
100368,100368,15,1,3,4400,5300,5100,3100,700,37,44,43,26,35,200173,0,0,0,0,0,0,0,0,0,0,0,0,0,0,0,0,0,0,5,2,0,0,0,0,0,0,0,0,"1,11",,亲卫,,群雄武将亲卫步兵。,?,,,,10036801,,,,群,三星
100369,100369,30,2,2,2000,6500,8700,3500,1200,24,77,161,56,124,200732,0,0,0,0,0,0,0,110027,0,100369,0,0,0,0,0,0,0,0,1,4,0,0,0,0,0,0,0,0,"2,12,22",,华佗,,@【史】@华佗与董奉、张仲景并称为“建安三神医”。其人医术全面，尤其擅长外科，精于手术，钻研医术而不求仕途。晚年因遭曹操怀疑，下狱被拷问致死。\n^【演】^人称神医，传有百岁。以麻沸散为麻醉药施行手术。曾经救重伤的周泰、为关羽刮骨疗毒。后被怀疑有谋害曹操的企图，死在狱中。托付给狱吏的医学书《青囊书》也被毁掉。 ,145-208,元化,,饥饱无度则伤脾#思虑过度则伤心,10036901,5,,,汉,五星
100370,100370,15,1,4,3500,4200,4000,4500,800,22,26,25,28,30,200140,0,0,0,0,0,0,0,0,0,0,0,0,0,0,0,0,0,0,1,1,0,0,0,1,0,0,0,0,1,,禁军,,国都禁军弓兵。,?,,,,10037001,,,,汉,二星
100371,100371,15,2,2,3800,3100,3500,2200,1300,24,19,22,14,48,200150,0,0,0,0,0,0,0,0,0,0,0,0,0,0,0,0,0,0,1,1,0,0,0,1,0,0,0,0,2,,禁军,,国都禁军步兵。,?,,,,10037101,,,,汉,二星
100372,100372,30,2,2,7000,7600,8700,5600,1500,141,153,176,75,135,200790,0,0,0,0,0,0,0,410006,0,0,0,0,0,0,0,0,0,0,5,4,1,0,0,1,0,0,0,0,"2,12,22",,妲己,,中国古代四大妖姬之一。殷朝末期祸乱纣王的妖姬，是难得一见的绝世美女。纣王沉迷于妲己的美色，荒理朝政，对她言听计从，到了“妲己之所誉贵之，妲己之所憎诛之”的地步，使商朝灭亡，最后被周武王所诛。,?,,,妲己配纣，惑乱是修#纣既无道，遂败牧野,10037201,"6,4",,,群,五星
100374,100374,20,3,2,6000,6500,8000,9000,300,94,121,149,141,26,200936,0,0,0,0,0,0,0,210014,0,0,0,0,0,0,0,0,0,0,5,4,1,0,0,1,0,0,0,0,"3,13,23",,妺喜,,@【史】@夏朝最后一位君主夏桀的王后。夏桀在位时，发动大军攻打有施氏，有施兵败求和，并得到妺喜。夏桀得到妺喜后，更加荒淫无度。妺喜有三个癖好：一是笑看人们在规模大到可以划船的酒池里饮酒；二是笑听撕裂绢帛的声音；三是喜欢穿戴男人的官帽。,?,,,恶来妺喜其猖獗#众皆狐媚以贪婪,10037401,"6,2",,,群,五星
100376,100376,25,3,2,6200,5800,7600,8000,600,125,107,153,110,78,200887,0,0,0,0,0,0,0,110022,0,0,0,0,0,0,0,0,0,0,5,4,1,0,0,1,0,0,0,0,"3,13,23",,褒姒,,@【史】@中国古代四大妖姬之一，周幽王攻打褒国，褒国兵败，献出褒姒乞降。周幽王爱之如掌上明珠，之后更是废黜申后，而立褒姒为王后；褒姒冷艳少笑，周幽王为博其一笑，烽火戏诸侯。最终西周灭亡，褒姒亦遭劫掳，从此下落不明。,?,,,只知一笑倾人国#不觉胡尘满玉楼,10037601,2,,,群,五星
100377,100377,35,1,3,8400,8300,5500,6200,700,186,168,70,91,109,200851,0,0,0,0,0,0,0,110021,0,0,0,0,0,0,0,0,0,0,5,4,1,0,0,1,0,0,0,0,"1,11,21",,骊姬,,"@【史】@春秋时代骊戎国君的女儿，有姿色，攻心计。被晋献公虏入晋国，成为晋献公的妃子。她使计离间了献公与申生、重耳、夷吾父子兄弟之间的感情，并设计害死了太子申生，制造了""骊姬倾晋""的事件。",?,,,毛嫱丽姬，人之所美#鱼见深入，鸟见高飞,10037701,6,,,群,五星
100378,100378,20,1,2,7600,5000,7100,4200,600,76,50,101,42,33,200604,0,0,0,0,0,0,0,210040,0,0,0,0,0,0,0,0,0,0,1,3,1,0,0,1,0,0,0,0,"1,11,21",,伏寿,,@【史】@汉献帝皇后，徐州琅邪郡东武县（今山东诸城）人，西汉大司徒伏湛八世孙，父亲是学者伏完，母为阳安长公主刘华。作为皇后二十年，于建安十九年被曹操幽闭而死。\n^【演】^在《三国演义》中，伏寿的生平与正史大体相当，不过在小说里，伏寿并非病死，而是与伏完一起谋划除掉曹操，但遭曹操发现而被族灭。有诗叹曰：“曹瞒凶残世所无，伏完忠义欲何如。可怜帝后分离处，不及民间妇与夫！”,?-214,,,,10037801,6,,,汉,四星
100379,100379,20,2,2,3200,7800,6100,2700,1700,32,103,61,27,92,200605,0,0,0,0,0,0,0,210041,0,0,0,0,0,0,0,0,0,0,1,3,1,0,0,1,0,0,0,0,"2,12,22",,杜氏,,@【史】@初为吕布麾下秦宜禄之妻，生子秦朗。吕布被围时，关羽曾向曹操讨要杜氏，曹操不允，后曹操自纳之，又生曹林、曹衮、金乡公主。,?,,,,10037901,2,,,汉,四星
100396,100396,20,2,1,4300,7500,8900,2600,1400,38,66,79,23,74,200118,0,0,0,0,0,0,0,0,0,0,0,0,0,0,0,0,0,0,5,2,0,0,0,0,0,0,0,0,"2,12",,法正,,@【史】@原为刘璋部下，刘备围成都时劝说刘璋投降，而后又与刘备进取汉中，献计将曹操大将夏侯渊斩首。法正善奇谋，深受刘备信任和敬重，被陈寿称赞为可比魏国的程昱和郭嘉。\n^【演】^在《三国演义》中，法正的生平事迹与正史大体相当。原为刘璋部属，与张松、孟达合谋献益州给刘备。在涪城大会上，与庞统一起策划刺刘璋的计划。伐蜀成功后，曾与诸葛亮讨论治法之事。后来任蜀郡太守时公报私仇，听闻诸葛亮向他人的解释后有所收敛。曹刘争汉中时，说服刘备亲征，又受诸葛亮之命助黄忠斩夏侯渊。,176-220,孝直,,,10039601,,,,群,三星
100398,100398,40,2,1,8600,7700,5700,2500,1900,149,134,62,36,179,200606,0,0,0,0,0,0,0,110098,0,0,0,0,0,0,0,0,0,0,3,3,0,0,0,1,0,0,0,0,"2,12,32",,关兴＆张苞,,@【史】@关兴为关羽次子，蜀汉后期重要将领，在诸葛亮第六次北伐之前病逝。张苞为张飞长子，早夭。\n^【演】^在《三国演义》中，关兴和张苞是关系很好的结拜兄弟，两人并称“小关张”。在蜀军中的表现相当活跃。,?,,,,"10039801,10039802",1,,,蜀,四星
100401,100401,200,1,3,0,0,0,0,0,0,0,0,0,0,200253,0,0,0,0,1,0,0,0,0,0,0,0,0,0,0,0,0,0,5,3,0,1,0,1,0,0,0,0,1,2,孙子兵法·始计,,    孙子曰：“兵者，诡道也。故能而示之不能，用而示之不用，近而示之远，远而示之近。利而诱之，乱而取之，实而备之，强而避之，怒而挠之，卑而骄之，佚而劳之，亲而离之。攻其无备，出其不意，此兵家之胜，不可先传也。”,?,,,,0,,,,群,四星
100402,100402,15,2,1,7800,3300,3500,3100,1500,61,26,28,25,71,200100,0,0,0,0,0,0,0,0,0,0,0,0,0,0,0,0,0,0,5,1,0,0,0,0,0,0,0,0,2,,,,大贤良师张角的二弟，自称地公将军。和张角、张梁一起发动了黄巾军起义。\n据说会使用妖术，使得皇甫嵩和朱儁数次陷入苦战。最后被朱儁的部下严政所诛。,?,,,,10040201,,,,群,二星
100403,100403,200,1,3,0,0,0,0,0,0,0,0,0,0,200822,0,0,0,0,3,0,0,0,0,0,0,0,0,0,0,0,0,0,5,3,0,1,0,1,0,0,0,0,1,2,六韬·文韬,,    太公曰：“凡兵之道，莫过乎一 。外乱而内整，示饥而实饱，内精而外钝，敌不知我所备。兵胜之术，密察敌人之机，而速乘其利，复疾击其不意。”,?,,,,0,,,,群,四星
100404,100404,200,1,3,0,0,0,0,0,0,0,0,0,0,200820,0,0,0,0,3,0,0,0,0,0,0,0,0,0,0,0,0,0,5,3,0,1,0,0,0,0,0,0,1,2,六韬·武韬,,    文王问太公曰：“文伐之法奈何？”\n    太公曰：“凡文伐有十二节：\n    “一曰，因其所喜，以顺其志，彼将生骄，必有好事，苟能因之，必能去之。\n    “二曰，亲其所爱，以分其威。一人两心，其中必衰。廷无忠臣，社稷必苊。\n    “三曰，阴赂左右，得情甚深，身内情外，国将生害。\n    “四曰，辅其淫乐，以广其志，厚赂珠玉，娱以美人。卑辞委听，顺命而合。彼将不争，奸节乃定。\n    “五曰，严其忠臣，而薄其赂，稽留其使，勿听其事。亟为置代，遗以诚事。亲而信之，其君将复合之，苟能严之，国乃可谋。\n    “六曰，收其内，间其外，才臣外相，敌国内侵，国鲜不亡。\n    “七曰，欲锢其心，必厚赂之；收其左右忠爱，阴示以利；令之轻业，而蓄积空虚。\n    “八曰，赂以重宝，因与之谋，谋而利之，利之必信，是谓重亲；重亲之积，必为我用，有国而外，其地大败。\n    “九曰，尊之以名，无难其身；示以大势，从之必信，致其大尊；先为之荣，微饰圣人，国乃大偷。\n    “十曰，下之必信，以得其情；承意应事，如与同生；既以得之，乃微收之；时及将至，若天丧之。\n    “十一曰，塞之以道。人臣无不重贵与富，恶死与咎。阴示大尊，而微输重宝，收其豪杰。内积甚厚，而外为乏。阴纳智士，使图其计；纳勇士，使高其气。富贵甚足，而常有繁滋。徒党已具，是谓塞之。有国而塞，安能有国。\n    “十二曰：养其乱臣以迷之，进美女淫声以惑之，遗良犬马以劳之，时与大势以诱之，上察而与天下图之。\n    “十二节备，乃成武事。所谓上察天，下察地，征已见，乃伐之。”,?,,,,0,,,,群,四星
100405,100405,200,1,3,0,0,0,0,0,0,0,0,0,0,200821,0,0,0,0,3,0,0,0,0,0,0,0,0,0,0,0,0,0,5,3,0,1,0,1,0,0,0,0,1,2,六韬·龙韬,,    太公曰：“将不身服止欲，无以知士卒之饥饱。将与士卒共寒暑、劳苦、饥饱，故三军之众闻鼓声则喜，闻金声则怒。高城深池，矢石繁下，士争先登。白刃始合，士争先赴。士非好死而乐伤也，为其将知寒暑、饥饱之审，而见劳苦之明也。”,?,,,,0,,,,群,四星
100406,100406,200,1,3,0,0,0,0,0,0,0,0,0,0,200823,0,0,0,0,3,0,0,0,0,0,0,0,0,0,0,0,0,0,5,3,0,1,0,1,0,0,0,0,1,2,六韬·犬韬,,    太公曰：“敌人新集可击，人马未食可击，天时不顺可击，地形未得可击，奔走可击，不戒可击，疲劳可击，将离士卒可击，涉长路可击，济水可击，不暇可击，阻难狭路可击，乱行可击，心怖可击。”,?,,,,0,,,,群,四星
100414,100414,20,2,2,4400,6000,5600,3900,1400,31,42,39,27,57,200185,0,0,0,0,0,0,0,0,0,0,0,0,0,0,0,0,0,0,1,2,0,0,0,1,0,0,0,0,"2,22",,少帝,,@【史】@刘辩，灵帝驾崩后继位为帝。由于年幼，实权掌握在其母亲何太后和母舅大将军何进手中。少帝在位时期，东汉政权已经名存实亡，他即位后不久即遭遇以何进为首的外戚集团和以十常侍为首的内廷宦官集团这两大敌对政治集团的火并，被迫出宫，回宫后又受制于以“勤王”为名进京的凉州军阀董卓，终于被废为弘农王，成为东汉唯一被废黜的皇帝，其同父异母弟陈留王刘协继位为帝，是为汉献帝。被废黜一年之后，刘辩在董卓胁迫下自尽，时年仅十五岁。\n^【演】^在《三国演义》中，其生平与正史基本一致。不过小说中刘辩被废之后因作“怨望之诗”而被董卓抓住把柄，与母亲何太后、妻唐姬同日在永安宫被李儒所害，何太后被李儒推下楼跌死，刘辩被灌毒酒而死，唐姬被绞死。但历史上则是被迫迁于永安宫的何太后先被毒死，未作诗而被置于阁上的刘辩被迫服毒酒而死，唐姬则活到了李傕之乱以后。,?,,,,10041401,,,,汉,三星
100418,100418,20,2,2,1100,1600,9400,2200,1700,9,13,115,22,102,200100,0,0,0,0,0,0,0,0,0,0,0,0,0,0,0,0,0,0,2,3,0,0,0,0,0,0,0,0,2,,,,神秘的仙人，曾说刘备将夺取天下而激怒曹操。曹操于是命人逮捕了数百与左慈容貌相同的人。\n这些人被斩首时从头部冒出的青烟变成了驾鹤的左慈，左慈预言曹操的死期之后消失。,?,,,,10041801,,,,魏,四星
100419,100419,20,2,2,8700,8900,6900,1000,1800,97,99,53,10,120,200100,0,0,0,0,0,0,0,0,0,0,0,0,0,0,0,0,0,0,2,3,0,0,0,0,0,0,0,0,2,,夏侯惇,,@【史】@汉末年三国时期曹魏名将，西汉开国元勋夏侯婴的后代。少年时以勇气闻名于乡里。曹操起兵，夏侯惇是其最早的将领之一。与吕布军交战时，曾一度被擒为人质，又被流矢射瞎左眼。多次为曹操镇守后方，曾率军民阻断太寿河水，筑陂塘灌溉农田，使百姓受益，功勋卓著。历任折冲校尉、济阴太守、建武将军，官至大将军，封高安乡侯，追谥忠侯。青龙元年（233年），得以配享太祖（曹操）庙庭。\n^【演】^在《三国演义》中，夏侯惇在徐州攻防战时迎战吕布部将高顺，高顺败逃，夏侯惇从后追赶，不料遭另一名敌将曹性射箭偷袭。夏侯惇左眼被射中，痛得怒吼一声便匆忙用手拔箭，却不慎连着眼珠子拔了出来。夏侯惇立即大喊：“父精母血，不可弃也！”便把眼睛塞进嘴巴吞咽下去；然后又挺枪纵马，上前斩了曹性报回一箭之仇。,?-220,元让,,,10041901,,,,魏,四星
100420,100420,30,3,2,8800,9200,5400,9100,200,114,121,49,132,15,200699,0,0,0,2,0,0,0,112137,0,0,0,0,0,0,0,0,0,0,2,3,0,0,0,1,0,0,0,0,"3,13,23",,夏侯渊,,@【史】@东汉末年名将，擅长千里奔袭作战，官至征西将军，封博昌亭侯。初期随曹操征伐，官渡之战为曹操督运粮草，又督诸将先后平定昌豨、徐和、雷绪、商曜等叛乱。后率军驻凉州，逐马超、破韩遂、灭宋建、横扫羌、氐，虎步关右。张鲁降曹操后夏侯渊留守汉中，与刘备相拒逾年，于定军山被刘备部将黄忠所袭，战死，谥曰愍侯。\n^【演】^在《三国演义》中，夏侯渊是夏侯婴之后、大将军惇族弟。自曹操陈留起兵起，便跟随征伐，历任陈留、颍川太守。官渡之战后，夏侯渊负责粮草补给，保证了曹操平定北方。而后夏侯渊又率兵四处征讨叛乱，破昌豨、徐和、雷绪、商曜等，战功卓著。而后夏侯渊督张郃、徐晃等留守汉中，与前来取汉中的刘备大军交战，为刘备将黄忠所袭，不幸战死。谥曰愍侯。魏齐王正始四年从祀曹操庙庭。,?-219,妙才,,,10042001,1,,,魏,四星
100421,100421,25,3,2,9300,8400,6400,7500,400,123,111,53,90,23,200628,0,0,0,0,0,0,0,110101,0,0,0,0,0,0,0,0,0,0,2,3,0,0,0,1,0,0,0,0,"3,13,23",,徐晃,,@【史】@三国时期曹魏名将。本为杨奉帐下骑都尉，杨奉被曹操击败后转投曹操，在曹操手下多立功勋，参与官渡、赤壁、关中征伐、汉中征伐等几次重大战役。樊城之战中徐晃作为曹仁的援军击败关羽，因于此役中治军严整而被曹操称赞“有周亚夫之风”。曹丕称帝后，徐晃被加为右将军，于公元227年病逝，谥曰壮侯。\n^【演】^在《三国演义》中，徐晃的生平与正史大体相当。,?-227,公明,,,10042101,1,,,魏,四星
100423,100423,20,2,1,1000,1000,1000,1000,1000,12,12,12,12,67,200100,0,0,0,0,0,0,0,0,0,0,0,0,0,0,0,0,0,0,4,3,1,0,0,0,0,0,0,0,2,,徐夫人,,@【史】@徐夫人，吴郡富春人，吴郡豪族徐琨之女，吴大帝孙权之妻。徐氏初嫁予陆尚，陆尚殁后嫁给时为讨虏将军的孙权为妻，并抚养庶长子孙登。徐氏因善妒不受孙权宠爱，被孙权废黜于吴郡。孙权称帝后，群臣请立徐氏为后，但孙权已属意步氏，遂不许。\n^【演】^在《三国演义》中，徐夫人为吴太子孙登生母，其他生平与正史大体相当。,?,,,,10042301,,,,吴,四星
100424,100424,35,2,2,8000,5000,8800,3100,3000,114,88,155,50,288,200652,0,0,0,0,0,0,0,210010,0,0,0,0,0,0,0,0,0,0,4,4,1,0,0,1,0,0,0,0,"2,22,32",,小乔＆大乔,,@【史】@小乔、大乔分别为周瑜、孙策之妾。两人并称为“江东二乔”，是三国时期世人皆知的绝色美女，均受到世人的追捧。\n^【演】^在《三国演义》中，诸葛亮谎称曹操南下的目的之一就是小乔与大乔，以此激怒周瑜同意联刘抗曹。,?,,,乔家二女双芙蓉#一代国色江之东,"10042401,10042402",4,,,吴,五星
100426,100426,25,1,2,8200,8500,4100,4900,1000,109,113,34,59,65,200629,0,0,0,0,0,0,0,110102,0,0,0,0,0,0,0,0,0,0,4,3,0,0,0,1,0,0,0,0,"1,11,21",,凌统,,@【史】@吴国名将。凌操之子，少有名盛，为人有国士之风，多次战役中表现出色，官至偏将军。被陈寿盛赞为“江表之虎臣”。\n^【演】^在《三国演义》中，凌统因父亲凌操被甘宁所害而一直仇视甘宁，但在濡须口与乐进交战时得甘宁所救，从此便尽释前嫌，与甘宁结为生死之交。其他事迹与正史大致相同。,189-237,公绩,,,10042601,1,,,吴,四星
100427,100427,20,1,2,1000,1000,1000,1000,1000,12,12,12,12,60,200100,0,0,0,0,0,0,0,0,0,0,0,0,0,0,0,0,0,0,4,3,0,0,0,0,0,0,0,0,1,,鲁肃,,@【史】@东吴名臣。曾为其提出鼎足江东的战略规划，因此得到孙权的赏识。建安十三年，曹操率大军南下。孙权部下多主降，而鲁肃与周瑜力排众议，坚决主战。结果，孙、刘联军大败曹军于赤壁，从此，奠定了三国鼎立格局。\n^【演】^在《三国演义》中，鲁肃是以一个老实人的形象出现，孙权继位后为周瑜推荐，仕于孙权，为孙权谋划战略，深受器重。赤壁之战时，鲁肃力主抗曹，出使联合刘备，并协助诸葛亮、周瑜说服孙权。鲁肃为人忠厚老实，不忍周瑜陷害诸葛亮，多次协助诸葛亮脱险。赤壁战后，鲁肃在诸葛亮的设计下，成为保人，将荆州“借”予刘备，此后多次讨要不成，处于两难的境地。周瑜去世后，鲁肃代周瑜成为水军都督。,172-217,子敬,,,10042701,,,,吴,四星
100428,100428,20,1,4,1000,1000,1000,1000,1000,12,12,12,12,60,200100,0,0,0,0,0,0,0,0,0,0,0,0,0,0,0,0,0,0,3,3,0,0,0,0,0,0,0,0,1,,,,@【史】@本为刘表部下，后归刘备，并助刘备攻益州刘璋。在定军山一战中阵斩曹操部下名将夏侯渊。黄忠在后世多以勇猛的老将形象出现于各类文学艺术作品中。\n^【演】^在《三国演义》中，刘备称汉中王后将其封为五虎上将之一。初为刘表部下，后事韩玄；虽年近六旬，却有万夫不当之勇。关羽攻长沙时，关羽用拖刀计将黄忠击败，但不忍害之。次日，黄忠计诱关羽，为报关羽之恩，用弓箭只射关羽盔缨，但韩玄却因此怀疑黄忠有二心，想将黄忠斩首，但遭魏延劫场，韩玄被诛，黄忠与魏延一同降蜀。\n黄忠入蜀后，战功赫赫。先与严颜败张郃，后更于定军山亲斩夏侯渊。刘备称帝后伐吴，黄忠不顾年迈，请令担任先锋，为吴将马忠偷袭射中，回营后不治而亡。,?,,,,10042801,,,,蜀,四星
100429,100429,20,2,2,4200,3300,7600,2700,1700,33,26,59,21,79,200100,0,0,0,0,0,0,0,0,0,0,0,0,0,0,0,0,0,0,3,2,0,0,0,0,0,0,0,0,2,,简雍,,@【史】@简雍擅于辩论、议事，官拜昭德将军，地位次于麋竺。其人性情简单直接、不拘小节。年少时便与刘备相识，后跟随刘备奔走。常作为谈客，往来使命，刘备围成都时，简雍劝说刘璋投降。\n^【演】^在《三国演义》中，简雍形象与正史相似。与刘备同乡。随其周旋，任幕宾。刘备投袁绍，后想要离去，简雍为其设计脱身。刘璋投降时，以简雍为使，简雍坐于车中，有意的傲睨自若，为秦宓所斥责。不久，拜简雍为昭德将军。,?,宪和,,,10042901,,,,蜀,三星
100430,100430,20,1,4,7700,8700,8800,5000,900,78,111,113,57,69,200050,0,0,0,0,0,0,0,310034,0,0,0,0,0,0,0,0,0,0,5,3,0,0,0,1,0,0,0,0,"1,11,21",,张宝,,@【史】@张角之弟，张梁之兄，中平元年（184）二月，同兄弟一起发动黄巾起义，号地公将军。同年十一月于下曲阳（今河北晋州）遭到左中郎将皇甫嵩、钜鹿太守郭典的围攻，兵败被斩。\n^【演】^在《三国演义》中，张宝同兄弟一起发动黄巾起义，于阳城与朱儁军对抗。后刘备兄弟率军前来，帮助朱儁与张宝交战，张宝使用妖术，一度获胜，但不久就被破解，张宝被刘备射伤，逃入阳城坚守。朱儁等加紧围攻，张宝的部下严政斩了张宝，献首投降。,?-184,,,,10043001,2,,,群,四星
100431,100431,20,2,1,8200,8100,4000,5000,1700,141,139,40,71,130,200100,0,0,0,0,0,0,0,0,0,0,0,0,0,0,0,0,0,0,5,4,1,0,0,0,0,0,0,0,2,,邹,,^【演】^在《三国演义》中，出现在第十六回，被曹操强纳，因而之后有张绣造反，曹操兵败宛城，曹昂、典韦、曹安民战死等诸多之事。,?,,,,10043101,,,,群,五星
100432,100432,20,2,2,7100,7200,7300,2600,1400,71,72,73,24,76,200100,0,0,0,0,0,0,0,0,0,0,0,0,0,0,0,0,0,0,1,3,0,0,0,0,0,0,0,0,2,,,,汉灵帝刘宏和王美人所生之子。董卓废汉少帝刘辩后，立刘协为皇帝。董卓被诛后，曹操控制了刘协，挟天子以令诸侯。\n曹操死后，刘协被曹丕控制，随后被迫禅让于曹丕。,?,,,,10043201,,,,汉,四星
100433,100433,20,1,4,1000,1000,1000,1000,1000,10,10,10,10,54,200100,0,0,0,0,0,0,0,0,0,0,0,0,0,0,0,0,0,0,1,3,0,0,0,0,0,0,0,0,1,,,,@【史】@荀彧之侄，东汉末年谋士。曹操迎天子入许都之后，荀攸成为曹操的军师。 曹操征伐吕布时荀攸劝阻了曹操退兵，并献奇计水淹下邳城，活捉吕布。官渡之战荀攸献计声东击西，斩颜良和文丑。又策奇兵，派徐晃烧袁绍粮草，同时力主曹操接纳许攸，画策乌巢，立下大功。\n平定河北期间，荀攸力排众议，主张曹操消灭袁绍诸子，被曹操上奏朝廷封为陵树亭侯。荀攸行事周密低调，计谋百出，深受曹操称赞。建安十九年（214年），荀攸在曹操伐吴途中去世。\n^【演】^在《三国演义》中，荀攸初仕大将军何进，后弃官还乡。曹操在兖州，攸同从叔彧共来投之，为曹操重用。曹操迎天子都许，拜为军师。荀攸随讨吕布，定河北，及官渡、赤壁之战，屡出奇谋。及魏国建立，以荀攸为尚书令。曹操进爵魏王，荀攸认为曹操叛汉，曹操大怒，荀攸忧愤成疾，旋即去世。,?,,,,10043301,,,,汉,四星
100434,100434,20,3,1,1000,1000,1000,1000,1000,18,18,18,18,107,200100,0,0,0,0,0,0,0,0,0,0,0,0,0,0,0,0,0,0,2,5,0,0,0,0,0,0,0,0,3,,曹操,,@【史】@三国中曹魏政权的奠基人。其人文武精通，可谓非常之人，超世之杰。以汉天子的名义征讨四方，对内消灭二袁、吕布、刘表、马超、韩遂等割据势力，对外降服南匈奴、乌桓、鲜卑等，统一了中国北方，并实行一系列政策恢复经济生产和社会秩序，奠定了曹魏立国的基础。\n^【演】^在《三国演义》中，主要将曹操塑造成一个“奸雄”形象，并且更突出“奸”的一面。,155-220,孟德,,,00,,,,魏,六星
100435,100435,30,3,3,9100,9000,6600,10000,1000,200,185,76,204,69,200655,0,0,0,0,0,0,0,110020,0,100435,0,0,0,0,0,0,0,0,2,4,0,0,0,1,0,0,0,0,"3,23,33",,夏侯渊,,@【史】@东汉末年名将，擅长千里奔袭作战，官至征西将军，封博昌亭侯。初期随曹操征伐，官渡之战为曹操督运粮草，又督诸将先后平定昌豨、徐和、雷绪、商曜等叛乱。后率军驻凉州，逐马超、破韩遂、灭宋建、横扫羌、氐，虎步关右。张鲁降曹操后夏侯渊留守汉中，与刘备相拒逾年，于定军山被刘备部将黄忠所袭，战死，谥曰愍侯。\n^【演】^在《三国演义》中，夏侯渊是夏侯婴之后、大将军惇族弟。自曹操陈留起兵起，便跟随征伐，历任陈留、颍川太守。官渡之战后，夏侯渊负责粮草补给，保证了曹操平定北方。而后夏侯渊又率兵四处征讨叛乱，破昌豨、徐和、雷绪、商曜等，战功卓著。而后夏侯渊督张郃、徐晃等留守汉中，与前来取汉中的刘备大军交战，为刘备将黄忠所袭，不幸战死。谥曰愍侯。魏齐王正始四年从祀曹操庙庭。,?-219,妙才,,五出平叛，奔逸绝尘#虎步关右，所向无前,10043501,1,,,魏,五星
100436,100436,20,3,1,8500,8500,7700,8100,300,95,95,77,81,16,200100,0,0,0,0,0,0,0,0,0,0,0,0,0,0,0,0,0,0,2,3,0,0,0,0,0,0,0,0,3,,郭淮,,@【史】@曹魏名将。郭淮随曹操征讨汉中。曹操回军后，留征西将军夏侯渊守汉中，以拒刘备，并留郭淮为夏侯渊的司马。夏侯渊战死时，郭淮收集残兵，与杜袭共推张郃为主将，得以稳定局势。诸葛亮伐魏时，郭淮料敌准确，多立战功。并屡破羌胡，备受皇恩。\n^【演】^在《三国演义》中，郭淮于第七十回初次登场。他劝说曹洪不要将败于张飞的张郃处死，使其攻打葭萌关；夏侯渊战死于定军山后，又推举张郃为主将，收拾残局。第九十三回时，由曹真推举为副将，此后屡次与汉军交战。诸葛亮死后，姜维率领北伐军与司马昭交战，将司马昭围困于铁笼山上，并约羌王派兵相助。郭淮先击败羌王，继而和司马昭里应外合，大胜姜维。郭淮追击没枪、有弓却无箭的姜维，以弓箭射向姜维，却被姜维躲过接住箭，继而用自己的弓将郭淮射死,?-255,伯济,,,10043601,,,,魏,四星
100437,100437,40,2,3,3600,8800,10500,3000,1800,57,185,259,53,188,200036,0,0,0,10002,0,0,0,112063,0,0,0,0,0,0,0,0,0,0,2,4,0,0,0,0,0,0,0,0,"2,22,32",,荀彧＆荀攸,,@【史】@叔侄二人均效力于曹魏，且深受曹操重用。两人均具有经天纬地之才，在军事、政事方面均作出了杰出的贡献。\n^【演】^在《三国演义》中，曹操在兖州招贤纳士，荀彧与其侄子荀攸共往相投，成为曹操旗下的重要谋士。曹操初与荀彧交谈，便已惊叹荀彧是“吾之子房”。荀彧又向曹操举荐程昱，为曹操另添一名重要谋士。,??,,,双荀为主立奇功#神算难料终不同,"10043701,10043702",6,,,魏,五星
100438,100438,20,1,1,1000,1000,1000,1000,1000,18,18,18,18,107,200100,0,0,0,0,0,0,0,0,0,0,0,0,0,0,0,0,0,0,4,5,0,0,0,0,0,0,0,0,1,,孙权,,@【史】@孙坚之子，孙策之弟。东汉建安五年，兄孙策遇刺身亡，孙权继位吴侯、讨逆将军，领会稽太守，开始统领江东。他击败了黄祖。后东吴联合刘备，于赤壁击溃了曹操军。东吴后来又和曹操军在合肥附近鏖战，并从刘备手中夺回荆州、消灭关羽、大破刘备的讨伐军。曹丕称帝后孙权先向北方称臣，后自己建吴称帝，迁都建业。孙权病逝后谥号大皇帝，史称东吴大帝。\n^【演】^在《三国演义》中，孙权19岁就继承了其兄孙策之位，力据江东，击败了黄祖。后东吴联合刘备，在赤壁大战击溃了曹操军。东吴后来又和曹操军在合肥附近鏖战，并从刘备手中夺回荆州、消灭关羽、大破刘备的讨伐军。曹丕称帝后孙权先向北方称臣，后自己建吴称帝，迁都建业。,182-252,仲谋,,,00,,,,吴,六星
100439,100439,30,2,2,8400,8700,6800,2900,1700,99,149,71,31,120,200616,0,0,0,0,0,0,0,310031,0,0,0,0,0,0,0,0,0,0,4,3,0,0,0,1,0,0,0,0,"2,11,12",,黄盖,,@【史】@孙吴名将。历仕孙坚、孙策、孙权三任君主。为人严肃，善于训练士卒，每每征讨，他的部队皆勇猛善战。赤壁之战时，黄盖前往曹营诈降，并趁机以火攻大破曹操的军队，是赤壁之战主要功臣之一。\n^【演】^在《三国演义》中，黄盖以铁鞭为兵器。曹操军来犯之际，黄盖向周瑜提议火攻破敌，周瑜要他行苦肉计，黄盖一口答应。黄盖故意提出投降曹操，周瑜假意下令斩首，后改为杖打五十，打得皮开肉绽。黄盖向曹操献降书，曹操起初识破诈降，但有两细作回报黄盖遭刑的事，曹操才相信。但苦肉计并无正史记载，赤壁之战时候黄盖只是“建策火攻”而已。,?,公覆,,,10043901,4,,,吴,四星
100440,100440,20,1,4,1000,1000,1000,1000,1000,8,8,8,8,46,200100,0,0,0,0,0,0,0,0,0,0,0,0,0,0,0,0,0,0,4,2,0,0,0,0,0,0,0,0,1,,,,原为刘繇部下，后被孙策收降，自此太史慈为孙氏大将，助其扫荡江东。其弓马熟练，箭法精良。后在合肥之战中战死。,?,,,,10044001,,,,吴,三星
100441,100441,45,2,2,9000,8800,8000,4000,900,250,246,223,94,114,200100,0,0,0,0,0,0,0,0,0,0,0,0,0,0,0,0,0,0,3,5,0,0,0,0,0,0,0,0,2,,刘备,,@【史】@西汉中山靖王刘胜之后，三国时期蜀汉开国皇帝、政治家，史家又称他为先主。刘备早年颠沛流离，备尝艰辛，投靠过多个诸侯。赤壁之战时，与孙权联盟击败曹操，趁势夺取荆州。而后进取益州。于章武元年（221年）在成都称帝，国号汉，史称蜀或蜀汉。《三国志》评刘备的机权干略不及曹操，但其弘毅宽厚，知人待士，百折不挠，终成帝业。刘备也称自己做事“每与操反，事乃成尔”。\n^【演】^在《三国演义》中，刘备的事迹基本与正史相符。书中将其塑造成一位胸襟开阔的，十足的明主形象。并重点突出其几个性格特点：一是亲贤爱士，善待人才；二是生性善良，爱民如子；三是待人宽厚，不求全责备；四是偶有权谋，颇有心计。,161-223,玄德,,,00,,,,蜀,六星
100442,100442,30,2,1,9400,9900,5600,4200,2000,179,232,56,74,174,200680,0,0,0,0,0,0,0,210012,0,100442,0,0,0,0,20174,1,0,0,3,4,0,0,0,1,0,0,0,0,"2,12,32",,黄忠,,@【史】@本为刘表部下，后归刘备，并助刘备攻益州刘璋。在定军山一战中阵斩曹操部下名将夏侯渊。黄忠在后世多以勇猛的老将形象出现于各类文学艺术作品中。\n^【演】^在《三国演义》中，刘备称汉中王后将其封为五虎上将之一。初为刘表部下，后事韩玄；虽年近六旬，却有万夫不当之勇。关羽攻长沙时，关羽用拖刀计将黄忠击败，但不忍害之。次日，黄忠计诱关羽，为报关羽之恩，用弓箭只射关羽盔缨，但韩玄却因此怀疑黄忠有二心，想将黄忠斩首，但遭魏延劫场，韩玄被诛，黄忠与魏延一同降蜀。\n黄忠入蜀后，战功赫赫。先与严颜败张郃，后更于定军山亲斩夏侯渊。刘备称帝后伐吴，黄忠不顾年迈，请令担任先锋，为吴将马忠偷袭射中，回营后不治而亡。,?-220,汉升,,将军气概与天参#白发犹然困汉南,10044201,"3,4",,#-原效果（1级→10级）#\n战法距离@2@\n对敌军群体发动一次攻击（伤害率@50.0%@ {0} @100%@)并进行挑衅，同时使自身受到攻击的伤害降低12.5% {0} 25.0%（受防御属性影响）\n\n#-调整后效果（1级→10级）#\n战法距离@3@\n对敌军群体发动一次攻击（伤害率@60.0%@ {0} @120%@）并进行挑衅，同时使自身受到攻击的伤害降低12.5% {0} 25.0%（受防御属性影响）,蜀,五星
100443,100443,30,1,4,6000,8200,9500,6000,900,90,180,240,101,72,200805,0,0,0,0,0,0,0,114039,0,100443,0,0,0,0,0,0,0,0,5,4,0,0,0,1,0,0,0,0,"1,11,21",,陈宫,,@【史】@为人性格刚直烈壮，少与海内知名之士皆相连结。初随曹操，后因曹操谋害边让而与曹操反目，弃曹投靠吕布。吕布战败后，随吕布等一同被曹操所擒，陈宫求即就戮，从容赴死。\n^【演】^在《三国演义》中，陈宫曾被刘晔评价为“陈宫多计”；荀攸评其“有谋而迟”。在下邳吕布战败后，陈宫亦于下邳城南门被曹操部将徐晃擒获。白门楼前，曹操劝降陈宫，陈宫不肯屈降，曹操忍痛下令斩首处决陈宫。,?-199,公台,,白门楼下公台死#致令今人发叹嗟,10044301,"2,6",,,群,五星
100445,100445,25,3,1,9300,7400,7100,9100,800,142,92,68,139,46,200100,0,0,0,0,0,0,0,0,0,0,0,0,0,0,0,0,0,0,5,3,0,0,0,0,0,0,0,0,3,,庞德,,@【史】@初为马腾部下，在平定羌民的征伐中屡立战功。建安年间，庞德跟随马超征战，每次出征常冲锋陷阵，勇冠凉州三军。后几经辗转，随张鲁归降于曹操麾下。219年，庞德协助曹仁抵御关羽。时值汉水暴溢，他率诸将与关羽殊死搏斗，箭镞尽，又短兵相接。\n而他格斗益怒，胆气愈壮，力战多时后因小舟被洪水打翻为关羽军所擒。关羽敬重他的刚毅威武，以封将劝降，但他却怒目不跪，怒斥关羽，最终殒身殉节。\n^【演】^在《三国演义》中，曹操进攻汉中时，庞德被曹操所擒，且因张鲁的不仁而转投曹操。此后，庞德屡立战功，濡须口之战斩东吴名将陈武，汉中之战中击败蜀汉名将魏延，救出曹操。后来曹仁被关羽包围在樊城，庞德随于禁引军赴救。其时诸将皆以庞德兄长庞柔、故主马超均在蜀，都怀疑庞德有二心；\n庞德抬棺决死，遂力斗关羽父子，又箭射关羽，深为关羽所忌惮。然而于禁惧其立功，加以掣肘。魏军战败，庞德被周仓在水中擒获，誓死不降，为关羽所害。曹操闻知此事甚为伤悲，为之流涕。,?-219,令明,,,10044501,,,,群,四星
100446,100446,20,2,2,4500,7100,9300,3300,1400,46,82,144,38,85,200100,0,0,0,0,0,0,0,0,0,0,0,0,0,0,0,0,0,0,5,3,0,0,0,0,0,0,0,0,2,,,,董卓军的参谋，为人冷酷残暴。在董卓拥护献帝时，为了断绝后顾之忧，毒害了先帝弘农王和其母何太后。但在军事方面，具有出色的才能，曾授计徐荣，大败曹军。,?,,,,10044601,,,,群,四星
100448,100448,25,3,1,1000,1000,1000,1000,1000,15,15,15,15,87,200100,0,0,0,0,0,0,0,0,0,0,0,0,0,0,0,0,0,0,1,4,0,0,0,0,0,0,0,0,3,,,,曹魏“五子良将”之一，在官渡之战中归顺曹操。其戎马一生，以用兵巧变、善列营阵，长于利用地形著称。\n早年随曹操征战四方，屡建战功。曹丕登位后，在街亭大败蜀军，并于江陵破吴，功绩显著。,?,,,,10044801,,,,汉,五星
100449,100449,30,3,1,9400,9800,6700,9000,300,206,230,67,158,24,200770,0,0,0,0,0,0,0,114168,0,100449,0,0,0,0,0,0,0,0,2,4,0,0,0,1,0,0,0,0,"3,13,43",,夏侯惇,,@【史】@汉末年三国时期曹魏名将，西汉开国元勋夏侯婴的后代。少年时以勇气闻名于乡里。曹操起兵，夏侯惇是其最早的将领之一。与吕布军交战时，曾一度被擒为人质，又被流矢射瞎左眼。多次为曹操镇守后方，曾率军民阻断太寿河水，筑陂塘灌溉农田，使百姓受益，功勋卓著。历任折冲校尉、济阴太守、建武将军，官至大将军，封高安乡侯，追谥忠侯。青龙元年（233年），得以配享太祖（曹操）庙庭。\n^【演】^在《三国演义》中，夏侯惇在徐州攻防战时迎战吕布部将高顺，高顺败逃，夏侯惇从后追赶，不料遭另一名敌将曹性射箭偷袭。夏侯惇左眼被射中，痛得怒吼一声便匆忙用手拔箭，却不慎连着眼珠子拔了出来。夏侯惇立即大喊：“父精母血，不可弃也！”便把眼睛塞进嘴巴吞咽下去；然后又挺枪纵马，上前斩了曹性报回一箭之仇。,?-220,元让,,孤月独明勘比伦#至今功迹照乾坤,10044901,"1,3",,,魏,五星
100450,100450,30,3,2,9600,9200,7200,8200,600,225,175,83,144,53,200771,0,0,0,0,0,0,0,314040,0,100450,0,0,0,0,20105,1,0,0,4,4,0,0,0,1,0,0,0,0,"3,13,23",,孙策,,@【史】@三国时期孙吴的奠基者之一，孙坚长子、吴大帝孙权长兄。其人有智有勇，英姿勃发，其治军严整，军纪严明，被称为“江东小霸王”。初为继承父亲孙坚的遗业而屈事袁术，征战时屡获大胜。袁术僭越称帝后，孙策与袁术决裂，曹操下诏书给孙策，要孙策讨伐袁术。之后孙策统一江东，但在一次狩猎中为刺客所伤，不久后身亡。其弟孙权接掌孙策势力。\n^【演】^在《三国演义》中，孙策的事迹基本与正史相符。而在描写孙策被刺后，引入了孙策斩道士于吉而受其诅咒，伤重而亡的情节。,175-200,伯符,,玉貌英雄千古少#笑他操备是蒹葭,10045001,1,,,吴,五星
100451,100451,30,3,2,10200,9000,8300,9500,500,254,158,108,181,44,200769,0,0,0,0,0,0,0,114044,0,100451,0,0,0,0,20049,0,1,1766977200,3,4,0,0,0,1,0,0,0,0,"3,23,43",,关羽,,@【史】@蜀汉名将，是刘备、张飞的结义兄弟。早期跟随刘备辗转各地，曾被曹操生擒，于白马坡斩袁绍大将颜良，与张飞一同被称为万人敌。赤壁之战后，刘备助东吴周瑜攻打南郡曹仁，别遣关羽绝北道，阻挡曹操援军，曹仁退走后，关羽被刘备任命为襄阳太守。刘备入益州，关羽留守荆州。建安二十四年，关羽围襄樊，擒于禁，斩庞德，威震华夏，曹操曾想迁都以避其锐。后曹操派徐晃前来增援，东吴吕蒙又偷袭荆州，关羽腹背受敌，兵败身亡。\n^【演】^与刘备、张飞桃园结义，羽居其次。使八十二斤青龙偃月刀随刘备东征西讨。汜水关温酒斩华雄，屯土山降汉不降曹。为报恩斩颜良、诛文丑，解曹操白马之围。后得知刘备音信，过五关斩六将，千里寻兄。刘备平定益州后，封关羽为五虎大将之首，督荆州事。羽起军攻曹，放水淹七军，威震华夏。围樊城右臂中箭，幸得华佗医治，刮骨疗伤。但未曾提防东吴袭荆州，关羽父子败走麦城，突围中被捕，不屈遭害。,?-220,云长,,马骑赤兔行千里#刀偃青龙出五关,10045101,"1,4",,,蜀,五星
100452,100452,30,3,3,8200,8500,8300,7500,1600,180,186,182,164,144,200772,0,0,0,0,0,0,0,114041,0,100452,0,0,0,0,0,0,0,0,5,4,0,0,0,1,0,0,0,0,"3,52,53",,木鹿大王,,^【演】^《三国演义》中的虚构人物，八纳洞主，孟获盟友。擅魔法，能改变天气，控制动物并指挥它们作战。在法术帮助下最初对蜀军取得一些胜利，但在诸葛亮的喷火木兽将他的动物吓跑后战败，最后死于乱军之中。,?-225,,,骑象披金腰悬刀#呼风唤雨驱虎豹,10045201,"1,2",,,群,五星
100453,100453,20,2,1,1000,1000,1000,1000,1000,8,8,8,8,46,200100,0,0,0,0,0,0,0,0,0,0,0,0,0,0,0,0,0,0,3,2,0,0,0,0,0,0,0,0,2,,,,蜀国重臣，与诸葛亮同为刘备临终前的托孤之臣。蜀军北伐时，李严运粮不继，假称东吴来犯，使得诸葛亮退兵，但又向后主奏说粮食充足，不知诸葛亮为何退兵。结果被诸葛亮贬为庶民。\n诸葛亮病逝，李严亦因失去复官机会，大哭病死。,?,,,,10045301,,,,蜀,三星
100454,100454,10,3,1,3200,3100,3000,20000,400,19,18,18,114,14,200175,0,0,0,0,0,0,0,0,0,0,0,0,0,0,0,0,0,0,1,0,0,0,0,0,0,0,0,0,3,,守城军士,,负责守城的普通骑兵。,?,,,,10045401,,,,汉,一星
100455,100455,10,2,2,3500,4100,3000,20000,100,20,24,18,114,4,200176,0,0,0,0,0,0,0,0,0,0,0,0,0,0,0,0,0,0,1,0,0,0,0,0,0,0,0,0,2,,守城军士,,负责守城的普通步兵。,?,,,,10045501,,,,汉,一星
100456,100456,10,1,4,4000,3100,3000,20000,900,23,18,18,114,31,200177,0,0,0,0,0,0,0,0,0,0,0,0,0,0,0,0,0,0,1,0,0,0,0,0,0,0,0,0,1,,守城军士,,负责守城的普通弓兵。,?,,,,10045601,,,,汉,一星
100457,100457,15,3,2,4200,4500,4000,20000,100,26,28,25,123,4,200140,0,0,0,0,0,0,0,0,0,0,0,0,0,0,0,0,0,0,1,1,0,0,0,0,0,0,0,0,3,,守城精兵,,负责守城的精锐骑兵。,?,,,,10045701,,,,汉,二星
100458,100458,15,2,2,4500,5000,4000,20000,100,28,31,25,123,4,200150,0,0,0,0,0,0,0,0,0,0,0,0,0,0,0,0,0,0,1,1,0,0,0,0,0,0,0,0,2,,守城精兵,,负责守城的精锐步兵。,?,,,,10045801,,,,汉,二星
100459,100459,15,1,4,5000,4100,4000,20000,800,31,26,25,123,30,200140,0,0,0,0,0,0,0,0,0,0,0,0,0,0,0,0,0,0,1,1,0,0,0,0,0,0,0,0,1,,守城精兵,,负责守城的精锐弓兵。,?,,,,10045901,,,,汉,二星
100460,100460,25,2,2,2800,2400,3000,3500,800,27,23,29,34,46,200101,0,0,0,0,0,0,0,0,0,0,0,0,0,0,0,0,0,0,5,2,0,0,0,0,0,0,0,0,"2,12",,贼酋,,盗贼首领，擅长用弓。,?,,,,10046001,,,,群,三星
100461,100461,15,2,1,2600,1600,2000,3200,1500,20,12,15,24,67,200103,0,0,0,0,0,0,0,0,0,0,0,0,0,0,0,0,0,0,5,0,0,0,0,0,0,0,0,0,2,,山贼,,到处流窜抢夺的山贼。,?,,,,10046101,,,,群,一星
100462,100462,15,1,2,2600,2200,2100,4500,800,20,17,16,34,36,200100,0,0,0,0,0,0,0,0,0,0,0,0,0,0,0,0,0,0,5,0,0,0,0,0,0,0,0,0,1,,山贼,,到处流窜抢夺的山贼。,?,,,,10046201,,,,群,一星
100463,100463,15,2,2,2300,1600,1500,3600,1500,17,12,12,27,67,200103,0,0,0,0,0,0,0,0,0,0,0,0,0,0,0,0,0,0,5,0,0,0,0,0,0,0,0,0,2,,强盗,,劫掠财物的强盗。,?,,,,10046301,,,,群,一星
100464,100464,15,3,1,1900,1200,1200,5300,800,18,13,13,43,36,200638,0,0,0,0,0,0,0,0,0,0,0,0,0,0,0,0,0,0,5,0,0,0,0,0,0,0,0,0,3,,强盗,,劫掠财物的强盗。,?,,,,10046401,,,,群,一星
100465,100465,20,2,2,2700,1700,1700,3000,1500,23,15,15,25,75,200104,0,0,0,0,0,0,0,0,0,0,0,0,0,0,0,0,0,0,5,1,0,0,0,0,0,0,0,0,2,,悍匪,,擅长步战的悍匪。,?,,,,10046501,,,,群,二星
100466,100466,20,3,2,2600,1900,1900,6600,800,22,16,16,55,40,200638,0,0,0,0,0,0,0,0,0,0,0,0,0,0,0,0,0,0,5,1,0,0,0,0,0,0,0,0,3,,悍匪,,擅长弓箭的悍匪。,?,,,,10046601,,,,群,二星
100467,100467,20,3,1,2800,1500,1800,8900,100,24,13,15,74,5,200638,0,0,0,0,0,0,0,0,0,0,0,0,0,0,0,0,0,0,5,1,0,0,0,0,0,0,0,0,3,,马贼,,平原流窜的马贼。,?,,,,10046701,,,,群,二星
100468,100468,20,3,1,2600,2200,1800,8500,100,22,19,15,71,5,200097,0,0,0,0,0,0,0,0,0,0,0,0,0,0,0,0,0,0,5,1,0,0,0,0,0,0,0,0,3,,官军逃兵,,因官军溃败而产生的逃兵,?,,,,10046801,,,,群,二星
100469,100469,15,2,2,2000,1400,900,3800,800,19,14,11,28,36,200103,0,0,0,0,0,0,0,0,0,0,0,0,0,0,0,0,0,0,5,0,0,0,0,0,0,0,0,0,2,,流寇,,行踪不定的盗匪。,?,,,,10046901,,,,群,一星
100470,100470,15,1,2,2400,1700,2000,5900,800,18,13,15,44,36,200100,0,0,0,0,0,0,0,0,0,0,0,0,0,0,0,0,0,0,5,0,0,0,0,0,0,0,0,0,1,,流寇,,行踪不定的盗匪。,?,,,,10047001,,,,群,一星
100471,100471,20,3,2,7000,7000,6400,8300,100,70,99,78,83,5,200631,0,0,0,0,0,0,0,210042,0,0,0,0,0,0,0,0,0,0,1,3,1,0,0,1,0,0,0,0,"3,32,13",,曹节,,@【史】@曹操次女。初为汉献帝贵人，伏皇后被废杀后，进号皇后。建安二十五年，其兄长曹丕代汉自立，派遣使者索取皇帝玺绶，曹皇后愤怒不与。如此反复数次，曹皇后最终召见使者，要亲手交出玉玺。但使者来后，她又将玉玺摔至轩下，流泪怒斥：“天不祚尔！”左右皆莫能仰视。献帝禅位后被封山阳公，曹节为山阳公夫人，去世后谥曰“献穆皇后”。\n^【演】^在《三国演义》中，曹节生平与正史大体一致。而曹节则是对曹休、曹洪破口大骂：“俱是汝等乱贼，希图富贵，共造逆谋！吾父功盖寰区，威震天下，然且不敢篡窃神器。今吾兄嗣位未几，辄思篡汉，皇天必不祚尔！”言罢，痛哭入宫。,195-260,,,,10047101,6,,,汉,四星
100472,100472,30,2,3,7200,9700,9800,3000,1800,94,185,230,39,141,200080,0,0,0,0,0,0,0,110166,0,100472,0,0,0,0,0,0,0,0,2,4,0,0,0,1,0,0,0,0,"2,12,32",,司马懿,,@【史】@三国时期魏国杰出的政治家、军事家、战略家，西晋王朝的奠基人。是辅佐了魏国三代的托孤辅政之重臣，后期成为掌控魏国朝政的权臣。善谋奇策，多次征伐有功，其中最显著的功绩是两次率大军成功抵御诸葛亮北伐和远征平定辽东。对屯田、水利等农耕经济发展有重要贡献。\n^【演】^在《三国演义》中，司马懿的生平基本与正史相符。而在小说中，则将其塑造成“奸诈”的负面形象。,179-251,仲达,,魁杰雄特，秉心平直#威严允惮，风行草靡,10047201,2,,,魏,五星
100473,100473,30,2,2,9700,7200,4500,3900,1700,242,137,45,51,148,200681,0,0,0,0,0,0,0,110023,0,0,0,0,0,0,0,0,0,0,2,4,0,0,0,0,0,0,0,0,"2,12,22",,许褚,,@【史】@主要负责曹操的护卫工作。官渡之战时发现欲谋害曹操者，将刺客全部消灭。渭南之战时在身披重甲的情况下左手掩面，右手控船桨令曹操安然成功渡河，上岸才发现早已身中数箭。相随曹操会面马超、韩遂时，许褚怒视马超，令其放弃袭击曹操的想法。当曹操去世时许褚哭至吐血，曹丕迁其作武卫将军，负责宫中安全。曹叡继位时封其为牟乡侯，不久去世，谥曰壮侯。\n^【演】^在《三国演义》中，许褚是曹操帐下数一数二的猛将。曹操讨伐黄劭、何仪时，许褚生擒何仪以及黄巾数百骑，典韦要人，许褚与典韦大战两次，不分胜败，为曹操赏识，收之用为护卫，从此为曹操征战四方。官渡破袁绍后，因谋士许攸辱骂，怒而斩之。许褚向来目光呆滞，征战英勇，人称“虎痴”，曾裸衣恶斗马超。汉中之战，许褚护粮，因酒醉为张飞所败，幸得众将相救。,?,仲康,,只因孟起军前见#天下从兹播虎侯,10047301,"6,1",,,魏,五星
100474,100474,30,2,2,3700,7200,8800,4700,1400,88,170,238,71,126,200685,0,0,0,0,0,0,0,210015,0,100474,0,0,0,0,0,0,0,0,5,4,1,0,0,1,0,0,0,0,"2,21,12",,张宁,,张宁在《三国志》，《三国演义》均未有提及，是东汉末年大贤良师张角的女儿，虚拟人物。,176-?,,,贤师身殒太平消#茕茕朱符黄天道,10047401,6,,,群,五星
100475,100475,30,2,2,8300,9200,8200,3100,1500,158,229,119,31,117,200689,0,0,0,0,0,0,0,110005,0,100475,0,0,0,0,0,0,0,0,2,4,0,0,0,1,0,0,0,0,"2,12,32",,郝昭,,@【史】@曹魏初年著名将领。郝昭少年从军，屡立战功，后受曹真的推荐镇守陈仓，防御蜀汉。太和二年（228年），诸葛亮率军北伐，为郝昭所阻，劝降不成，昼夜相攻二十余日后被迫退军。\n^【演】^在《三国演义》中，郝昭生平与正史大体相当。身长九尺，猿臂善射，深有谋略。诸葛亮第三次北伐前探知郝昭病重，赶在张郃换防前出兵。郝昭呻吟之间忽听报蜀军到城下，急令人上城把守。但当时各门上火起，城中大乱。郝昭听知惊死，陈仓终被破。事后诸葛亮怜郝昭之死，令其妻小扶灵柩回魏国，以表其忠。,?,伯道,,陈仓守阁拒诸葛#不减墨翟制公输,10047501,3,,,魏,五星
100476,100476,30,3,2,4000,8700,10000,7800,200,76,179,235,125,16,200692,0,0,0,2,0,0,0,112032,0,100476,0,0,0,0,0,0,0,0,2,4,0,0,0,1,0,0,0,0,"3,31,23",,郭嘉,,@【史】@曹操帐下著名谋士。原为袁绍部下，后转投曹操，为曹操统一中国北方立下了功勋，官至军师祭酒，封洧阳亭侯。在曹操征伐乌丸时病逝，年仅三十八岁。史书上称他“才策谋略，世之奇士”。曹操称赞他见识过人，是自己的“奇佐”。\n^【演】^在《三国演义》中，郭嘉生平与三国志基本相同，前期由荀彧推荐给曹操，再让程昱加以肯定与推举；是曹操麾下洞察力敏锐的谋士，深得信赖，自身也曾经推举过参谋刘晔。增加遗计定辽东的剧情，成功让公孙康诛灭二袁并降曹，使曹操不费一兵一卒兼领辽东（史书未载定辽东之策为郭嘉所出）。,170-207,奉孝,,若是当时存奉孝#难容西蜀与东吴,10047601,"6,4",,,魏,五星
100477,100477,30,2,3,7100,9100,9800,4200,2000,135,183,215,61,174,200693,0,0,0,2,0,0,0,112033,0,100477,0,0,0,0,0,0,0,0,3,4,0,0,0,1,0,0,0,0,"2,21,12",,庞统,,@【史】@号凤雏，刘备帐下重要谋士，与诸葛亮同拜为军师中郎将。与刘备一同入川，于刘备与刘璋决裂之际，献上上中下三条计策，刘备用其中计。进围雒县时，庞统率众攻城，不幸中流矢而亡，年仅三十六岁。后来庞统所葬之处遂名为落凤坡。\n^【演】^被称为凤雏，与诸葛亮齐名。赤壁之战时，庞统避乱江东，鲁肃将其荐于周瑜，入曹营献连环计，助周瑜大败曹军。周瑜死后，诸葛亮前往吊孝，因而得见庞统。当时鲁肃亦引荐庞统给孙权，但因其外貌丑陋，而不被起用。庞统于是投靠刘备，但亦因其貌丑陋而不被重用。\n庞统到任后，不理政事，于是刘备遣张飞前往问责，张飞因赏识庞统之才，遂拜其为副军师中郎将，与诸葛亮共赞方略，教练军士。后庞统随刘备取蜀，设计斩杨怀、高沛，得涪水关。攻雒城时，因疑诸葛亮欲争功，而不听从劝阻，进至落凤坡，中张任埋伏，为乱箭射死。,179-214,士元,,献计连环展鸿才#从此凤鸣天下知,10047701,"6,2",,,蜀,五星
100478,100478,30,2,2,6300,9500,9500,4000,1700,130,209,209,46,133,200694,0,0,0,2,0,0,0,112034,0,100478,0,0,0,0,0,0,0,0,4,4,0,0,0,1,0,0,0,0,"2,12,22",,陆逊,,@【史】@三国时期吴国政治家、军事家。建安二十四年（219年），陆逊参与袭取荆州。章武二年（222年），孙权以陆逊为大都督，在夷陵火烧连营击败刘备，一战成名。黄武七年（228年），陆逊取得石亭之战的胜利。黄龙元年（229年），孙权称帝后，以陆逊为上大将军、辅佐太子孙登并掌管陪都武昌事宜，后卷入立嗣之争。\n赤乌七年（244年）拜为丞相，总领三公事务，领武昌事。陆逊跟随孙权四十余年，统领吴国军政十余年，深得孙权器重。深谋远虑，忠诚耿直。一生出将入相，被赞为“社稷之臣”。\n^【演】^在《三国演义》中，称其“身长八尺，面如美玉，体如凝酥”。孙权统事后，陆逊投奔入孙权门下。陆逊、董袭作为第五队参与了赤壁之战。合肥之战时陆逊董袭又救出重伤的太史慈；樊城之战前吕蒙因为想不出对付关羽的办法装病躲避。陆逊向孙权进言猜测是诈病，后又献夺荆州计谋。孙权遂以陆逊代吕蒙守陆口。后孙权力排众议，拜陆逊为大都督。,183-245,伯言,,一旦威名惊蜀魏#吴王宁不敬书生,10047801,2,,,吴,五星
100479,100479,35,1,4,10100,7200,2900,7700,900,301,187,37,142,89,200012,0,0,0,2,0,0,0,112031,0,100479,0,0,0,0,20182,1,0,0,5,4,0,0,0,1,0,0,0,0,"1,11,31",,吕布,,@【史】@吕布以勇武闻名，号称“飞将”，时有“人中吕布，马中赤兔”之说。原为丁原部将，被唆使谋害丁原归附董卓，与董卓誓为父子，后又被司徒王允唆使诛灭董卓。旋即被董卓旧部李傕等击败，依附袁绍，又被袁绍猜忌，依附张杨。兴平元年（194年），吕布趁曹操攻打陶谦时与陈宫等叛乱，占据濮阳，但两年间被曹操击败转而去依附徐州刘备，又趁刘备与袁术作战时袭取了徐州，与刘备和好一阵又相互攻伐。\n期间，以辕门射戟化解刘备与纪灵的争斗。建安三年（198年），吕布先后击败刘备与夏侯惇后，曹操亲自出马征讨吕布，水淹下邳，吕布被部下叛变，城破被俘，被处死。\n^【演】^吕布是骁勇善战的汉末诸侯，先后跟随丁原、董卓作战，并最终谋害了丁原和董卓。成为独立势力后，吕布与曹操为敌，和刘备、袁术等诸侯时敌时友，最终不敌曹操和刘备的联军，兵败人亡。吕布虽然勇猛，但是少有计策，为人反复无常，唯利是图。在演义中，吕布是天下无双的超一流武将，曾在虎牢关大战刘备、关羽、张飞，曾一人独斗曹操军六员大将，武艺可谓公认的演义第一。,?-199,奉先,,龙驹跳踏起天风#画戟荧煌射秋水,10047901,"1,7",,"#-原效果（1级→10级）#\n目标类型 @敌军群体（有效距离内2个目标）@\n对敌军群体发动二次无视兵种相克的攻击@（伤害率60.0% {0} 120.0%）@，并使第一次受击的敌军进行攻击的伤害大幅度降低,持续1回合,每次攻击的目标独立选择\n\n#-调整后效果（1级→10级）#\n目标类型 @敌军群体（有效距离内2~3个目标）@\n对敌军群体发动二次无视兵种相克的攻击@（伤害率70.0% {0} 140.0%）@，并使第一次受击的敌军进行攻击的伤害大幅度降低,持续1回合,每次攻击的目标独立选择",群,五星
100480,100480,30,2,4,9100,10000,7000,5200,2200,181,211,101,54,173,200014,0,0,0,2,0,0,0,410001,0,100480,0,0,0,0,0,0,0,0,1,4,0,0,0,1,0,0,0,0,"2,12,32",,董卓,,@【史】@中平六年（189年），受大将军何进、司隶校尉袁绍所召，率军进京讨伐十常侍，却借何进被害之机，得以掌握朝政。他随后废除汉少帝，改立献帝。关东诸侯联盟讨伐董卓，董卓放弃洛阳，移都长安。董卓生性残虐，当权后横征暴敛，激起了民愤，最后被王允和吕布诛灭。\n^【演】^原为汉河东太守，征讨黄巾不利，却因贿赂十常侍官至西凉刺史。董卓借何进被害之机，得以掌握朝政，又赠赤兔马给吕布，诱其投降并谋害丁原，从此不可一世。董卓废汉少帝，立汉献帝，朝臣敢怒不敢言；董卓生性残暴，经常纵兵掠民，百姓皆恨。后来，司徒王允利用貂蝉巧使连环计，使董卓为吕布所诛。,?-192,仲颖,,郿坞追魂凭李肃#宫门取命有温侯,10048001,"6,3",,,汉,五星
100481,100481,25,3,1,8800,7200,8100,8300,500,117,78,77,69,29,200700,0,0,0,2,0,0,0,112139,0,0,0,0,0,0,0,0,0,0,4,3,0,0,0,1,0,0,0,0,"3,22,23",,丁奉,,@【史】@吴国重要将领。年少时以骁勇为小将，经常奋勇破敌，屡立功勋。在东兴之战中“雪中奋短兵”，大破进犯东吴的魏军。丁奉一生征战，与北方政权从曹操时代打到司马炎时代，侍奉了孙权到孙皓四位吴国君主，见证了三国的盛衰兴亡。\n^【演】^在《三国演义》中的丁奉事迹较史书记载简略，主要描述了他在东兴之战中“雪中奋短兵”的事迹以及诛灭孙綝时的表现。同时还增加了曹丕伐吴，张辽保护曹丕撤退时，丁奉用箭射中了张辽腰部，使张辽回营后旧伤迸发、不治而亡的情节。,?-271,承渊,,,10048101,1,,,吴,四星
100482,100482,30,3,2,7700,8900,7300,8800,200,115,148,76,160,17,200701,0,100127,0,2,0,0,0,112140,0,0,0,0,0,0,0,0,0,0,5,3,0,0,0,1,0,0,0,0,"3,23,43",,韩遂,,@【史】@汉末群雄之一，以诛宦官为名举兵造反，聚众十万，先后败皇甫嵩、张温、董卓、孙坚等名将，后受朝廷招安，拥兵割据一方长达三十余年。袁绍、曹操相争之际，马腾、韩遂被钟繇说服，依附于曹操。\n^【演】^在《三国演义》中，韩遂形象与正史有一些出入。与马腾结为异姓兄弟，同镇西凉，曾随马腾勤王，进攻李傕等人，因军粮不足被击败。后马腾被曹操诱入京城，遇害。出于兄弟之谊，韩遂与马腾之子马超联合，起兵进攻曹操，欲为马腾报仇。几番交战之后，马超、韩遂中曹操离间之计，马超对韩遂起疑，韩遂手下密谋降曹，被马超发现，砍断左手。最终，马超败走，韩遂降于曹操。,?-215,文约,,,10012701,1,,,群,四星
100483,100483,30,2,3,9000,6900,5800,6100,2500,164,93,61,64,156,200702,0,100122,0,2,0,0,0,212048,0,0,0,0,0,0,0,0,0,0,5,3,0,0,0,1,0,0,0,0,"2,31,12",,麴义,,@【史】@袁绍部下的将领，能征善战，屡建战功，早年在凉州，精通羌人战法，率领着袁绍的精锐部队。后来由于自恃功高而骄纵不轨，被袁绍所诛。\n^【演】^在《三国演义》中，麴义于第七回登场，袁绍、公孙瓒两军在磐河对峙，袁绍令麴义引八百弓手，步兵一万五千，列于阵中，自引马步军于后接应。公孙瓒遣大将严纲为先锋，鼓噪前来，麴义军乱箭齐发，麴义拍马舞刀，斩严纲于马下，直冲过界桥，击败公孙瓒，斩将夺旗，复引军冲公孙瓒后军，正撞着赵云，战不数合，被赵云一枪刺于马下。,?,,,,10012201,1,,,群,四星
100484,100484,30,3,3,8700,8800,7100,8500,500,113,114,57,90,32,200703,0,100114,0,2,0,0,0,112141,0,0,0,0,0,0,0,0,0,0,1,3,0,0,0,1,0,0,0,0,"3,23,33",,公孙瓒,,@【史】@汉末群雄之一。依靠自己的才能逐步做到中郎将，以强硬的态度对抗北方少数民族，作战勇猛，威震边疆。公孙瓒好战，与主张以怀柔政策对待胡人的刘虞不和，后来公孙瓒灭刘虞，并挟持朝廷使者，得到了总督北方四州的授权，成为北方最强大的诸侯之一。他与袁绍多次相争，初期占据优势，但在龙凑之战后，公孙瓒锐气顿减，采取自保战略，逐渐失去了部下信任，被袁绍击败。最终困于高楼，引火自焚。\n^【演】^在《三国演义》中，公孙瓒犹如刘备恩人一般的存在。在黄巾起义和讨伐董卓时，公孙瓒均有举荐刘备。刘备在徐州抵御为报父仇而兴兵的曹操后，几乎没有与公孙瓒有任何联系。最终由曹操麾下的满宠告知刘备，公孙瓒已败于袁绍之手，死于易京的消息。,?-199,伯珪,,,10011401,6,,,汉,四星
100485,100485,100,3,3,800,800,800,800,800,8,8,8,8,8,200184,0,0,0,0,0,0,0,0,0,0,0,0,0,0,0,0,0,0,1,4,1,0,0,0,0,0,1,0,3,,新春侍女,,祝主公春节快乐！猴年财源滚滚来！,2016,,,,10048501,,,,汉,五星
100486,100486,30,3,2,8900,8000,4200,8500,300,141,115,44,134,24,200719,0,0,0,0,0,0,0,110024,0,100486,0,0,0,0,0,0,0,0,1,4,0,0,0,1,0,0,0,0,"3,13,23",,潘凤,,^【演】^《三国演义》中的虚构人物，冀州牧韩馥属下，善使大斧，于诸侯讨董之汜水关战中，遭华雄击败而被斩。韩馥经典语曰：吾有上将潘凤，可斩华雄。,?,,,吾有上将潘凤#可斩华雄,10048601,1,,,汉,五星
100487,100487,25,1,3,6500,7500,8900,4000,1100,81,93,123,44,82,200720,0,0,0,0,0,0,0,210046,0,0,0,0,0,0,0,0,0,0,5,3,0,0,0,1,0,0,0,0,"1,11,21",,张鲁,,@【史】@东汉末年割据汉中一带的军阀，据传是西汉留侯张良的十世孙、天师道（五斗米道）教祖张陵之孙。张鲁为五斗米道的第三代天师（称系师），在诛灭张修后继续在汉中一带传播五斗米道，并自称“师君”。雄据汉中近三十年，后投降曹操，官拜镇南将军，封阆中侯，食邑万户。张鲁去世后谥号为“原”，葬于邺城东。\n^【演】^在《三国演义》中，张鲁为汉宁太守，继父祖之后传播五斗米教。刘璋害死张鲁之母，二人因此结仇，多次交战。刘备攻益州时，刘璋向张鲁求援。张鲁派马超前往，但马超投降刘备。张鲁后见曹操自封魏王，想要自立为汉宁王，为谋士阎圃劝免。后曹操讨汉中，张鲁败，众人劝其烧粮仓，张鲁认为这是国家之物，未听从，为曹操所称赞。不久投降曹操，任镇南将军。,?-245,公祺,,,10048701,"6,5",,,群,四星
100488,100488,30,2,3,8600,8800,3400,3200,1400,188,162,40,48,126,200723,0,0,0,0,0,0,0,110025,0,0,0,0,0,0,0,0,0,0,5,4,0,0,0,0,0,0,0,0,"2,12,52",,孟获,,@【史】@三国时期南中地区少数民族的首领，公元225年起兵反叛蜀汉，被诸葛亮率领大军七擒七纵后降服，此后不再叛乱。《三国志》本传中未记载孟获事迹，史书《汉晋春秋》和《襄阳记》有记载。\n^【演】^在《三国演义》中，则详细讲述了七擒孟获的故事。孟获为人骁勇善战，但不善于用兵。曾起兵反叛蜀汉，后诸葛亮依马谡“攻心为上”之策，对其进行七擒七纵，终于使得孟获心悦诚服，立誓永不再反叛蜀国。,?,,,七擒七纵终服蜀#南蛮亦知忠义信,10048801,"6,5",,,群,五星
100489,100489,25,3,2,7500,8400,5100,7800,300,113,104,49,86,20,200725,0,0,0,0,0,0,0,110116,0,0,0,0,0,0,0,0,0,0,5,3,0,0,0,1,0,0,0,0,"3,52,23",,孟优,,^【演】^《三国演义》中的虚构人物，南蛮王孟获之弟。与诸葛亮的南征军交战，向战败的兄长推荐朵思大王，劝兄长借助朵思之力与蜀军对抗。后来与兄长一起归顺蜀汉。,?,,,,10048901,1,,,群,四星
100490,100490,25,1,2,8100,7300,6500,3500,1000,123,101,71,39,66,200727,0,0,0,0,0,0,0,110117,0,0,0,0,0,0,0,0,0,0,5,3,0,0,0,1,0,0,0,0,"1,31,52",,带来洞主,,^【演】^南蛮王孟获之妻祝融夫人之弟。曾向连败的孟获相继推荐了木鹿大王和兀突骨以应对诸葛亮率领的来犯蜀军，并假投降欲接近诸葛亮趁机行刺，但均被诸葛亮识破。,?,,,,10049001,"3,1",,,群,四星
100491,100491,25,2,3,8500,7000,4000,3800,1200,130,107,38,42,89,200726,0,0,0,0,0,0,0,110118,0,0,0,0,0,0,0,0,0,0,5,3,0,0,0,1,0,0,0,0,"2,22,52",,金环三结,,^【演】^是《三国演义》的虚构人物。南蛮孟获属下大将，第一洞元帅。为了迎击蜀汉军马，与阿会喃、董荼那一起出洞。遭到夜袭，混乱之中被赵云一枪刺死。,?-225,,,,10049101,"3,1",,,群,四星
100492,100492,25,2,1,6400,6500,2500,3100,1200,61,62,24,30,69,200729,0,0,0,0,0,0,0,0,0,0,0,0,0,0,0,0,0,0,5,2,0,0,0,1,0,0,0,0,"2,52",,阿会喃,,^【演】^南蛮王孟获部下三洞元帅之一，第三洞元帅。与董荼那一起担任孟获的援军出征，但被蜀军俘虏，又被诸葛亮释放，孟获怀疑其叛变而斩之。,?-225,,,,10049201,,,,群,三星
100493,100493,25,3,2,7100,4600,3500,3300,200,68,44,34,32,12,200729,0,0,0,0,0,0,0,0,0,0,0,0,0,0,0,0,0,0,5,2,0,0,0,1,0,0,0,0,"3,23",,董荼那,,^【演】^南蛮王孟获部下三洞元帅之一，第二洞元帅。与阿会喃等人一起担任孟获的援军出征，但被蜀军俘虏，又被诸葛亮释放，孟获怀疑其叛变而斩之。,?-225,,,,10049301,,,,群,三星
100494,100494,25,3,3,8800,8100,3000,7300,300,191,124,32,101,25,200730,0,0,0,0,0,0,0,110026,0,100494,0,0,0,0,0,0,0,0,5,4,1,0,0,1,0,0,0,0,"3,52,23",,祝融夫人,,^【演】^在《三国演义》中，为火神祝融氏后裔，南蛮王孟获之妻，带来洞主之姐。武艺高强，善使飞刀，百发百中。曾与孟获一起抵抗蜀军，在两军阵前被赵云活捉，在诸葛亮七擒七纵孟获之后，随孟获归顺蜀汉。祝融夫人为虚构人物，不见于正史记载。,?,,,性如烈火红海棠#执戟金戈好女杰,10049401,"1,7",,,群,五星
100495,100495,40,3,3,9800,8800,3900,8500,200,257,195,54,118,20,200736,0,0,0,3,0,0,0,113037,0,100495,0,0,0,0,0,0,0,0,5,4,0,0,0,1,0,0,0,0,"3,12,13",,颜良＆文丑,,@【史】@颜良与文丑一起作为袁绍军队的勇将而闻名，孔融曾称赞二人勇冠三军，并以二人作为袁绍军队的武将代表劝谏曹操小心他们。\n^【演】^在《三国演义》中，于讨董战役的汜水关之战中第一次被提及姓名，当时颜良、文丑催军未回，使袁绍颇为华雄的猖狂而叹息。袁绍计逼韩馥，夺取冀州之时，关纯行刺袁绍，被文丑所斩。磐河一战，文丑策马挺枪，直冲上桥，十余合大败公孙瓒，平定河北。\n曹、袁交兵，先锋颜良攻白马被斩，文丑领军为其报仇，据延津挑战曹操，却中饵敌之计而军乱，文丑挺身独战，射退张辽，与徐晃大战三十合不分胜败，追击中正遇关羽，战不三合，心怯欲走，被关羽赶上斩于马下。,?,,,河北双雄谁敌手#勇冠三军龙虎腾,"10049501,10049502",1,,,群,五星
100496,100496,30,1,3,4900,9500,10800,5500,1200,79,152,286,72,105,200737,0,0,0,3,0,0,0,213020,0,100496,0,0,0,0,0,0,0,0,3,4,0,0,0,1,0,0,0,0,"1,11,21",,诸葛亮,,@【史】@政治家、军事家，被誉为“千古良相”的典范。策动孙、刘联盟，于赤壁之战中大破曹操，奠定三国鼎立的基础。蜀汉建立，拜为丞相。刘备伐吴失败，受托孤于永安，辅佐幼主，外联东吴，内修政理，南征平叛，北抗强魏。为完成统一中原，兴复汉室的大业，先后五次进攻魏国。在治国、治军等方面发挥了非凡的才能。最后一次北伐时采取分兵屯田之策，与司马懿大军相持百余日，但不幸因积劳成疾而逝世，享年五十四岁，谥曰忠武侯。\n^【演】^在《三国演义》中，人称卧龙先生，有经天纬地之才，鬼神不测之机。刘皇叔三顾茅庐，遂允出山相助。曾舌战群儒、借东风、智算华容、三气周瑜，辅佐刘备于赤壁之战大败曹操，更取得荆州为基本。后奉命率军入川，于定军山智激老黄忠，斩夏侯渊，败走曹操，夺取汉中。刘备伐吴失败，受遗诏托孤，安居平五路，七纵平蛮，六出祁山，鞠躬尽瘁，死而后已。其手摇羽扇，运筹帷幄的潇洒形象，千百年来已成为人们心中“智慧”的代名词。,181-234,孔明,,出师一表真名世#千载谁堪伯仲间,10049601,"6,4",,,蜀,五星
100497,100497,25,2,2,7000,7800,8800,3600,2000,122,126,154,43,143,200738,0,0,0,3,0,0,0,213021,0,100497,0,0,0,0,0,0,0,0,4,4,1,0,0,1,0,0,0,0,"2,22,32",,步皇后,,@【史】@步练师，与吴国丞相步骘同族，吴大帝孙权的宠妃。步练师在孙权众嫔妃中最受孙权宠爱，生有二女：即全公主孙鲁班和朱公主孙鲁育。,?-238,,,虔恭夙夜伴君侧#宽容慈惠有淑德 ,10049701,6,,,吴,五星
100498,100498,30,3,3,9600,8500,6800,8800,300,197,175,99,141,24,200739,0,0,0,3,0,0,0,113038,0,100498,0,0,0,0,0,0,0,0,2,4,0,0,0,1,0,0,0,0,"3,23,43",,曹纯,,@【史】@曹操麾下将领，曹仁之弟。为人擅战，甚得人心，为人重纲纪，不失理智。是曹操部下精锐部队“虎豹骑”的统领者之一，因在平定北方的战役中颇有功绩，被加封为高陵亭侯。\n^【演】^在《三国演义》中，曹纯作为曹仁的部将跟随曹仁一起防守南郡，受派遣，与牛金一起去救援曹洪，成功将吴将甘宁围困在彝陵，直至周瑜亲自前来解围。后来，曹仁全军偷袭周瑜大营，曹纯与曹洪同为合后，中计兵败，接应曹仁弃城而逃。,170-210,子和,,统领虎豹锐无当#斩谭俘胡震宇内,10049801,"1,6",,,魏,五星
100499,100499,35,2,3,2000,7800,9200,3600,2000,23,156,200,54,199,200740,0,100097,0,3,0,0,0,113149,0,0,0,0,0,0,0,0,0,0,5,3,0,0,0,1,0,0,0,0,"2,12,32",,蒯良＆蒯越,,@【史】@蒯良为刘表定下安抚荆楚的政治方向，佐其成业，被刘表誉为“雍季之论”。蒯越原为刘表的部下，曾经在刘表初上任时帮助刘表铲除荆州一带的宗贼。刘表病逝后与刘琮一同投降曹操。\n^【演】^在《三国演义》中，则描写蒯良、蒯越为兄弟。二人均足智多谋，辅助刘表，佐其成业。,?,,,,"10009701,10009702",3,,,群,四星
100500,100500,30,2,1,7200,8800,8200,4000,1900,86,146,111,54,154,200741,0,100186,0,3,0,0,0,213049,0,0,0,0,0,0,0,0,0,0,5,3,0,0,0,1,0,0,0,0,"2,12,22",,审配,,@【史】@袁绍的军师，为人正直，被委以腹心之任。河北平定，袁绍以审配、逢纪统军事，审配恃其强盛，力主与曹操决战。曾率领弓弩手大破曹军于官渡。后官渡战败，审配二子被俘，反因此受谮见疑，幸得逢纪力保。袁绍病死后，审配等矫诏立袁尚为嗣，导致兄弟相争，被曹操各个击破。曹操围邺，审配死守数月，终城破被擒，拒不投降，慷慨受死。\n^【演】^在《三国演义》中，审配生平与正史基本一致。,?-204,正南,,,10018601,6,,,群,四星
100501,100501,25,2,2,8700,8000,6500,4200,2000,114,106,54,46,129,200742,0,100133,0,3,0,0,0,113150,0,0,0,0,0,0,0,0,0,0,3,3,0,0,0,1,0,0,0,0,"2,12,22",,陈到,,@【史】@陈到，字叔至，豫州汝南人，三国时期蜀汉将领。刘备在豫州时期，陈到开始追随刘备，名位常亚于赵云，以忠勇著称。先后担任护军、征西将军，在建兴四年接替李严担任永安都督，封亭侯。负责统率和管理白毦兵，在永安任上去世。,?,叔至,,,10013301,3,,,蜀,四星
100502,100502,30,1,4,7700,7000,8800,6100,1100,101,63,114,72,69,200743,0,0,0,3,0,0,0,113151,0,0,0,0,0,0,0,0,0,0,2,3,0,0,0,1,0,0,0,0,"1,11,31",,曹植,,@【史】@曹操的三子。曹植很有才学，早年被曹操宠爱，几乎被立为太子，后失宠。魏文帝时，他受兄长曹丕的猜忌和迫害，屡遭贬爵和改换封地。曹植为建安文学中成就最高者，其诗以笔力雄健和词采画眉见长，留有集三十卷，已佚，今存《曹子建集》为宋人所编。\n^【演】^在《三国演义》中，曹操一度想立他为世子，但疑其乖巧，而不如曹丕心诚，最终听信贾诩的建议，立曹丕为嗣。曹操去世后，曹丕继位，以曹植不来奔丧为由问罪。曹丕发兵将曹植捉来，让其“七步成诗”，继而又让其立即成诗，曹植均能做到。之后，曹丕迫于太后的压力，放过曹植，对其只做贬爵处罚。,192-232,子建,,,10050201,6,,,魏,四星
100503,100503,30,2,2,2300,7800,8900,3600,2000,21,102,129,43,157,200744,0,0,0,3,0,0,0,113152,0,0,0,0,0,0,0,0,0,0,2,3,0,0,0,1,0,0,0,0,"2,12,22",,戏志才,,@【史】@经荀彧推荐，成为曹操手下谋士。为人多谋略，曹操十分器重，不幸早卒。他死后，荀彧推荐了郭嘉。,?,志才,,,10050301,6,,,魏,四星
100504,100504,25,2,3,8300,7600,6800,3600,2300,110,82,57,39,131,200745,0,100246,0,3,0,0,0,113153,0,0,0,0,0,0,0,0,0,0,4,3,0,0,0,1,0,0,0,0,"2,12,32",,潘璋,,@【史】@吴国将领。潘璋年轻时家贫，跟随孙权后得到其赏识，加上其作战勇猛，不断升迁，其一生为孙权东征西讨，在合肥之战、追擒关羽、夷陵之战、江陵保卫战中多次立下战功。但其为人奢侈贪财。经常设立军市，又洗劫将士以获得财物，但孙权念其有功未予深究。被陈寿盛赞为“江表之虎臣”。 \n^【演】^在《三国演义》中，描写潘璋擒获关羽，并夺取了青龙偃月刀及赤兔马，而且描写了在夷陵之战被为父报仇的关兴所诛，但实际上都是小说虚构的。,?-234,文珪,,,10024601,1,,,吴,四星
100505,100505,25,1,4,1700,5900,8700,3600,1200,15,56,126,39,60,200746,0,100161,0,3,0,0,0,114157,0,0,0,0,0,0,0,0,0,0,4,3,0,0,0,1,0,0,0,0,"1,11,21",,张昭,,@【史】@少时好学，博览群书。二十岁时拒绝应试孝廉而与名士王朗等人讨论时事，深受陈琳赏识。东汉末年张昭避乱扬州。孙策举事时，张昭出任长史、抚军中郎将。孙策器重张昭，有关文武之事均由张昭办理。 孙策死时将孙权托付给张昭，张昭则尽力辅佐孙权，迅速稳定了民心士气。\n张昭敢于直言谏议，曾因违背孙权意愿而一度不让他朝见。孙权称帝之后，张昭因年老多病而辞官，著有《春秋左氏传》解和《论语》注。嘉禾五年，张昭去世。孙权素服吊唁并赠谥号文侯。 \n^【演】^在《三国演义》中，张昭好学善书，是当时的著名人物，于汉末避乱江东。孙策在江东创业时，辟张昭为长史，以管仲视之。孙策临终时，将孙权托付于张昭、周瑜，遗言“内事托子布，外事全赖公瑾”。张昭性格严肃，对孙权多有直谏。赤壁之战之际，张昭主降，孙权深感失望。孙权称帝后，张昭被封为娄侯，数年后病逝。,156-236,子布,,,10016101,6,,,吴,四星
100506,100506,25,3,3,8000,6000,3500,7700,500,111,66,34,95,33,200748,0,0,0,3,0,0,0,113154,0,0,0,0,0,0,0,0,0,0,5,3,0,0,0,1,0,0,0,0,"3,23,33",,刘豹,,@【史】@南匈奴单于于扶罗之子，汉赵光文帝刘渊之父，东汉、魏晋时期南匈奴首领。由于南匈奴的动乱，刘豹因此留居汉地。其叔呼厨泉在於夫罗死后继位单于，刘豹则成为左贤王，后接掌了匈奴左部。\n^【演】^在《三国演义》第三十三回和第七十一回中提及。高干兵败后投奔左贤王，左贤王不愿结怨于曹操，于是将高干呵退。蔡邕之女蔡琰被匈奴劫往北地，曹操派人去赎，左贤王迫于曹操的势力，送还蔡琰。,?,,,,10050601,1,,,群,四星
100507,100507,25,3,3,7000,7800,6100,8000,400,77,97,67,99,34,200748,0,0,0,3,0,0,0,113155,0,0,0,0,0,0,0,0,0,0,5,3,0,0,0,1,0,0,0,0,"3,23,33",,楼班,,@【史】@乌丸王丘力居之子。丘力居死时，楼班年少，而从子蹋顿有武略，代立，总摄三部，众皆从蹋顿号令。楼班长大后，难楼、苏仆延率其部众奉楼班为单于，蹋顿为王，然蹋顿犹秉计策。袁尚败奔蹋顿，凭其势，复图冀州。后曹操亲自出征大破蹋顿于柳城。袁尚与楼班等人皆走辽东，最后被辽东太守公孙康所诛。,?-207,,,,10050701,1,,,群,四星
100508,100508,30,2,3,7400,7300,5900,4600,1900,112,110,62,62,118,200747,0,0,0,3,0,0,0,113156,0,0,0,0,0,0,0,0,0,0,5,3,0,0,0,1,0,0,0,0,"2,22,52",,严白虎,,@【史】@其绰号为白虎，本名不详，为当地强族，献帝初拥兵万人自固。孙策受袁术使渡江，攻破白虎等。白虎奔余杭，投靠许昭。建安二年（197），复为孙策所破。\n^【演】^在《三国演义》中，严白虎自称东吴德王，占据吴郡，与孙策军交战，战败，请和不成，遂弃城而逃，投奔会稽太守王朗。王朗战败后，严白虎逃往余杭，为董袭所诛，首级献与孙策。,?-197,,,,10050801,1,,,群,四星
100509,100509,20,3,1,3600,4800,3000,8100,200,25,34,21,56,9,200236,0,100168,0,0,0,0,0,0,0,0,0,0,0,0,0,0,0,0,1,2,0,0,0,1,0,0,0,0,"3,13",,张让,,@【史】@东汉宦官，颍川（今河南禹县）人。桓帝、灵帝时，历为小黄门、中常侍等职，封列侯。在职时以搜刮暴敛、骄纵贪婪见称，灵帝极为宠信，常谓“张常侍是我父”。中平六年（189年），何进谋诛宦官，事泄，他和其余几个常侍设计谋害何进。袁绍、袁术等人闻何进被害，入宫诛灭宦官，张让走投无路，投水自尽。\n^【演】^张让、赵忠、夏恽、郭胜、孙璋、毕岚、栗嵩、段珪、高望、张恭、韩悝、宋典等十二个宦官朋比为奸，号为“十常侍”。,?-189,,,,10016801,,,,汉,三星
100510,100510,20,3,1,5500,4600,2900,7800,600,38,32,20,54,25,200234,0,100169,0,0,0,0,0,0,0,0,0,0,0,0,0,0,0,0,1,2,0,0,0,1,0,0,0,0,"3,13",,赵忠,,@【史】@东汉末年宦官，赵延之兄。桓帝、灵帝时，历为小黄门、中常侍、大长秋、车骑将军等职，封都乡侯。在职时以搜刮暴敛、骄纵贪婪见称，灵帝极为宠信，常谓“赵常侍是我母”。中平六年（189年），何进谋诛宦官，事泄，他和其余几个常侍设计谋害何进，袁绍、袁术等人闻何进被害，入宫诛灭宦官，后诛灭赵忠。\n^【演】^张让、赵忠、夏恽、郭胜、孙璋、毕岚、栗嵩、段珪、高望、张恭、韩悝、宋典等十二个宦官朋比为奸，号为“十常侍”。,?-189,,,,10016901,,,,汉,三星
100511,100511,20,2,1,5600,4300,4600,2300,1600,39,30,32,16,67,200227,0,100170,0,0,0,0,0,0,0,0,0,0,0,0,0,0,0,0,1,2,0,0,0,1,0,0,0,0,"2,12",,夏恽,,@【史】@东汉宦官。汉灵帝中平初为中常侍，宗亲依势横行于州郡。时中常侍吕强清忠奉公，为平息人民对朝廷不满情绪，建议汉灵帝先诛左右贪浊者、大赦党人。夏恽以吕强主张危及自身利益，遂与同僚赵忠等诬陷吕强与党人联合，诽谤朝廷。汉灵帝不察，致使吕强自戮，宗亲财产没入官府。\n^【演】^张让、赵忠、夏恽、郭胜、孙璋、毕岚、栗嵩、段珪、高望、张恭、韩悝、宋典等十二个宦官朋比为奸，号为“十常侍”。,?-189,,,,10017001,,,,汉,三星
100512,100512,20,2,2,5800,5300,4600,2700,1700,40,37,32,19,71,200213,0,100171,0,0,0,0,0,0,0,0,0,0,0,0,0,0,0,0,1,2,0,0,0,1,0,0,0,0,"2,12",,郭胜,,@【史】@东汉宦官，十常侍之一。十常侍朋比为奸，祸乱朝纲，制造出党锢之祸，后被袁绍所诛。\n^【演】^张让、赵忠、夏恽、郭胜、孙璋、毕岚、栗嵩、段珪、高望、张恭、韩悝、宋典等十二个宦官朋比为奸，号为“十常侍”。,?,,,,10017101,,,,汉,三星
100513,100513,20,1,3,4000,4500,3500,4000,1000,28,31,25,28,42,200227,0,100172,0,0,0,0,0,0,0,0,0,0,0,0,0,0,0,0,1,2,0,0,0,1,0,0,0,0,"1,11",,毕岚,,@【史】@东汉宦官，十常侍之一。十常侍朋比为奸，祸乱朝纲，制造出党锢之祸，后被袁绍所诛。另外，毕岚曾制造翻车，用于取河水洒路。\n^【演】^张让、赵忠、夏恽、郭胜、孙璋、毕岚、栗嵩、段珪、高望、张恭、韩悝、宋典等十二个宦官朋比为奸，号为“十常侍”。,?-189,,,,10017201,,,,汉,三星
100514,100514,20,1,3,6000,4000,5000,3300,1100,42,28,35,23,46,200227,0,100173,0,0,0,0,0,0,0,0,0,0,0,0,0,0,0,0,1,2,0,0,0,1,0,0,0,0,"1,11",,段珪,,@【史】@东汉宦官，“十常侍”之一。十常侍党同伐异，卖官鬻爵，后在“十常侍之乱”中被袁绍所诛。\n^【演】^张让、赵忠、夏恽、郭胜、孙璋、毕岚、栗嵩、段珪、高望、张恭、韩悝、宋典等十二个宦官朋比为奸，号为“十常侍”。,?-189,,,,10017301,,,,汉,三星
100515,100515,20,3,1,4800,4600,3800,7500,500,34,32,27,52,21,200236,0,100174,0,0,0,0,0,0,0,0,0,0,0,0,0,0,0,0,1,2,0,0,0,1,0,0,0,0,"3,13",,高望,,@【史】@东汉宦官，“十常侍”之一。十常侍党同伐异，卖官鬻爵，后在“十常侍之乱”中被袁绍所诛。\n^【演】^张让、赵忠、夏恽、郭胜、孙璋、毕岚、栗嵩、段珪、高望、张恭、韩悝、宋典等十二个宦官朋比为奸，号为“十常侍”。,?-189,,,,10017401,,,,汉,三星
100516,100516,20,2,2,5600,5700,5100,2900,1500,39,40,36,20,62,200234,0,100175,0,0,0,0,0,0,0,0,0,0,0,0,0,0,0,0,1,2,0,0,0,1,0,0,0,0,"2,12",,张恭,,@【史】@东汉宦官，“十常侍”之一，后被袁绍所诛。\n^【演】^张让、赵忠、夏恽、郭胜、孙璋、毕岚、栗嵩、段珪、高望、张恭、韩悝、宋典等十二个宦官朋比为奸，号为“十常侍”。,?-189,,,,10017501,,,,汉,三星
100517,100517,20,1,3,3900,4800,5200,4500,900,27,34,36,31,38,200213,0,100176,0,0,0,0,0,0,0,0,0,0,0,0,0,0,0,0,1,2,0,0,0,1,0,0,0,0,"1,11",,韩悝,,@【史】@东汉宦官，十常侍之一。十常侍朋比为奸，祸乱朝纲，制造出党锢之祸，后被袁绍所诛。\n^【演】^张让、赵忠、夏恽、郭胜、孙璋、毕岚、栗嵩、段珪、高望、张恭、韩悝、宋典等十二个宦官朋比为奸，号为“十常侍”。,?-189,,,,10017601,,,,汉,三星
100518,100518,20,2,1,4100,6000,3900,4100,1700,29,42,27,29,71,200213,0,100177,0,0,0,0,0,0,0,0,0,0,0,0,0,0,0,0,1,2,0,0,0,1,0,0,0,0,"2,12",,宋典,,@【史】@东汉宦官，十常侍之一。十常侍朋比为奸，祸乱朝纲，制造出党锢之祸，后被袁绍所诛。\n^【演】^张让、赵忠、夏恽、郭胜、孙璋、毕岚、栗嵩、段珪、高望、张恭、韩悝、宋典等十二个宦官朋比为奸，号为“十常侍”。,?-189,,,,10017701,,,,汉,三星
100519,100519,35,2,2,8400,12800,3000,3200,1500,201,187,38,53,149,200756,0,0,0,10002,0,0,0,112172,0,100519,0,0,0,0,0,0,0,0,5,4,0,0,0,1,0,0,0,0,"2,52,42",,兀突骨,,^【演】^在三国演义中，兀突骨是虚构人物。南蛮乌戈国之主，是身长十二尺的巨汉。孟获遭到六擒六纵之后向兀突骨求援，兀突骨亲自带领两名兵长土安、奚泥及三万藤甲兵去攻蜀。在连胜魏延十五阵之后，追击至蟠蛇谷，被诸葛亮埋伏，以火攻反击之，兀突骨及其三万部下全部战死。,?-225,,,生蛇恶兽以为食#统御藤甲势破竹,10051901,1,,,群,五星
100520,100520,25,1,4,8000,7100,6000,5800,600,111,98,75,97,45,200760,0,0,0,0,0,0,0,110120,0,0,0,0,0,0,0,0,0,0,5,3,1,0,0,1,0,0,0,0,"1,11,52",,花鬘,,花鬘在《三国志》，《三国演义》均未有提及，只是古典戏曲《龙凤巾》中的虚构人物。其形象并非一般君主家中闺秀，而是与其母祝融相似，是一个可以披甲上阵，善于刀枪作战的女武将。戏曲中在诸葛亮平定南蛮时，花鬘曾与关索作战，失败被俘，两人互生爱意，南蛮王孟获降服后二人成婚。,?,,,,10052001,1,,,群,四星
100521,100521,30,3,2,8600,8500,7600,8200,200,101,123,100,108,13,200761,0,0,0,0,0,0,0,112142,0,0,0,0,0,0,0,0,0,0,2,3,0,0,0,1,0,0,0,0,"3,13,23",,文聘,,@【史】@三国时期曹魏名将。本来是荆州刘表的大将。刘表死后，其子刘琮降曹操。文聘初不随见曹操，直至曹操召聘相见。曹操仍旧让他守卫江夏，使其典北兵、镇荆江。文聘也不负曹操所望，守御荆城之际，多次引兵阻遏关羽之师，攻其辎重，烧其战船，立下莫大之功，成为曹操倚为屏障的大将之一，威名远播。\n后又多从征讨，累封后将军，新野侯。曹叡即位之初，文聘在江夏击退了孙权的进攻。死后追谥曰壮。\n^【演】^在《三国演义》中，本来是荆州刘表的大将，镇守荆北。后来刘表死后，其子刘琮继位，议降曹操。刘琮降于曹操后，文聘初不随见曹操，直至曹操召聘相见。曹操委以兵马之重，令其引军追击刘备；然而追上刘备后，被刘备片言责退。赤壁战前夕，文聘为阻止黄盖伪船来闯，独引小舟拦截，却被敌军弓箭所伤。\n后来文聘多从征讨，于国有功。曹丕即位后，举军造舟以攻东吴，以文聘等将作先行，却为吴将徐盛所破。文聘不避险阻，棹舟上龙船，亲负曹丕脱险，曹丕方免于难。\n\n@本武将设计建议来自：@\n@【129区玩家：王者归来】@,?,仲业,,,10052101,3,,,魏,四星
100522,100522,30,1,3,5800,8800,9000,5000,1000,102,194,171,73,87,200762,0,0,0,0,0,0,0,212027,0,100522,0,0,0,0,0,0,0,0,4,4,0,0,0,1,0,0,0,0,"1,11,31",,诸葛恪,,@【史】@诸葛瑾的长子，从小就以才思敏捷、善于应对著称，曾任丹杨太守，为吴国征得大量兵源。孙亮继位后，诸葛恪掌握了吴国大权，率军抵挡了魏国三路进攻，在东兴大胜魏军。此后，诸葛恪开始轻敌，率大军伐魏，围攻新城不下，士卒因疾病死伤惨重，回军后为掩饰过失，更加独断专权。不久，诸葛恪被孙峻联合吴主孙亮设计所诛，被夷灭三族。\n^【演】^在《三国演义》中，诸葛恪曾为吴太子孙登的太子左辅。孙亮继位后，诸葛恪掌握了吴国大权，率军抵挡了魏国三路进攻，在东兴大胜魏军。此后，诸葛恪开始轻敌，率军二十万伐魏，围攻新城不下，被魏国援军大败，回军后为掩饰过失，更加独断专权。不久，诸葛恪被孙峻联合吴主孙亮设计所诛，被满门抄斩。,203-253,元逊,,蓝田生玉，添字得驴#刚愎自用，恃才取祸,10052201,"2,5",,,吴,五星
100523,100523,25,2,1,8000,8500,7500,3000,1800,106,113,90,29,90,200763,0,0,0,0,0,0,0,112143,0,0,0,0,0,0,0,0,0,0,4,3,0,0,0,1,0,0,0,0,"2,12,22",,全琮,,@【史】@吴国名将。全琮很有谋略，曾参与多场重要战役的谋划。孙权将自己的女儿孙鲁班嫁给了全琮，全琮的家族也成为吴国的名门；但全琮本人并不因此而骄横跋扈，仍然以十分谦恭的态度对待他人。\n^【演】^全琮在《三国演义》里着墨处不多，后期战役常与朱桓出阵。初登场于第九十六回，其时周鲂行计引诱曹休走进陷阱，陆逊担任外应带兵伏击曹休。当时陆逊为了分兵三路以迎击曹休，便向孙权推荐朱桓与全琮为辅佐。结果全琮引一军暗袭魏寨后方，与魏将薛乔对垒并击退薛乔，最后会合主军大败魏兵。,198-249,子璜,,,10052301,1,,,吴,四星
100524,100524,35,1,3,9500,9000,3600,7100,900,261,189,40,137,78,200764,0,0,0,0,0,0,0,112064,0,100524,0,0,0,0,0,0,0,0,3,4,0,0,0,1,0,0,0,0,"1,31,52",,沙摩柯,,@【史】@三国时期五溪蛮首领。为报关羽被东吴所害之仇，刘备亲自领兵攻孙权，以金锦爵赏诱沙摩柯助战。沙摩柯率一万余人响应蜀军，表现活跃。章武二年（222年），吴大都督陆逊以火攻破刘备，率诸军齐击，蜀军四十多个营寨被攻破，沙摩柯在大乱中匹马奔逃，死于乱军。\n^【演】^为刘备伐吴的援军。生得面如噀血，碧眼突出，使一个铁蒺藜骨朵，腰带两张弓，威风抖擞。伐吴期间，曾一箭射死东吴猛将甘宁。后刘备兵败，沙摩柯被东吴大将周泰所害。,?-222,,,面如噀血碧眼突#番将能为汉死节,10052401,"1,4",,,蜀,五星
100525,100525,40,3,2,8700,8100,6500,8000,800,151,154,81,126,52,200765,0,0,0,0,0,0,0,112144,0,0,0,0,0,0,0,0,0,0,3,3,0,0,0,1,0,0,0,0,"3,13,23",,赵统＆赵广,,@【史】@赵统、赵广分别是赵云的长子和次子。赵统在赵云去世后，袭爵永昌亭侯，官至蜀汉虎贲中郎督，加行领军。赵广随姜维前往沓中，官拜牙门将。曹魏司马氏派五路大军伐蜀时，赵广随大将军姜维与魏兵战于疆川口，姜维败绩还守剑阁，赵广于沓中战死。\n^【演】^在《三国演义》中，于九十七回登场。赵统、赵广拜见诸葛亮，并告知父亲赵云的噩耗。,?,,,,"10052501,10052502",1,,,蜀,四星
100526,100526,30,1,3,8100,9000,8800,5500,1200,117,179,163,87,85,200773,0,0,0,0,0,0,0,110173,0,100526,0,0,0,0,0,0,0,0,1,4,0,0,0,1,0,0,0,0,"1,11,21",,张机,,@【史】@名机，字仲景，南阳郡人。以表字行施于世，即汉末著名医学家“张仲景”。早年学医于同郡张伯祖，尽得其真传。初举孝廉，相传于建安年间任长沙太守，时大疫流行，乃钻研《内经》《难经》等古医书，博采众方，撰写《伤寒杂病论》，与华佗、董奉齐名，并称“建安三神医”，后世尊其为“医圣”。其著作辗转流散，经后人编次校勘，分别整理为《伤寒论》和《金匮要略》二书，流传至今。,150-215,仲景,,及时行疫气之法#皆当按斗历占之,10052601,"6,5,7",,,汉,五星
100527,100527,25,1,3,5800,7000,8200,5000,1000,70,84,109,60,65,200780,0,100164,0,4,0,0,0,313036,0,0,0,0,0,0,0,0,0,0,4,3,0,0,0,1,0,0,0,0,"1,11,31",,诸葛瑾,,@【史】@三国时期吴国重臣，诸葛亮之兄，诸葛恪之父。经弘咨推荐，为东吴效力。胸怀宽广，温厚诚信，得到孙权的深深信赖，称为“神交”，并努力缓和蜀汉与东吴的关系。建安二十五年（220年）吕蒙病逝，诸葛瑾代吕蒙领南郡太守，驻守公安。孙权称帝后，诸葛瑾官至大将军，领豫州牧。\n^【演】^在《三国演义》中，诸葛瑾经鲁肃推荐，为东吴效力。胸怀宽广，温厚诚信，得到孙权的深深信赖，努力缓和蜀汉与东吴的关系，曾于刘备伐吴之际出使求和，但未成功。,174-241,子瑜,,,10016401,5,,,吴,四星
100528,100528,25,2,2,7800,8000,6800,2800,1800,94,96,82,31,130,200776,0,0,0,4,0,0,0,114158,0,0,0,0,0,0,0,0,0,0,4,3,0,0,0,1,0,0,0,0,"2,12,22",,吾粲,,@【史】@三国时期吴国大臣。吾粲初为县中小吏，后得县长孙河赏识，担任曲阿县丞，又升任长史，治理有声名政绩，与同郡人陆逊、卜静等齐名。孙权任车骑将军，征召吾粲为主簿，外任山阴县令，入朝为参军校尉。黄武元年（222年），与吕范、贺齐等以水军抗击魏将曹休，升任会稽太守。\n后任昭义中郎将，与吕岱讨平山越，入朝又任屯骑校尉、少府、太子太傅。赤乌年间，孙权欲废太子孙和，而立鲁王孙霸，他坚持“嫡庶之分”，违忤孙权。后被孙霸等人诬陷，下狱处死。\n^【演】^在《三国演义》中，吾粲在孙权招贤纳士之时投奔东吴。,?-245,孔休,,,10052801,6,,,吴,四星
100529,100529,25,3,3,8200,6800,3000,7800,500,113,94,29,97,33,200774,0,0,0,4,0,0,0,314037,0,0,0,0,0,0,0,0,0,0,5,3,0,0,0,1,0,0,0,0,"3,23,33",,步度根,,@【史】@汉末魏初的鲜卑单于之一，蒲头之弟。其部众分布在并州的太原、雁门等地，与轲比能数相攻伐。,?-233,,,,10052901,1,,,群,四星
100530,100530,25,1,4,7500,7000,8000,5600,900,81,76,87,61,47,200768,0,100107,0,4,0,0,0,214050,0,0,0,0,0,0,0,0,0,0,1,3,0,0,0,1,0,0,0,0,"1,11,21",,刘表,,@【史】@其人身长八尺余，姿貌温厚伟壮，少时知名于世，名列“八俊”。在荆州期间，刘表远交袁绍，近结张绣，内纳刘备，据地数千里，带甲十余万，称雄荆江，先破孙坚，后又常抗曹操。然而刘表为人性多疑忌，好于坐谈，立意自守，而无四方之志，后更宠溺后妻蔡氏，使妻族蔡瑁等得权。刘表死后，蔡瑁等人废长立幼，奉表次子刘琮为主；曹操南征，刘琮举州投降，荆州遂没。\n^【演】^在《三国演义》中，刘表生平基本与正史相符。,142-208,景升,,,10010701,1,,,汉,四星
100531,100531,25,3,1,8300,8100,7100,8400,400,100,97,85,101,20,200779,0,100143,0,4,0,0,0,114160,0,0,0,0,0,0,0,0,0,0,2,3,0,0,0,1,0,0,0,0,"3,13,23",,于禁,,@【史】@三国时期魏国武将。本为鲍信部将，后属曹操，曾于张绣造反时讨伐不守军纪的青州兵，同时为迎击敌军而固守营垒，因此曹操称赞他可与古代名将相比。然而在建安二十四年（219年）的襄樊之战中，于禁在败给关羽后投降，致使晚节不保。关羽败亡后，于禁从荆州获释到了吴国。黄初二年（公元221年），孙权遣还于禁回魏，同年去世，谥曰厉侯，有一子于圭。\n^【演】^在《三国演义》中，于禁于曹操招贤之时前来投奔。后随曹操参与官渡之战、赤壁之战。赤壁兵败之后，于禁随曹操征讨马超、韩遂，于阵前不敌马超而败北。关羽率军攻樊城时，于禁、庞德奉命前往援救镇守樊城的曹仁终被关羽以水攻大败。战后于禁被俘，向关羽乞降，被押解往荆州。吕蒙攻陷荆州后于禁被送往吴国，孙权降魏后将其释放返魏，奉命守护曹操陵墓。曹丕遣人将于禁战败乞降等事画于陵壁，于禁看后惭愧发病而死。,?-221,文则,,,10014301,6,,,魏,四星
100532,100532,40,2,3,5000,7800,9000,4000,2000,71,135,185,57,188,200778,0,0,0,4,0,0,0,114162,0,0,0,0,0,0,0,0,0,0,3,3,0,0,0,1,0,0,0,0,"2,12,22",,蜀三相,,@【史】@蒋琬、董允、费祎三人为三国时期蜀汉的重臣，与诸葛亮并称为“蜀汉四相”。三人在内政方面表现出色，为蜀汉政权作出了很大的贡献。,?,,,,"10053201,10053202,10053203",6,,,蜀,四星
100533,100533,100,3,3,800,800,800,800,800,8,8,8,8,8,200184,0,0,0,0,0,0,0,0,0,0,0,0,0,0,0,0,0,0,5,4,0,0,0,0,0,0,1,0,3,,率土一载,,       366天，大争之世，战火不竭，风云际会，百万雄主齐聚三国乱世。或应天时，或从私欲，枭雄荡千里、攻城拔寨，霸王据要地、虎视九州。虽无往之史迹，惟诸位之诵传。\n       四季瞬逝，一载方休，为将星者，狼烽并肩，歃血为盟，不取洛城终不还；进击诱退，旷日久持，固我金城不放松；甘为细作，卧薪尝胆，直取险隘夺战机。一方河山、无可拱手让人，一城之邑、无可轻言放弃。此乃吾辈之擎旗统兵走天下，虽寸土，亦必争，毋强敌，战必胜\n       此一周年际，共忆往昔岁月峥嵘，同看今朝风华正茂！一周年，仅为始，衷祈与诸位：握虎符，策骏骑，踏山河，抚星穹，破千关，征万里！\n       普天之下，莫非王土，率土之滨，莫非王臣。,2016,,,,0,,,,群,五星
100534,100534,30,3,1,8000,9000,9700,8800,400,115,158,213,128,28,200785,100067,0,0,10003,0,0,0,213022,0,100534,0,0,0,0,20182,1,0,0,3,4,0,0,0,1,0,1,0,0,"3,13,23",,徐庶,,@【史】@东汉末年刘备帐下谋士，后归曹操，并仕于曹魏。徐庶本名徐福，为寒门子弟。早年为人报仇，获救后改名徐庶，求学于儒舍。后与同郡石广元避难于荆州，与司马徽、诸葛亮、崔州平等道友来往密切。刘备屯驻新野时，徐庶前往投奔，并向刘备推荐诸葛亮。徐庶南下时因母亲被曹操所掳获，徐庶不得已辞别刘备，进入曹营。魏文帝时，徐庶官至右中郎将、御史中丞。\n^【演】^在《三国演义》中，徐庶化名单福。刘备在新野时，投效于刘备，被拜为军师。徐庶为刘备出谋划策，击败曹将吕旷、吕翔，斗阵胜曹仁，并计取樊城。不久曹操手下谋士程昱识破了徐庶的身份，称徐庶之才十倍于己。曹操欲拉拢徐庶，于是程昱取来徐庶老母，用伪书赚徐庶来降。徐庶临走前向刘备“走马荐诸葛”，并立誓在曹营“终身不设一谋”。后徐庶跟随曹操参加赤壁之战，在庞统建议下，主动请命去散关防守马腾、韩遂，逃过赤壁大火。,?,元直,,豫州军败信途穷#徐庶推能荐卧龙,10053401,"2,4",,#-原效果（1级→10级）#\n普通攻击后，对攻击目标再次发动策略攻击@（伤害率59.5% {0} 119.0%，受谋略属性影响）@，并有@20.0% {0} 40.0%@的几率使其陷入暴走状态，持续1回合，此战法首次发动后，每次造成伤害时都使自身策略攻击的伤害提高2.5% {0} 5.0%，可叠加6次\n\n#-调整后效果（1级→10级）#\n普通攻击后，对攻击目标再次发动策略攻击@（伤害率65.0% {0} 130.0%，受谋略属性影响）@，并有@25.0% {0} 50.0%@的几率使@距离3以内@的随机敌军单体陷入暴走状态，持续1回合，此战法首次发动后，每次造成伤害时都使自身策略攻击的伤害提高2.5% {0} 5.0%，可叠加6次,蜀,五星
100535,100535,200,1,3,0,0,0,0,0,0,0,0,0,0,200786,0,0,0,0,1,0,0,0,0,0,0,0,0,0,0,0,0,0,5,3,0,1,0,1,0,0,0,0,1,2,孙子兵法·作战,,    孙子曰：“凡用兵之法，驰车千驷，革车千乘，带甲十万，千里馈粮。其用战也胜，久则钝兵挫锐，攻城则力屈，久暴师则国用不足。\n    善用兵者，役不再籍，粮不三载，取用于国，因粮于敌，故军食可足也。故兵贵胜，不贵久。”,?,,,,0,,,,群,四星
100536,100536,200,1,3,0,0,0,0,0,0,0,0,0,0,200787,0,0,0,0,3,0,0,0,0,0,0,0,0,0,0,0,0,0,5,3,0,1,0,1,0,0,0,0,1,2,六韬·豹韬,,     太公曰：“以武冲为前后，列其强弩，令行陈皆固。衢道谷口，以武冲绝之，高置旌旗，是谓‘车城’。凡险战之法，以武冲为前，大橹为卫，材士强弩翼吾左右，三千人为屯，必置冲陈，便兵所处。左军以左，右军以右，中军以中，并攻而前。已战者还归屯所，更战更息，必胜乃已。”,?,,,,0,,,,群,四星
100537,100537,200,1,3,0,0,0,0,0,0,0,0,0,0,200820,0,0,0,0,1,0,0,0,0,0,0,0,0,0,0,0,0,0,5,3,0,1,0,0,0,0,0,0,1,2,孙子兵法·谋攻,,"    孙子曰：夫用兵之法，全国为上，破国次之；全军为上，破军次之；全旅为上，破旅次之；全卒为上，破卒次之；全伍为上，破伍次之。是故百战百胜，非善之善者也；不战而屈人之兵，善之善者也。\n    故上兵伐谋，其次伐交，其次伐兵，其下攻城。攻城之法，为不得已。修橹轒輼，具器械，三月而后成，距堙，又三月而后已。将不胜其忿而蚁附之，杀士卒三分之一而城不拔者，此攻之灾也。\n    故善用兵者，屈人之兵而非战也，拔人之城而非攻也，毁人之国而非久也，必以全争于天下，故兵不顿，而利可全，此谋攻之法也。\n    故用兵之法，十则围之，五则攻之，倍则分之，敌则能战之，少则能逃之，不若则能避之。故小敌之坚，大敌之擒也。\n    夫将者，国之辅也,辅周则国必强，辅隙则国必弱。\n    故君之所以患于军者三：不知军之不可以进而谓之进，不知军之不可以退而谓之退，是谓縻军。不知三军之事而同三军之政者，则军士惑矣。不知三军之权而同三军之任，则军士疑矣。三军既惑且疑，则诸侯之难至矣。是谓乱军引胜。\n    故知胜有五：知可以战与不可以战者胜；识众寡之用者胜；上下同欲者胜；以虞待不虞者胜；将能而君不御者胜。此五者，知胜之道也。\n    故曰：知彼知己，百战不殆；不知彼而知己，一胜一负；不知彼，不知己，每战必殆。",?,,,,0,,,,群,四星
100538,100538,200,1,3,0,0,0,0,0,0,0,0,0,0,200816,0,0,0,0,1,0,0,0,0,0,0,0,0,0,0,0,0,0,5,3,0,1,0,1,0,0,0,0,1,2,孙子兵法·军形,,    孙子曰：“昔之善战者，先为不可胜，以待敌之可胜。胜兵若以镒称铢，败兵若以铢称镒。胜者之战民也，若决积水于千仞之溪者，形也。”,?,,,,0,,,,群,四星
100539,100539,200,1,3,0,0,0,0,0,0,0,0,0,0,200815,0,0,0,0,1,0,0,0,0,0,0,0,0,0,0,0,0,0,5,3,0,1,0,1,0,0,0,0,1,2,孙子兵法·兵势,,    孙子曰：“三军之众，可使必受敌而无败者，奇正是也；兵之所加，如以碫投卵者，虚实是也。战势不过奇正，奇正之变，不可胜穷也。奇正相生，如循环之无端，孰能穷之哉！”,?,,,,0,,,,群,四星
100540,100540,200,1,3,0,0,0,0,0,0,0,0,0,0,200813,0,0,0,0,1,0,0,0,0,0,0,0,0,0,0,0,0,0,5,3,0,1,0,1,0,0,0,0,1,2,孙子兵法·虚实,,    孙子曰：“善战者，致人而不致于人。出其所不趋，趋其所不意。形人而我无形，则我专而敌分。故曰：胜可为也。敌虽众，可使无斗。\n    故形兵之极，至于无形。无形，则深间不能窥，智者不能谋。水因地而制流，兵因敌而制胜。能因敌变化而取胜者，谓之神。”,?,,,,0,,,,群,四星
100541,100541,200,1,3,0,0,0,0,0,0,0,0,0,0,200241,0,0,0,0,1,0,0,0,0,0,0,0,0,0,0,0,0,0,5,3,0,1,0,1,0,0,0,0,1,2,孙子兵法·军争,,    孙子曰：“后人发，先人至，此知迂直之计者也。掠乡分众，廓地分利，悬权而动，先知迂直之计者胜，此军争之法也。”,?,,,,0,,,,群,四星
100542,100542,200,1,3,0,0,0,0,0,0,0,0,0,0,200243,0,0,0,0,1,0,0,0,0,0,0,0,0,0,0,0,0,0,5,3,0,1,0,1,0,0,0,0,1,2,孙子兵法·九变,,   孙子曰：凡用兵之法，将受命于君，合军聚众；圮地无舍，衢地合交，绝地无留，围地则谋，死地则战，途有所不由，军有所不击，城有所不攻，地有所不争，君命有所不受。故将通于九变之利者，知用兵矣。将不通于九变之利者，虽知地形，不能得地之利矣。治兵不知九变之术，虽知地利，不能得人之用矣。,?,,,,0,,,,群,四星
100543,100543,200,1,3,0,0,0,0,0,0,0,0,0,0,200826,0,0,0,0,1,0,0,0,0,0,0,0,0,0,0,0,0,0,5,3,0,1,0,1,0,0,0,0,1,2,孙子兵法·行军,,   孙子曰：“凡军好高而恶下，贵阳而贱阴，养生而处实，军无百疾，是谓必胜。丘陵堤防，必处其阳，而右背之。此兵之利，地之助也。“,?,,,,0,,,,群,四星
100544,100544,200,1,3,0,0,0,0,0,0,0,0,0,0,200248,0,0,0,0,1,0,0,0,0,0,0,0,0,0,0,0,0,0,5,3,0,1,0,1,0,0,0,0,1,2,孙子兵法·地形,,   孙子曰：“夫地形者，兵之助也。料敌制胜，计险厄远近，上将之道也。知此而用战者必胜，不知此而用战者必败。”,?,,,,0,,,,群,四星
100545,100545,200,1,3,0,0,0,0,0,0,0,0,0,0,200812,0,0,0,0,1,0,0,0,0,0,0,0,0,0,0,0,0,0,5,3,0,1,0,1,0,0,0,0,1,2,孙子兵法·九地,,    孙子曰：“兵之情主速，乘人之不及，由不虞之道，攻其所不戒也。故善用兵者，譬如率然；率然者，常山之蛇也。击其首则尾至，击其尾则首至，击其中则首尾俱至。故为兵之事，在于顺详敌之意，并敌一向，千里杀将，此谓巧能成事者也。”,?,,,,0,,,,群,四星
100546,100546,200,1,3,0,0,0,0,0,0,0,0,0,0,200817,0,0,0,0,1,0,0,0,0,0,0,0,0,0,0,0,0,0,5,3,0,1,0,1,0,0,0,0,1,2,孙子兵法·火攻,,    孙子曰：“行火必有因，烟火必素具。发火有时，起火有日。\n    凡火攻，必因五火之变而应之。凡军必知有五火之变，以数守之。”,?,,,,0,,,,群,四星
100547,100547,200,1,3,0,0,0,0,0,0,0,0,0,0,200818,0,0,0,0,1,0,0,0,0,0,0,0,0,0,0,0,0,0,5,3,0,1,0,1,0,0,0,0,1,2,孙子兵法·用间,,    孙子曰：“明君贤将，所以动而胜人，成功出于众者，先知也。先知者，不可取于鬼神，不可象于事，不可验于度，必取于人，知敌之情者也。此兵之要，三军之所恃而动也。”,?,,,,0,,,,群,四星
100548,100548,200,1,3,0,0,0,0,0,0,0,0,0,0,200819,0,0,0,0,3,0,0,0,0,0,0,0,0,0,0,0,0,0,5,3,0,1,0,1,0,0,0,0,1,2,六韬·虎韬,,    太公曰：“此天下之困兵也，暴用之则胜，徐用之则败。如此者，为四武冲陈，以武车骁骑惊乱其军而疾击之，可以横行。”,?,,,,0,,,,群,四星
100549,100549,100,2,3,800,800,800,800,800,8,8,8,8,8,200184,0,0,0,0,0,0,0,0,0,0,0,0,0,0,0,0,0,0,1,4,1,0,0,0,0,0,1,0,2,,新春侍女,,祝主公新春快乐！家庭幸福！新的一年，《率土之滨》将会继续陪伴主公左右，给主公带来更多游戏的乐趣！,2017,,,,10054901,,,,汉,五星
100550,100550,30,3,2,8900,8400,5200,8500,400,195,170,87,172,28,200804,0,0,0,4,0,0,0,114040,0,100550,0,0,0,0,0,0,0,0,5,4,0,0,0,0,0,0,0,0,"3,13,33",,轲比能,,@【史】@汉末三国时期鲜卑民族的首领，由于他作战勇敢，执法公平，不贪财物，所以被鲜卑民众推举为大人。自曹操北征后向曹氏进贡表示效忠。后来在轲比能进行部落统一战争时，受到魏国干涉，并遭到沉重打击。于是轲比能对魏怀有二心，并献书魏帝表忠以麻痹魏庭使之放松警惕。轲比能的势力得以强盛，控弦十馀万骑，为害魏国边境。深感威胁的魏国便派刺客将其谋害，其政权立刻崩溃，鲜卑民族再次陷入混战。\n^【演】^在《三国演义》中，轲比能于第八十五回《刘先主遗诏托孤儿 诸葛亮安居平五路》登场。轲比能呼应曹丕五路进攻蜀汉的计划，与羌兵一同出征。知道对手是令异族闻风丧胆的“神威将军”马超后，便不战而自行逃回。,?-235,,,小种鲜卑御群狄#称雄漠南附义王,10055001,6,,,群,五星
100551,100551,25,1,3,4300,8100,8500,4100,900,57,127,113,60,45,200803,100001,0,0,0,0,0,0,0,0,0,0,0,0,0,0,0,0,0,1,4,0,0,0,0,0,1,0,0,"1,11,32",,献帝,,@【史】@东汉最后一任皇帝，公元189年－220年在位。因被董太后抚养，故称“董侯”，初封渤海王，后改封陈留王。公元189年，董卓废汉少帝刘辩，立刘协为皇帝。董卓被王允和吕布诛灭后，董卓部将李傕等攻入长安，再次挟持了他，后来逃出长安。公元196年，曹操控制了刘协，并迁都许县，挟天子以令诸侯。公元220年，曹操病死，刘协被曹丕控制，随后被迫禅让于曹丕。公元234年，刘协寿终正寝，享年54岁。\n^【演】^在《三国演义》中，他是汉灵帝中子。汉中平九月甲戌，即皇帝位，年九岁。后为董卓、曹操接连要挟，成为傀儡。建安二十五年冬十月乙卯，帝逊位，丕称天子。奉帝为山阳公。传言帝遇害，汉中王刘备闻知，痛哭终日，下令百官挂孝，遥望设祭，上尊谥曰“孝愍皇帝”。,181-234,,,,10055101,"6,5",,,汉,五星
100552,100552,25,1,2,7600,6500,8800,4200,600,110,94,149,56,39,200793,100378,0,0,0,0,0,0,0,0,0,0,0,0,0,0,0,0,0,1,4,1,0,0,0,0,1,0,0,"1,11,21",,伏寿,,@【史】@汉献帝皇后，徐州琅邪郡东武县（今山东诸城）人，西汉大司徒伏湛八世孙，父亲是学者伏完，母为阳安长公主刘华。作为皇后二十年，于建安十九年被曹操幽闭而死。\n^【演】^在《三国演义》中，伏寿的生平与正史大体相当，不过在小说里，伏寿并非病死，而是与伏完一起谋划除掉曹操，但遭曹操发现而被族灭。有诗叹曰：“曹瞒凶残世所无，伏完忠义欲何如。可怜帝后分离处，不及民间妇与夫！”,?-214,,,,10055201,6,,,汉,五星
100553,100553,30,1,4,8900,8800,7700,5200,1200,177,175,111,75,85,200791,100040,0,0,10001,0,0,0,114169,0,100553,0,0,0,0,20182,0,1,1782097200,1,4,0,0,0,1,0,1,0,0,"1,11,21",,朱儁,,@【史】@东汉末年名将。光和七年（184年），黄巾起义爆发，朱儁担任右中郎将、持节。平定三郡之地后，被皇甫嵩上表推功，进封西乡侯，迁任镇贼中郎将。又率军讨平南阳黄巾。董卓秉政时，想任朱儁为副手，遭其婉拒。其后出逃荆州，更屯军中牟，徐州刺史陶谦等欲推举他为太师，并传檄各州牧伯，相邀讨伐李傕、奉迎天子。但朱儁却奉诏入京任太仆。兴平二年（195年），李傕、郭汜相攻时，郭汜扣留朱儁为人质，朱儁性格刚烈，同日即发病而死。\n^【演】^在《三国演义》中，朱儁形象与正史相似。是汉车骑将军。黄巾起义时，为中郎将，引军讨伐。屡立功绩，迁车骑将军，河南尹。后董卓余党李傕、郭汜乱政，掠夺公卿，朱儁对汉室衰微的状况感到悲哀，归家后即病逝。,?-195,公伟,,将军乱世国所赖#忠义守节不辱名,10055301,"2,6",,,汉,五星
100554,100554,30,3,2,7600,9300,8500,8900,700,120,160,146,129,50,200797,100039,0,0,0,0,0,0,0,0,0,0,0,0,0,0,0,0,0,1,4,0,0,0,0,0,1,0,0,"3,13,23",,皇甫嵩,,@【史】@为人仁爱谨慎，尽忠职守，有谋略，有胆识。于黄巾起义时，以中郎将身份讨伐黄巾，用火攻大破张梁、张宝，拜左车骑将军。后因拒绝贿赂宦官而被免职。董卓掌权时，征皇甫嵩入朝为城门校尉，因私怨被其陷害下狱，经其子皇甫坚寿求情才得以保全。\n^【演】^在《三国演义》中，皇甫嵩形象与正史相似。于黄巾起义时，大破张梁、张宝。后接替董卓进攻张梁，连胜七阵。掘张角墓，拜左车骑将军、冀州牧，因拒绝贿赂宦官而被免职。董卓死，王允命其与吕布等共至郿坞抄籍董卓家产、人口，皇甫嵩将坞中所藏良家子女，尽行释放。,?-195,义真,,母不保子妻失夫#赖得皇甫复安居,10055401,2,,,汉,五星
100555,100555,30,2,2,8000,8500,9100,4000,2000,115,146,156,47,141,200798,100041,0,0,0,0,0,0,0,0,0,0,0,0,0,0,0,0,0,1,4,0,0,0,0,0,1,0,0,"2,12,22",,张奂,,@【史】@东汉时期名将、学者，凉州三明之一。汉阳太守张惇之子。少年时师从太尉朱宠，学习《欧阳尚书》，又自行删减《牟氏章句》。在东汉对外战争中功勋卓著，多次以恩信安抚、招降外族，使得北方宁静一时。后入朝，为宦官所利用，率军前往进击窦武。\n事后自责不已，拒受封侯。拜少府，迁任大司农，又上疏为窦武等人伸冤。不久迁太常，因得罪宦官被诬陷罢免。最终回乡教授弟子，不再出仕。光和四年（181年）去世，终年七十八岁，遗令素服薄葬。,104-181,然明,,,10055501,1,,,汉,五星
100556,100556,20,2,2,4500,7800,8200,4000,1400,50,113,120,45,94,200802,100355,0,0,0,0,0,0,0,0,0,0,0,0,0,0,0,0,0,1,4,1,0,0,0,0,1,0,0,"2,11,22",,蔡夫人,,@【史】@荆州牧刘表的后妻，荆襄一带的豪族蔡氏家族的一员。她是诸葛亮之妻黄月英的姨母，以侄女妻表次子刘琮，因爱之，常毁刘琦而誉刘琮于表。表死，与蔡瑁等共排表长子刘琦，奉刘琮为嗣，寻降曹操。\n^【演】^在《三国演义》中，蔡夫人为荆州刺史刘表后妻、刘琮生母、蔡瑁之姐。心肠恶毒，因先主劝刘表立长子琦为嗣，深恨之，数次欲加害于琦。后表亡，借兄瑁之力，立子琮为主。操军到襄阳，蔡氏随子琮举州请降。操命琮为青州刺史，上任途中，命于禁将其母子二人灭口。,?,,,,10055601,"6,4",,,汉,五星
100557,100557,30,2,2,8100,8500,5500,3200,1600,177,200,73,54,111,200795,100051,0,0,10001,0,0,0,114171,0,100557,0,0,0,0,0,0,0,0,5,4,0,0,0,1,0,1,0,0,"2,12,22",,张梁,,@【史】@东汉末农民起义首领。张角、张宝的弟弟。熹平年间，张角创太平道，梁与角同在河北一带传教，秘密进行组织工作。中平元年（184）黄巾起义时，号称“人公将军”，协同张角击败卢植、董卓进攻。角病死，东汉政府增调左中郎将皇甫嵩往攻，梁坚守广宗，英勇反击而获胜。后因麻痹轻敌，于广宗被皇甫嵩击败身亡。\n^【演】^在《三国演义》中，张梁同兄弟一起发动黄巾起义，在曲阳被皇甫嵩和曹操围攻，连败七阵身亡。,?-184,,,人公将军知将略#能守广宗破义真,10055701,6,,,群,五星
100558,100558,30,3,2,9100,7500,4300,8400,500,199,164,80,155,40,200792,100052,0,0,0,0,0,0,0,0,0,0,0,0,0,0,0,0,0,5,4,0,0,0,0,0,1,0,0,"3,13,23",,管亥,,@【史】@东汉末年黄巾军的将领。孔融屯兵都昌时，他率军围攻孔融，孔融派太史慈前去向刘备求救，他被刘备的援军击退。\n^【演】^在《三国演义》中，管亥曾经一合阵斩孔融的大将宗宝，后与关羽大战数十合后被斩。,?-194,,,,10055801,"1,3",,,群,五星
100559,100559,30,3,2,3600,6800,7900,6900,200,55,103,131,104,15,200127,0,100266,0,0,0,0,0,0,0,0,0,0,0,0,0,0,0,0,5,3,0,0,0,0,0,0,0,0,"3,13,23",,波才,,@【史】@黄巾军高级将领，统领东方黄巾军部队。曾在黄巾起义初期取得一定战果，但在长社之战被皇甫嵩的火攻击溃。,?-184,,,,10026601,"2,4",,,群,四星
100560,100560,25,3,2,6500,7800,8500,8600,300,86,113,134,103,18,200799,100038,0,0,0,0,0,0,0,0,0,0,0,0,0,0,0,0,0,1,4,1,0,0,0,0,1,0,0,"3,32,23",,王美人,,@【史】@灵怀皇后王荣，生汉献帝。祖父王苞为五官中郎将。王美人姿色秀丽，聪敏有才明，能书会计，以良家子的身份选入掖庭。当时灵帝的皇后何氏“性强忌，后宫莫不震慑”。王美人怀孕后，畏惧何皇后，服药欲堕胎，而胎安不动，又数次梦到负日而行。\n光和四年（公元181年），王美人生下皇子刘协，何皇后遂毒鸩王美人。永汉元年（公元189年），其子刘协为董卓立为皇帝，是为汉献帝。兴平元年（公元194年），有司乃奏追尊王美人为灵怀皇后，改葬文昭陵。 \n^【演】^在《三国演义》中，王美人是汉献帝的生母。帝宠幸王美人，生皇子协。何后嫉妒，毒鸩王美人。,?-181,,,,10056001,2,,,汉,五星
100561,100561,30,3,2,7500,6700,4700,8500,400,125,101,71,141,29,200671,0,100182,0,0,0,0,0,0,0,0,0,0,0,0,0,0,0,0,5,3,0,0,0,0,0,0,0,0,"3,13,23",,裴元绍,,^【演】^《三国演义》中的虚构人物。原黄巾军之武将。黄巾起义失败后，与周仓一同率领残部当了山贼。在关羽过五关时，与周仓一同希望成为关羽的部下，后被留守山中。不久后，因其欲夺偶然路过的赵云之马，反遭讨伐战败身死。,?-200,,,,10018201,1,,,群,四星
100562,100562,25,1,4,6900,7800,8000,5000,900,80,131,188,75,91,200796,100430,0,0,10001,0,0,0,114170,0,100562,0,0,0,0,0,0,0,0,5,4,0,0,0,1,0,1,0,0,"1,11,21",,张宝,,@【史】@张角之弟，张梁之兄，中平元年（184）二月，同兄弟一起发动黄巾起义，号地公将军。同年十一月于下曲阳（今河北晋州）遭到左中郎将皇甫嵩、钜鹿太守郭典的围攻，兵败被斩。\n^【演】^在《三国演义》中，张宝同兄弟一起发动黄巾起义，于阳城与朱儁军对抗。后刘备兄弟率军前来，帮助朱儁与张宝交战，张宝使用妖术，一度获胜，但不久就被破解，张宝被刘备射伤，逃入阳城坚守。朱儁等加紧围攻，张宝的部下严政斩了张宝，献首投降。,?-184,,,地公将军善左道#使得妖术乱千军,10056201,"2,6",,,群,五星
100563,100563,200,82,3,0,0,0,0,0,0,0,0,0,0,200184,0,0,0,0,0,0,0,0,0,0,0,0,0,0,0,0,0,0,5,3,0,1,1,0,0,0,0,0,"2,82",3,黄巾兵,,起义的黄巾士兵，缺乏组织及训练，战斗中常抢掠物资。,?,,,,0,,,,群,四星
100564,100564,200,83,3,0,0,0,0,0,0,0,0,0,0,200184,0,0,0,0,0,0,0,0,0,0,0,0,0,0,0,0,0,0,5,3,0,1,1,0,0,0,0,0,"3,83",3,羽林骑,,    装备精良的皇帝近卫，常于宫殿或皇帝出巡时执行守卫任务。,?,,,,0,,,,群,四星
100565,100565,25,2,1,5500,7600,7500,4000,700,60,91,90,35,36,200126,0,100285,0,0,0,0,0,0,0,0,0,0,0,0,0,0,0,0,1,3,0,0,0,0,0,0,0,0,"2,12,22",,刘焉,,@【史】@刘璋之父，汉末群雄之一。黄巾起义时，刘焉欲取得一安身立命之所，割据一方。于是向朝廷求为益州牧。刘焉进入益州后，派张鲁盘踞汉中，张鲁截断交通，斩汉使，从此益州与中央道路不通。刘焉进一步对内打击地方豪强，巩固自身势力，益州因而处于半独立的状态。后因背疮迸发而卒，其子刘璋继领益州牧。\n^【演】^在《三国演义》中，刘焉主要在第一回登场，当时正值黄巾起义，刘焉初任幽州太守，发榜招募义兵以抗黄巾，在刘备说出自己身份后，刘焉大喜，遂认刘备为侄，后官至益州牧。之后在第五十九回提及刘焉于兴平元年患病疽而死，由其子刘璋袭位。,?-194,君郎,,,10028501,"2,4",,,汉,四星
100566,100566,20,1,2,7500,7500,4500,5000,1000,96,106,57,64,61,200102,0,100183,0,0,0,0,0,0,0,0,0,0,0,0,0,0,0,0,5,3,0,0,0,0,0,0,0,0,"1,11,21",,马元义,,@【史】@东汉末年黄巾起义的组织者之一，是黄巾大方首领。光和六年（183年），马元义奉张角之命，筹划起事的准备工作。马元义聚集荆州、扬州信徒数万人约定于邺城相会，并收买中常侍封谞、徐奉等为内应，准备于次年（甲子年）三月初五（甲子日）内外同时起事。由于张角弟子济南人唐周的告密，马元义于于中平元年（184年）正月在河内郡山阳县被捕。由于马元义的被害，迫使张角提前于二月起兵发动起义。\n^【演】^张角派马元义暗中收买中常侍封谞作为内应。张角将要起义时，由于其弟子唐周的告密。使得灵帝召大将军何进调兵诛灭马元义。,?-184,,,,10018301,1,,,群,四星
100567,100567,30,3,3,7800,6500,5000,8800,200,130,98,68,146,15,200099,0,100339,0,0,0,0,0,0,0,0,0,0,0,0,0,0,0,0,5,3,0,0,0,0,0,0,0,0,"3,13,23",,张燕,,@【史】@东汉末黑山军首领。张燕剽捍，敏捷过人，军中称为“飞燕”。官渡之战时投降曹操，被任命为平北将军，封安国亭侯。死后其子张方袭爵。\n^【演】^在《三国演义》中，张燕是黑山军首领。吕布自长安出逃后一度投奔袁绍，与袁绍共破张燕于常山。公孙瓒被围于易京，曾遣人求救于张燕，但送信人半途被袁绍截住。曹操击破袁谭后，张燕来降，被封为平北将军，与李典、乐进一同攻壶关。,?,,,,10033901,1,,,群,四星
100568,100568,30,2,2,8200,7500,6000,3500,1900,136,125,91,48,136,200728,0,100054,0,0,0,0,0,0,0,0,0,0,0,0,0,0,0,0,5,3,0,0,0,0,0,0,0,0,"2,12,22",,张曼成,,@【史】@东汉末南阳黄巾军首领。灵帝中平元年（184）率众起义，聚众数万，斩南阳郡守褚贡。屯宛下百余日，后为太守秦颉所诛。,?-184,,,,10005401,1,,,群,四星
100569,100569,30,2,3,6700,6200,5500,3400,1600,111,94,83,41,114,200105,0,100181,0,0,0,0,0,0,0,0,0,0,0,0,0,0,0,0,5,3,0,0,0,0,0,0,0,0,"2,12,22",,程远志,,^【演】^黄巾军将领，于三国演义第一回登场，统兵五万进犯涿郡。幽州刺史刘焉令校尉邹靖引刘备、关羽、张飞三人，统兵五百，前去破敌。在大兴山下，两军交战，程远志被关羽一刀挥为两段，余众溃散。,?-184,,,,10018101,1,,,群,四星
100570,100570,20,3,2,8100,7300,4200,8300,500,114,95,40,108,28,200250,0,100098,0,0,0,0,0,110217,0,0,0,0,0,0,0,0,0,0,1,3,0,0,0,1,0,0,0,0,"3,13,23",,何进,,@【史】@东汉灵帝时外戚，何进的异母妹有宠于灵帝并被立为皇后，他也随之升迁。黄巾起义时，为大将军。灵帝驾崩后，何进从袁绍之言，博征智谋之士为己所用。自此独揽大权。然而何进不纳陈琳之谏，多结外镇军阀，翘首京师，与袁绍等谋诛宦竖。终于事泄，被张让等先下手为强，遇刺身亡。\n^【演】^在《三国演义》中，何进本为屠夫，因为其妹入宫为皇后，以外戚身份入仕。对于是否诛灭当权宦官，犹豫不决。在袁绍建议下，决定除去十常侍，但不听众人劝告，召董卓带兵入京。宦官们知道外兵入京要对付自己，十常侍之首张让设计让何太后召何进入宫，并埋伏了刀斧手五十人于长乐宫嘉德门内，何进中了埋伏，被斩。,?-189,遂高,,,10009801,1,,,汉,四星
100571,100571,30,2,2,8500,7800,6200,4500,1900,154,130,94,54,136,200690,0,100111,0,0,0,0,0,0,0,0,0,0,0,0,0,0,0,0,5,3,0,0,0,0,0,0,0,0,"2,12,22",,周仓,,^【演】^在《三国演义》中，周仓为身材高大、黑面虬髯的关西大汉，黄巾军出身。关羽千里寻兄之时请求跟随，自此对关羽忠心不二；在听说关羽兵败身亡后，周仓也自刎而死。,?-219,元福,,,10011101,"1,6",,,群,四星
100572,100572,25,1,3,3800,6000,8500,5200,1100,37,65,130,51,57,200672,0,100106,0,0,0,0,0,0,0,0,0,0,0,0,0,0,0,0,1,3,0,0,0,0,0,0,0,0,"1,11,21",,陶谦,,@【史】@汉末群雄之一。最初为诸生，在州郡任职，被举茂才，历任舒、卢二县令、幽州刺史、议郎，性格刚直，有大志。后随左车骑将军皇甫嵩对抗北宫伯玉，任扬武校尉，之后又随张温征韩遂、边章。\n^【演】^在《三国演义》中，陶谦被描述成一副和蔼可亲的老实善人形象，是为参与讨伐董卓的诸侯之一。由于曹操来犯，请求孔融、刘备救援。后来病倒，恳求刘备治理徐州。,132-194,恭祖,,,10010601,1,,,汉,四星
100573,100573,30,2,2,7000,6600,4500,3000,1500,106,100,68,36,108,200111,0,100270,0,0,0,0,0,0,0,0,0,0,0,0,0,0,0,0,5,3,0,0,0,0,0,0,0,0,"2,12,22",,邓茂,,^【演】^黄巾军将领程远志的副将，随之引兵五万进犯涿郡。在大兴山下，邓茂被张飞一回合刺于马下。,?,,,,10027001,1,,,群,四星
100574,100574,30,2,2,8200,9300,9300,4300,1600,107,177,205,56,140,200824,0,0,0,0,0,0,0,314008,0,100574,0,0,0,0,0,0,0,0,4,4,0,0,0,1,0,0,0,0,"2,12,22",,陆抗,,@【史】@三国时期吴国名将，丞相陆逊次子。陆抗袭父爵为江陵侯，为建武校尉，领其父众五千人。后迁立节中郎将、镇军将军等。孙皓为帝，任镇军大将军、都督西陵、信陵、夷道、乐乡、公安诸军事，驻乐乡。凤凰元年，击退晋将羊祜进攻，并击败叛将西陵督步阐。与陆逊皆是吴国的中流砥柱，并称“逊抗”，被誉为吴国最后的名将。\n^【演】^陆抗足智多谋，率众平定了西陵步阐的叛乱。又奉命屯兵江口，以图襄阳。晋派羊祜镇守襄阳，陆抗与羊祜英雄相惜，自守疆界，不动干戈。又上疏说：“晋不可伐，劝君主实施仁德，修养生息。”来回复君主孙皓攻打襄阳的计划。孙皓大怒，以为陆抗与敌人私通，削去了他的兵权，令孙冀代替他。这时羊祜上表劝晋主伐吴，几年后陆抗死去。,226-274,幼节,,校胜於握帷幄中#兴吴事业父子谋,10057401,"6,5,7",,,吴,五星
100575,100575,30,2,2,9600,9700,3300,3500,1800,197,243,33,51,173,200825,0,0,0,4,0,0,0,114167,0,0,0,0,0,0,0,0,0,0,2,4,0,0,0,0,0,0,0,0,"2,12,32",,典韦,,@【史】@曹操部将，相貌魁梧，膂力过人。本属张邈，后归曹操。曹操征讨吕布时被募为陷阵，表现英勇，被拜为校尉，宿卫曹操。后曹操于宛城时，张绣先降而复反，急迫曹操本营；典韦守着大门，殊死恶斗，破敌甚众，最终因敌人太多而战死。 \n^【演】^在《三国演义》中，因其悍武，曹操称其为“古之恶来”。张绣背叛时，先令胡车儿暗盗韦双戟，再引军急迫曹操本营。典韦守大门，殊死恶斗，破敌甚众，刀坏了竟双手各提一人为武器迎敌。群贼不敢近，只远远以箭射之，箭如骤雨，典韦犹死拒寨门。,?-197,,,典韦救主传天下#勇猛当先第一人,10057501,"1,3",,,魏,五星
100576,100576,200,1,3,0,0,0,0,0,0,0,0,0,0,200819,0,0,0,0,4,0,0,0,0,0,0,0,0,0,0,0,0,0,5,3,0,1,0,0,0,0,0,0,1,2,吴子·料敌,,,?,,,,0,,,,群,四星
100577,100577,200,1,3,0,0,0,0,0,0,0,0,0,0,200819,0,0,0,0,4,0,0,0,0,0,0,0,0,0,0,0,0,0,5,3,0,1,0,0,0,0,0,0,1,2,吴子·图国,,,?,,,,0,,,,群,四星
100578,100578,200,1,3,0,0,0,0,0,0,0,0,0,0,200827,0,0,0,0,4,0,0,0,0,0,0,0,0,0,0,0,0,0,5,3,0,1,0,1,0,0,0,0,1,2,吴子·论将,,    吴子曰：“三军之众，百万之师，张设轻重，在于一人，是谓气机。受命而不辞，敌破而后言返，将之礼也。故师出之日，有死之荣，无生之辱。”,?,,,,0,,,,群,四星
100579,100579,200,1,3,0,0,0,0,0,0,0,0,0,0,200819,0,0,0,0,4,0,0,0,0,0,0,0,0,0,0,0,0,0,5,3,0,1,0,0,0,0,0,0,1,2,吴子·应变,,,?,,,,0,,,,群,四星
100580,100580,200,1,3,0,0,0,0,0,0,0,0,0,0,200819,0,0,0,0,4,0,0,0,0,0,0,0,0,0,0,0,0,0,5,3,0,1,0,0,0,0,0,0,1,2,吴子·治兵,,,?,,,,0,,,,群,四星
100581,100581,200,1,3,0,0,0,0,0,0,0,0,0,0,200819,0,0,0,0,4,0,0,0,0,0,0,0,0,0,0,0,0,0,5,3,0,1,0,0,0,0,0,0,1,2,吴子·励士,,,?,,,,0,,,,群,四星
100582,100582,30,3,2,6000,8500,9900,9100,400,78,136,218,146,32,200828,0,0,0,0,0,0,0,110028,0,100582,0,0,0,0,20182,1,0,0,3,4,0,0,0,1,0,0,0,0,"3,23,43",,法正,,@【史】@原为刘璋部下，刘备围成都时劝说刘璋投降，而后又与刘备进取汉中，献计将曹操大将夏侯渊斩首。法正善奇谋，深受刘备信任和敬重，被陈寿称赞为可比魏国的程昱和郭嘉。\n^【演】^在《三国演义》中，法正的生平事迹与正史大体相当。原为刘璋部属，与张松、孟达合谋献益州给刘备。在涪城大会上，与庞统一起策划谋害刘璋的计划。伐蜀成功后，曾与诸葛亮讨论治法之事。后来任蜀郡太守时公报私仇，听闻诸葛亮向他人的解释后有所收敛。曹刘争汉中时，说服刘备亲征，又受诸葛亮之命助黄忠斩夏侯渊。,176-220,孝直,,谁是孔明西道主#敢将东客罪西人,10058201,6,,#-原效果（1级→10级）#\n战斗中，每2回合使友军单体在1回合内主动主战法发动率提高60.0% {0} 120.0%，如该主战法需要准备，则有@37.5% {0} 75.0%@的几率跳过1回合准备时间\n\n#-调整后效果（1级→10级）#\n战斗中，每2回合使友军单体在1回合内主动主战法发动率提高60.0% {0} 120.0%，@第3回合发动时，目标调整为友军全体@，如该主战法需要准备，则有@30.0% {0} 60.0%@（受速度属性影响）的几率跳过1回合准备时间,蜀,五星
100583,100583,30,2,2,4500,8300,9800,3200,1900,52,146,216,47,166,200835,100150,0,0,0,0,0,0,110029,0,0,0,0,0,0,0,0,0,0,2,4,0,0,0,0,0,1,0,0,"2,12,22",,荀攸,,@【史】@荀彧之侄，东汉末年谋士。曹操迎天子入许都之后，荀攸成为曹操的军师。 曹操征伐吕布时荀攸劝阻了曹操退兵，并献奇计水淹下邳城，活捉吕布。官渡之战荀攸献计声东击西，斩颜良和文丑。又策奇兵，派徐晃烧袁绍粮草，同时力主曹操接纳许攸，画策乌巢，立下大功。\n平定河北期间，荀攸力排众议，主张曹操消灭袁绍诸子，被曹操上奏朝廷封为陵树亭侯。荀攸行事周密低调，计谋百出，深受曹操称赞。建安十九年（214年），荀攸在曹操伐吴途中去世。\n^【演】^在《三国演义》中，荀攸初仕大将军何进，后弃官还乡。曹操在兖州，攸同从叔彧共来投之，为曹操重用。曹操迎天子都许，拜为军师。荀攸随讨吕布，定河北，及官渡、赤壁之战，屡出奇谋。及魏国建立，以荀攸为尚书令。曹操进爵魏王，荀攸认为曹操叛汉，曹操大怒，荀攸忧愤成疾，旋即去世。,157-214,公达,,公达运筹比良平#大贤功振三分国,10058301,6,,,魏,五星
100584,100584,100,3,3,800,800,800,800,800,8,8,8,8,8,200184,0,100533,0,0,0,0,0,0,0,0,0,0,0,0,0,0,0,0,5,4,0,0,0,0,0,0,1,0,3,,率土之滨,,       366天，大争之世，战火不竭，风云际会，百万雄主齐聚三国乱世。或应天时，或从私欲，枭雄荡千里、攻城拔寨，霸王据要地、虎视九州。虽无往之史迹，惟诸位之诵传。\n       四季瞬逝，一载方休，为将星者，狼烽并肩，歃血为盟，不取洛城终不还；进击诱退，旷日久持，固我金城不放松；甘为细作，卧薪尝胆，直取险隘夺战机。一方河山、无可拱手让人，一城之邑、无可轻言放弃。此乃吾辈之擎旗统兵走天下，虽寸土，亦必争，毋强敌，战必胜\n       此一周年际，共忆往昔岁月峥嵘，同看今朝风华正茂！一周年，仅为始，衷祈与诸位：握虎符，策骏骑，踏山河，抚星穹，破千关，征万里！\n       普天之下，莫非王土，率土之滨，莫非王臣。,2016,,,,0,,,,群,五星
100585,100585,30,2,2,8800,9600,7400,5700,1300,181,226,74,83,102,200836,100085,0,0,10001,0,0,0,314007,0,100585,0,0,0,0,0,0,0,0,2,4,0,0,0,1,0,1,0,0,"2,12,32",,曹仁,,@【史】@曹操从弟。三国曹魏名将。从曹操多年，为魏朝立下汗马功劳。破袁术，曹仁所斩获颇多，大破陶谦军及陶谦部将吕由，攻克句阳，生擒吕布的部将刘何，官渡之战中，在隐强打败刘备军、鸡落山之战又战胜袁绍军。\n^【演】^在《三国演义》中，曹仁于曹操起兵时与曹洪一同前来投奔，并随曹操一同参与讨董战役。后从征袁术、吕布、张绣，参加官渡之战，多立功勋。曹操平定北方后决意南征，曹仁率军先攻刘备，并列八门金锁阵以敌刘备，但阵法却被徐庶所破。赤壁之战后，周瑜乘胜进取荆州，与镇守南郡的曹仁大战，曹仁用曹操遗计诈败引周瑜入城，随命放箭，周瑜中箭败退。然此后反中东吴军士诈降之计，被周瑜击败。,168-223,子孝,,入毗皇家，帝之股肱#出作侯伯，实抚东夏,10058501,"1,4",,,魏,五星
100586,100586,30,3,3,9400,8600,7000,9000,300,222,203,69,135,24,200837,0,0,0,0,0,0,0,114048,0,100586,0,0,0,0,0,0,0,0,5,4,0,0,0,1,0,0,0,0,"3,23,43",,庞德,,@【史】@初为马腾部下，在平定羌民的征伐中屡立战功。建安年间，庞德跟随马超征战，每次出征常冲锋陷阵，勇冠凉州三军。后几经辗转，随张鲁归降于曹操麾下。219年，庞德协助曹仁抵御关羽。时值汉水暴溢，他率诸将与关羽殊死搏斗，箭镞尽，又短兵相接。\n而他格斗益怒，胆气愈壮，力战多时后因小舟被洪水打翻为关羽军所擒。关羽敬重他的刚毅威武，以封将劝降，但他却怒目不跪，怒斥关羽，最终殒身殉节。\n^【演】^在《三国演义》中，曹操进攻汉中时，庞德被曹操所擒，且因张鲁的不仁而转投曹操。此后，庞德屡立战功，濡须口之战斩东吴名将陈武，汉中之战中击败蜀汉名将魏延，救出曹操。后来曹仁被关羽包围在樊城，庞德随于禁引军赴救。其时诸将皆以庞德兄长庞柔、故主马超均在蜀，都怀疑庞德有二心；\n庞德抬棺决死，遂力斗关羽父子，又箭射关羽，深为关羽所忌惮。然而于禁惧其立功，加以掣肘。魏军战败，庞德被周仓在水中擒获，誓死不降，为关羽所害。曹操闻知此事甚为伤悲，为之流涕。,?-219,令明,,白马将军大丈夫#忠烈美名昭千载,10058601,"1,6",,,群,五星
100587,100587,30,2,2,8500,9300,6700,3500,1800,149,233,67,41,206,200838,100439,0,0,10004,0,0,0,314011,0,0,0,0,0,0,0,0,0,0,4,4,0,0,0,0,0,1,0,0,"2,12,32",,黄盖,,@【史】@孙吴名将。历仕孙坚、孙策、孙权三任君主。为人严肃，善于训练士卒，每每征讨，他的部队皆勇猛善战。赤壁之战时，黄盖前往曹营诈降，并趁机以火攻大破曹操的军队，是赤壁之战主要功臣之一。\n^【演】^在《三国演义》中，黄盖以铁鞭为兵器。曹操军来犯之际，黄盖向周瑜提议火攻破敌，周瑜要他行苦肉计，黄盖一口答应。黄盖故意提出投降曹操，周瑜假意下令斩首，后改为杖打五十，打得皮开肉绽。黄盖向曹操献降书，曹操起初识破诈降，但有两细作回报黄盖遭刑的事，曹操才相信。但苦肉计并无正史记载，赤壁之战时候黄盖只是“建策火攻”而已。,?,公覆,,老骥伏枥设苦计#赤壁火光映白首,10058701,"1,4",,,吴,五星
100588,100588,100,3,3,800,800,800,800,800,8,8,8,8,8,200184,0,0,0,0,0,0,0,0,0,0,0,0,0,0,0,0,0,0,5,4,0,0,0,0,0,0,1,0,3,,率土二载,,丁酉逢秋，贰载已至，与君迎送。\n\n使帷幄之谋，捭阖之交，启贤众，同袍泽，百战铁甲血染红。\n\n观大小千战，矛戈互举，烟起千里兵锋。\n\n揽山河夷野，星汉辉映，更胜史中王颂。\n\n常历诸君进言，千百英杰尽不同。\n\n革新之历已现，征稷之程再启，此际，共勉群雄：\n\n普天之下，率土之滨，王臣王土，跃虎盘龙！,2017,,,,0,,,,群,五星
100589,100589,30,2,2,9000,10200,6100,3500,1500,171,225,61,51,131,200843,0,0,0,0,0,0,0,210016,0,100589,0,0,0,0,20182,1,0,0,4,4,0,0,0,1,0,0,0,0,"2,12,22",,周泰,,@【史】@三国时期吴国武将。孙策平定江东时与同郡蒋钦一起加入孙策军，随孙策左右，后孙权爱其为人，向孙策请求让周泰跟随自己。周泰多次于战乱当中保护孙权的安危，身上受的伤多达几十处，就像在皮肤上雕画一样，吴将朱然、徐盛等因此对其拜服。后来孙权为了表彰周泰为了东吴出生入死的功绩，而赐给他青罗伞盖。官至汉中太守、奋威将军，封陵阳侯。死于黄武中年，有子周邵，亦数有战功，死于黄龙二年，周邵的弟弟周承继承了兵权和爵位。\n^【演】^在《三国演义》中，跟正史差不多，最初和蒋钦一同在江中劫掠为生，后归顺孙策，并助孙策攻刘繇营寨。孙策攻取吴郡之时，周泰与孙权镇守宣城，期间山贼前来攻城，周泰为保护孙权而被刺12枪，身受重伤，幸得名医华佗救治才得以保全一命。,?,幼平,,遍体疮痍犹痛饮#血痕残酒满征衣,10058901,3,,#-原效果（1级→10级）#\n战斗开始后，使自身受到的所有伤害降低42.0% {0} 84.0%，每当受到攻击或策略攻击的伤害后，对此类型伤害的减伤效果将降低1/12，位于前锋及中军时前2回合援护友军全体；同时每次受到伤害后有50.0%几率使攻击属性、防御属性谋略属性提高10.0 {0} 20.0，该效果可叠加，持续直到战斗结束\n\n#-调整后效果（1级→10级）#\n战斗开始后，使自身受到的所有伤害降低42.0% {0} 84.0%，每当受到攻击或策略攻击的伤害后，对此类型伤害的减伤效果将降低1/12，位于前锋及中军时前2回合援护友军全体；同时每次受到伤害后有50.0%几率使攻击属性、防御属性谋略属性提高10.0 {0} 20.0，该效果可叠加，持续直到战斗结束，@首次受到伤害时，该效果必定触发且额外触发1次@,吴,五星
100590,100590,25,1,3,7000,9100,9500,6000,1000,76,143,196,57,57,200845,100472,0,0,0,0,0,0,210017,0,0,0,0,0,0,0,0,0,0,1,4,0,0,0,0,0,1,0,0,"1,11,21",,司马懿,,@【史】@三国时期魏国杰出的政治家、军事家、战略家，西晋王朝的奠基人。是辅佐了魏国三代的托孤辅政之重臣，后期成为掌控魏国朝政的权臣。善谋奇策，多次征伐有功，其中最显著的功绩是两次率大军成功抵御诸葛亮北伐和远征平定辽东。对屯田、水利等农耕经济发展有重要贡献。\n^【演】^在《三国演义》中，司马懿的生平基本与正史相符。而在小说中，则将其塑造成“奸诈”的负面形象。,179-251,仲达,,魁杰雄特，秉心平直#威严允惮，风行草靡,10059001,2,,,汉,五星
100591,100591,30,1,3,8500,8700,9100,5500,1100,124,140,201,72,66,200846,0,0,0,0,0,0,0,210018,0,100591,0,0,0,0,0,0,0,0,2,4,0,0,0,0,0,0,0,0,"1,21,32",,钟会,,@【史】@魏晋时期重要的策臣与谋士、制定伐蜀计划并参与灭蜀之战的智将。自幼才华横溢，上至皇帝、下至群臣都对他非常赏识。在征讨毌丘俭、诸葛诞期间，钟会屡出奇谋。被人比作西汉谋士张良，又曾为司马昭献策阻止了曹髦的夺权企图，钟会得以成为司马氏的亲信。\n景元年间，钟会独力支持司马昭的伐蜀计划，从而发动伐蜀之战。灭蜀后，钟会大力结交西蜀名士，打击邓艾等人，打算自立政权，但由于手下官兵不支持钟会的行动而发动兵变，钟会与姜维等人皆死于兵乱之中。\n^【演】^在《三国演义》中，钟会少有异才，受众人赏识，夏侯霸降蜀后预言其终究成为吴蜀之大患。毌丘俭叛乱后，钟会说服司马师亲征。司马师病死后，钟会又帮助司马昭保住兵权。诸葛诞叛乱期间，钟会多次献策助司马昭平叛。\n伐蜀期间，钟会为严军法，处死名将许禇的儿子许仪，又攻下阳安关，因为在阳安城中受诸葛亮托梦，于是对百姓秋毫无犯，但在追击姜维时与邓艾交恶。灭蜀后，钟会打压邓艾，又准备与姜维策划谋反，但事情败露，被士兵乱箭射死。,225-264,士季,,子房智勇裁如此#不悟诛秦灭项人,10059101,"2,1",,,魏,五星
100592,100592,25,1,3,4800,8300,8600,6200,1000,51,140,159,76,111,200848,0,0,0,0,0,0,0,214023,0,100592,0,0,0,0,0,0,0,0,5,4,1,0,0,1,0,0,0,0,"1,21,31",,董白,,@【史】@董白，东汉末年县君，陇西临洮（今甘肃省岷县）人，董卓之孙女，尚未及笄就被封渭阳君。董卓被诛，灭三族时被处死。,?,,,芙蓉未出清清水#轻罗小伞遮暗香,10059201,"2,6",,,群,五星
100593,100593,30,3,2,9300,8800,6800,8800,500,188,178,102,132,35,200849,0,0,0,40003,0,0,0,114047,0,100593,0,0,0,0,0,0,0,0,5,4,0,0,0,1,0,0,0,0,"3,23,43",,张郃,,@【史】@征西车骑将军。先从韩馥，后投袁绍，在与公孙瓒的交战中多有功劳。官渡之战时，张郃受郭图陷害，率众投降于曹操，得以重用，随曹操平定北方，远征乌桓，平马超，斩宋建，灭张鲁，多有战功。后来，张郃随夏侯渊驻守汉中，在夏侯渊被害后暂代主帅，维持败兵。\n魏明帝时诸葛亮第一次北伐，张郃奉命救援陇右，在街亭大败蜀将马谡，导致诸葛亮撤兵；诸葛亮第四次时，张郃随司马懿前往相拒。后诸葛亮粮尽退兵，张郃追至木门，与诸葛亮军交战，被飞矢射中右膝而亡。\n^【演】^在《三国演义》中，张郃原为袁绍手下名将，官渡之战时，受郭图陷害，无奈投降于曹操，从此被曹操重用，跟随曹操南征北战，平马超，灭张鲁，多有战功。诸葛亮一出祁山时，张郃任司马懿先锋，跟随司马懿在街亭击败蜀将马谡，使诸葛亮撤兵。此后，在诸葛亮的多次北伐中，张郃先后随曹真、司马懿前往对抗，多有表现，连诸葛亮也叹其勇猛。诸葛亮五出祁山撤退时，于在剑阁设计埋伏，张郃前往追击，中埋伏被乱箭射死。,?-231,儁乂,,儁乂官渡投明主#屈指一算料敌先,10059301,"1,6",,,群,五星
100594,100594,20,2,2,5800,4900,6700,2600,1100,45,38,52,20,51,200121,0,0,0,0,0,0,0,0,0,0,0,0,0,0,0,0,0,0,2,2,0,0,0,1,0,0,0,0,"2,12",,司马朗,,@【史】@汉末之际，领家属逃离董卓，又迁往黎阳，成功躲避战乱。曹操任司空后，司马朗被辟为司空属官，又历任成皋令、堂阳长、元城令、丞相主簿、兖州刺史等职，所在皆有政绩，深受百姓爱戴。后司马朗与夏侯惇、臧霸等征讨吴国，到达居巢。军队中流行瘟疫，司马朗亲自去视察，派送医药，因此染病去世。,171-217,伯达,,,10059401,,,,魏,三星
100595,100595,20,1,3,5600,5000,5700,3300,700,43,39,44,26,33,200121,0,0,0,0,0,0,0,0,0,0,0,0,0,0,0,0,0,0,2,2,0,0,0,1,0,0,0,0,"1,11",,司马孚,,@【史】@司马懿的三弟，自曹操时代起，就任文学掾，而后历仕魏国五代皇帝，累迁至太傅。司马孚在“高平陵事变”之际，协助司马懿控制京师，诛灭曹爽一党，后又督军成功防御吴、蜀的进攻，为司马氏政权的稳固多有功劳，但他性格十分谨慎，自司马懿执掌大权起，便逐渐引退，未参与司马氏几次废立魏帝之事。\n西晋代魏后，司马孚进拜为太宰，封安平王。晋帝司马炎对他十分尊宠，但他并不以此为荣，至死仍以魏臣自称。《晋书》语曰：“‘疾风彰劲草’，献王其有焉。故能位班上列，享年眉寿，清徽至范，为晋宗英，子孙遵业，世笃其庆。”，又赞曰：“安平立节，雅性贞亮。”,179-251,叔达,,,10059501,,,,魏,三星
100596,100596,20,1,3,5600,6000,5300,3000,500,43,46,41,23,23,200123,0,0,0,0,0,0,0,0,0,0,0,0,0,0,0,0,0,0,2,2,0,0,0,1,0,0,0,0,"1,11",,司马馗,,@【史】@司马懿的四弟。曹魏时期官员，官至太常，封东武城侯，死后谥曰戴。,180-272,季达,,,10059601,,,,魏,三星
100597,100597,20,3,1,4100,5300,6600,4000,200,32,41,51,31,10,200115,0,0,0,0,0,0,0,0,0,0,0,0,0,0,0,0,0,0,2,2,0,0,0,1,0,0,0,0,"3,23",,司马恂,,@【史】@司马懿的五弟。司马恂在曹魏任鸿胪丞，西晋建立之前去世。,?,显达,,,10059701,,,,魏,三星
100598,100598,20,2,2,6600,5100,5800,2100,1700,51,40,45,17,79,200123,0,0,0,0,0,0,0,0,0,0,0,0,0,0,0,0,0,0,2,2,0,0,0,1,0,0,0,0,"2,22",,司马进,,@【史】@司马懿的六弟。司马进在曹魏任中郎，西晋建立之前去世。,?,惠达,,,10059801,,,,魏,三星
100599,100599,20,1,3,5400,5300,6400,2600,1000,42,41,49,20,46,200114,0,0,0,0,0,0,0,0,0,0,0,0,0,0,0,0,0,0,2,2,0,0,0,1,0,0,0,0,"1,21",,司马通,,@【史】@司马懿的七弟。司马通在曹魏任司隶从事、安城亭侯，西晋建立之前去世。,?,雅达,,,10059901,,,,魏,三星
100600,100600,20,3,1,5900,5200,5900,4200,300,46,40,46,33,14,200115,0,0,0,0,0,0,0,0,0,0,0,0,0,0,0,0,0,0,2,2,0,0,0,1,0,0,0,0,"3,23",,司马敏,,@【史】@司马懿的八弟。司马敏在曹魏任安平亭侯，西晋建立之前去世。,?,幼达,,,10060001,,,,魏,三星
100601,100601,200,1,3,0,0,0,0,0,0,0,0,0,0,200847,0,0,0,0,5,0,0,0,0,0,0,0,0,0,0,0,0,0,2,3,0,1,0,1,0,0,0,0,1,2,传记·司马八达,,"    司马八达,汉末河内名门司马家族司马防之子，兄弟八人：长兄朗字伯达，懿字仲达，孚字叔达，馗字季达，恂字显达，进字惠达，通字雅达，敏字幼达，俱知名，故时号为""八达""焉。\n    司马朗是司马懿的长兄。汉末之际，领家属逃离董卓，又迁往黎阳，成功躲避战乱。曹操任司空后，司马朗被辟为司空属官，又历任成皋令、堂阳长、元城令、丞相主簿、兖州刺史等职，所在皆有政绩，深受百姓爱戴。后司马朗与夏侯惇、臧霸等征讨吴国，到达居巢。军队中流行瘟疫，司马朗亲自去视察，派送医药，因此染病去世。\n    司马懿是三国时期魏国杰出的政治家、军事家、战略家，西晋王朝的奠基人。是辅佐了魏国三代的托孤辅政之重臣，后期成为掌控魏国朝政的权臣。善谋奇策，多次征伐有功，其中最显著的功绩是两次率大军成功抵御诸葛亮北伐和远征平定辽东。对屯田、水利等农耕经济发展有重要贡献。\n    司马孚是司马懿的三弟，自曹操时代起，就任文学掾，而后历仕魏国五代皇帝，累迁至太傅。司马孚在“高平陵事变”之际，协助司马懿控制京师，诛曹爽一党，后又督军成功防御吴、蜀的进攻，为司马氏政权的稳固多有功劳，但他性格十分谨慎，自司马懿执掌大权起，便逐渐引退，未参与司马氏几次废立魏帝之事。\n西晋代魏后，司马孚进拜为太宰，封安平王。晋帝司马炎对他十分尊宠，但他并不以此为荣，至死仍以魏臣自称。《晋书》语曰：“‘疾风彰劲草’，献王其有焉。故能位班上列，享年眉寿，清徽至范，为晋宗英，子孙遵业，世笃其庆。”，又赞曰：“安平立节，雅性贞亮。”\n    司马馗是司马懿的四弟。曹魏时期官员，官至太常，封东武城侯，死后谥曰戴。\n    司马恂是司马懿的五弟。司马恂在曹魏任鸿胪丞，西晋建立之前去世。\n    司马进是司马懿的六弟。司马进在曹魏任中郎，西晋建立之前去世。\n    司马通是司马懿的七弟。司马通在曹魏任司隶从事、安城亭侯，西晋建立之前去世。\n    司马敏是司马懿的八弟。司马敏在曹魏任安平亭侯，西晋建立之前去世。",?,,,,0,,,,魏,四星
100602,100602,100,1,3,800,800,800,800,800,8,8,8,8,8,200184,0,0,0,0,0,0,0,0,0,0,0,0,0,0,0,0,0,0,1,4,1,0,0,0,0,0,1,0,1,,新春侍女,,戊戌新春，祝各位主公阖府平安，财来运到！,2018,,,,10060201,,,,汉,五星
100603,100603,20,3,2,3500,7800,8700,8800,400,44,97,141,109,30,200852,0,0,0,0,0,0,0,210019,0,100603,0,0,0,0,0,0,0,0,2,4,1,0,0,1,0,0,0,0,"3,13,23",,卞夫人,,@【史】@魏武帝曹操的正妻（继室），魏文帝曹丕、任城威王曹彰、陈思王曹植、萧怀王曹熊的母亲。原本是倡家，即汉代专门从事音乐歌舞的乐人家庭，后来与曹操成婚，建安初年，原配丁夫人被废，卞夫人成为曹操的正妻。曹丕继位后尊其为皇太后，曹叡继位后尊其为太皇太后。卞后在太和四年去世，与魏武帝曹操合葬高陵。,159-230,,,去奢即俭，旷世作显#慎终如始，蹈和履贞,10060301,6,,,魏,五星
100604,100604,25,1,3,4200,8200,9400,5900,1200,45,152,219,91,99,200857,0,0,0,40003,0,0,0,214025,0,100604,0,0,0,0,0,0,0,0,5,4,0,0,0,1,0,0,0,0,"1,11,21",,李儒,,@【史】@董卓专政时担任弘农王郎中令，奉董卓之命，入宫毒死汉少帝。董卓死后，李傕攻进长安，控制朝政，李傕推举博士李儒为侍中，但被汉献帝拒绝。\n^【演】^董卓的谋士，董卓的大小事宜均与之参谋，堪称智囊。董卓趁乱进京、说降吕布、废立皇帝、迁都长安等举动，均离不开李儒的参谋之功。汉少帝刘辩被废后不满，李儒奉董卓之命，亲自带人入宫，毒死刘辩。后王允使“连环计”离间董卓、吕布，李儒劝董卓放弃貂蝉而换取吕布的效忠，董卓最终没有听从，死于吕布之手。董卓死时，李儒卧病在家，被家仆捆绑献出，处斩于市曹之中。,?-192,文优,,识破孟德献刀计#毒鸩少帝狼子心,10060401,2,,,群,五星
100605,100605,30,3,3,9300,8900,6200,9300,400,204,164,72,156,32,200858,0,0,0,0,0,0,0,0,0,0,0,0,0,0,0,0,0,0,5,4,0,0,1,0,0,0,0,0,"3,23,43",,马腾,,@【史】@东汉末年割据凉州一带的军阀，马超、马休、马铁之父。马腾身长八尺余，身体洪大，面鼻雄异，性格贤良忠厚，受众人尊敬。兴平元年（194年），马腾企图连结种邵等诛灭权臣李傕、郭汜，但为其所败，只得回到凉州。后与韩遂不和，互相攻击。\n之后，马腾听从张既的建议，入朝担任卫尉。建安十六年（211年），其子马超起兵抗拒曹操。次年，马腾与其二子皆为曹操所害，夷灭三族。\n^【演】^在《三国演义》中，马腾被写成对汉室十分忠诚的忠臣。董卓乱政时，马腾为西凉太守，起兵应诏，为十八路诸侯之一。董卓败亡后，其余党李傕、郭汜秉政，马腾受献帝诏，同韩遂讨伐李傕、郭汜，因缺粮为其所败，退还西凉。曹操将汉献帝迁往许都后，马腾入朝，参与刘备和董承等人谋诛专权的曹操的计划，因事情败露而逃回凉州。\n后曹操用荀攸计，假诏召马腾入京，他为了达成多年心愿，和黄奎欲讨伐曹操，但事情还是败露了，马腾和儿子马休、马铁全部被害。马腾的死讯传出后，马超和韩遂为了替他报仇，于是在西凉起兵反叛。,?-212,寿成,,,10060501,1,,,群,五星
100606,100606,30,2,1,8800,9000,3500,3400,2000,162,197,41,45,180,200859,0,0,0,0,0,0,0,0,0,0,0,0,0,0,0,0,0,0,5,4,0,0,1,0,0,0,0,0,"2,12,22",,高览,,@【史】@与颜良、文丑、张郃并称河间四将，本为袁绍部将，后在官渡之战因遭郭图谗言，与张郃一同投降曹操，官至偏将军、东莱侯。\n^【演】^在《三国演义》中，高览曾和许褚大战而不分胜负。曹操偷袭乌巢，袁绍从郭图之计，命高览、张郃率兵劫曹营，遭埋伏兵败，惧罪而降于曹操。后随曹操出征汝南，率军伏击刘备，三合斩刘辟，正欲擒刘备，被赵云一枪刺于马下。,159-201,元伯,,,10060601,3,,,群,五星
100607,100607,35,2,3,8500,9300,7800,4500,1800,173,224,114,57,199,200860,0,0,0,0,0,0,0,0,0,0,0,0,0,0,0,0,0,0,5,4,0,0,1,0,0,0,0,0,"2,12,22",,臧霸,,@【史】@臧霸有一名曰：奴寇，早年以忠孝勇烈著称。曾为陶谦麾下的骑都尉，负责募兵镇压黄巾起义。尔后拥兵驻屯于开阳，自成一势。后为曹操镇守青州，方使得曹操与袁绍互伐时东线无忧。前后参与官渡、濡须之战等诸多战役，臧霸常与张辽等名将并提，战功赫赫，直到曹魏时期，被征为执金吾，曹丕亦经常因军务而咨访臧霸。\n^【演】^演义中臧霸如此登场，“布曰：‘汉家城池，诸人有分，偏尔合得？’便叫臧霸出马搦战。”作吕布之一打手登场。演义后续，描述臧霸的篇幅也较少，与志传中描述的”曹魏重臣，勇谋并全“的地位有较大差别。,164-231,宣高,,,10060701,"1,3",,,群,五星
100608,100608,30,3,2,8700,8600,7500,8800,500,161,159,138,147,45,200861,0,0,0,0,0,0,0,0,0,0,0,0,0,0,0,0,0,0,5,4,0,0,1,0,0,0,0,0,"3,13,23",,李典,,@【史】@曹操麾下将领。其人深明大义，不与人争功，崇尚学习与高贵儒雅，尊重博学之士，在军中被称为长者。李典向来与张辽、乐进不和，但在合肥之战时，他却不因私怨而耽误公事，听从张辽的指挥大败孙权。\n^【演】^在《三国演义》中，李典与乐进在第五回同时响应曹操的号召，前来投归。基本与史实相同，但在合肥之战与史实不相同。小说中则说曹操派人送“贼来乃发”四字的木匣助其三人大败孙权军。,?,曼成,,,10060801,5,,,群,五星
100609,100609,200,52,3,0,0,0,0,0,0,0,0,0,0,200184,0,0,0,0,0,0,0,0,0,0,0,0,0,0,0,0,0,0,5,3,0,1,1,0,0,0,0,0,"2,52",3,蛮兵,,挥舞长斧，强壮而野性的士兵,?,,,,0,,,,群,四星
100610,100610,200,33,3,0,0,0,0,0,0,0,0,0,0,200184,0,0,0,0,0,0,0,0,0,0,0,0,0,0,0,0,0,0,5,3,0,1,1,0,0,0,0,0,"3,33",3,弓骑兵,,擅长骑射，机动性极强的马上弓兵,?,,,,0,,,,群,四星
100611,100611,200,2,3,0,0,0,0,0,0,0,0,0,0,200184,0,0,5201,0,0,0,0,0,0,0,0,0,0,0,0,0,0,0,5,3,0,1,1,0,0,0,0,0,2,7,伏击,,    装备精良的皇帝近卫，常于宫殿或皇帝出巡时执行守卫任务。,?,,,,0,,,,群,四星
100612,100612,200,2,3,0,0,0,0,0,0,0,0,0,0,200184,0,0,5202,0,0,0,0,0,0,0,0,0,0,0,0,0,0,0,5,3,0,1,1,0,0,0,0,0,2,7,举盾,,    装备精良的皇帝近卫，常于宫殿或皇帝出巡时执行守卫任务。,?,,,,0,,,,群,四星
100613,100613,200,3,3,0,0,0,0,0,0,0,0,0,0,200184,0,0,5301,0,0,0,0,0,0,0,0,0,0,0,0,0,0,0,5,3,0,1,1,0,0,0,0,0,3,7,掩袭,,    装备精良的皇帝近卫，常于宫殿或皇帝出巡时执行守卫任务。,?,,,,0,,,,群,四星
100614,100614,200,1,3,0,0,0,0,0,0,0,0,0,0,200184,0,0,5101,0,0,0,0,0,0,0,0,0,0,0,0,0,0,0,5,3,0,1,1,0,0,0,0,0,1,7,拒守,,    装备精良的皇帝近卫，常于宫殿或皇帝出巡时执行守卫任务。,?,,,,0,,,,群,四星
100615,100615,30,3,3,9200,8600,7200,8800,600,203,177,94,141,47,200865,0,0,0,0,0,0,0,114050,0,100615,0,0,0,0,0,0,0,0,3,4,0,0,0,1,0,0,0,0,"3,23,43",,马岱,,@【史】@三国时期蜀汉将领，马超的从弟。早年追随马超大战曹操，反攻陇上，围攻成都，汉中之战等。后在诸葛亮病逝后受杨仪派遣斩了蜀将魏延。曾率领军队出师北伐，被魏将牛金击败而退还。官至平北将军，陈仓侯。\n^【演】^在《三国演义》中，马岱初次登场随马腾入许昌。后来马腾和其余诸子尽皆被害，马岱乔装逃出。马超起兵，马岱随之周旋。曾在潼关前打败钟繇。建安十九年，马岱随马超救援刘璋，曾与张飞大战十余合败北，旋即随马超归降刘备。刘禅登基后，跟随丞相诸葛亮南征孟获和北伐曹魏。马岱久经沙场、多负辛劳，作战冷静而勇猛，深得诸葛亮信任。诸葛亮临终授命于马岱，袭斩魏延。,?,,,得遇明主展宏图#袭斩逆臣安蜀汉,10061501,"1,3",,,蜀,五星
100616,100616,30,1,3,8500,9400,7000,6200,1200,175,207,91,90,105,200864,0,0,0,0,0,0,0,314010,0,0,0,0,0,0,0,0,0,0,4,4,0,0,0,1,0,0,0,0,"1,11,21",,凌统,,@【史】@吴国名将。凌操之子，少有名盛，为人有国士之风，多次战役中表现出色，官至偏将军。被陈寿盛赞为“江表之虎臣”\n^【演】^在《三国演义》中，凌统因父亲凌操被甘宁所害而一直仇视甘宁，但在濡须口与乐进交战时得甘宁所救，从此便尽释前嫌，与甘宁结为生死之交。其他事迹与正史大致相同。,189-237,公绩,,蜮视曹瞒，霆扫锋猬#翼蔽仲谋，脱危虎尾,10061601,"6,1",,,吴,五星
100617,100617,100,3,3,800,800,800,800,800,8,8,8,8,8,200184,0,0,0,0,0,0,0,0,0,0,0,0,0,0,0,0,0,0,5,4,0,0,0,0,0,0,1,0,3,,率土三载,,三载争天下，千日战不绝。\n烛灯帐中明，大戟迎天厥。\n军征不囿时，连营无昼月。\n四顾阵如铁，更鸣惊芒鹊。\n\n普天之下，王土延绵，穹百里，书与血；\n率土之滨，豪雄浩荡，岳万仞，犹可越！,2018,,,,0,,,,群,五星
100618,100618,30,1,4,4800,9300,10100,4000,1200,77,177,238,70,105,200882,0,0,0,0,0,0,0,310041,0,100618,0,0,0,0,20139,1,0,0,2,4,0,0,0,1,0,0,0,0,"1,11,21",,贾诩,,@【史】@东汉末年至三国初年著名谋士、军事战略家，曹魏开国功臣。原为董卓部将，董卓死后，献计李傕、郭汜反攻长安。李傕等人失败后，辗转成为张绣的谋士。张绣曾用他的计策两次打败曹操，官渡之战前他劝张绣归降曹操。曹操与关中联军相持渭南时，贾诩献离间计瓦解马超、韩遂，使得曹操一举平定关中。\n^【演】^在《三国演义》中，贾诩的生平大体与正史相符。其形象突出，计无不中，甚至曾令善于用兵的曹操几度败绩。其所从属势力颇多，先随李傕，再随张绣，最后事曹操曹丕两代。加上他曾助曹丕篡汉，其形象不算十分正面。可是即使贾诩曾助李傕、曹魏这些在《三国演义》形象比较负面的势力，他的才能仍备受肯定。而且不论是李傕、张绣，还是曹操、曹丕，都将贾诩视为心腹。可见其人善于交际，亦深晓乱世自保之术。,147-223,文和,,生平筹策算无遗#经达权变真奇人,10061801,"6,2",,,魏,五星
100619,100619,25,2,3,4400,6800,6900,4600,1700,59,186,200,68,164,200884,0,0,0,0,0,0,0,314012,0,100619,0,0,0,0,0,0,0,0,4,4,1,0,0,1,0,0,0,0,"2,22,32",,大乔,,@【史】@吴国乔公长女，孙策之妾、小乔之姊。大乔国色流离、资貌绝伦。建安三年，孙策攻皖，拔之。纳大乔。后人谓英雄美女，天作之合。\n^【演】^在《三国演义》中，大乔唯一一次登场在二十九回中，孙策去世时，留下遗言命她孝顺吴夫人。孔明智激周瑜时，暗示曹操打仗是为了二乔，并将她们放到铜雀台中，引得小乔之夫周瑜暴怒，最终同意联刘抗曹。,180-?,,,香闺搦管记何书#并蔕芙蓉按花谱,10061901,"2,5,7",,,吴,五星
100620,100620,30,3,1,9000,8500,6800,8500,200,213,172,79,142,23,200885,0,0,0,0,0,0,0,114046,0,100620,0,0,0,0,0,0,0,0,5,4,0,0,0,1,0,0,0,0,"3,13,23",,张绣,,@【史】@骠骑将军张济的从子。东汉末年割据宛城的军阀，汉末群雄之一。初随张济征伐，张济死后与刘表联合。后降曹操，因不满其言行而突袭曹操，复与刘表联合。官渡之战前夕，听从贾诩的建议再次投降曹操，参加官渡之战，官至破羌将军，封宣威侯。在北征乌桓（207年）途中去世（一说为曹丕逼死），谥定侯。\n^【演】^在《三国演义》中，张绣是骠骑将军张济的侄子。建安元年，张济因军中缺粮，自关中引兵入荆州界，与刘表交战，攻穰城，中流矢而死。建安二年，曹操南征，部队到达淯水，张绣率众投降。曹操纳了张济的遗孀邹夫人，张绣因此怀恨曹操。后来，张绣偷袭曹操，曹操战败，长子曹昂，侄子曹安民被害，猛将典韦战死。\n张绣引兵追击，被曹操击退，于是张绣退回防守穰城，再次与刘表联盟。建安四年，张绣听从贾诩的建议，再次向曹操投降。张绣到达后，曹操牵着张绣的手，一起参加宴会，为自己的儿子曹均娶了张绣的女儿，并封张绣为扬武将军。,?-207,,,破敌立威败曹瞒#得结旧怨效英主,10062001,1,,,群,五星
100621,100621,100,3,3,800,800,800,800,800,8,8,8,8,8,200184,0,0,0,0,0,0,0,0,0,0,0,0,0,0,0,0,0,0,5,4,1,0,0,0,0,0,1,0,3,,新春侍女,,己亥新春，祝各位主公诸事顺利，阖家安康！,2019,,,,10062101,,,,群,五星
100622,100622,25,2,3,8200,9000,8000,3600,2500,109,119,106,48,198,200889,0,0,0,0,0,0,0,0,0,0,0,0,0,0,0,0,0,0,1,4,0,0,0,0,0,0,0,0,"2,21,12",,刘璋,,@【史】@继父亲刘焉担任益州牧，为人懦弱多疑。曹操来袭时，听信手下张松、法正之言，迎刘备入益州抵抗曹操。不料此举乃引狼入室，被刘备反手攻击，法正又为刘备内应，刘璋不得已而投降。\n^【演】^在《三国演义》中，刘璋生平基本与正史相符。,?-220,季玉,,,10062201,6,,,汉,五星
100623,100623,30,1,4,8500,8400,9200,6800,1300,123,121,145,98,113,200890,0,0,0,0,0,0,0,0,0,0,0,0,0,0,0,0,0,0,1,4,0,0,0,0,0,0,0,0,"1,21,31",,刘表,,@【史】@其人身长八尺余，姿貌温厚伟壮，少时知名于世，名列“八俊”。在荆州期间，刘表远交袁绍，近结张绣，内纳刘备，据地数千里，带甲十余万，称雄荆江，先破孙坚，后又常抗曹操。然而刘表为人性多疑忌，好于坐谈，立意自守，而无四方之志，后更宠溺后妻蔡氏，使妻族蔡瑁等得权。刘表死后，蔡瑁等人废长立幼，奉表次子刘琮为主；曹操南征，刘琮举州投降，荆州遂没。\n^【演】^在《三国演义》中，刘表生平基本与正史相符。,142-208,景升,,,10062301,"2,6",,,汉,五星
100624,100624,30,2,3,9300,9500,6600,5000,2200,188,175,111,92,243,200891,0,0,0,0,0,0,0,0,0,0,0,0,0,0,0,0,0,0,5,4,0,0,0,0,0,0,0,0,"2,12,32",,李傕,,@【史】@原为董卓部下。董卓被诛后，采用贾诩之谋，联兵将攻向长安，击败吕布，害死王允等人，占领长安，把持朝廷大权。\n^【演】^在《三国演义》中，生平与正史大体相同。李傕是董卓手下排名第一的凉州系心腹大将，统领董卓的西凉精锐部队“飞熊军”。,?,,,,10062401,1,,,群,五星
100625,100625,25,1,3,3500,8100,8500,4500,900,30,70,73,39,47,200892,0,0,0,0,0,0,0,0,0,0,0,0,0,0,0,0,0,0,1,3,0,0,0,0,0,0,0,0,"1,11,31",,陶谦,,@【史】@汉末群雄之一。最初为诸生，在州郡任职，被举茂才，历任舒、卢二县令、幽州刺史、议郎，性格刚直，有大志。后随左车骑将军皇甫嵩对抗北宫伯玉，任扬武校尉，之后又随张温征韩遂、边章。\n^【演】^在《三国演义》中，陶谦被描述成一副和蔼可亲的老实善人形象，是为参与讨伐董卓的诸侯之一。由于曹操来犯，请求孔融、刘备救援。后来病倒，恳求刘备治理徐州。,132-194,恭祖,,,10062501,"6,5",,,汉,四星
100626,100626,30,3,3,9200,8600,6300,9800,400,110,103,75,117,29,200893,0,0,0,0,0,0,0,0,0,0,0,0,0,0,0,0,0,0,5,3,0,0,0,0,0,0,0,0,"3,13,43",,蹋顿,,@【史】@东汉末年辽西乌桓（亦称乌丸）的首领，乌桓大人丘力居的从子，总摄三王部。蹋顿崇尚武功，边境年长的人都把他比作冒顿。蹋顿仗着自己远离朝廷，所以敢接受袁尚、袁熙这样的亡命之徒，在少数民族之中称霸争雄。\n^【演】^在《三国演义》三十三回中有描写到袁绍和与乌丸的友好关系，蹋顿相助败给曹操后逃往北方的袁尚、袁熙，和曹操对抗。曹操骑着马在白狼山的高处瞭望，见蹋顿军的人数虽多，但阵形不整，于是对张辽说：“敌兵不整，便可击之。”之后张辽带领许褚、于禁、徐晃三人兵分四路下山，乘乌桓军阵形变动之时，发动猛攻。乌桓军阵形大乱，张辽并将蹋顿斩于马下。,?-207,,,,10062601,1,,,群,四星
100627,100627,25,1,3,5100,6700,9100,4800,1100,44,58,78,41,57,200894,0,0,0,0,0,0,0,0,0,0,0,0,0,0,0,0,0,0,1,3,0,0,0,0,0,0,0,0,"1,11,21",,孔融,,@【史】@东汉末年文学家，“建安七子”之一，家学渊源，为孔子的二十世孙。其人少有异才，勤奋好学，性好宾客，喜抨议时政，言辞激烈，后因触怒曹操而为其所害。\n^【演】^在《三国演义》中，孔融形象与正史相似。十八路诸侯起兵讨董卓，孔融为第十镇。后黄巾将领管亥率兵数万围北海，孔融与之战不利，幸得太史慈求救于刘备。后召还为太中大夫，曹操征荆州时，孔融劝阻，被曹操叱退。孔融口出怨言，为郗虑宾客所听闻。郗虑素来与孔融不睦，于是将此事告诉曹操，孔融被下狱弃市。,153-208,文举,,,10062701,5,,,汉,四星
100628,100628,25,3,3,8000,8400,5100,7800,300,88,92,56,86,20,200895,0,0,0,0,0,0,0,0,0,0,0,0,0,0,0,0,0,0,5,3,0,0,0,0,0,0,0,0,"3,23,33",,张杨,,@【史】@汉末群雄之一，割据河内。汉末宦官专权，其奉大将军何进之命回并州募兵，此后一直留在上党攻打山贼。建安三年（198年），曹操围吕布于下邳。张杨素与吕布相交，想要出兵相救却因实力不足而办不到，于是出兵东市，遥为呼应。不久，其部将杨丑诛灭张杨以应曹操、致使曹操尽收其部众。\n^【演】^《三国演义》中，张杨生平与正史大体相当，本为上党太守，参与讨伐董卓的联军，为十八路诸侯的第十五镇，虎牢关之战时，其部将穆顺曾出阵挑战吕布，反被吕布所诛。后为河内太守，李傕、郭汜之乱后，献帝回到洛阳，张杨奉上粟帛。曹操讨伐吕布时，张杨出兵东市，欲救吕布，被部将杨丑所诛。,?-198,稚叔,,,10062801,6,,,群,四星
100629,100629,30,2,3,8300,7900,8800,3300,2000,78,74,82,31,112,200896,0,0,0,0,0,0,0,0,0,0,0,0,0,0,0,0,0,0,1,3,0,0,0,0,0,0,0,0,"2,22,32",,袁谭,,@【史】@汝南汝阳人。汉末政治人物，大将军袁绍长子，曾任青州刺史。建安元年，击败田楷、孔融，完全占据青州。建安十年，曹操兴兵进攻南皮，袁谭奋力抵抗，终于在曹操急攻之下战败，为曹纯麾下虎豹骑所诛。\n^【演】^在《三国演义》里，袁谭生平与正史大体相当，但增加辛评因被袁谭猜忌出言刺激而被气死，袁谭后悔莫及，以及袁谭被曹洪所诛的情节。,?-205,显思,,,10062901,6,,,汉,四星
100630,100630,30,2,3,9200,7500,8800,4700,1600,183,119,175,62,139,200898,0,0,0,40003,0,0,0,114051,0,100630,0,0,0,0,0,0,0,0,1,4,0,0,0,1,0,0,0,0,"2,22,32",,皇甫嵩,,@【史】@为人仁爱谨慎，尽忠职守，有谋略，有胆识。于黄巾起义时，以中郎将身份讨伐黄巾，用火攻大破张梁、张宝，拜左车骑将军。后因拒绝贿赂宦官而被免职。董卓掌权时，征皇甫嵩入朝为城门校尉，因私怨被其陷害下狱，经其子皇甫坚寿求情才得以保全。\n^【演】^在《三国演义》中，皇甫嵩形象与正史相似。于黄巾起义时，大破张梁、张宝。后接替董卓进攻张梁，连胜七阵。掘张角墓，拜左车骑将军、冀州牧，因拒绝贿赂宦官而被免职。董卓死，王允命其与吕布等共至郿坞抄籍董卓家产、人口，皇甫嵩将坞中所藏良家子女，尽行释放。,?-195,义真,,母不保子妻失夫#赖得皇甫复安居,10063001,"1,2",,,汉,五星
100631,100631,30,3,2,8300,9700,6800,8400,500,171,214,89,147,39,200899,0,0,0,40003,0,0,0,114049,0,100631,0,0,0,0,20049,1,0,0,3,4,0,0,0,1,0,0,0,0,"3,13,23",,严颜,,@【史】@东汉末年武将，初为刘璋部下，担任巴郡太守。建安十九年，刘备进攻江州，严颜战败被俘，张飞对严颜说：“大军至，何以不降而敢拒战？”，严颜回答说：“卿等无状，侵夺我州，我州但有断头将军，无降将军也！”，张飞生气，命左右将严颜牵去砍头，严颜表情不变地说：“砍头便砍头，何为怒邪！”张飞敬佩严颜的勇气，遂释放严颜并以严颜为宾客，之后的事迹不在正史中出现。\n^【演】^在《三国演义》中，严颜在刘备攻取成都，径取汉川中登场。擅使硬弓和大刀，有万夫莫敌之勇。据守巴郡，与张飞交战，后为张飞用计俘虏。张飞质问：“大将在这里，为什么不投降，而敢率军拒敌？”颜宁死不屈，张飞壮而释之，引为上宾，严颜感概张飞的恩义而归降。,?,,,军中生死何足怪#乘胜使气可若何,10063101,3,,,蜀,五星
100632,100632,200,1,3,0,0,0,0,0,0,0,0,0,0,200249,0,0,0,0,1,0,0,0,0,0,0,0,0,0,0,0,0,0,5,3,0,1,0,1,0,0,0,0,1,2,孙子兵法·谋攻,,    孙子曰：“故知胜有五：知可以战与不可以战者胜，识众寡之用者胜，上下同欲者胜，以虞待不虞者胜，将能而君不御者胜。此五者，知胜之道也。故曰：知彼知己，百战不殆；不知彼而知己，一胜一负；不知彼不知己，每战必殆。”,?,,,,0,,,,群,四星
100634,100634,30,2,2,8500,7400,5100,3500,1200,186,149,59,53,121,200902,0,0,0,0,0,0,0,210028,0,100634,0,0,0,0,0,0,0,0,5,4,1,0,0,1,0,0,0,0,"2,12,22",,吕姬,,@【史】@吕布与严氏之女，生卒年不详。下邳战役时吕布遭曹操围困，作为派出援军条件，吕姬与袁术之子有政治婚姻，但因出嫁途中被刘备与曹操拦截因而返回。吕布死后随母亲发往许昌，后不知所终。,?,,,遥忆当时合纵约#而今只余方天烈,10063401,"1,6",,,群,五星
100635,100635,25,3,3,8200,8300,4500,8100,200,90,91,75,100,14,200903,0,0,0,0,0,0,0,110121,0,0,0,0,0,0,0,0,0,0,5,3,0,0,0,1,0,0,0,0,"3,13,23",,丘力居,,@【史】@东汉末年辽西乌丸首领，楼班之父。曾与张举、张纯于渔阳反叛，自立为三郡乌丸元帅，横行幽、冀、青、徐四州，后降于幽州牧刘虞。,?,,,,10063501,1,,,群,四星
100636,100636,25,2,3,7800,7600,5000,4000,1200,108,94,48,50,79,200904,0,0,0,0,0,0,0,110122,0,0,0,0,0,0,0,0,0,0,5,3,0,0,0,1,0,0,0,0,"2,12,22",,迷当大王,,@【史】@羌族首领，正始元年，响应姜维北伐曹魏，后被郭淮镇压。\n^【演】^羌族之王，与蜀交好，共讨魏国。姜维北伐之时，起兵五万出南安。后被魏将陈泰设计生擒，被郭淮好言相劝投降后，带魏兵奇袭蜀军大营。,?,,,,10063601,5,,,群,四星
100637,100637,25,3,2,8200,7800,4400,8000,300,113,108,42,99,20,200905,0,0,0,0,0,0,0,110123,0,0,0,0,0,0,0,0,0,0,5,3,0,0,0,1,0,0,0,0,"3,13,23",,俄何烧戈,,@【史】@正史中俄何、烧戈为两名羌族首领。在联结蜀汉共同伐魏的过程中，为郭淮所败，两将双双被斩。\n^【演】^演义中的羌族将领，羌王迷当账下大将。羌军援蜀北伐之时，中魏将陈泰诈降之计，同陈泰共劫魏营，反被魏军围困，遂自刎而死。,?-247,,,,10063701,1,,,群,四星
100638,100638,30,3,3,8200,8000,3200,7900,200,124,121,34,95,15,200906,0,0,0,0,0,0,0,110124,0,0,0,0,0,0,0,0,0,0,5,3,0,0,0,1,0,0,0,0,"3,13,23",,越吉,,^【演】^《三国演义》中的虚构人物，西羌元帅，西羌王彻里吉手下大将。诸葛亮“一出祁山”伐魏时，曾起羌兵十五万并兵车直扣西平关，大败关兴，后因关公显灵而败退。,?,,,,10063801,4,,,群,四星
100639,100639,25,2,2,7900,8400,7000,3000,1300,109,104,67,33,75,200907,0,0,0,0,0,0,0,110125,0,0,0,0,0,0,0,0,0,0,5,3,0,0,0,1,0,0,0,0,"2,12,22",,彻里吉,,^【演】^《三国演义》中的虚构人物，西羌国王。诸葛亮“一出祁山”伐魏时，曾遣越吉元帅率羌兵并兵车十五万直扣阳平关，后羌兵大败，蜀国尽数归还所获俘虏辎重，彻里吉感蜀恩义，与之结盟。,?,,,,10063901,"5,6",,,群,四星
100640,100640,20,1,4,6400,5900,8100,5800,800,74,68,104,59,43,200908,0,0,0,0,0,0,0,110126,0,0,0,0,0,0,0,0,0,0,5,3,0,0,0,1,0,0,0,0,"1,11,52",,朵思大王,,^【演】^《三国演义》中的虚构人物，南蛮秃龙洞元帅，号称南蛮第一智者。曾以南蛮地势与四眼毒泉防御；被俘释放后，又于三江城以毒矢大败蜀军，后三江城破，死于乱军之中。,?,,,,10064001,"1,2",,,群,四星
100641,100641,20,2,2,7500,8000,7200,2800,1200,66,108,89,28,64,200909,0,0,0,0,0,0,0,310035,0,0,0,0,0,0,0,0,0,0,4,3,0,0,0,1,0,0,0,0,"2,12,22",,朱然,,@【史】@吴国名将，朱治之甥及养子。于夷陵之战中与陆逊大破刘备；并面对曹真，张郃等魏将的围困，坚守江陵六月之久，名震敌国。官至左大司马，右军师，当阳侯。\n^【演】^演义中，朱然协助潘璋擒住关羽父子。后与孙桓共同抵抗刘备大军，参加夷陵之战。在追击刘备途中，被前来接应的赵云所诛。,182-249,义封,,,10064101,6,,,吴,四星
100642,100642,30,3,2,9700,8100,7000,7200,200,140,117,63,85,13,200910,0,0,0,0,0,0,0,110127,0,0,0,0,0,0,0,0,0,0,3,3,0,0,0,1,0,0,0,0,"3,13,23",,关索,,^【演】^《三国演义》中的虚构人物，关羽三子，荆州失陷后逃难至鲍家庄养伤，后回归蜀国，并随诸葛亮南征，留下众多传说遗迹。明《花关索传》曾记载其与妻鲍三娘守葭萌关，《花关索》中提及其认父途中与王悦、王桃比武并迎娶二女；京剧《化外奇缘》则记载其在南征途中与孟获之女花鬘相爱结为夫妻。,?,,,,10064201,"1,4",,,蜀,四星
100643,100643,25,3,3,8900,9200,5500,8600,300,107,99,46,82,22,200911,0,0,0,0,0,0,0,110128,0,0,0,0,0,0,0,0,0,0,2,3,0,0,0,1,0,0,0,0,"3,13,23",,文钦,,@【史】@魏国将领，文鸯、文虎之父。曾与毌丘俭起兵勤王，讨伐司马师，兵败后投奔吴国，任镇北大将军，幽州牧，封谯侯。后其随吴军援助起兵反抗司马氏的诸葛诞，却与之不和被诛。\n^【演】^在《三国演义》中，文钦和正史的形象大体相当。,?-257,仲若,,,10064301,1,,,魏,四星
100644,100644,30,2,1,9500,9000,2800,4000,1500,163,118,26,36,94,200912,0,0,0,0,0,0,0,110129,0,0,0,0,0,0,0,0,0,0,2,3,0,0,0,1,0,0,0,0,"2,12,32",,王双,,@【史】@正史中，王双为曹真部将，于诸葛亮第二次北伐时追击撤还的蜀军，后战死。\n^【演】^魏国将领，善使流星锤，有万夫不当之勇。诸葛亮“二出祁山”之时，曾被曹真举荐，任虎威将军，驰援坚守陈仓的郝昭。于阵中斩蜀国数将，又重创张嶷，后因中了诸葛亮的诱敌之计为魏延所斩。,?-228,子全,,,10064401,1,,,魏,四星
100645,100645,30,3,2,9500,8400,8900,9500,400,209,173,116,195,39,200915,0,0,0,40003,0,0,0,114055,0,100645,0,0,0,0,0,0,0,0,2,4,0,0,0,1,0,0,0,0,"3,13,23",,徐晃,,@【史】@三国时期曹魏名将。本为杨奉帐下骑都尉，杨奉被曹操击败后转投曹操，在曹操手下多立功勋，参与官渡、赤壁、关中征伐、汉中征伐等几次重大战役。樊城之战中徐晃作为曹仁的援军击败关羽，因于此役中治军严整而被曹操称赞“有周亚夫之风”。曹丕称帝后，徐晃被加为右将军，于公元227年病逝，谥曰壮侯。\n^【演】^在《三国演义》中，徐晃的生平与正史大体相当。,?-227,公明,,徐晃为将，处事精当#飞矢城中，既降不妄,10064501,"1,6",,,魏,五星
100646,100646,30,1,2,4000,8800,9400,4500,1000,46,178,222,76,111,200916,0,0,0,4,0,0,0,114053,0,0,0,0,0,0,0,0,0,0,5,4,0,0,0,0,0,0,0,0,"1,11,21",,于吉,,@【史】@东汉末年黄老道代表人物之一，史书有两种说法：（1）认为其即《太平经》作者。《后汉书·襄楷传》：“顺帝时，琅邪宫崇诣阙，上其师干吉于曲阳泉水上所得神书百七十卷，皆缥白素朱介青首朱目，号《太平青领书》。”（2）认为其乃三国时道士，《三国志·孙策传》注引《江表传》：“时有道士琅邪于吉，先寓居东方，往来吴会，立精舍，烧香读道书，制作符水以治病，吴会人多事之。”后为孙策所诛。\n^【演】^在《三国演义》中，于吉在吴郡、会稽一带为百姓治病，深得人心。孙策以蛊惑人心为由诛之。后策常受吉咒，死。,?-200,,,平气去来，兆候贤圣#功行种民，定法本起,10064601,"5,6",,,群,五星
100647,100647,35,3,2,9300,8600,4200,7700,300,242,191,62,156,30,200927,0,0,0,40003,0,0,0,314013,0,100647,0,0,0,0,0,0,0,0,5,4,0,0,0,1,0,0,0,0,"3,23,43",,华雄,,@【史】@东汉末年为董卓帐下都督。袁绍等起兵讨伐董卓时，孙坚大破董卓军，华雄在此战中被孙坚一军所斩。\n^【演】^在《三国演义》中华雄的相关故事与史实差距较大。华雄被描述为身长九尺、虎体狼腰、豹头猿臂的猛将。在第五回中，华雄自告奋勇在汜水关抵挡十八路诸侯联军的进攻，并偷袭了孙坚的营寨，大败孙坚军，并斩了孙坚部将祖茂。后来诸侯们先后派出俞涉、潘凤两员大将与华雄交战，但二人均被华雄所斩。\n正当诸侯们手足无措之时，当时名不见经传的关羽自告奋勇出战华雄，并且在曹操为他斟的热酒尚温之时，便斩了华雄得胜归来。此段故事也被称作“温酒斩华雄”。,?-191,,,汜水关前马上行#战遍诸侯死亦得,10064701,1,,,群,五星
100648,100648,30,1,3,3500,9600,9900,6500,1000,35,183,218,95,60,200928,0,0,0,40003,0,0,0,214024,0,100648,0,0,0,0,0,0,0,0,4,4,0,0,0,1,0,0,0,0,"1,11,21",,张昭,,@【史】@少时好学，博览群书。二十岁时拒绝应试孝廉而与名士王朗等人讨论时事，深受陈琳赏识。东汉末年张昭避乱扬州。孙策举事时，张昭出任长史、抚军中郎将。孙策器重张昭，有关文武之事均由张昭办理。 孙策死时将孙权托付给张昭，张昭则尽力辅佐孙权，迅速稳定了民心士气。\n张昭敢于直言谏议，曾因违背孙权意愿而一度不让他朝见。孙权称帝之后，张昭因年老多病而辞官，著有《春秋左氏传》解和《论语》注。嘉禾五年，张昭去世。孙权素服吊唁并赠谥号文侯。 \n^【演】^在《三国演义》中，张昭好学善书，是当时的著名人物，于汉末避乱江东。孙策在江东创业时，辟张昭为长史，以管仲视之。孙策临终时，将孙权托付于张昭、周瑜，遗言“内事托子布，外事全赖公瑾”。张昭性格严肃，对孙权多有直谏。赤壁之战之际，张昭主降，孙权深感失望。孙权称帝后，张昭被封为娄侯，数年后病逝。,156-236,子布,,君看末命尤奇特#指顾张昭为托孤,10064801,6,,,吴,五星
100649,100649,30,2,2,9300,9000,6900,5000,1400,191,171,111,80,110,200930,0,0,0,0,0,0,0,110065,0,100649,0,0,0,0,0,0,0,0,3,4,0,0,0,1,0,0,0,0,"2,31,22",,魏延,,@【史】@刘备入川时魏延因数有战功被任命为牙门将军，刘备攻下汉中后又将其破格提拔为镇远将军，领汉中太守，镇守汉中，成为独当一方的大将。魏延镇守汉中近十年，之后又屡次随诸葛亮北伐，功绩显著。期间魏延多次请诸葛亮给他统领一万兵，另走一路攻关中，最后与诸葛亮会师于潼关，如同韩信的例子，但诸葛亮一直不许，因而认为自己无法完全发挥才能，心怀不满。\n与长史杨仪不和，诸葛亮死后，两人矛盾激化，相互争权，魏延败逃，为马岱所追斩，并被夷灭三族。\n^【演】^在《三国演义》中，刘备率军入蜀，魏延随军前往。刘备逝世后，魏延随诸葛亮平定“南蛮王”孟获的叛乱。于诸葛亮北伐时献“子午谷奇谋”之策，但未被诸葛亮采纳；因此在奉命进攻箕谷时无视诸葛亮的军令，险些败北。于诸葛亮向天祈祷延命时进帐报告敌军入侵的消息，不慎碰倒主灯，导致诸葛亮的祈祷失败。\n诸葛亮临终前遗命杨仪统兵，魏延对此不满，于诸葛亮病逝后率军反攻杨仪，而杨仪则根据诸葛亮的遗计挑衅魏延，魏延最终被马岱所斩。,?-234,文长,,文长刚粗，临难受命#折冲外御，镇保国境,10064901,"1,6,7",,,蜀,五星
100650,100650,100,3,3,800,800,800,800,800,8,8,8,8,8,200184,0,0,0,0,0,0,0,0,0,0,0,0,0,0,0,0,0,0,5,4,0,0,0,0,0,0,1,0,3,,率土四载,,四载流光，白驹过隙，十三州处。\n锦绣山河，绵延万里，千帆竞相渡。\n英雄几许，纵横天地，但争一寸疆土。\n两军前，兵锋正锐，马踏卷云如故。\n\n归去往复，壮心未灭，又在洛阳边驻。\n八阵图中，天机妙算，拨去三重雾。\n铁城横断，雄兵兴叹，不见旧时征路。\n新天地，烽烟将现，待英雄赴。,2019,,,,0,,,,群,五星
100651,100651,100,2,3,800,800,800,800,800,8,8,8,8,8,200184,0,0,0,0,0,0,0,0,0,0,0,0,0,0,0,0,0,0,5,4,1,0,0,0,0,0,1,0,2,,新春侍女,,庚子新春，祝各位主公家兴百和，福临康安！,2020,,,,10065101,,,,群,五星
100652,100652,25,1,3,8000,8000,9600,6000,1000,107,129,207,105,72,200934,0,0,0,4,0,0,0,214026,0,100652,0,0,0,0,0,0,0,0,2,4,0,0,0,1,0,0,0,0,"1,11,21",,王朗,,@【史】@汉末至三国曹魏时期重臣、经学家。王朗早年师从太尉杨赐，因通晓经籍而被拜为郎中。徐州刺史陶谦又举其为茂才，拜治中从事。迁任会稽太守，任内获百姓爱戴。建安元年（196年）孙策攻会稽时，王朗举兵抵抗，为孙策所败。王朗在逃亡失败后投降，孙策敬重王朗而未加害。后为曹操所征，因战乱辗转数年后才抵达，被拜为谏议大夫、参司空军事。魏国建立，王朗以军祭酒身份领魏郡太守，又任少府、奉常、大理等职。\n^【演】^在《三国演义》中，王朗以会稽太守的身份初次登场。在孙策打败吴郡的严白虎之后节节进逼，基于唇亡齿寒的原因，力排众议接纳了逃亡的严白虎，但遭到虞翻的反对。之后派遣大将周昕与孙策作战失败，自知不敌孙策而向中原逃亡。逃亡至中原后，受到曹操的赏识在朝中任职。在此之后则成为极力帮助曹操夺权的得力助手，与华歆等人联手，使曹操得以晋升至魏公、魏王的位子。曹操死后则威逼汉献帝禅让帝位与曹丕，成为魏国建立的一大功臣。,?-228,景兴,,英辨博通，见传异庆#躬行节俭，鸿儒硕学,10065201,6,,,魏,五星
100653,100653,40,2,3,10100,9200,5500,3000,2300,231,194,66,58,191,200933,0,0,0,4,0,0,0,114052,0,0,0,0,0,0,0,0,0,0,3,4,0,0,0,1,0,0,0,0,"2,12,22",,关兴＆张苞,,@【史】@关兴为关羽次子，蜀汉后期重要将领，在诸葛亮第六次北伐之前病逝。张苞为张飞长子，早夭。\n^【演】^在《三国演义》中，关兴和张苞是关系很好的结拜兄弟，两人并称“小关张”。在蜀军中的表现相当活跃。,?,,,父析子荷，良弓无改#薪火若继，曹魏何患,"10065301,10065302",1,,,蜀,五星
100654,100654,30,1,4,7000,8200,8700,6800,800,102,144,153,109,70,200937,0,0,0,0,0,0,0,210053,0,0,0,0,0,0,20182,0,1,1782097200,4,4,1,0,0,1,0,0,0,0,"1,11,31",,孙鲁班,,@【史】@孙权与步练师之女，曾嫁于周瑜之子，后改嫁全琮，故又称全公主。凭借孙权的宠爱，介入吴国继任者之争，为权谋斗争致死胞妹，曾与情夫孙峻凭借外戚关系把持朝政。孙峻死后，在政治斗争中失败被流放豫章，不知所终。,?,,,红袖翩翩朝堂舞#弄权驭术蛇蝎妇,10065401,"6,2",,,吴,五星
100655,100655,25,1,3,6100,7700,9200,7200,1200,65,135,161,96,86,200940,0,0,0,0,0,0,0,314014,0,0,0,0,0,0,0,0,0,0,2,4,1,0,0,1,0,0,0,0,"1,11,21",,郭皇后,,@【史】@曹魏王朝第一位皇后，曹丕之妻。其祖上世代为郡县官吏，但早失二亲。曹操为魏公时，入曹丕东宫。曹丕即王位，封为夫人（位次王后），同年魏受禅，进为贵嫔（位次皇后）。黄初三年（222年），册立为皇后。\n^【演】^在《三国演义》第九十一回短暂提及郭后 ，于曹丕称帝后，聘为贵妃，姿貌艳丽，颇有城府。郭贵妃欲谋为后，与宠臣张韬商议，谎称甄夫人以魇镇之术谋害天子。曹丕遂将甄夫人赐死，立郭贵妃为皇后。因郭后无出，养曹叡为子，虽甚爱之，不立为嗣。,184-235,女王,,蝉鬓蛾眉皆国色#阴谋终让女中王,10065501,6,,,魏,五星
100656,100656,30,3,2,9200,8700,5600,9100,800,202,176,84,152,72,200939,0,0,0,40003,0,0,0,114054,0,100656,0,0,0,0,0,0,0,0,5,4,0,0,0,1,0,0,0,0,"3,13,23",,高顺,,@【史】@吕布帐下中郎将。高顺为人清白有威严，不好饮酒，所统率的部队精锐非常，号称“陷阵营”。屡进忠言于吕布，吕布虽知其忠而不能用。曹操击破吕布后，高顺被曹操所斩。\n^【演】^在《三国演义》的第十八章提到，高顺军在下邳城外与夏侯惇军交战时曾与其单挑。双方大战了四五十个回合夏侯惇击败了高顺，高顺欲退回城内，夏侯惇则令其战马追赶。夏侯惇在追赶高顺途中，被高顺的部下曹性用弓箭射中眼睛，最后，高顺部队反攻夏侯惇的部队而获胜。,?-199,,,生性脩洁有威严#攻无不破陷阵营,10065601,1,,,群,五星
100657,100657,35,1,3,8400,8500,6500,5400,900,202,189,95,100,89,200942,0,0,0,0,0,0,0,0,0,0,0,0,0,0,0,0,0,0,5,4,0,0,1,0,0,0,0,0,"1,21,33",,董卓,,@【史】@中平六年（189年），受大将军何进、司隶校尉袁绍所召，率军进京讨伐十常侍，却借何进被害之机，得以掌握朝政。他随后废除汉少帝，改立献帝。关东诸侯联盟讨伐董卓，董卓放弃洛阳，移都长安。董卓生性残虐，当权后横征暴敛，激起了民愤，最后被王允和吕布诛灭。\n^【演】^原为汉河东太守，征讨黄巾不利，却因贿赂十常侍官至西凉刺史。董卓借何进被害之机，得以掌握朝政，又赠赤兔马给吕布，诱其投降并谋害丁原，从此不可一世。董卓废汉少帝，立汉献帝，朝臣敢怒不敢言；董卓生性残暴，经常纵兵掠民，百姓皆恨。后来，司徒王允利用貂蝉巧使连环计，使董卓为吕布所诛。,?-192,仲颖,,郿坞追魂凭李肃#宫门取命有温侯,10065701,1,,,群,五星
100658,100658,30,1,4,2400,6500,9000,5000,1000,36,98,228,84,90,200943,0,0,0,0,0,0,0,0,0,0,0,0,0,0,0,0,0,0,5,4,0,0,1,0,0,0,0,0,"1,11,21",,董旻,,@【史】@董卓之弟。昭宁元年（189年）八月，中常侍张让等人谋害大将军何进，何进部将吴匡为其报仇，攻打宫门。吴匡认为车骑将军何苗与何进不共同剿灭宦官，导致何进被害，故转向攻击何苗。董旻时任奉车都尉，与吴匡联手击败何苗，斩之。初平二年（191年），雒阳被孙坚攻破，董卓也率军进入长安，封董旻为左将军。初平三年，吕布诛灭董卓，王允专权，派皇甫嵩率军攻打郿坞，将董卓族人包括董旻全部诛灭。\n^【演】^三国演义第三回登场，随董卓趁乱进京，被任命为左将军，封鄠侯。董卓被诛后，董旻等宗族成员皆被斩首号令。,?-192,叔颖,,燕雀乘风上九天#扶摇既退何所依,10065801,6,,,群,五星
100659,100659,30,3,2,8500,8100,8200,7500,300,201,150,109,151,27,200944,0,0,0,0,0,0,0,0,0,0,0,0,0,0,0,0,0,0,5,4,0,0,1,0,0,0,0,0,"3,13,23",,徐荣,,@【史】@东汉末年将领。本为中郎将，曾向董卓推举同郡出身的公孙度出任辽东太守。于汴水之战中击败曹操的独立追击军，以及在梁东之战中击败孙坚的部队。在董卓死后，受司徒王允的命令与李傕、郭汜交战，因部将胡轸投降，寡不敌众，于新丰之战被击败，战死在乱军之中。\n^【演】^在《三国演义》中，徐荣是一个被夏侯惇交马数回，斩于马下的三流将领，但演义和历史往往是有出入的。历史上的徐荣，可谓是一位名动一时的猛人。他的战绩足以令人瞠目结舌。 他的记载虽然很少，却足以令他跻身三国一线大将行列。,?-192,,,东拒曹孙谁敌手#末将岂是无名辈,10065901,1,,,群,五星
100660,100660,25,3,2,8200,7600,3500,8200,300,152,129,43,152,25,200945,0,0,0,0,0,0,0,0,0,0,0,0,0,0,0,0,0,0,5,4,0,0,1,0,0,0,0,0,"3,13,23",,牛辅,,@【史】@董卓的女婿，曾任中郎将，征讨白波军，不能取胜。董卓被诛后，徐荣、段煨、胡轸投降，牛辅诛灭董越，尽收董卓部队，成了凉州兵新的首领。吕布派李肃前去征讨牛辅，被牛辅击败。但牛辅怯懦多疑，害怕军队兵变，最后抛弃部队逃亡，被随从所诛。\n^【演】^三国演义第4回登场，于董卓进京之际留守陕西。董卓被诛后，牛辅伙同李傕、郭汜等袭往长安，欲为董卓报仇。牛辅为西凉军前驱，大败李肃。进而与吕布交战，被吕布大败而回。牛辅于是收拾金银珠宝，趁夜弃军而逃，随从胡赤儿欲谋取金银珠宝，诛灭牛辅，将头献予吕布。,?-192,,,携余威以领董军#斗温侯兵败身死,10066001,1,,,群,五星
100661,100661,40,3,3,10800,9200,2800,10000,300,395,242,39,242,33,200010,0,100010,0,0,0,0,0,0,0,0,0,0,0,0,0,0,0,0,5,4,0,0,1,0,0,0,0,0,"3,33,43",,吕布,,@【史】@吕布以勇武闻名，号称“飞将”，时有“人中吕布，马中赤兔”之说。原为丁原部将，被唆使谋害丁原归附董卓，与董卓誓为父子，后又被司徒王允唆使诛灭董卓。旋即被董卓旧部李傕等击败，依附袁绍，又被袁绍猜忌，依附张杨。兴平元年（194年），吕布趁曹操攻打陶谦时与陈宫等叛乱，占据濮阳，但两年间被曹操击败转而去依附徐州刘备，又趁刘备与袁术作战时袭取了徐州，与刘备和好一阵又相互攻伐。\n期间，以辕门射戟化解刘备与纪灵的争斗。建安三年（198年），吕布先后击败刘备与夏侯惇后，曹操亲自出马征讨吕布，水淹下邳，吕布被部下叛变，城破被俘，被处死。\n^【演】^吕布是骁勇善战的汉末诸侯，先后跟随丁原、董卓作战，并最终谋害了丁原和董卓。成为独立势力后，吕布与曹操为敌，和刘备、袁术等诸侯时敌时友，最终不敌曹操和刘备的联军，兵败人亡。吕布虽然勇猛，但是少有计策，为人反复无常，唯利是图。在演义中，吕布是天下无双的超一流武将，曾在虎牢关大战刘备、关羽、张飞，曾一人独斗曹操军六员大将，武艺可谓公认的演义第一。,?-199,奉先,,龙驹跳踏起天风#画戟荧煌射秋水,10001001,"1,4",,,群,五星
100662,100662,25,3,2,8000,7800,5200,8500,400,161,144,80,157,37,200946,0,0,0,0,0,0,0,0,0,0,0,0,0,0,0,0,0,0,5,4,0,0,1,0,0,0,0,0,"3,13,23",,郭汜,,@【史】@董卓部下。董卓被诛后，归无所依，于是采用贾诩之谋，联兵将攻向长安。击败吕布，害死王允等人，占领长安，挟持汉献帝，拜为扬烈将军。\n^【演】^在《三国演义》中，郭汜生平与正史大体相当。,?-197,,,凶逆携威乱汉室#逞勇少谋终归无,10066201,"1,5",,,群,五星
100663,100663,30,2,3,9300,9500,6600,5000,2200,188,175,111,92,243,200891,0,100624,0,0,0,0,0,0,0,0,0,0,0,0,0,0,0,0,5,4,0,0,1,0,0,0,0,0,"2,12,32",,李傕,,@【史】@原为董卓部下。董卓被诛后，采用贾诩之谋，联兵将攻向长安，击败吕布，害死王允等人，占领长安，把持朝廷大权。\n^【演】^在《三国演义》中，生平与正史大体相同。李傕是董卓手下排名第一的凉州系心腹大将，统领董卓的西凉精锐部队“飞熊军”。,?,,,贾诩筹算固能谋#李傕凶恶亦善算,10062401,1,,,群,五星
100664,100664,15,3,1,7500,8000,4100,8600,400,118,116,50,93,23,200206,0,100265,0,0,0,0,0,0,0,0,0,0,0,0,0,0,0,0,5,3,0,0,0,0,0,0,0,0,"3,13,23",,侯成,,@【史】@东汉末年武将。曾任吕布部将八健将之一，吕布被酒色所伤故下禁酒令，侯成不知，献酒于吕布被吕布所打。曹操围下邳，侯成与宋宪、魏续等缚陈宫、高顺，率众降曹操。\n^【演】^本为吕布帐下八健将之一，数次与曹军交战。后曹军围吕布于下邳，侯成有马十五匹，被后槽人盗去，欲献与刘备。成知觉，追击后槽人，将马夺回。侯成酿得五六斛酒，欲与诸将会饮，恐吕布见罪，乃先以酒五瓶诣布府。恰好吕布刚禁酒，见如此，怒欲斩之。众将告免，打成五十背花，成怀恨，盗赤兔马降曹。,?,,,,10026501,1,,,群,四星
100665,100665,20,1,3,7700,6200,4500,6000,900,139,71,64,69,62,200100,0,100269,0,0,0,0,0,0,0,0,0,0,0,0,0,0,0,0,5,3,0,0,0,0,0,0,0,0,"1,11,21",,魏续,,@【史】@东汉末吕布部将。与吕布有亲，吕布将高顺兵归续管。建安三年（198年），曹操率军攻吕布，围之三月。魏续与侯成、宋宪缚陈宫，降曹。吕布被迫降，被缢死在白门楼。\n^【演】^在《三国演义》中，与侯成、宋宪一起背叛吕布、投降曹操。白马之战中宋宪被颜良斩落马下。魏续上马持矛准备报仇，在阵前大骂颜良。最终颜良将魏续劈于马下。,?-200,,,,10026901,1,,,群,四星
100666,100666,20,3,2,7300,4600,6100,8000,100,113,59,86,124,7,200097,0,100338,0,0,0,0,0,0,0,0,0,0,0,0,0,0,0,0,5,3,0,0,0,0,0,0,0,0,"3,13,23",,宋宪,,@【史】@吕布部将八健将之一。宋宪勇猛，武力过人。建安三年（198年），曹操攻吕布，与刘备围下邳。因同伴侯成送酒于吕布被吕布杖打，对吕布感到失望后怀恨在心，宋宪与魏续、侯成等执吕布的谋士陈宫及大将高顺，献城降，曹操遂诛灭吕布。后不见史书记载。\n^【演】^吕布麾下大将。见同僚侯成因为皮毛小事而遭棒责，与侯成、魏续一起投降了曹操。后来与袁绍军交战时，死在猛将颜良刀下。,?-200,,,,10033801,1,,,群,四星
100667,100667,20,1,2,8500,8100,6000,5400,1200,120,115,85,55,102,200100,0,100113,0,0,0,0,0,0,0,0,0,0,0,0,0,0,0,0,5,3,0,0,0,0,0,0,0,0,"1,11,31",,李肃,,@【史】@吕布同郡之人，协同吕布诛灭董卓，随后受派遣，前往陕地征讨牛辅，被牛辅击败，退至弘农，为吕布所斩。\n^【演】^董卓帐下武将，与吕布同乡，曾主动请命为董卓说服吕布来降。诸侯联军伐董卓之际，李肃协同华雄镇守汜水关，为华雄出谋划策，击败缺粮的孙坚军。后王允、吕布策划诛灭董卓，拉拢李肃同谋，李肃因久不升迁，心怀不满，与吕布一拍即合，共同诛灭了董卓，又为吕布先锋与牛辅军交战，兵败后被吕布斩首示众。,?-192,,,,10011301,1,,,群,四星
100668,100668,35,3,3,9000,7200,5500,8500,400,164,107,73,141,28,200128,0,100184,0,0,0,0,0,0,0,0,0,0,0,0,0,0,0,0,5,3,0,0,0,0,0,0,0,0,"3,13,43",,李傕＆郭汜,,@【史】@二人原为董卓部下。董卓被诛后，二人归无所依，于是采用贾诩之谋，联兵将攻向长安，击败吕布，害死王允等人，占领长安，把持朝廷大权。\n^【演】^在《三国演义》中，二人生平与正史大体相同。而李傕则是董卓手下排名第一的凉州系心腹大将，统领董卓的西凉精锐部队“飞熊军”。,?,,,,"10018401,10018402",2,,,群,四星
100669,100669,20,3,1,7000,6000,8600,8600,400,78,79,131,86,20,200114,0,100100,0,0,0,0,0,0,0,0,0,0,0,0,0,0,0,0,1,3,0,0,0,0,0,0,0,0,"3,13,23",,董承,,@【史】@汉灵帝母董太后之姪，献帝的岳父。曾任车骑将军。董卓乱京，董承送献帝回洛阳。曹操专权，董密谋诛操，将献帝的密诏带给刘备，事泄，为操所斩。\n^【演】^在《三国演义》中，被描绘成对汉献帝无比忠诚的大臣。曹操接献帝回许县后，专国弄权，擅作威福，献帝血写诏书密付董承，望董承能诛灭曹操，匡扶汉室。董承于是邀请了刘备、王子服等一批志士共谋诛曹操。不料家奴秦庆童因不满董承将密谋告知曹操，董承全家因之全被诛。,?-200,,,,10010001,2,,,汉,四星
100670,100670,35,1,3,8800,7900,8300,6700,1100,179,115,153,123,97,200947,0,0,0,0,0,0,0,114057,0,100670,0,0,0,0,20182,0,1,1782097200,5,4,0,0,0,1,0,0,0,0,"1,11,21",,袁绍,,@【史】@东汉末年军阀，汉末群雄之一。在汉末群雄割据的过程中，袁绍先占据冀州，又先后夺青、并二州，并于建安四年（199年）的易京之战中击败了割据幽州的军阀公孙瓒，统一河北，势力达到顶点。但在建安五年（200年）的官渡之战中大败于曹操。建安七年（202年），袁绍在平定冀州叛乱之后病逝。\n^【演】^在《三国演义》中，袁绍初为何进党羽。何进被害后，与袁术等共同诛灭宦官。董卓夺权之后，残暴不仁，涂炭生灵。袁绍奔冀州组成十七路诸侯反董卓联合。董卓迁都长安后，袁绍便引诱公孙瓒进攻冀州，并胁迫韩馥控制冀州。随后袁绍为扩大势力范围而相继占领青州、并州。\n袁绍歼灭公孙瓒，平定幽州之后，在河北建立起庞大的势力。为了与曹操一决雌雄，袁绍遣七十万兵越过黄河，却于官渡之战中被火烧乌巢，惨遭落败。最终，袁绍与曹操在仓亭决战，败归后不久病死。,?-202,本初,,称雄河外，擅强南夏#窥图讯鼎，禋天类社,10067001,1,,,群,五星
100671,100671,30,1,4,8900,8200,6000,6900,900,183,169,96,111,63,200948,0,0,0,0,0,0,0,114056,0,100671,0,0,0,0,0,0,0,0,4,4,0,0,0,1,0,0,0,0,"1,11,21",,蒋钦,,@【史】@汉末东吴名将，其人贵守约，性豁达。早年随孙策平定丹阳、吴郡、会稽和豫章四郡。平盗贼，迁西部都尉。讨会稽贼吕合、秦狼等，徙讨越中郎将。又与贺齐并力讨平黟贼。从征合肥，因功迁荡寇将军，被陈寿盛赞为“江表之虎臣”。孙权讨伐关羽时，蒋钦率领水军入沔水。回军途中病逝。\n^【演】^在《三国演义》中，蒋钦是擅长弓术的将领。与周泰原为江贼，孙策下江东自立门户时，和周泰一起率众投靠。孙策攻刘繇，并引出城中麾下的陈横、薛礼、张英三名将领，陈横被蒋钦一箭射死。曾在赤壁之战与周泰，还有擅使长枪的韩当率领水军在三江口踏江破敌。南郡之战请命攻曹仁，但却被曹仁和牛金击退，周瑜打算怒斩蒋钦，众将求情劝免，其后故事与《三国志》基本相同。,?-220,公奕,,轻赐尚义，所行可迹#并作国士，不亦休乎,10067101,1,,,吴,五星
100672,100672,25,3,3,4600,8000,9400,7600,600,55,151,203,112,38,200950,0,0,0,0,0,0,0,210030,0,100672,0,0,0,0,0,0,0,0,2,4,0,0,0,1,0,0,0,0,"3,23,43",,曹植,,@【史】@曹操的三子。曹植很有才学，早年被曹操宠爱，几乎被立为太子，后失宠。魏文帝时，他受兄长曹丕的猜忌和迫害，屡遭贬爵和改换封地。曹植为建安文学中成就最高者，其诗以笔力雄健和词采画眉见长，留有集三十卷，已佚，今存《曹子建集》为宋人所编。\n^【演】^在《三国演义》中，曹操一度想立他为世子，但疑其乖巧，而不如曹丕心诚，最终听信贾诩的建议，立曹丕为嗣。曹操去世后，曹丕继位，以曹植不来奔丧为由问罪。曹丕发兵将曹植捉来，让其“七步成诗”，继而又让其立即成诗，曹植均能做到。之后，曹丕迫于太后的压力，放过曹植，对其只做贬爵处罚。,192-232,子建,,名编壮士籍，不得中顾私#捐躯赴国难，视死忽如归,10067201,"5,6",,,魏,五星
100673,100673,100,3,3,800,800,800,800,800,8,8,8,8,8,200184,0,0,0,0,0,0,0,0,0,0,0,0,0,0,0,0,0,0,5,4,0,0,0,0,0,0,1,0,3,,率土五载,,五夕辙远，眺看来时路，行思坐忆。\n遥记春秋千百户，谁在阿房中戏。\n铁马金戈，征伐不止，热血犹常在。\n江山多娇，与君执笔共记。\n\n遍地姹紫嫣红，尽态极妍，小园满春色。\n往复游人皆赞叹，沉醉飘飘蝶迹。\n何惧少艳，北陆冰霜，百花梅先肆。\n来年冬季，众芳零落中立。,2020,,,,0,,,,群,五星
100674,100674,30,2,2,8800,8700,6800,4500,1700,181,179,99,66,133,200951,0,0,0,4,0,0,0,114059,0,100674,0,0,0,0,0,0,0,0,3,4,0,0,0,0,0,0,0,0,"2,22,32",,夏侯霸,,@【史】@三国时期魏国和蜀汉后期的重要将领，夏侯渊次子。在魏国官至右将军、讨蜀护军，封爵博昌亭侯，屯驻陇西；在蜀汉时为主要北伐将领，多次参加御蜀和伐魏战争。嘉平元年（249年），司马懿发动政变，诛灭曹爽。征西将军夏侯玄被调入朝，由雍州刺史郭淮接任征西将军。夏侯玄是夏侯霸的堂侄、曹爽的表弟。夏侯霸从前得到曹爽的厚待，与郭淮不和。曹爽被司马懿所害后，他心中不安，投奔蜀汉，被任命为车骑将军，曾随姜维伐魏。\n^【演】^在《三国演义》中，为夏侯渊的长子而非次子。夏侯霸弓马娴熟，由曹爽推举的心腹部将，多次抵御蜀汉的侵扰。在征伐辽东公孙渊时，不到数回合砍掉辽东大将军卑衍，辽东军大乱。后来司马懿政变，曹爽被害，夏侯玄被调离，夏侯霸看出司马懿的野心，遂起兵造反，却被郭淮击败。走投无路不得已降蜀，夏侯霸投蜀时已经是一个年华老去的将领。夏侯霸在蜀时追随姜维北伐，曾不到十回合打败郭淮救出姜维，最终却在洮阳之战中邓艾伏击被射死。,?-262,仲权,,六十甲子侍二主#乱世忠义两难全,10067401,1,,,蜀,五星
100675,100675,30,1,3,6800,8600,8800,5800,1000,98,171,187,76,71,200952,0,0,0,4,0,0,0,314016,0,100675,0,0,0,0,0,0,0,0,1,4,0,0,0,1,0,0,0,0,"1,11,21",,刘表,,@【史】@其人身长八尺余，姿貌温厚伟壮，少时知名于世，名列“八俊”。在荆州期间，刘表远交袁绍，近结张绣，内纳刘备，据地数千里，带甲十余万，称雄荆江，先破孙坚，后又常抗曹操。然而刘表为人性多疑忌，好于坐谈，立意自守，而无四方之志，后更宠溺后妻蔡氏，使妻族蔡瑁等得权。刘表死后，蔡瑁等人废长立幼，奉表次子刘琮为主；曹操南征，刘琮举州投降，荆州遂没。\n^【演】^在《三国演义》中，刘表生平基本与正史相符。,142-208,景升,,一杯遥酹襄江上#爱汝名高俊及中,10067501,6,,,汉,五星
100676,100676,25,3,2,4500,7900,9300,7500,400,60,134,158,99,26,200954,0,0,0,0,0,0,0,310018,0,100676,0,0,0,0,0,0,0,0,1,4,1,0,0,1,0,0,0,0,"3,13,23",,王昭君,,@【史】@西汉民女，南郡首选入掖庭。匈奴单于入朝求亲时，被汉元帝赐予单于，元帝临辞召见昭君，见其丰容靓饰，光明汉宫，顾景裴回，竦动左右。元帝意欲留之，而难于失信，遂与匈奴。从此“昭君出塞”被世人盛传。,?,,,翩翩之燕，远集西羌#高山峨峨，河水泱泱,10067601,6,,,汉,五星
100677,100677,30,3,3,9300,8500,4600,10000,300,220,186,69,202,27,200955,0,0,0,0,0,0,0,110066,0,100677,0,0,0,0,0,0,0,0,5,4,0,0,0,1,0,0,0,0,"3,23,33",,公孙瓒,,@【史】@汉末群雄之一。依靠自己的才能逐步做到中郎将，以强硬的态度对抗北方少数民族，作战勇猛，威震边疆。公孙瓒好战，与主张以怀柔政策对待胡人的刘虞不和，后来公孙瓒诛灭刘虞，并挟持朝廷使者，得到了总督北方四州的授权，成为北方最强大的诸侯之一。他与袁绍多次相争，初期占据优势，但在龙凑之战后，公孙瓒锐气顿减，采取自保战略，逐渐失去了部下信任，被袁绍击败。最终困于高楼，引火自焚。\n^【演】^在《三国演义》中，公孙瓒犹如刘备恩人一般的存在。在黄巾起义和讨伐董卓时，公孙瓒均有举荐刘备。刘备在徐州抵御为报父仇而兴兵的曹操后，几乎没有与公孙瓒有任何联系。最终由曹操麾下的满宠告知刘备，公孙瓒已败于袁绍之手，死于易京的消息。,?-199,伯珪,,伯珪疏犷，武才趫猛#虞好无终，绍势难并,10067701,"1,6",,,群,五星
100678,100678,100,1,3,800,800,800,800,800,8,8,8,8,8,200184,0,0,0,0,0,0,0,0,0,0,0,0,0,0,0,0,0,0,5,4,1,0,0,0,0,0,1,0,1,,新春侍女,,风寒云重旧时愁，新禧已来明日欢。万家灯明齐守岁，此间相逢是宿缘。\n辛丑新春，祝各位主公家兴百和，福临康安！,2021,,,,10067801,,,,群,五星
100679,100679,100,2,3,800,800,800,800,800,8,8,8,8,8,200184,0,0,0,0,0,0,0,0,0,0,0,0,0,0,0,0,0,0,5,4,0,0,0,0,0,0,1,0,2,,着墨山河,,神州万里，锦绣山河，三寸光阴，何足遍览。幸有墨客，执笔以录，文简丹青，后世永存。,?,,,,0,,,,群,五星
100680,100680,15,3,1,6100,3600,4100,8400,600,59,35,40,80,35,200175,0,100196,0,0,0,0,0,0,0,0,0,0,0,0,0,0,0,0,5,2,0,0,0,0,0,0,0,0,"3,23",,西凉军,,西凉军骑兵，比一般的骑兵更擅长马上作战。,?,,,,10019601,,,,群,三星
100681,100681,15,2,1,6500,4000,4000,3500,1700,62,39,39,34,98,200177,0,100197,0,0,0,0,0,0,0,0,0,0,0,0,0,0,0,0,5,2,0,0,0,0,0,0,0,0,"2,12",,西凉军,,西凉军普通步兵。,?,,,,10019701,,,,群,三星
100682,100682,20,2,1,7000,3800,3500,2900,1700,90,39,36,30,104,200175,0,100267,0,0,0,0,0,0,0,0,0,0,0,0,0,0,0,0,5,2,0,0,0,0,0,0,0,0,"2,22",,胡车儿,,@【史】@东汉末年武将，初从张绣，为其心腹猛将，勇冠三军，与贾诩交情甚佳。宛城大战后，张绣投降曹操，曹操爱胡车儿之骁勇，手以黄金与之。后胡车儿与张绣串通，盗走典韦的双戟并刺向典韦，使得典韦在张绣叛乱中战死。\n^【演】^在《三国演义》中，胡车儿“力能负五百斤，日行七百里”，且在张绣与曹操作战时，胡车儿把典韦灌醉了且盗取了典韦的双戟，使得典韦在跟张绣军作战时战死。,?,,,,10026701,,,,群,三星
100683,100683,30,3,2,9800,9100,6500,9600,600,216,187,65,168,42,200957,0,0,0,40003,0,0,1620786600,114058,0,100683,0,0,0,0,20049,1,0,0,2,4,0,0,0,1,0,0,0,0,"3,23,43",,曹彰,,@【史】@曹操之子。其胡须黄色，被曹操称为“黄须儿”。弱冠前喜搏猛虎，臂力过人、不善文章。代北乌桓无（能）臣氐等造反，曹彰引军往讨，大捷而归。后又降服辽东鲜卑大人轲比能。曹丕即位后，曹彰与诸侯就国。\n^【演】^在《三国演义》中，曹彰的生平与正史大体相同。在阳平为曹操助战，曹彰使一条长戟，大败刘封，斩蜀将吴兰。后来曹操逝世，世子曹丕继位；曹彰得知父亲病逝，便自长安引十万大军到洛阳；然而却被贾逵以片言折服，入宫交割军马后，便回鄢陵自守。\n\n@本武将设计建议来自：@\n@【48区（兵渡沪水）玩家：法承汇俊】@,?-223,子文,,矫矫元戎，雷动雨徂#横行燕代，威慑北胡,10068301,1,,,魏,五星
100684,100684,30,2,2,8500,9000,8300,4300,1300,124,212,133,56,137,200958,0,0,0,4,0,0,1619577000,314015,0,100684,0,0,0,0,0,0,0,0,4,4,0,0,0,1,0,0,0,0,"2,12,32",,程普,,@【史】@历仕孙坚、孙策、孙权三任君主。是吴国最年长的将军，人们都敬称其为“程公”。他曾跟随孙坚讨伐过黄巾、董卓，又助孙策平定江东。孙策死后，他与张昭等人共同辅佐孙权，并讨伐江东境内的山贼，功勋卓著。\n^【演】^在《三国演义》中，使用武器为铁脊蛇矛，为孙坚最早的部下。斩华雄手下胡轸，也是为孙坚提出计谋的将领。孙坚发现玉玺后，提议孙坚回家的计策。当孙坚和袁绍对立时，与黄盖，韩当一起和袁绍手下大将颜良、文丑对峙 。,?-210,德谋,,江表虎臣，鏖兵卫主#攻坚轧敌，兴王定覇,10068401,3,,,吴,五星
100685,100685,30,2,2,9600,8700,6700,4600,1400,213,195,73,64,121,200961,0,0,0,0,0,0,1627437600,110163,0,100685,0,0,0,0,20049,0,1,1766977200,2,4,0,0,0,1,0,0,0,0,"2,12,32",,乐进,,@【史】@曹魏名将。以胆识英烈而从曹操，随军多年，南征北讨，战功无数。从击袁绍于官渡，奋勇力战，斩袁绍部将淳于琼。又从击袁谭、袁尚于黎阳，斩其大将严敬。不久乐进别击黄巾、雍奴、管承，皆大破之。从平荆州，留屯襄阳，进击关羽、苏飞等人，击退其众，南郡诸郡的山谷蛮夷都前往乐进处投降。后世将其与张辽、张郃、于禁、徐晃并称为曹魏“五子良将”。\n^【演】^在《三国演义》中，乐进是曹操招贤时最早投靠的武将，可惜在小说整体表现并不出色，常与另一魏将李典共同登场。赤壁之战后，曹操留乐进与张辽、李典屯于合肥，以当孙权。其时孙权入寇，双方对阵，乐进忽施突袭，一骑马一口刀，如一道电光，折贾华、宋谦之双戟，几乎擒得孙权。后来与吴将凌统鏖战，得曹休之助，本可取胜，却被吴将甘宁发箭所伤，退入军中调治伤势。,?-218,文谦,,每临战攻，常为督率#奋强突固，无坚不陷,10068501,"1,7",,,魏,五星
100686,100686,100,3,3,800,800,800,800,800,8,8,8,8,8,200184,0,0,0,0,0,0,0,0,0,0,0,0,0,0,0,0,0,0,5,4,0,0,0,0,0,0,1,0,3,,率土六载,,袍泽之谊，觥筹交错，族阀崛兴。\n听床弩霹雳，兵合车错，坚城铁壁，石破天惊。\n烽火连城，临兵列阵，燎原之火照繁星。\n六载矣，江山多奇士，百家争鸣。\n\n神州画角连营，奉王命、千里行勇兵。\n奋胸中韬略，指挥若定；险中求胜，如履薄冰。\n纵有失离，不屈人下，卧薪尝胆更求精。\n抬头看，雨沐风吹后，仍是天青。,2021,,,,0,,,,群,五星
100687,100687,25,1,2,3600,6000,9000,5000,1100,73,121,164,67,70,200960,0,0,0,0,0,0,1634868000,410013,0,100687,0,0,0,0,0,0,0,0,4,4,1,0,0,1,0,0,0,0,"1,11,21",,小乔,,@【史】@东汉末年时期的美女，庐江皖县（今安徽潜山）人。乔公的次女，汉末名将周瑜之妾。\n^【演】^在《三国演义》中，她是庐江皖县乔国老次女，秀美绝伦，貌压群芳，又琴棋书画无所不通。周瑜攻取皖城，迎娶小乔为妻。周郎小乔英雄美女、郎才女貌 ，被流传为千古佳话。,?,,,国色双花相闰栽#周郎分得小枝来,10068701,6,,,吴,五星
100688,100688,100,3,3,800,800,800,800,800,8,8,8,8,8,200184,0,0,0,0,0,0,0,0,0,0,0,0,0,0,0,0,0,0,1,4,1,0,0,0,0,0,1,0,3,,新春侍女,,拜岁销疾厄，接福启令辰。同袍携美酒，共贺太平春。\n壬寅新春，祝各位主公平安喜乐，福禄长久！,2022,,,,10068801,,,,汉,五星
100689,100689,25,2,2,5100,7400,8300,3200,1800,69,151,129,56,125,200962,0,0,0,0,0,0,1643853600,210054,0,100689,0,0,0,0,0,0,0,0,3,4,0,0,0,1,0,0,0,0,"2,12,32",,刘禅,,@【史】@刘备之子。建安二十四年，刘备为汉中王，立刘禅为王太子。章武三年四月刘备崩逝于永安宫，四月刘禅袭位于成都，拜诸葛亮为相父，继续支持北伐。诸葛亮逝世后，继续重用蒋琬、费祎、董允，支持姜维进行北伐。后宠幸宦官黄皓，多有怠政。景耀六年，兴师出兵，邓艾率部进军成都，刘禅自请受降，移居洛阳，受封为安乐县公。西晋泰始七年，在洛阳去世，晋谥其为思公。\n^【演】^在《三国演义》中，据传刘禅之母甘夫人因夜梦仰吞北斗而怀孕，故称小名为阿斗。幼时遭受战乱，幸得重将维护，曾在长坂坡被赵云七进七出救出敌阵。国亡投降后，移居洛阳，曾被司马昭试探是否仍思念蜀国，答道“此间乐，不思蜀也”。,207-271,公嗣,,既以幼冲继大统#岂无长志讨凶逆,10068901,6,,,蜀,五星
100690,100690,20,1,2,4500,7800,7100,4300,900,56,112,164,76,92,200963,0,0,0,0,0,0,1643508000,310043,0,100690,0,0,0,0,0,0,0,0,5,4,1,0,0,1,0,0,0,0,"1,11,31",,西施,,@【史】@春秋时期越国民女，中国四大美女之一，相传浣纱时鱼因感其美貌而忘记游水，沉于水底，后世称其有“沉鱼”之美。春秋吴越之争时，越王将她献于吴王，以惑其心，乱其谋。吴王沉湎于西施美色，兴建姑苏台，日日玩乐而荒废政事，最终被越王灭国。,?,,,悲莫悲兮生别离#姑苏台上谁人知,10069001,6,,,群,五星
100691,100691,30,2,2,8900,8800,7300,4800,1700,181,180,89,77,132,200965,0,0,0,4,0,0,0,114176,0,100691,0,0,0,0,0,0,0,0,3,4,0,0,0,1,0,0,0,0,"2,12,22",,周仓,,^【演】^在《三国演义》中，周仓为身材高大、黑面虬髯的关西大汉，黄巾军出身。关羽千里寻兄之时请求跟随，自此对关羽忠心不二；在听说关羽兵败被害后，周仓也自刎而死。,?-219,元福,,执鞭随蹬鞍马前#一生侍奉武圣边,10069101,1,,,蜀,五星
100692,100692,30,3,2,5900,8700,9500,9200,400,68,155,223,152,31,200966,0,0,0,40003,0,0,0,214055,0,100692,0,0,0,0,0,0,0,0,5,4,0,0,0,1,0,0,0,0,"3,13,23",,田丰,,@【史】@东汉末年袁绍部下谋臣，官至冀州别驾。其为人刚直，曾多次向袁绍进言而不被采纳，曹操部下谋臣荀彧曾评价他“刚而犯上”。后因谏阻袁绍征伐曹操而被袁绍下令监禁。官渡之战后，田丰被袁绍所害。\n^【演】^在《三国演义》中，田丰博览多识，权略多奇，曾在朝中任侍御史，因不满宦官专权，弃官归家。袁绍起兵讨伐董卓，应其邀请，出任别驾，以图匡救王室之志。后袁绍用田丰谋略，消灭公孙瓒，平定河北，虎据四州。官渡之战，田丰建议据险固守，分兵抄掠的疲敌策略，乃至强谏，被袁绍以为沮众，械系牢狱。建安五年，袁绍官渡战败，因羞见田丰而害。,?-200,元皓,,天姿瑰杰尽忠言#权略多奇难回天,10069201,6,,,群,五星
100693,100693,25,1,3,8100,9400,9300,5800,1300,91,133,197,82,72,200968,0,0,0,0,0,0,0,110190,0,100693,0,0,0,0,0,0,0,0,1,4,0,0,0,1,0,0,0,0,"1,11,21",,王允,,@【史】@东汉末年大臣。王允出身官宦世家。他十九岁就开始任公职，壮年时任豫州刺史。因为在和中常侍张让的斗争中失败，王允被迫去官隐居，在中平六年，何进掌权之后重新出仕，历任从事中郎和河南尹。在何进被宦官所害，董卓掌权时，他已经代替杨彪成为了司徒兼尚书令。\n身为地方官勤政爱民，由于朝廷腐败而被迫在此为官，从而密谋诛灭董卓。董卓死后，王允与吕布共执朝政，但是董卓余党李傕、郭汜、樊稠等率军攻破长安，吕布出逃，王允被处死，时年56岁。\n^【演】^在《三国演义》中，他是貂蝉的义父，貂蝉是造成吕布和董卓反目，以致于吕布最终诛灭了董卓的主要原因。,137-192,子师,,心怀家国恨#眉锁庙堂忧,10069301,"2,4",,,汉,五星
100694,100694,15,3,3,6800,7200,7000,8800,300,70,66,60,92,10,200969,0,0,0,0,0,0,0,410014,0,0,0,0,0,0,0,0,0,0,1,3,0,0,0,1,0,0,0,0,"3,13,23",,张邈,,@【史】@东汉末年陈留太守。张邈年少侠义，常接济贫困，故被称为“八厨”之一。董卓废少立献后，张邈与曹操率先举兵讨董，参加汴水之战，后归附于曹操。吕布背叛袁绍后，张邈与之私交，引袁绍愤而要求曹操诛杀张邈，虽然曹操拒绝了，但是张邈仍惴惴不安。于是在兴平元年（194年），曹操讨伐陶谦时，张邈联合陈宫等人发动叛乱，兵败，投奔徐州牧刘备。兴平二年（195年）张邈在向袁术借兵途中被部下所杀。\n^【演】^在《三国演义》中，张邈的形象与正史基本相符。作为陈留太守，张邈是讨伐董卓的第六镇诸侯。后经陈宫劝说背叛曹操，与曹操作战失败后，投奔袁术。,?-195,孟卓,,,10069401,"5,6",,,汉,四星
100695,100695,20,3,2,8200,7800,5200,8900,200,83,77,54,94,9,200970,0,0,0,0,0,0,0,110191,0,0,0,0,0,0,0,0,0,0,1,3,0,0,0,1,0,0,0,0,"3,13,23",,刘岱,,@【史】@汉东汉末年兖州刺史，家世显赫，素负盛名。董卓倒行逆施后各地群雄起兵，兖州刺史刘岱与张邈等屯兵酸枣，以袁绍为首打出讨董旗号。后袁绍与公孙瓒不和，谋士程昱建议刘岱帮助袁绍，后公孙瓒果然大败。初平三年青州黄巾军攻打兖州，刘岱不顾济北相鲍信劝阻，坚持出战，结果兵败被杀。\n^【演】^在《三国演义》中，刘岱初登场时为讨董联军第四镇诸侯。青州黄巾军大举进犯兖州，于曹操取兖州时降曹操。后刘岱引兵攻打刘备所在的徐州，被张飞生擒。返回许都后，曹操黜罢其爵禄。,?-192,公山,,,10069501,1,,,汉,四星
100696,100696,20,1,3,7700,8000,8300,5600,1100,64,70,92,63,67,200971,0,0,0,0,0,0,0,210060,0,0,0,0,0,0,0,0,0,0,1,3,0,0,0,1,0,0,0,0,"1,11,21",,孔融,,@【史】@东汉末年文学家，“建安七子”之一，家学渊源，为孔子的二十世孙。其人少有异才，勤奋好学，性好宾客，喜抨议时政，言辞激烈，后因触怒曹操而为其所害。\n^【演】^在《三国演义》中，孔融形象与正史相似。十八路诸侯起兵讨董卓，孔融为第十镇。后黄巾将领管亥率兵数万围北海，孔融与之战不利，幸得太史慈求救于刘备。后召还为太中大夫，曹操征荆州时，孔融劝阻，被曹操叱退。孔融口出怨言，为郗虑宾客所听闻。郗虑素来与孔融不睦，于是将此事告诉曹操，孔融被下狱弃市。,153-208,文举,,,10069601,6,,,汉,四星
100697,100697,25,1,3,6900,8200,8400,4500,1300,64,83,90,43,72,200972,0,0,0,0,0,0,0,210061,0,0,0,0,0,0,0,0,0,0,1,3,0,0,0,1,0,0,0,0,"1,21,31",,陶谦,,@【史】@汉末群雄之一。最初为诸生，在州郡任职，被举茂才，历任舒、卢二县令、幽州刺史、议郎，性格刚直，有大志。后随左车骑将军皇甫嵩对抗北宫伯玉，任扬武校尉，之后又随张温征韩遂、边章。\n^【演】^在《三国演义》中，陶谦被描述成一副和蔼可亲的老实善人形象，是为参与讨伐董卓的诸侯之一。由于曹操来犯，请求孔融、刘备救援。后来病倒，恳求刘备治理徐州。,132-194,恭祖,,,10069701,"5,6",,,汉,四星
100698,100698,25,2,2,6500,7700,8700,4000,1800,70,72,126,42,119,200973,0,0,0,0,0,0,0,210062,0,0,0,0,0,0,0,0,0,0,3,3,0,0,0,1,0,0,0,0,"2,12,22",,简雍,,@【史】@简雍擅于辩论、议事，官拜昭德将军，地位次于麋竺。其人性情简单直接、不拘小节。年少时便与刘备相识，后跟随刘备奔走。常作为谈客，往来使命，刘备围成都时，简雍劝说刘璋投降。\n^【演】^在《三国演义》中，简雍形象与正史相似。与刘备同乡。随其周旋，任幕宾。刘备投袁绍，后想要离去，简雍为其设计脱身。刘璋投降时，以简雍为使，简雍坐于车中，有意的傲睨自若，为秦宓所斥责。不久，拜简雍为昭德将军。,?,宪和,,,10069801,2,,,蜀,四星
100699,100699,25,1,3,6200,8000,8500,4200,1000,62,84,132,44,63,200974,0,0,0,0,0,0,0,110192,0,0,0,0,0,0,0,0,0,0,2,3,0,0,0,1,0,0,0,0,"1,11,21",,华歆,,@【史】@华歆，汉末曹魏名臣，官至司徒、太尉。华歆年轻时便名闻山东，曾被时为大将军的何进征召担任尚书郎。因董卓作乱，华歆自请为县令，在上任途中被袁术所留。后因袁术不愿出兵伐董，华歆遂离开袁术担任豫章太守，担任太守期间深得百姓爱戴。华歆欣赏孙策之能，成为了孙策上宾。华歆后被曹操以天子名义征召担任议郎，是迫使汉献帝禅让帝位的主要参与者之一。\n^【演】^在《三国演义》中，华歆被描写成一个趋炎附势、助纣为虐的政客。演义中华歆为豫章太守，在孙策崛起江东之际降于孙策麾下，但直到孙权时皆未获重用。后作为吴使臣觐见曹操，随即被曹操任命为大理寺卿，留在朝廷。曹丕欲篡汉自立时，华歆自行草诏，并威逼汉献帝承认，成为曹魏开国功臣。,157-232,子鱼,,,10069901,2,,,魏,四星
100700,100700,25,1,2,7500,8800,7000,4200,1300,80,144,72,57,72,200975,0,0,0,0,0,0,0,110193,0,0,0,0,0,0,0,0,0,0,4,3,0,0,0,1,0,0,0,0,"1,21,31",,朱治,,@【史】@三国时期吴国武将，东吴名将朱然之嗣父。早年随从孙坚、孙策征伐，又辅助孙权，稳定江东，功勋卓著。此后长期居住在吴郡，孙权为吴王，拜其为安国将军，配金印紫绶，徙封毗陵侯。每次进见，孙权都亲自迎接。黄武三年（224年）卒，年六十九。\n^【演】^在《三国演义》中，朱治生平与正史大体相当，为孙坚旧将，孙坚阵亡后，孙策附袁术，朱治、吕范为之定计，用玉玺向袁术借兵夺取江东。孙策平定东路后，任命朱治为吴郡太守，收军返回江东。后来赤壁之战，大都督周瑜令朱治、吕范为四方巡警使，催督六郡官军。,156-224,君理,,,10070001,3,,,吴,四星
100701,100701,30,3,2,7800,9000,9400,8500,500,117,166,222,142,45,200983,0,0,0,0,0,0,0,110195,0,100701,0,0,0,0,0,0,0,0,6,4,0,0,0,1,0,0,0,0,"3,13,23",,司马师,,@【史】@司马懿和张春华之长子，司马昭之兄，司马炎之伯父。文雅风度，雄才大略，遇事沉着冷静。\n曹芳时期，担任散骑常侍、中护军，严格选拔官员。在高平陵之变中，司马师阴养三千死士，为司马懿战胜曹爽立下大功。司马懿死后，任大将军，都督中外诸军、录尚书事，独揽军政大权，成为曹魏最大权臣。\n在朝堂行废立之事，立高贵乡公曹髦为帝。平定毌丘俭、文钦叛乱，返回途中病故。是西晋王朝的奠基人，死时年仅四十八岁，谥号忠武。后被追尊为晋景王。西晋时被追尊为晋景帝，庙号世宗。\n^【演】^在《三国演义》中，司马师多次随司马懿共同参与讨伐孟达、防守诸葛亮北伐、火烧上方谷等事件。其余事迹与正史相似。,208-255,子元,,垂翼暗藏三千羽#只等好风上青云,10070101,"4,2",,,晋,五星
100702,100702,30,3,2,8200,8300,9100,9200,500,123,168,199,154,45,200984,0,0,0,0,0,0,0,110196,0,100702,0,0,0,0,0,0,0,0,6,4,0,0,0,1,0,0,0,0,"3,13,23",,司马昭,,@【史】@司马师之弟，司马炎之父。三国时期曹魏权臣，西晋王朝的奠基人之一。司马昭早年随父亲司马懿抗击蜀汉，嘉平四年进为都督，与吴国大战于东关。司马师病逝后司马昭继其兄位，大权独揽，并率军镇压诸葛诞的反叛。魏甘露五年，魏帝曹髦愤而言左右称“司马昭之心，路人皆知也”，亲率宫人迎战司马昭。弑帝后的司马昭掌握实权，立曹奂为魏元帝后成功灭蜀。\n^【演】^在《三国演义》中，司马昭随司马懿、司马师共同参与讨伐孟达、防守诸葛亮北伐、火烧上方谷等事件。因为觉得曹髦不甘成为傀儡，司马昭担心不早处理会生变故，故授意贾充将其杀害。,211-265,子上,,移天换日无愧色#三代群策筹晋图,10070201,"6,2",,,晋,五星
100703,100703,35,2,3,6900,8900,8800,4200,1500,101,198,212,86,131,200985,0,0,0,0,0,0,0,110197,0,100703,0,0,0,0,0,0,0,0,6,4,0,0,0,1,0,0,0,0,"2,12,32",,司马炎,,@【史】@司马懿之孙，司马昭与王元姬的嫡长子，晋朝开国皇帝，成功统一三国，谥号武皇帝。\n最初以父勋入仕，封为北平亭侯。后担任中抚军，封新昌乡侯，又拜为抚军大将军、晋世子。后来逼迫魏元帝曹奂禅让，即位为帝，定国号为晋，史称西晋。即位之后，司马炎推行无为而治的宽容政治方略，使饱受战乱以及曹魏苛政的百姓得以休养生息，社会得以繁荣发展，史称“太康之治”。\n^【演】^在《三国演义》中，司马炎继承父亲司马昭的政治遗产后逼迫曹奂禅位，并发兵讨吴，一统三国，其余事迹与正史相似。,236-290,安世,,太康盛世同天下#兄弟阋墙埋祸根,10070301,6,,,晋,五星
100704,100704,35,3,3,10500,8500,2500,9900,300,248,205,38,200,27,200986,0,0,0,0,0,0,0,110198,0,100704,0,0,0,0,20049,1,0,0,6,4,0,0,0,1,0,0,0,0,"3,23,43",,文鸯,,@【史】@本名文俶，小名阿鸯，以文鸯之名流传于世。文钦之子，文虎之兄，是魏晋时期的名将。\n文鸯武艺非凡，在司马师行废立之事后，随父亲文钦与毌丘俭一同在淮南起兵反叛司马氏。曾以少量兵力冲击司马师大营，引发司马师病情加重，间接加速了司马师死亡。\n兵败后逃往吴国，随父亲文钦率军支援诸葛诞的反叛。因诸葛诞杀害文钦，文鸯与文虎重新归顺司马昭。\n西晋时期，任平虏护军，曾督凉秦雍三州军事，大破鲜卑首领秃发树机能，名闻天下。\n后迁东夷校尉，假节，上任前被晋武帝司马炎借口免官。又因诸葛诞外孙东安公司马繇诬陷文鸯谋反，被夷三族，年仅五十四岁。\n^【演】^在《三国演义》中，文鸯本名为文淑。文鸯在毌丘俭、文钦叛乱和诸葛诞叛乱中登场，具体事迹与正史相似。,238-291,次骞,,独退雄兵胆气高#摧锋陷阵显英豪,10070401,"1,4",,,晋,五星
100705,100705,35,1,3,8400,8600,9500,5000,600,155,158,229,92,53,200987,0,0,0,0,0,0,0,110199,0,100705,0,0,0,0,0,0,0,0,6,4,0,0,0,1,0,0,0,0,"1,11,21",,杜预,,@【史】@三国魏晋时期军事家、经学家、律学家。\n曹魏尚书仆射杜畿之孙、散骑常侍杜恕之子，因杜恕与司马懿不和，故而杜预久未得用。司马昭掌权期间，娶高陆公主，拜尚书郎，袭祖爵丰乐亭侯。\n后转参相府军事，历任镇西长史、河南尹、安西军司、秦州刺史、东羌校尉、轻车将军等职，假节，之后又担任度支尚书。\n积极支持司马炎的灭吴战略，羊祜去世前推荐杜预接替，于是杜预又担任镇南大将军、都督荆州诸军事，是灭吴之战的统帅之一，以功封当阳县侯。又任司隶校尉，加位特进，卒于任上。\n杜预博学多才，与贾充一起修《晋律》，并进行注解；所撰《春秋左氏经传集解》流传至今；兴修水利，勤于讲武，被称为“杜父”。又因精通多才，被誉为“杜武库”。同时也因最喜欢左传，自称“左传癖”。\n是明朝之前唯一一位同时进入文庙和武庙之人。\n^【演】^在《三国演义》中，杜预登场于最后一回，受羊祜病危之时的举荐，担任镇南大将军参与伐吴，击败孙歆、陆景、伍延，并上表司马炎劝其继续进军，使司马炎下定决心，下令征进。最终吴主孙皓投降，三分归一统。,222-285,元凯,,后世无叛由杜翁#孰识智名与勇功,10070501,"1,2",,,晋,五星
100706,100706,25,1,3,6900,6700,8900,6600,1100,84,103,165,91,112,200988,0,0,0,0,0,0,0,210063,0,100706,0,0,0,0,0,0,0,0,6,4,1,0,0,1,0,0,0,0,"1,11,31",,王元姬,,@【史】@文明王皇后，讳元姬。西晋时期皇后，是曹魏司徒王朗的孙女、中领军王肃的女儿。\n嫁给洛阳中郎将司马昭，生下司马炎与司马攸。其人颇有远见，预言钟会谋反之事。\n晋武帝司马炎即位后，尊为皇太后，居住于崇化宫。身处太后之位，提倡节俭，身体力行，作为后宫表率。\n泰始四年（268年），王元姬崩逝，终年五十二岁，谥号文明，与晋文帝司马昭合葬于崇阳陵。\n^【演】^在《三国演义》中，王元姬仅作为为王肃之女、司马昭之妻、司马炎和司马攸之母出场一次，没有任何事迹。,217-268,,,谧静明行兴晋道#俭嘉忧民结赤心,10070601,"6,5",,,晋,五星
100707,100707,30,2,2,8800,8400,8500,5200,1500,162,155,157,78,135,200989,0,0,0,0,0,0,0,110200,0,100707,0,0,0,0,0,0,0,0,6,4,0,0,0,1,0,0,0,0,"2,12,22",,卫瓘,,@【史】@魏晋时期重臣、书法家。早年担任曹魏尚书郎，历任散骑常侍、侍中、廷尉。在魏灭蜀之战中，以镇西军司的身份，持节监军，蜀汉灭亡后，受命逮捕邓艾，之后平定钟会、姜维的叛乱，并命令田续杀害邓艾父子，因此被名将杜预批评。以功封镇东将军，都督徐州诸军事，封菑阳侯。西晋时期，进爵为公，累迁征东将军、征东大将军、征北大将军，历任青州刺史、青州牧、幽州刺史，在青州、幽州颇有建树。后徵拜尚书令，加侍中，历任司空、太子少傅、太保，录尚书事，在朝堂有巨大影响力。在贾南风发动的政变中，不肯对抗矫诏的楚王司马玮，满门遇害。卫瓘擅长草书，与索靖并称「一台二妙」，书法影响极为深远。\n^【演】^在《三国演义》中，卫瓘生平与正史相似，在魏灭蜀之战中以监军身份登场，劝阻钟会斩杀诸葛绪，然后奉司马昭之命，逮捕邓艾，随后在钟会叛乱时，率领众将击败钟会、姜维，并因为害怕邓艾报复，派遣田续谋害了邓艾父子，之后留守成都，再未出场。,220-291,伯玉,,托醉直言惜龙座#就戮曲心留忠名,10070701,6,,,晋,五星
100708,100708,25,2,3,4300,8100,9700,3800,1600,59,150,210,59,117,200990,0,0,0,4,0,0,0,414015,0,100708,0,0,0,0,20049,0,1,1766977200,6,4,0,0,0,1,0,0,0,0,"2,12,32",,贾充,,@【史】@三国魏晋时期重臣，贾逵晚年之子，西晋开国功臣。参与平定毌丘俭、文钦叛乱，并献计平定诸葛诞叛乱。在魏帝曹髦进攻司马昭之时，指使太子舍人成济当众杀害曹髦。晋朝时，累迁车骑将军、散骑常侍、尚书仆射、司空、太尉，被封为鲁郡公。两个女儿分别嫁给司马攸与司马衷，深受司马氏信任。在平吴之战担任大都督、假黄钺。负责晋国法律的制定，卓有成效。死后追赠太宰，礼官建议谥号为荒，被司马炎否定后，重新建议谥号为武。\n^【演】^在《三国演义》中，贾充生平与正史相似，试探诸葛诞并献计平定诸葛诞叛乱，而且更加明目张胆的下令让成济杀害曹髦，还因此被投降的吴主孙皓出言讥讽。,217-282,公闾,,未必有愧前朝事#能把宫门做龙门,10070801,"5,2",,,晋,五星
100709,100709,30,2,2,5100,8500,8100,3500,1800,103,186,201,65,143,200991,0,0,0,4,0,0,0,214064,0,100709,0,0,0,0,20049,1,1,1766977200,6,4,0,0,0,1,0,0,0,0,"2,12,22",,羊祜,,@【史】@泰山名门羊氏之后，早年在曹魏政权中担任中书郎等职。高平陵事变前，曾拒绝曹爽的征辟，进而避免卷入政变之中。\n晋代魏之后，出任车骑将军，都督荆州军事，与东吴名将陆抗对峙荆州。在西陵之战中，被陆抗绝其粮道，败于陆抗。战败后，羊祜认识到平吴不宜操之过急，于是采用怀柔以及逐步蚕食的策略。在荆州任职期间，屯田兴学，以德怀柔，深得晋吴边境军民之心，其与陆抗交好的事迹被后世称为“羊陆之交”。\n羊祜去世时，向晋武帝献计伐吴，并推荐杜预作为接班人，晋武帝依其计策灭吴，完成一统。\n^【演】^在《三国演义》中，羊祜生平与正史相似。在前线都督时提倡信义，并与东吴将领陆抗彼此交好。年老以病辞归后，向晋主司马炎献上灭吴之策，并推荐了杜预。司马炎依计完成了平吴大业，一统三国。,221-278,叔子,,谋局韬光堪十年#遗策平吴一载间,10070901,"3,2",,,晋,五星
100710,100710,25,2,2,5600,8300,8400,3600,2000,54,100,143,44,114,200997,0,0,0,0,0,0,0,110201,0,0,0,0,0,0,0,0,0,0,2,3,0,0,0,1,0,0,0,0,"2,12,22",,嵇康,,@【史】@“竹林七贤”之一，三国时期著名文学家、思想家、音乐家，官至中散大夫。嵇康激烈地抨击世俗规范，主张顺应自然，保全天性，积极推广服食养生理论，在当时具有极高的声望与影响力，后因司马昭忌惮其言论会影响到司马氏政权，于吕安案中被处死。嵇康死后，其思想主张在东晋与南朝备受推崇，成为了魏晋玄学的重要构成理论。嵇康著有《嵇康集》、《养生论》、《声无哀乐论》等，其作曲《广陵散》，给后人留下了广陵绝响的典故。,223-263,叔夜,,,10071001,"5,6",,,魏,四星
100711,100711,25,2,2,3400,6600,8000,3900,2300,33,63,136,52,149,200998,0,0,0,0,0,0,0,210065,0,0,0,0,0,0,0,0,0,0,6,3,0,0,0,1,0,0,0,0,"2,12,22",,刘伶,,@【史】@魏晋名士，“竹林七贤”之一。沛国人，淡泊名利，沉默寡言，嗜酒。曾担任建威参军。泰始初年，因无为而治的对策而被朝中视为无用，因此遭到罢免。豁达机敏，曾著有《酒德颂》。后寿终正寝。,?-300,伯伦,,,10071101,6,,,晋,四星
100712,100712,25,2,2,6700,8000,8200,3700,2100,64,106,139,54,120,200999,0,0,0,0,0,0,0,110202,0,0,0,0,0,0,0,0,0,0,2,3,0,0,0,1,0,0,0,0,"2,12,22",,阮籍,,@【史】@三国时期著名诗人。博览群书，精通音律，任性不羁，崇奉老庄之学。不拘礼教，时人多有非议。又与嵇康、山涛等七人为友，世称“竹林七贤”。阮籍志向高远，然囿于乱朝，常恐罹谤遇祸，故而不问世事。曾多次以病辞官，更示人以狂放酣醉之状，司马昭称其“至慎”。景元四年魏帝曹奂下诏加封司马昭，阮籍执笔作劝进表，言辞清丽，时人重之。同年冬卒，时年五十四。,210-263,嗣宗,,,10071201,"2,5",,,魏,四星
100713,100713,25,1,3,6500,7500,8300,4000,1100,81,93,138,50,63,201000,0,0,0,0,0,0,0,110203,0,0,0,0,0,0,0,0,0,0,6,3,0,0,0,1,0,0,0,0,"1,11,21",,山涛,,@【史】@魏晋时期大臣，“竹林七贤”之一。幼年丧父，生活困苦。四十岁时，才担任郡主簿、功曹、上计掾。曾判断司马懿称病必有用意，便弃官而去，未到两年司马懿果然发动了高平陵之变。曾向司马昭谏言：“废长立少，违礼不祥。国之安危，恒必由之。”于是司马昭才定下司马炎为世子，司马炎亦因此亲自拜谢山涛。历任太子少傅、散骑常侍、侍中、光禄大夫等职，官至司徒。\n^【演】^在《三国演义》中，山涛仅登场一次，以“废长立幼，违礼不祥”为理由，劝阻司马昭想要立司马攸为继承人的想法。,205-283,巨源,,,10071301,6,,,晋,四星
100714,100714,20,2,2,2300,7100,8100,2800,1500,48,91,125,29,80,201001,0,0,0,0,0,0,0,210066,0,0,0,0,0,0,0,0,0,0,6,3,0,0,0,1,0,0,0,0,"2,12,22",,向秀,,@【史】@“竹林七贤”之一，官至散骑常侍。主张本体论玄学，万物自生、自化的崇有论哲学观。原本隐居山阳，在嵇康、吕安去世后应召前往洛阳任官，但是在朝期间向秀只做官不做事，消极无为。著有《思旧赋》、《难嵇叔夜养生论》。,227-272,子期,,,10071401,6,,,晋,四星
100715,100715,25,2,2,4200,7100,8000,3000,1900,46,88,133,33,125,201002,0,0,0,0,0,0,0,210067,0,0,0,0,0,0,0,0,0,0,6,3,0,0,0,1,0,0,0,0,"2,12,22",,阮咸,,@【史】@阮籍之侄，“竹林七贤”之一，官至始平太守，为人不拘常规，妙解音律，时人称之为“神解”，传说弦乐器“阮”便是阮咸改造发明的。阮咸嗜酒，曾留下与猪群共饮的轶事。阮咸最终以寿终，无著作传世。,?,仲容,,,10071501,"5,6",,,晋,四星
100716,100716,25,3,2,8000,8200,8600,8200,400,96,98,143,98,33,201003,0,0,0,0,0,0,0,110204,0,0,0,0,0,0,0,0,0,0,6,3,0,0,0,1,0,0,0,0,"3,13,23",,王戎,,@【史】@魏晋名士，幽州刺史王雄之孙、凉州刺史王浑之子。与阮籍交好，“竹林七贤”之一。承袭父爵贞陵亭侯，被司马昭辟为掾属。钟会曾向王戎询问伐蜀的计谋，王戎言：“非成功难，保之难也。”次年钟会果然叛乱被杀。历任散骑常侍、河东太守、荆州刺史，后迁为豫州刺史，加封建威将军，受诏伐吴，进攻武昌，因功进封安丰侯。官至司徒。\n^【演】^在《三国演义》中，王戎登场时为建威将军，伐吴之战中负责武昌地区的作战。,234-305,濬沖,,,10071601,5,,,晋,四星
100717,100717,25,1,2,4800,5700,8700,4800,1100,60,79,145,60,73,201004,0,0,0,0,0,0,0,210068,0,0,0,0,0,0,0,0,0,0,6,3,0,0,0,1,0,0,0,0,"1,11,21",,司马攸,,@【史】@小字桃符，司马炎的胞弟，司马昭的次子，后过继给司马师。司马攸聪慧温和，颇具人望，备受司马懿器重。司马炎立晋后，司马攸受封为齐王，并广施恩信，深得民心。东吴既平，司马炎健康恶化，而子嗣暗弱，朝中欲推司马攸继位之声愈烈。司马炎得知后，以正太子名位为由逼迫司马攸回到自己的封国，司马攸要求留守生母王元姬之墓，但不被允许，因此愤恨引疾，抱病辞行，最终吐血而亡，谥号“献”。\n^【演】^在《三国演义》中，司马攸是司马昭次子，性情温和，因司马师无子而过继给司马师。司马昭认为天下应该是司马师的，想要立司马攸为世子，后因群臣反对而作罢。,246-283,大猷,,,10071701,6,,,晋,四星
100718,100718,25,1,3,9200,7400,2800,5600,1000,153,102,27,54,66,201005,0,0,0,0,0,0,0,110205,0,0,0,0,0,0,0,0,0,0,6,3,0,0,0,1,0,0,0,0,"1,11,21",,文虎,,@【史】@魏晋时期将领，文钦之子，文鸯之弟。与父兄一起，同毌丘俭起兵勤王，兵败后逃往吴国。又参与诸葛诞反抗司马氏的叛乱，因文钦被诸葛诞杀害，与文鸯一起重新归顺司马昭，被封为将军。\n^【演】^在《三国演义》中，文虎和正史的形象大体一致，在诸葛诞起兵时登场，诸葛诞杀害文钦后，投降司马昭。,?-291,,,,10071801,"1,6",,,晋,四星
100719,100719,25,3,2,8300,8200,6000,8800,400,103,97,53,111,23,200245,0,0,0,0,0,0,1686711600,110220,0,0,0,0,0,0,0,0,0,0,2,3,0,0,0,1,0,0,0,0,"3,13,23",,曹爽,,@【史】@曹魏重臣，曹真之子。先后担任散骑常侍、武卫将军，后承袭父爵邵陵侯。太和五年，曹叡病危时以曹爽和司马懿为托孤大臣，拜大将军，假节钺，都督中外诸军事，录尚书事。曹芳即位后加侍中，封武安侯，权倾四海。正始年间，曹爽削去司马懿军权，并任用私人，专权乱政，出兵伐蜀空耗国力，又软禁郭太后，肆无忌惮，纵容党羽亲信，招致诸臣不满。正始十年，司马懿发动高平陵之变，曹爽认罪投降，后被司马懿诛灭三族。\n^【演】^在《三国演义》中，曹爽的生平基本与史实一致，骄奢淫逸，多有僭越之举，最终被司马懿诛灭三族。,?-249,,,,10071901,1,,,魏,四星
100720,100720,100,3,3,800,800,800,800,800,8,8,8,8,8,200184,0,0,0,0,0,0,0,0,0,0,0,0,0,0,0,0,0,0,5,4,0,0,0,0,0,0,1,0,3,,长风破浪,,点兵连城人杰众，袍泽相聚家族。\n山河壮阔战略图。\n高莽眇无界，夏木独森疏。\n\n甲子狼烟兵戈起，重鼓士气如初。\n沙场百战大丈夫。 \n长风何所惧，破浪踏征途。,2022,,,,0,,,,群,五星
100721,100721,25,2,1,8200,5200,2200,2100,1500,78,50,21,20,86,200110,0,0,0,0,0,0,0,0,0,0,0,0,0,0,0,0,0,0,6,2,0,0,0,1,0,0,0,0,"2,32",,成济,,@【史】@司马家族的部下，担任太子舍人。在甘露五年曹髦讨伐司马昭的政变中，受到贾充指使，当街刺杀天子曹髦。后被司马昭归罪，夷三族。\n^【演】^在《三国演义》中，成济的事迹与正史大体一致，受贾充指使而杀害曹髦，后被灭三族。,?-260,,,,10072101,,,,晋,三星
100722,100722,15,1,4,3100,6600,8500,4800,1200,26,55,71,40,60,200123,0,0,0,0,0,0,0,0,0,0,0,0,0,0,0,0,0,0,6,2,0,0,0,1,0,0,0,0,"1,21",,冯紞,,@【史】@西晋宠臣，博览群书，能言善辩。曾历任魏郡太守、步兵校尉、越骑校尉、左卫将军。善于逢迎媚上，得到晋武帝宠信。与贾充、荀勖结为朋党。曾上书建议晋武帝遣返齐王司马攸回封地，间接导致司马攸病重去世。后先后担任汝南太守、御史中丞、侍中。晋武帝早期谋划伐吴时，曾和贾充、荀勖大力反对。临终时被封为散骑常侍。\n^【演】^在《三国演义》中，羊祜上表建议伐吴时，贾充、荀勖、冯紞三人力劝不可，于是此次伐吴未能成行。,?-286,少胄,,,10072201,,,,晋,三星
100723,100723,20,3,2,8500,4800,3400,8800,300,75,43,30,78,16,200108,0,0,0,0,0,0,0,0,0,0,0,0,0,0,0,0,0,0,6,2,0,0,0,1,0,0,0,0,"3,23",,田续,,@【史】@魏晋时期将领，议郎田畴的从孙。以镇西护军的身份参与伐蜀之战。曾违抗邓艾军令，险被斩杀。后邓艾受诬被囚，押往洛阳，监军卫瓘平定钟会叛乱后，派遣田续追讨邓艾，最终在绵竹斩杀邓艾邓忠父子。\n^【演】^在《三国演义》中，田续生平与正史大体一致，在邓艾偷渡阴平、将要进攻涪城时，田续建议邓艾，士卒疲惫需要休养，险些被邓艾以惑乱军心为由斩杀。后卫瓘平定钟会叛乱，田续主动请求并率兵追上邓艾父子，将其杀害。,?,,,,10072301,,,,晋,三星
100724,100724,15,1,3,1200,8300,7900,7000,1000,10,69,66,58,50,200128,0,0,0,0,0,0,0,0,0,0,0,0,0,0,0,0,0,0,6,2,0,0,0,1,0,0,0,0,"1,11",,王业,,@【史】@魏晋时期官员。曹髦时期，担任散骑常侍。曹髦讨伐司马昭时，与王沈共同告密，使司马昭有所防备。晋朝时期先后担任中护军、尚书左仆射。\n^【演】^在《三国演义》中，王业的事迹与正史大体一致，在曹髦讨伐司马昭的政变过程中，为避免灭族之祸，向司马昭告密。,?,,,,10072401,,,,晋,三星
100725,100725,20,3,2,5500,4200,4500,8500,600,46,35,38,71,30,200156,0,0,0,0,0,0,0,0,0,0,0,0,0,0,0,0,0,0,6,1,0,0,0,1,0,0,0,0,3,,武官,,晋军骑兵将领。,?,,,,10072501,,,,晋,二星
100726,100726,20,2,3,5100,5300,3700,3300,1800,43,45,31,28,90,200141,0,0,0,0,0,0,0,0,0,0,0,0,0,0,0,0,0,0,6,1,0,0,0,1,0,0,0,0,2,,武官,,晋军步兵将领。,?,,,,10072601,,,,晋,二星
100727,100727,20,1,4,5600,3800,4800,4500,1200,47,32,40,38,60,200161,0,0,0,0,0,0,0,0,0,0,0,0,0,0,0,0,0,0,6,1,0,0,0,1,0,0,0,0,1,,武官,,晋军弓兵将领。,?,,,,10072701,,,,晋,二星
100728,100728,15,3,1,4500,3200,3600,8000,500,34,24,27,59,23,200175,0,0,0,0,0,0,0,0,0,0,0,0,0,0,0,0,0,0,6,0,0,0,0,1,0,0,0,0,3,,军士,,晋军普通骑兵。,?,,,,10072801,,,,晋,一星
100729,100729,15,2,1,4200,4000,3000,2800,1600,31,30,23,21,71,200176,0,0,0,0,0,0,0,0,0,0,0,0,0,0,0,0,0,0,6,0,0,0,0,1,0,0,0,0,2,,军士,,晋军普通步兵。,?,,,,10072901,,,,晋,一星
100730,100730,15,1,3,4700,2800,4000,4000,1000,35,21,30,30,45,200177,0,0,0,0,0,0,0,0,0,0,0,0,0,0,0,0,0,0,6,0,0,0,0,1,0,0,0,0,1,,军士,,晋军普通弓兵。,?,,,,10073001,,,,晋,一星
100731,100731,30,1,3,8500,8700,9100,5500,1100,124,140,201,72,66,200846,100591,100591,0,0,0,0,0,210018,0,100591,0,0,0,0,0,0,0,0,6,4,0,0,0,0,0,1,0,0,"1,21,32",,钟会,,@【史】@魏晋时期重要的策臣与谋士、制定伐蜀计划并参与灭蜀之战的智将。自幼才华横溢，上至皇帝、下至群臣都对他非常赏识。在征讨毌丘俭、诸葛诞期间，钟会屡出奇谋。被人比作西汉谋士张良，又曾为司马昭献策阻止了曹髦的夺权企图，钟会得以成为司马氏的亲信。\n景元年间，钟会独力支持司马昭的伐蜀计划，从而发动伐蜀之战。灭蜀后，钟会大力结交西蜀名士，打击邓艾等人，打算自立政权，但由于手下官兵不支持钟会的行动而发动兵变，钟会与姜维等人皆死于兵乱之中。\n^【演】^在《三国演义》中，钟会少有异才，受众人赏识，夏侯霸降蜀后预言其终究成为吴蜀之大患。毌丘俭叛乱后，钟会说服司马师亲征。司马师病死后，钟会又帮助司马昭保住兵权。诸葛诞叛乱期间，钟会多次献策助司马昭平叛。\n伐蜀期间，钟会为严军法，处死名将许禇的儿子许仪，又攻下阳安关，因为在阳安城中受诸葛亮托梦，于是对百姓秋毫无犯，但在追击姜维时与邓艾交恶。灭蜀后，钟会打压邓艾，又准备与姜维策划谋反，但事情败露，被士兵乱箭射死。,225-264,士季,,子房智勇裁如此#不悟诛秦灭项人,10059101,"2,1",,,晋,五星
100732,100732,100,3,3,800,800,800,800,800,8,8,8,8,8,200184,0,0,0,0,0,0,0,0,0,0,0,0,0,0,0,0,0,0,5,4,0,0,0,0,0,0,0,0,3,,名将,,名将,2022,,,,0,,,,群,五星
100733,100733,200,41,3,0,0,0,0,0,0,0,0,0,0,200184,0,0,0,0,0,0,0,0,0,0,0,0,0,0,0,0,0,0,5,3,0,1,1,0,0,0,0,0,"1,41",3,连弩兵,,使用精工制造、可连续射击的弩弓的士兵,?,,,,0,,,,群,四星
100734,100734,200,61,3,0,0,0,0,0,0,0,0,0,0,200184,0,0,0,0,0,0,0,0,0,0,0,0,0,0,0,0,0,0,5,3,0,1,1,0,0,0,0,0,"1,61",3,无当飞军,,身披铁甲、善于使用弓弩和毒箭的特种士兵,?,,,,0,,,,群,四星
100736,100736,200,92,3,0,0,0,0,0,0,0,0,0,0,200184,0,0,0,0,0,0,0,0,0,0,0,0,0,0,0,0,0,0,5,3,0,1,1,0,0,0,0,0,"2,92",3,大戟士,,配备着大戟和重甲的精锐部队,?,,,,0,,,,群,四星
100737,100737,200,102,3,0,0,0,0,0,0,0,0,0,0,200184,0,0,0,0,0,0,0,0,0,0,0,0,0,0,0,0,0,0,5,3,0,1,1,0,0,0,0,0,"2,102",3,白毦兵,,由丹阳兵组成的精锐，头上有白旄牛尾装饰,?,,,,0,,,,群,四星
100739,100739,200,103,3,0,0,0,0,0,0,0,0,0,0,200184,0,0,0,0,0,0,0,0,0,0,0,0,0,0,0,0,0,0,5,3,0,1,1,0,0,0,0,0,"3,103",3,虎豹骑,,由曹纯率领的骑兵部队，皆天下骁锐,?,,,,0,,,,群,四星
100740,100740,200,93,3,0,0,0,0,0,0,0,0,0,0,200184,0,0,0,0,0,0,0,0,0,0,0,0,0,0,0,0,0,0,5,3,0,1,1,0,0,0,0,0,"3,93",3,白马义从,,公孙瓒组建的一支轻骑部队，以擅长骑射闻名,?,,,,0,,,,群,四星
100741,100741,30,2,2,7800,9100,9000,4200,1800,103,176,209,53,170,201006,0,0,0,0,0,0,1674525600,210073,0,100741,0,0,0,0,0,0,0,0,4,4,0,0,0,1,0,0,0,0,"2,12,22",,鲁肃,,@【史】@东吴名臣，战略家、外交家。仗义疏财，性格豪爽，曾慷慨将一囷粮食送给周瑜，并与之结为好友。后投奔孙权，为其提出鼎足江东的战略规划，因此得到孙权的赏识。建安十三年，曹操率大军南下。孙权部下多主降，而鲁肃与周瑜力排众议，坚决主战。鲁肃主张联合刘备共同抗曹，并与刘备成功结为盟友。在赤壁之战中，孙刘联军大破曹军，三国鼎立之势已成。在刘备请求都督荆州时，鲁肃力主分荆州土地给刘备，曹操得知后惊讶的把笔掉在了地上。周瑜死后，鲁肃接任并统领其兵马。后孙刘联盟多次摩擦，鲁肃从中周旋，与关羽各自单刀赴会，毫无惧色，争论荆州归属。在湘水划界后，继续维持孙刘联盟。\n^【演】^在《三国演义》中，鲁肃是以一个老实人的形象出现，孙权继位后为周瑜推荐，仕于孙权，为孙权谋划战略，深受器重。赤壁之战时，鲁肃力主抗曹，出使联合刘备，并协助诸葛亮、周瑜说服孙权。鲁肃为人忠厚老实，不忍周瑜陷害诸葛亮，多次协助诸葛亮脱险。赤壁战后，鲁肃在诸葛亮的设计下，成为保人，将荆州“借”予刘备，此后多次讨要不成，处于两难的境地。周瑜去世后，鲁肃代周瑜成为水军都督。,172-217,子敬,,将相江东美，英风压上流#鲁公最忠烈，慷慨借荆州,10074101,6,,,吴,五星
100742,100742,25,1,3,5000,7400,8300,4400,900,73,139,148,66,68,201007,0,0,0,0,0,0,1674270000,310051,0,100742,0,0,0,0,0,0,0,0,1,4,1,0,0,1,0,0,0,0,"1,11,32",,阴丽华,,@【史】@汉光武帝刘秀的原配妻子，东汉第二任皇后。南阳新野人，以美貌知名，刘秀对其一见钟情，曾叹曰：“娶妻当得阴丽华”。更始元年（公元23年）6月，刘秀在宛城迎娶阴丽华。\n刘秀称帝后，封阴丽华为贵人。因为阴丽华雅性宽仁，想要立其为皇后。阴丽华以另一名贵人郭圣通有子为由，坚决推辞，最终郭氏成为皇后，一定程度上稳定了朝中局势。\n建武十七年（公元41年），刘秀废除郭皇后，立阴丽华为皇后。永平七年（公元64年）去世，与刘秀合葬于原陵，共在位二十四年，谥曰“光烈”。,5-64,,,仕宦当作执金吾#娶妻当得阴丽华,10074201,6,,,汉,五星
100743,100743,100,2,3,800,800,800,800,800,8,8,8,8,8,200184,0,0,0,0,0,0,0,0,0,0,0,0,0,0,0,0,0,0,1,4,1,0,0,0,0,0,1,0,2,,新春侍女,,玉兔机灵承虎气，金乌活跃显狮威\n癸卯新春，月离与主公携手舞狮，为天下百姓送福，愿民泰国安，四海太平！\n月离本是象人之后，自幼习艺，受战火影响颠沛流离，后于癸卯春节舞狮中与主公相识，在主公邀请下随于左右。,2023,,,,10074301,,,,汉,五星
100744,100744,25,2,1,3900,3700,5700,3100,1700,26,25,40,21,69,200670,0,100280,0,0,0,0,0,0,0,0,0,0,0,0,0,0,0,0,1,2,0,0,0,1,0,0,0,0,"2,22",,王子服,,@【史】@东汉末年越骑校尉、偏将军。建安五年，服与董承、长水校尉种辑、议郎吴硕受衣带诏共谋曹操。后事发，为操所诛。\n^【演】^在《三国演义》中，他与董承、长水校尉种辑、议郎吴硕受衣带诏共谋曹操。后事发，为操所诛。,?,,,,10028001,,,,汉,三星
100745,100745,25,1,2,7300,6100,4600,4600,900,50,42,31,31,40,200189,0,100283,0,0,0,0,0,0,0,0,0,0,0,0,0,0,0,0,1,2,0,0,0,1,0,0,0,0,"1,11",,曹豹,,@【史】@初为陶谦部下，后仕刘备。刘备领徐州牧后，与袁术战于淮阴石亭，曹豹与张飞守下邳。豹反刘备，间迎吕布，致使吕布得以自称徐州刺史。\n^【演】^在《三国演义》中，吕布为曹豹的女婿。刘备讨袁术，留张飞守徐州，飞设宴请各官赴席。把酒至曹豹面前，豹只饮一杯，飞并怒其为吕布丈人，鞭豹至五十。豹深恨飞，阴与布谋，引布夺徐州。,?-196,,,,10028301,,,,汉,三星
100746,100746,25,2,1,5000,4800,7500,2300,1600,35,33,51,17,64,200186,0,100284,0,0,0,0,0,0,0,0,0,0,0,0,0,0,0,0,1,2,0,0,0,1,0,0,0,0,"2,12",,郑泰,,@【史】@东汉末官吏。郑泰年轻时已有才略，喜欢结交豪杰。后来郑泰获举孝廉，由三府辟命并由公车征召，但郑泰不应命。汉灵帝死后，汉少帝刘辩继位，并由大将军何进辅政，何进任命郑泰为尚书侍郎，迁待御史。同时何进密谋诛除宦官，打算召凉州牧董卓入京协助。由于何进不听郑泰的劝阻，郑泰弃官而去。后来郑泰与荀攸和何颙等合谋诛灭董卓，但秘密泄漏，郑泰从武关逃离长安，投奔后将军袁术，袁术则上表郑泰为扬州刺史。郑泰于上任的路上去世，享年四十一岁。\n^【演】^在《三国演义》中，郑泰生平与正史大体相当。,?,公业,,,10028401,,,,汉,三星
100747,100747,25,3,1,6100,5800,8100,9600,1300,42,40,56,67,50,200138,0,100288,0,0,0,0,0,0,0,0,0,0,0,0,0,0,0,0,1,2,0,0,0,1,0,0,0,0,"3,23",,杨彪,,@【史】@东汉末年名臣，太尉杨赐之子、名士杨修之父，出身东汉名门“弘农杨氏”。汉献帝时，杨彪历官三公（司空、司徒、太尉）。权臣董卓意图迁都时，他据理力争。献帝东迁时，杨彪尽节护主。曹操挟献帝定都许县后，将杨彪下狱，获释后又任太常。他见汉室衰微，便诈称脚疾，不理世事。曹魏建立后，拒绝出任太尉，改光禄大夫，待以客礼。黄初六年（225年），杨彪逝世，年八十四。其著作现仅存《答曹公书》一篇。\n^【演】^在《三国演义》中，杨彪为东汉太尉，与司徒王允等共同迎接失散的少帝和陈留王，后为司徒，与太尉黄琬共谏欲迁都的董卓，遭罢免，废为庶人。后任太尉，献计于献帝以离间李傕、郭汜二人。二人交战时，奉命同众官诣郭汜营中劝和，为郭汜所监，杨彪怒斥郭汜，郭汜恼怒，欲害之，中郎将杨密力劝，郭汜才放了杨彪与大司农朱儁，二人出营相抱而哭，昏绝于地。\n又建议东迁中的献帝依靠曹操，因与袁术为姻亲，被曹操诬陷下狱，经孔融力争才得以幸免。,142-225,文先,,,10028801,,,,汉,三星
100748,100748,25,1,4,7000,4100,4700,4700,1000,52,31,36,36,50,200195,0,100229,0,0,0,0,0,0,0,0,0,0,0,0,0,0,0,0,2,2,0,0,0,1,0,0,0,0,"1,11",,朱灵,,@【史】@三国时期曹魏名将。官至后将军，封为高唐侯，谥号威侯。初为袁绍部将，后归顺曹操，随曹操征伐四方，屡建战功。\n^【演】^在《三国演义》中，朱灵于第二十一回登场。其时刘备与曹操同在朝中，刘备深感掣肘，欲求脱计。适时袁术以淮南甚乱，欲北投族兄袁绍。刘备以其必从徐州过，向曹操请兵击之。曹操准其议，就遣朱灵、路昭与刘备同行，并以朱、路二人监督刘备。大军到徐州，大败袁术，不久袁术败逃病死。\n刘备便驻徐州，使朱、路二人回许都。曹操大怒，欲斩朱、路二人，荀彧告免。朱灵后又从征马超、韩遂，与徐晃夜渡蒲阪津，据河西为营，为大破关西军立下功劳。,?,文博,,,10022901,,,,魏,三星
100749,100749,25,3,1,8600,7200,4100,9500,300,65,55,31,71,18,200178,0,100230,0,0,0,0,0,0,0,0,0,0,0,0,0,0,0,0,2,2,0,0,0,1,0,0,0,0,"3,23",,牛金,,@【史】@初为曹仁部曲将，周瑜军数万人来攻，前锋数千人始至，曹仁遣牛金迎战。但对方兵力较多，牛金遂被围困。曹仁亲自攻入阵中救出牛金。司马懿使牛金轻骑饵诱蜀军，刚交战诸葛亮就退兵，追至祁山。蜀将马岱入寇，司马懿遣将军牛金击退，斩千余级。公孙渊反，司马懿率牛金、胡遵等步骑四万发自洛阳，后平定辽东。牛金官至后将军。\n^【演】^曹仁麾下骁将，与东吴交战时，将甘宁困于夷陵城，却被周瑜所救。之后，牛金欲夜袭周瑜营寨，但被周瑜识破，大败。,?,,,,10023001,,,,魏,三星
100750,100750,20,1,3,6700,7500,8100,5100,1000,49,54,58,38,46,200197,0,100223,0,0,0,0,0,0,0,0,0,0,0,0,0,0,0,0,4,2,0,0,0,1,0,0,0,0,"1,11",,孙静,,@【史】@东汉末年长沙太守孙坚之弟，孙策、孙权之叔。孙坚初起义军时，孙静集合乡里及宗族子弟五六百人作为孙坚的基础队伍。孙静献计助孙策击败钱塘太守王朗，平定会稽。孙策上表任命孙静为奋武校尉，打算委以重任。但孙静留念故乡，不愿出外为官。建安四年（200年），孙权执掌大事，就地升任孙静为昭义中郎将。孙静后终老故乡。\n^【演】^在《三国演义》中，孙策进攻会稽，派人请孙静，孙静带家属与孙策在钱塘会面。孙静献计助孙策击败钱塘太守王朗，平定会稽。孙策死后，张昭安排孙静处理丧事。孙权统领时期，指派孙静驻守吴会。,?,幼台,,,10022301,,,,吴,三星
100751,100751,25,1,4,7800,7900,7200,6100,1400,58,60,55,46,60,200101,0,100240,0,0,0,0,0,0,0,0,0,0,0,0,0,0,0,0,4,2,0,0,0,1,0,0,0,0,"1,11",,吕范,,@【史】@东吴重臣。吕范年轻为汝南县吏，后避难寿春，结识孙策。随孙策、孙权征伐四方，对稳定江东做出了杰出的贡献，孙权将其比之于吴汉。官至前将军、假节、扬州牧，封南昌侯。黄武七年（228年），拜大司马，印绶未下，吕范已病卒。孙权悲痛不已，遣使者追赠大司马印绶。孙权还都建业后，以太牢礼祭祀吕范。\n^【演】^在《三国演义》中，吕范初为袁术谋士，后从孙策，与之平定江东。赤壁之战后，孙权与刘备表面为盟友，实则互竞诡谲。其时周瑜献美人计，欲以孙权之妹许配刘备，让刘备入赘为东吴女婿，吕范则负责说媒，并以“人不可中道而废人伦”与及“两家结秦晋之好”为由，说服刘备接受亲事。当刘备到甘露寺见吴国太之时，吕范更建议伏刀斧手以斩刘备，然而失败告终。\n在第八十五回中，陆逊统领吴军将举国来侵的刘备击退后，曹丕乘蜀吴交战之时安排曹仁、曹休、曹真三路袭吴，吕范则受命抵御曹休，并成功将敌军击败（事实上，洞口之役的结果是吕范败于曹休、臧霸等）。,?-228,子衡,,,10024001,,,,吴,三星
100752,100752,15,1,4,5000,6300,8100,4900,1000,36,45,57,35,46,200129,0,100247,0,0,0,0,0,0,0,0,0,0,0,0,0,0,0,0,4,2,0,0,0,1,0,0,0,0,"1,11",,孙瑜,,@【史】@孙坚之侄，昭义中郎将孙静第二子。初为恭义校尉。后领丹杨太守，得众万余人，加绥远将军。建安十一年（204）与周瑜共克麻、保二屯。后从孙权拒曹操于濡须（今安徽无为附近），迁奋威将军，后转屯牛渚，招降魏兵。又在军中立学，请马普为师。孙瑜喜好读书，虽军务繁忙也不停辍。年三十九而卒。\n^【演】^在《三国演义》中，孙瑜是孙权的堂弟，东吴的宗室成员，于三国演义第57回登场。周瑜以取蜀为借口，欲取荆州时，孙瑜受孙权派遣，率兵前来会合，支援周瑜。,177-215,仲异,,,10024701,,,,吴,三星
100753,100753,25,1,2,4800,5700,8500,4700,1000,36,44,64,36,50,200118,0,100248,0,0,0,0,0,0,0,0,0,0,0,0,0,0,0,0,4,2,0,0,0,1,0,0,0,0,"1,21",,骆统,,@【史】@三国时吴国将领、学者。陈国相骆俊之子。年二十，就担任乌程相，任内有政绩，使得民户过万。曾劝孙权尊贤纳士，省役息民。凌统卒，骆统领其部曲。因战功迁偏将军，封新阳亭侯，任濡须督。\n^【演】^在《三国演义》中，骆统在舌战群儒时出场，欲与赴东吴的诸葛亮辩论，被黄盖劝阻。,193-228,公绪,,,10024801,,,,吴,三星
100754,100754,25,2,2,9000,6100,6300,2500,1800,69,46,48,20,82,200108,0,100321,0,0,0,0,0,0,0,0,0,0,0,0,0,0,0,0,4,2,0,0,0,1,0,0,0,0,"2,12",,贺齐,,@【史】@吴国名将。早年在平定山越的战争中立有大功，又讨平叛乱无数，身经百战，所向披靡，深受孙权器重。后来在与魏国的多次边境争斗中也屡立战功，官至后将军。,?-227,公苗,,,10032101,,,,吴,三星
100755,100755,25,2,1,7400,7100,6500,3300,1900,65,63,56,30,100,200179,0,100181,0,0,0,0,0,0,0,0,0,0,0,0,0,0,0,0,5,2,0,0,0,1,0,0,0,0,"2,22",,程远志,,^【演】^黄巾军将领，于三国演义第一回登场，统兵五万进犯涿郡。幽州刺史刘焉令校尉邹靖引刘备、关羽、张飞三人，统兵五百，前去破敌。在大兴山下，两军交战，程远志被关羽一刀挥为两段，余众溃散。,?-184,,,,10018101,,,,群,三星
100756,100756,25,3,1,8800,7400,5000,10200,500,76,65,44,89,25,200104,0,100182,0,0,0,0,0,0,0,0,0,0,0,0,0,0,0,0,5,2,0,0,0,1,0,0,0,0,"3,23",,裴元绍,,^【演】^《三国演义》中的虚构人物。原黄巾军之武将。黄巾起义失败后，与周仓一同率领残部当了山贼。在关羽过五关时，与周仓一同希望成为关羽的部下，后被留守山中。不久后，因其欲夺偶然路过的赵云之马，反遭讨伐战败身死。,?-200,,,,10018201,,,,群,三星
100757,100757,20,1,2,6500,7800,4600,5800,1300,54,64,38,49,58,200182,0,100183,0,0,0,0,0,0,0,0,0,0,0,0,0,0,0,0,5,2,0,0,0,1,0,0,0,0,"1,11",,马元义,,@【史】@东汉末年黄巾起义的组织者之一，是黄巾大方首领。光和六年（183年），马元义奉张角之命，筹划起事的准备工作。马元义聚集荆州、扬州信徒数万人约定于邺城相会，并收买中常侍封谞、徐奉等为内应，准备于次年（甲子年）三月初五（甲子日）内外同时起事。由于张角弟子济南人唐周的告密，马元义于于中平元年（184年）正月在河内郡山阳县被捕。由于马元义被害，迫使张角提前于二月起兵发动起义。\n^【演】^张角派马元义暗中收买中常侍封谞作为内应。张角将要起义时，由于其弟子唐周的告密。使得灵帝召大将军何进调兵诛马元义。,?-184,,,,10018301,,,,群,三星
100758,100758,25,3,1,3800,6200,7900,7700,200,32,54,69,68,13,200134,0,100266,0,0,0,0,0,0,0,0,0,0,0,0,0,0,0,0,5,2,0,0,0,1,0,0,0,0,"3,23",,波才,,@【史】@黄巾军高级将领，统领东方黄巾军部队。曾在黄巾起义初期取得一定战果，但在长社之战被皇甫嵩的火攻击溃。,?-184,,,,10026601,,,,群,三星
100759,100759,20,2,2,6700,5500,4800,2600,1800,55,45,40,23,89,200178,0,100270,0,0,0,0,0,0,0,0,0,0,0,0,0,0,0,0,5,2,0,0,0,1,0,0,0,0,"2,22",,邓茂,,^【演】^黄巾军将领程远志的副将，随之引兵五万进犯涿郡。在大兴山下，邓茂被张飞一回合刺于马下。,?,,,,10027001,,,,群,三星
100760,100760,25,3,1,8500,7400,3900,9900,700,64,56,30,75,33,200098,0,100208,0,0,0,0,0,0,0,0,0,0,0,0,0,0,0,0,2,2,0,0,0,1,0,0,0,0,"3,23",,曹昂,,@【史】@曹操的长子。聪明且性情谦和，为曹操所喜爱，二十岁时即举孝廉。随曹操出征张绣时，因张绣突然袭击，曹昂为救曹操负责断后，与大将典韦一同战死于宛城。\n^【演】^在《三国演义》中，宛城之战，曹昂把自己的马让给曹操，曹操乘马脱险，而曹昂死于乱军之中。,?-197,子脩,,,10020801,,,,魏,三星
100761,100761,20,1,2,5700,4100,8800,5400,1500,48,33,71,45,71,200124,0,100185,0,0,0,0,0,0,0,0,0,0,0,0,0,0,0,0,5,2,0,0,0,1,0,0,0,0,"1,21",,许攸,,@【史】@本为袁绍帐下谋士，官渡之战时其家人因犯法而被收捕，许攸因此背袁投曹，并为曹操设下偷袭袁绍军屯粮之所乌巢的计策，袁绍因此而大败于官渡。后许攸随曹操平定冀州，因自恃其功而屡屡口出狂言，终因触怒曹操而被害。\n^【演】^在《三国演义》中，许攸年轻时与曹操相友善，后来成为袁绍的谋士，多次为袁绍出谋划策，力主攻打曹操都城许昌。官渡之战之际，许攸因家人犯法被收治而投奔曹操，提供了重要情报，建议曹操偷袭乌巢，结果大获全胜。官渡之战后，许攸跟随曹操到达邺城，口出狂言，辱骂曹操，轻视曹军将士，被许褚一怒之下所斩，曹操见后深责许褚，下令厚葬许攸。,?-204,子远,,,10018501,,,,群,三星
100762,100762,20,1,4,3800,6200,7900,5300,1000,31,50,65,44,54,200200,0,100188,0,0,0,0,0,0,0,0,0,0,0,0,0,0,0,0,5,2,0,0,0,1,0,0,0,0,"1,11",,郭图,,@【史】@袁绍帐下谋士。官渡之战时力主趁机偷袭曹营，在此计失败后为免于责罚而归罪于率军偷袭曹营的张郃、高览，致使二人背袁投曹。袁绍死后为其长子袁谭效力，后和袁谭一同被曹操所害。\n^【演】^在《三国演义》中，郭图生平与正史大体相当。,?-205,公则,,,10018801,,,,群,三星
100763,100763,20,2,3,7300,5400,3300,2400,1700,52,45,22,23,73,200666,0,0,0,0,0,0,0,0,0,0,0,0,0,0,0,0,0,0,6,2,0,0,0,1,0,0,0,0,"2,12",,荣晦,,@【史】@魏晋时期武将。卫瓘担任司空时，荣晦曾因犯罪而被卫瓘责骂驱逐，心怀怨恨。司马玮矫诏带领部队收捕司马亮、卫瓘时，荣晦也在军中，趁机杀害卫瓘及其子孙。卫瓘平反时，卫瓘的后人上表要求报仇，因此荣晦被族诛。,?-291,,,,10076301,,,,晋,三星
100764,100764,20,1,3,3300,4800,8700,4600,900,27,34,63,33,41,200180,0,0,0,0,0,0,0,0,0,0,0,0,0,0,0,0,0,0,6,2,0,0,0,1,0,0,0,0,"1,11",,王衍,,@【史】@西晋重臣，神情明秀，风姿详雅。曾经拜访山涛，山涛送走王衍后感叹：“误天下苍生者，未必非此人也。”先后担任太子舍人、黄门侍郎、中领军、尚书令等职，后更升任司空、司徒。然而王衍虽身居高位，却不在意国家治理，而只考虑自全之计，遭受时人鄙夷。永嘉五年（311年），石勒击败晋军，王衍与石勒相见时，想要避祸而劝石勒称帝，石勒怒斥王衍：“你名盖四海，身居重任，仕朝一生，竟说自己不参与国事！破坏天下，正是你的罪状。”然后将王衍杀死。王衍时年五十六岁。,256～311,夷甫,,,10076401,,,,晋,三星
100765,100765,20,3,2,3900,5200,5600,9000,200,25,36,46,68,10,200203,0,0,0,0,0,0,0,0,0,0,0,0,0,0,0,0,0,0,3,2,0,0,0,1,0,0,0,0,"3,13",,黄皓,,@【史】@三国时期蜀国宦官，受到后主刘禅宠信。董允在世时，对后主尽职尽责，黄皓位不过黄门丞。董允去世后，陈祗替代董允担任侍中，与黄皓内外勾结，黄皓开始干预政事。陈祗死后，黄皓先后升任中常侍、奉车都尉，权柄滔天。曾离间刘禅与弟弟刘永的关系，导致刘永多年见不到刘禅。大臣不亲附黄皓的，也会遭到贬斥。邓艾破蜀后，听说黄皓奸诈险恶，想要杀掉黄皓。后因黄皓准备厚礼贿赂邓艾的左右，最终免于一死。\n^【演】^在《三国演义》中，黄皓在姜维北伐期间，黄皓收受邓艾的贿赂，散布谣言，导致刘禅两次下诏姜维班师回朝。姜维两次在大好形势下不得不返回成都，劝说刘禅杀掉黄皓未果后，率兵前往沓中避祸。在钟会邓艾伐蜀期间，黄皓又请巫婆进行占卜祷告，以至于刘禅没有见到姜维的告急表文，最终误了大事。而在结局中，黄皓虽然贿赂邓艾暂时逃过一死，却被司马昭下令凌迟处死。其余实际与史实相似。,?-?,,,,10076501,,,,蜀,三星
100766,100766,25,2,2,7400,7300,4200,2600,1900,56,55,36,21,82,200191,0,0,0,0,0,0,0,0,0,0,0,0,0,0,0,0,0,0,3,2,0,0,0,1,0,0,0,0,"2,22",,麋芳,,@【史】@三国时期蜀国将领。徐州东海人，麋竺之弟，刘备妻子麋夫人的兄弟。曾担任彭城相，与哥哥麋竺共同辞官追随刘备，后来担任南郡太守。建安二十四年（219年）关羽北伐襄樊时，麋芳与士仁未能及时供给军资，关羽说“等回来一定收拾你们。”据吴录记载，南郡城中失火，军器被焚烧了很多，关羽以此责备麋芳。之后二人心中不安，在士仁投降东吴后，麋芳也放弃抵抗，投降东吴，导致关羽兵败被害。其兄麋竺虽然被刘备劝慰原谅，但依然羞愧而死。担任吴国将领期间，曾被虞翻多次羞辱。\n^【演】^在《三国演义》中写作“糜芳”，多次担任守城等任务。在关羽北伐之前，他与士仁饮酒失火，烧毁军器，险些被关羽下令斩杀，费诗以出师先斩将不利为由进行劝谏，改为杖责四十。后来投降东吴，刘备称帝后伐吴，他与士仁听说小兵要杀害自己来换取刘备的原谅，二人杀死马忠重新投奔刘备，但被刘备下令处死，关兴亲自用刀剐之，以祭关公。其余事迹与史实相似。,?-?,子方,,,10076601,,,,蜀,三星
100767,100767,20,3,2,5200,5500,7500,8900,500,28,42,55,67,24,200192,0,0,0,0,0,0,0,0,0,0,0,0,0,0,0,0,0,0,3,2,0,0,0,1,0,0,0,0,"3,23",,士仁,,@【史】@三国时期蜀国将领。幽州广阳人，《三国志》中大部分记载为士仁，唯《关羽传》记载为傅士仁，有学者认为是在传播抄写过程中出现的错误，后《资治通鉴》《三国演义》等皆写作傅士仁。关羽北伐襄樊之时驻扎在公安。吴兵依吕蒙白衣渡江之计进犯荆州，士仁被虞翻说降，之后在麋芳守江陵城时随吕蒙一起出现，于是麋芳也一起投降。\n^【演】^在《三国演义》中，士仁被写作“傅士仁”，在关羽北伐襄樊时出场，与麋芳饮酒失火，烧毁军器，险些被关羽下令斩杀，费诗以出师先斩将不利为由进行劝谏，改为杖责四十。后来投降东吴，刘备称帝后伐吴，与麋芳听说小兵要杀害自己来换取刘备的原谅，二人杀死马忠重新投奔刘备，但被刘备下令处死，关兴亲自用刀剐之，以祭关公。,?-?,君义,,,10076701,,,,蜀,三星
100768,100768,20,3,2,3100,4000,7300,9100,400,44,28,59,63,18,200193,0,0,0,0,0,0,0,0,0,0,0,0,0,0,0,0,0,0,3,2,0,0,0,1,0,0,0,0,"3,23",,廖立,,@【史】@三国时期蜀国谋臣。曾经得到诸葛亮的赞誉，认为他与庞统都是“楚之良才”，担任长沙太守。建安二十年，吴国侵犯荆州南三郡，廖立逃脱回到刘备身边，改为巴郡太守，后迁侍中、长水校尉。自以为才名仅次于诸葛亮，但未被重视，因此经常抱怨。因出言讽刺先帝刘备、关羽、马良兄弟，被诸葛亮贬为平民。诸葛亮死后，廖立认为不会再有人敢用自己，感叹“吾终为左衽矣！”\n^【演】^在《三国演义》中，廖立在诸葛亮死时出场，记载与史实相似。,?-?,公渊,,,10076801,,,,蜀,三星
100769,100769,30,2,1,10200,9700,3300,3500,1800,250,200,33,51,173,200993,0,0,0,0,0,0,1681873200,110284,0,100769,0,0,0,0,0,0,0,0,2,4,0,0,0,1,0,0,0,0,"2,22,32",,典韦,,@【史】@曹操部将，相貌魁梧，膂力过人。本属张邈，后归曹操。曹操征讨吕布时被募为陷阵，表现英勇，被拜为校尉，宿卫曹操。后曹操于宛城时，张绣先降而复反，急迫曹操本营；典韦守着大门，殊死恶斗，破敌无算，最终因敌人太多而战死。 \n^【演】^在《三国演义》中，因其悍武，曹操称其为“古之恶来”。张绣背叛时，先令胡车儿暗盗韦双戟，再引军急迫曹操本营。典韦守大门，殊死恶斗，破敌无算，刀坏了竟双手各提一人为武器迎敌。群贼不敢近，只远远以箭射之，箭如骤雨，典韦犹死拒寨门。,?-197,,,典韦救主传天下#勇猛当先第一人,10076901,"3,1",,,魏,五星
100770,100770,25,1,3,6100,8800,8600,5500,1200,62,140,180,88,60,200242,0,0,0,0,0,0,1684548000,110219,0,100770,0,0,0,0,0,0,0,0,1,4,0,0,0,1,0,0,0,0,"1,11,31",,许劭,,@【史】@东汉末年著名人物评论家。许劭与其兄许靖都声名在外，每月会品评乡党人物，是为“月旦评”。经过其评品的人物皆显名于世，曾评价曹操“清平之奸贼，乱世之英雄”（孙盛《异同杂语》记载为“治世之能臣，乱世之奸雄”）。许劭早年为汝南郡功曹，后以“小人道长，王室将乱”为由拒绝朝廷征召，前往南方投奔扬州刺史刘繇避祸，后病逝。\n^【演】^在《三国演义》中，许劭仅出场一次，评价曹操“治世之能臣，乱世之奸雄”，之后再无出场。,150-195,子将,,汝南月旦第一评#褒贬士人论公卿,10077001,"6,4",,,汉,五星
100771,100771,30,2,2,5200,8000,9500,3500,1200,101,160,233,44,139,200246,0,0,0,0,0,0,1690340400,210080,0,100771,0,0,0,0,0,0,0,0,5,4,0,0,0,1,0,0,0,0,"2,12,22",,沮授,,@【史】@袁绍帐下谋士。史载他“少有大志，擅于谋略”。袁绍占据冀州后任用沮授为从事。沮授经常对袁绍提出良策，但很多时候袁绍并不听从。官渡之战时袁绍大败，沮授未及逃走，被曹操所获，因拒降被曹操处死。\n^【演】^在《三国演义》中，沮授生平与正史大体相当。官渡之战，沮授夜观天象，知乌巢屯粮有险，连夜求见，促速遣精兵巡哨，袁绍以其妄言惑众，更人监押。袁军战败，沮授急走不脱，为曹军所获，不降而盗马欲归，曹操怒而斩之。,?-200,,,凝眸知阵法，仰面识天文#至死心如铁，临危气似云,10077101,6,,,群,五星
100772,100772,25,3,3,5500,6500,9100,7500,500,45,85,151,101,25,200247,0,0,0,0,0,0,1690340400,410020,0,0,0,0,0,0,0,0,0,0,5,3,0,0,0,1,0,0,0,0,"3,13,23",,许攸,,@【史】@本为袁绍帐下谋士，官渡之战时其家人因犯法而被收捕，许攸因此背袁投曹，并为曹操设下偷袭袁绍军屯粮之所乌巢的计策，袁绍因此而大败于官渡。后许攸随曹操平定冀州，因自恃其功而屡屡口出狂言，终因触怒曹操而被害。\n^【演】^在《三国演义》中，许攸年轻时与曹操相友善，后来成为袁绍的谋士，多次为袁绍出谋划策，力主攻打曹操都城许昌。官渡之战之际，许攸因家人犯法被收治而投奔曹操，提供了重要情报，建议曹操偷袭乌巢，结果大获全胜。官渡之战后，许攸跟随曹操到达邺城，口出狂言，辱骂曹操，轻视曹军将士，被许褚一怒之下所斩，曹操见后深责许褚，下令厚葬许攸。,?-204,子远,,,10077201,2,,,群,四星
100773,100773,100,3,3,800,800,800,800,800,8,8,8,8,8,200184,0,0,0,0,0,0,0,0,0,0,0,0,0,0,0,0,0,0,5,4,0,0,0,0,0,0,1,0,3,,不负时代,,英雄何处觅？览胜游山川。\n当年官渡，草檄悬赏问曹瞒。\n诸葛隆中三策，竭地携民先主，忠义叹美髯。\n华夏地域广，青史忆识宽。\n\n获评定，封名号，传美谈。\n功劳成就，时代战场卷波澜。\n岂止王侯将相，更有百家飙骇，展志欲登攀。\n不负时代者，截海共征帆。,2023,,,,0,,,,群,五星
100774,100774,100,1,3,800,800,800,800,800,8,8,8,8,8,200184,0,0,0,0,0,0,0,0,0,0,0,0,0,0,0,0,0,0,1,4,1,0,0,0,0,0,1,0,1,,新春侍女,,龙腾九天迎新岁，流风遗韵传古今。\n甲辰新春，小春与主公携手游历率土十三州，为各位好友同侪百年祈福，愿国富民强，吉星高照！,2024,,,,10077401,,,,汉,五星
100775,100775,100,3,3,800,800,800,800,800,8,8,8,8,8,200184,0,0,0,0,0,0,0,0,0,0,0,0,0,0,0,0,0,0,5,4,0,0,0,0,0,0,1,0,3,,百家纵横,,天下三分，周郎智计，赤壁鏖兵。 \n看诸军争战，纷纭如许，英杰聚首，旷世豪情。 \n峡江烽火，连屯气势，吴蜀决战在夷陵。 \n相逢处，犹四序更始，百业争鸣。 \n  \n携来百侣同行。赴青春，校友赛事兴。 \n出师以讨逆，建功立业，群雄竞起，问鼎神京。 \n陈寿含章，刊修载笔，成败千秋史册评。 \n从今去，知向桃源里，再造升平。,2024,,,,0,,,,群,五星
100776,100776,100,3,3,800,800,800,800,800,8,8,8,8,8,200184,0,0,0,0,0,0,0,0,0,0,0,0,0,0,0,0,0,0,1,4,1,0,0,0,0,0,1,0,3,,新春侍女,,蛇舞激扬迎春到，四海欢腾共此时。\n乙巳新春，祝各位主公前程似锦，阖家幸福！,2025,,,蛇舞激扬迎春到#四海欢腾共此时,10077601,,,,汉,五星
100777,100777,100,3,3,800,800,800,800,800,8,8,8,8,8,200184,0,0,0,0,0,0,0,0,0,0,0,0,0,0,0,0,0,0,5,4,0,0,0,0,0,0,1,0,3,,末影龙,,《我的世界》中国版联动纪念。\n生成于末地的飞行敌对生物，同时也是《我的世界》最广为人知的怪物首领。,2026,,,,10077701,,,,群,五星
100783,100783,30,2,2,8600,8000,7000,5100,1800,180,216,149,61,119,200251,0,0,0,0,0,0,1697680800,110235,0,100783,0,0,0,0,0,0,0,0,4,4,0,0,0,1,0,0,0,0,"2,31,22",,黄盖,,@【史】@孙吴名将。历仕孙坚、孙策、孙权三任君主。为人严肃，善于训练士卒，每每征讨，他的部队皆勇猛善战。赤壁之战时，黄盖前往曹营诈降，并趁机以火攻大破曹操的军队，是赤壁之战主要功臣之一。\n^【演】^在《三国演义》中，黄盖以铁鞭为兵器。曹操军来犯之际，黄盖向周瑜提议火攻破敌，周瑜要他行苦肉计，黄盖一口答应。黄盖故意提出投降曹操，周瑜假意下令斩首，后改为杖打五十，打得皮开肉绽。黄盖向曹操献降书，曹操起初识破诈降，但有两细作回报黄盖遭刑的事，曹操才相信。但苦肉计并无正史记载，赤壁之战时候黄盖只是“建策火攻”而已。,?,公覆,,老骥伏枥设苦计#赤壁火光映白首,10078301,2,,,吴,五星
100784,100784,35,2,2,6700,8600,10700,5000,1600,98,207,248,44,170,200254,0,0,0,4,0,0,1700013600,114251,0,100784,0,0,0,0,0,0,0,0,4,4,0,0,0,1,0,0,0,0,"2,12,22",,周瑜,,@【史】@东汉末年名将。洛阳令周异之子，堂祖父周景、堂叔周忠，都官至太尉。长壮有姿貌、精音律，江东有“曲有误，周郎顾”之语。周瑜少与孙策交好，21岁起随孙策奔赴战场平定江东，后孙策遇刺身亡，孙权继任，周瑜将兵赴丧，以中护军的身份与长史张昭共掌众事。\n建安十三年 （208年），周瑜率军与刘备联合，于赤壁之战中大败曹军，由此奠定了“三分天下”的基础。建安十四年（209年），拜偏将军领南郡太守。建安十五年（210年）病逝于巴丘，年仅36岁。\n^【演】^在《三国演义》中，为了凸显诸葛亮的智慧，对历史上的周瑜形象做了较大的改动，并虚构了较多的情节，如赤壁之战，周瑜的主张不太明确，是战是和踌躇不定，诸葛亮借曹操修筑铜雀台欲夺小乔之事，智激周瑜，坚定周瑜抗曹的决心。\n曹操命周瑜同窗好友蒋干劝降周瑜，周瑜设下计策，假装友善，伪造了曹操水军都督蔡瑁、张允写给周瑜的降书让蒋干发现，上演了一出“蒋干盗书”的好戏，为赤壁之战的成功奠定了基础。,175-210,公瑾,,世间豪杰英雄士#江左风流美丈夫,10078401,"2,6",,,吴,五星
100785,100785,30,3,2,8000,9400,6200,9500,400,190,180,72,156,40,200255,0,0,0,0,0,0,1707703200,110252,0,100785,703,259200,0,0,0,0,0,0,5,4,0,0,0,1,0,0,0,0,"3,23,43",,马腾,,@【史】@东汉末年割据凉州一带的军阀，马超、马休、马铁之父。马腾身长八尺余，身体洪大，面鼻雄异，性格贤良忠厚，受众人尊敬。兴平元年（194年），马腾企图连结种邵等诛灭权臣李傕、郭汜，但为其所败，只得回到凉州。后与韩遂不和，互相攻击。\n之后，马腾听从张既的建议，入朝担任卫尉。建安十六年（211年），其子马超起兵抗拒曹操。次年，马腾与其二子皆为曹操所害，夷灭三族。\n^【演】^在《三国演义》中，马腾被写成对汉室十分忠诚的忠臣。董卓乱政时，马腾为西凉太守，起兵应诏，为十八路诸侯之一。董卓败亡后，其余党李傕、郭汜秉政，马腾受献帝诏，同韩遂讨伐李傕、郭汜，因缺粮为其所败，退还西凉。曹操将汉献帝迁往许都后，马腾入朝，参与刘备和董承等人谋诛专权的曹操的计划，因事情败露而逃回凉州。\n后曹操用荀攸计，假诏召马腾入京，他为了达成多年心愿，和黄奎欲讨伐曹操，但事情还是败露了，马腾和儿子马休、马铁全部被害。马腾的死讯传出后，马超和韩遂为了替他报仇，于是在西凉起兵反叛。,?-212,寿成,,征鞍处处诉功苦#羌管声声向庙堂,10078501,"1,6",,,群,五星
100786,100786,25,2,3,6800,7600,8500,3800,2200,91,148,175,42,152,200256,0,0,0,0,0,0,1707273000,110253,0,0,59,259200,0,0,0,0,0,0,1,4,1,0,0,1,0,0,0,0,"2,12,32",,卫子夫,,@【史】@西汉河东平阳人，汉武帝皇后。本为平阳公主家讴者，为武帝所纳，元朔元年生太子刘据，被立为皇后。其弟卫青官至大司马大将军，姊子霍去病亦官至大司马骠骑将军。巫蛊之祸起，据起兵诛江充，兵败自杀。武帝以策收皇后玺绶，遂自杀。宣帝立，追谥思。,?-前91年,子夫,,生男无喜，生女无怒#独不见卫子夫霸天下,10078601,"6,5",,,汉,五星
100787,100787,30,1,3,6000,9600,9500,4500,1000,94,192,221,83,72,200257,0,0,0,4,0,0,1711508400,314091,0,100787,718,259200,0,0,0,0,0,0,2,4,0,0,0,1,0,0,0,0,"1,11,31",,程昱,,@【史】@东汉后期至三国时期曹魏谋士、名臣。本名程立，因梦中在泰山捧日，更名程昱。曾于东阿率领民众抗击黄巾。初平三年，被曹操征辟为寿张令，从此为其出谋献策、征战四方。曹操征徐州时，程昱与荀彧留守后方，阻吕布、陈宫大军，保住三城。\n^【演】^在《三国演义》中，程昱初在山中读书，经荀彧荐仕曹操。曾于徐州用计迫降关羽；曹操征河北，昱举羽以敌颜良，又於仓亭献十面埋伏之计，大胜袁绍。后与刘备战，昱计挟亲赚徐庶，使庶来投。从南征，昱谏曹操以防火攻，又识黄盖粮船之伪，免大寨遭创，曹操亦因此逃逸得及。后又于濡须劝曹操班师。魏国既建，以昱为卫尉。,141-220,仲德,,明断军机兼智勇#捧日泰山托腹心,10078701,6,,,魏,五星
100788,100788,30,2,3,9300,8000,6000,5200,1700,195,158,102,70,150,200258,0,0,0,4,0,0,1711508400,114337,0,100788,718,259200,0,0,0,0,0,0,4,4,0,0,0,1,0,0,0,0,"2,12,22",,丁奉,,@【史】@吴国重要将领。年少时以骁勇为小将，经常奋勇破敌，屡立功勋。在东兴之战中“雪中奋短兵”，大破进犯东吴的魏军。丁奉一生征战，与北方政权从曹操时代打到司马炎时代，侍奉了孙权到孙皓四位吴国君主，见证了三国的盛衰兴亡。\n^【演】^在《三国演义》中的丁奉事迹较史书记载简略，主要描述了他在东兴之战中“雪中奋短兵”的事迹以及诛灭孙綝时的表现。同时还增加了曹丕伐吴，张辽保护曹丕撤退时，丁奉用箭射中了张辽腰部，使张辽回营后旧伤迸发、不治而亡的情节。,?-271,承渊,,短兵振奋东兴雪#骁将挥拂帝阙云,10078801,1,,,吴,五星
100789,100789,25,1,3,5800,6700,8700,6000,1000,56,129,175,82,83,200266,0,0,0,0,0,0,1716170400,110342,0,0,59,259200,0,0,0,0,0,0,4,4,0,0,0,1,0,0,0,0,"1,11,21",,陆绩,,@【史】@吴郡吴县人，庐江太守陆康之子，东吴名将陆逊的从叔，但年纪比陆逊更小。六岁时曾随父前往九江见袁术，袁术用桔子招待客人，陆绩将三个桔子放入怀中，但在告别时掉落，被发现后，陆绩说要带给母亲吃，令袁术非常惊叹。孙策进攻庐江时，陆康将儿子陆绩和从孙陆逊送回吴郡避难，后成为孙策宾客。孙权继承东吴基业后，任命陆绩为奏曹掾，以直言正道令人敬畏，后担任郁林太守、偏将军。\n^【演】^在《三国演义》中，作为诸葛亮舌战群儒的配角出场，因怀桔遗亲的往事被诸葛亮调侃为“袁术座间怀桔之陆郎”，之后并未出场。,188-219,公纪,,驽马逸足多学识#万象天道恨未知,10078901,6,,,吴,五星
100790,100790,35,2,2,6800,9800,5000,3800,1600,135,212,67,88,142,200262,0,0,0,0,0,0,1718159400,110350,0,100790,754,259200,0,0,20049,1,0,0,5,4,0,0,0,1,0,0,0,0,"2,12,32",,袁术,,@【史】@袁逢之嫡次子，袁基、袁绍之弟。初为虎贲中郎将。董卓进京后以袁术为后将军，袁术因畏祸而出奔南阳。初平元年（190年）与袁绍、曹操等同时起兵，共讨董卓。后与袁绍对立，被袁绍、曹操击败，率馀众奔九江，割据扬州。建安二年（197年）称帝，建号仲氏 ，但未受人承认。此后袁术奢侈荒淫，横征暴敛，使江淮地区残破不堪，民多饥死，部众离心，先后为吕布、曹操所破，元气大伤，后于建安四年（199年）呕血而死。\n^【演】^在《三国演义》中，他的家族四代中有五人位居三公，是当世的大豪族。因董卓祸国，十八路诸侯聚讨董卓，袁术以第一镇诸侯的身份参与。同盟解散后，袁术为了除掉刘备，派遣使者想和吕布结亲，吕布将使者送给曹操斩首。得知吕布送斩他的使者，就发兵攻打他，却反被吕布所破。曹操又会合吕布、刘备、孙策等讨伐袁术，袁术大败。,?-199,公路,,不思累世为公相#便欲孤身作帝王,10079001,"3,6",,,群,五星
100791,100791,30,1,4,8500,8200,9600,5500,1300,113,224,211,90,113,200264,0,0,0,4,0,0,1722393000,114357,0,100791,787,259200,0,0,20049,1,0,0,4,4,0,0,0,1,0,0,0,0,"1,11,21",,陆逊,,@【史】@三国时期吴国政治家、军事家。建安二十四年（219年），陆逊参与袭取荆州。章武二年（222年），孙权以陆逊为大都督，在夷陵火烧连营击败刘备，一战成名。黄武七年（228年），陆逊取得石亭之战的胜利。黄龙元年（229年），孙权称帝后，以陆逊为上大将军、辅佐太子孙登并掌管陪都武昌事宜，后卷入立嗣之争。\n赤乌七年（244年）拜为丞相，总领三公事务，领武昌事。陆逊跟随孙权四十余年，统领吴国军政十余年，深得孙权器重。深谋远虑，忠诚耿直。一生出将入相，被赞为“社稷之臣”。\n^【演】^在《三国演义》中，称其“身长八尺，面如美玉，体如凝酥”。孙权统事后，陆逊投奔入孙权门下。陆逊、董袭作为第五队参与了赤壁之战。合肥之战时陆逊董袭又救出重伤的太史慈；樊城之战前吕蒙因为想不出对付关羽的办法装病躲避。陆逊向孙权进言猜测是诈病，后又献夺荆州计谋。孙权遂以陆逊代吕蒙守陆口。后孙权力排众议，拜陆逊为大都督。,183-245,伯言,,一旦威名惊蜀魏#吴王宁不敬书生,10079101,"2,6",,,吴,五星
100792,100792,25,2,2,4600,8000,8700,4000,1600,76,170,171,57,139,200265,0,0,0,4,0,0,1722393000,114358,0,100792,787,259200,0,0,0,0,0,0,3,4,0,0,0,1,0,0,0,0,"2,12,22",,马良,,@【史】@蜀汉官员，马谡之兄。马良兄弟五人都有才华名气，而马良又在五人中最为出色，因此有“马氏五常，白眉最良”的赞誉。建安十四年（209年），刘备担任荆州牧，征召马良为州从事。马良与诸葛亮关系友善，曾奉命出使东吴，受到孙权恭敬的接待。章武元年（221年），刘备称帝，建立蜀汉政权，任命马良为侍中。刘备东征东吴时，派马良招纳五溪少数民族。同年，刘备在夷陵之战中兵败，马良也遇害身亡。\n^【演】^在《三国演义》中，关羽讨魏时，以马良、伊籍为参谋，一同征进。关羽臂中毒箭，名医华佗为其刮骨，关羽与马良弈棋。后荆州失守，关羽遣马良、伊籍、赍文三道，星夜赴成都求救。夷陵之战中，刘备因报仇心切，起兵伐吴，并任马良、陈震掌理文书，马良劝阻，但刘备不听，孙权拜陆逊为都督，马良劝刘备需要提防，但刘备又不听。吴军坚守不出，马良认为吴军必定在等待蜀军的变化而作出行动。期间，马良曾携地理图本前往请教诸葛亮。,187-222,季常,,武陵蛮溪开烟瘴#马氏五常白眉良,10079201,"5,6",,,蜀,五星
100793,100793,30,2,2,8600,7000,8600,4100,1300,236,175,120,74,112,200268,0,0,0,0,0,0,1729562400,110361,0,0,802,259200,0,0,20182,1,0,0,3,4,0,0,0,1,0,0,0,0,"2,32,102",,陈到,,@【史】@陈到，字叔至，豫州汝南人，三国时期蜀汉将领。刘备在豫州时期，陈到开始追随刘备，名位常亚于赵云，以忠勇著称。先后担任护军、征西将军，在建兴四年接替李严担任永安都督，封亭侯。负责统率和管理白毦兵，在永安任上去世。,?,叔至,,藏身青史最深处#为报使君知遇情,10079301,1,,#-原效果（1级→10级）#\n有效距离 @4@\n本战法造成的伤害无视兵种相克及目标的防御属性；对敌军单体发动1次攻击@（伤害率140.0% {0} 280.0%）@，并使其陷入犹豫状态，持续1回合；直到陈到下回合行动前，目标每受到1次攻击伤害，陈到对其发动1次攻击@（伤害率40.0% {0} 80.0%）@，期间最多可触发@3@次\n\n#-调整后效果（1级→10级）#\n有效距离 @5@\n本战法造成的伤害无视兵种相克及目标的防御属性；对敌军单体发动1次攻击@（伤害率150.0% {0} 300.0%）@，并使其陷入犹豫状态，持续1回合；直到陈到下回合行动前，目标每受到1次攻击伤害，陈到对其发动1次攻击@（伤害率60.0% {0} 120.0%）@，期间最多可触发@2@次,蜀,五星
100794,100794,35,2,2,4200,8500,9900,4600,1700,53,182,255,48,148,200269,0,0,0,4,0,0,1735612200,114363,0,0,876,259200,0,0,0,0,0,0,1,4,0,0,0,1,0,0,0,0,"2,12,32",,荀彧,,@【史】@东汉末年著名政治家、战略家，曹操统一北方的首席谋臣和功臣。荀彧早年被称为“王佐之才”，初举孝廉，任守宫令。后弃官归乡，又率宗族避难冀州，被袁绍待为上宾。其后投奔曹操。官至侍中，守尚书令，封万岁亭侯。因其任尚书令，居中持重达十数年，处理军国事务，被人敬称为“荀令君”。后因反对曹操称魏公而受曹操所忌，调离中枢，在寿春忧郁成病而亡，年五十。获谥敬侯，后追赠太尉。\n^【演】^在《三国演义》中，荀彧旧从袁绍，因知袁绍终不能成大事遂与其侄荀攸投奔曹操。荀彧为曹操出过很多重要的战略谋划，如以兖州为基地、二虎竞食和驱虎吞狼、迎汉献帝往许都、开玄武湖练水军等等，立有大功。荀彧后为汉侍中、尚书令，参与国家大事並经常留守许都。后来董昭劝曹操称魏公，荀彧表示反对，曹操深感不满，遂将其招入军中，从征孙权。荀彧因病留于寿春，不久在曹操的暗示下服毒自尽。,163-212,文若,,颍上文若王佐才#名齐五岳震三台,10079401,"2,5",,,汉,五星
100795,100795,25,3,2,3800,8800,8000,7700,500,48,137,133,127,35,200270,0,0,0,4,0,0,1735612200,114364,0,0,876,259200,0,0,0,0,0,0,1,4,0,0,0,1,0,0,0,0,"3,32,43",,献帝,,@【史】@东汉最后一任皇帝，公元189年－220年在位。因被董太后抚养，故称“董侯”，初封渤海王，后改封陈留王。公元189年，董卓废汉少帝刘辩，立刘协为皇帝。董卓被王允和吕布诛灭后，董卓部将李傕等攻入长安，再次挟持了他，后来逃出长安。公元196年，曹操控制了刘协，并迁都许县，挟天子以令诸侯。公元220年，曹操病死，刘协被曹丕控制，随后被迫禅让于曹丕。公元234年，刘协寿终正寝，享年54岁。\n^【演】^在《三国演义》中，他是汉灵帝中子。汉中平九月甲戌，即皇帝位，年九岁。后为董卓、曹操接连要挟，成为傀儡。建安二十五年冬十月乙卯，帝逊位，丕称天子。奉帝为山阳公。传言帝遇害，汉中王刘备闻知，痛哭终日，下令百官挂孝，遥望设祭，上尊谥曰“孝愍皇帝”。,181-234,,,真龙天资中兴主#崎岖难觅腹心臣,10079501,6,,,汉,五星
100796,100796,30,2,2,8500,9000,6200,4300,2000,200,210,80,58,140,200272,0,0,0,0,0,0,1738288800,310099,0,0,864,259200,0,0,0,0,0,0,2,4,0,0,0,1,0,0,0,0,"2,12,22",,于禁,,@【史】@三国时期魏国武将。本为鲍信部将，后属曹操，曾于张绣造反时讨伐不守军纪的青州兵，同时为迎击敌军而固守营垒，因此曹操称赞他可与古代名将相比。然而在建安二十四年（219年）的襄樊之战中，于禁在败给关羽后投降，致使晚节不保。关羽败亡后，于禁从荆州获释到了吴国。黄初二年（公元221年），孙权遣还于禁回魏，同年去世，谥曰厉侯，有一子于圭。\n^【演】^在《三国演义》中，于禁于曹操招贤之时前来投奔。后随曹操参与官渡之战、赤壁之战。赤壁兵败之后，于禁随曹操征讨马超、韩遂，于阵前不敌马超而败北。关羽率军攻樊城时，于禁、庞德奉命前往援救镇守樊城的曹仁终被关羽以水攻大败。战后于禁被俘，向关羽乞降，被押解往荆州。吕蒙攻陷荆州后于禁被送往吴国，孙权降魏后将其释放返魏，奉命守护曹操陵墓。曹丕遣人将于禁战败乞降等事画于陵壁，于禁看后惭愧发病而死。,?-221,文则,,奉法行令总无情#当锋拒后争功名,10079601,3,,,魏,五星
100797,100797,30,2,2,7500,7000,7100,4000,1700,119,123,103,50,120,200273,0,0,0,0,0,0,1738029600,410031,0,0,864,259200,0,0,20182,1,0,0,6,4,1,0,0,1,0,0,0,0,"2,22,32",,胡芳,,@【史】@晋镇军大将军胡奋之女，晋武帝司马炎的贵嫔。泰始九年，晋武帝选择良家女充实后宫，胡芳被选中，拜为贵嫔。胡芳性格直率，言辞直接，曾经在与晋武帝玩“摴蒲”（一种古代游戏，类似掷骰子）时，伤到晋武帝手指，惹得晋武帝大骂“就是个武将的孩子！”胡芳回答“（我父亲跟你祖父都）北伐公孙，西距诸葛，可不就是武将的孩子嘛。”让晋武帝非常惭愧。\n深得晋武帝宠爱，侍御服饰仅次于皇后，以至于后来皇后杨艳病重，担心晋武帝会因宠爱胡芳而立其为后，威胁太子地位，因此杨艳临终时请求晋武帝立自己妹妹杨芷为后，得到晋武帝的同意。\n为司马炎诞下一女武安公主。,?,,,惟愿此生愚且鲁#无灾无难乐一生,10079701,"2,4",,#-原效果（1级→10级）#\n发动率 @35%@\n对自身以外的随机3名武将造成一次攻击伤害（伤害率10.0%），若目标为友军，则使其造成的所有伤害提升11.0% {0} 22.0%（受谋略属性影响），持续1回合，并使其立即对敌军群体发动一次攻击@（伤害率80.0% {0} 160.0%）@；若目标为敌军，则使其随机陷入犹豫、怯战、混乱、暴走状态中的一种，持续1回合\n\n#-调整后效果（1级→10级）#\n发动率 @40%@\n对自身以外的随机3名武将造成一次攻击伤害（伤害率10.0%），若目标为友军，则使其造成的所有伤害提升11.0% {0} 22.0%（受谋略属性影响），持续1回合，并使其立即对敌军群体发动一次攻击@（伤害率90.0% {0} 180.0%）@或@策略攻击（伤害率90.0% {0} 180.0%，受谋略属性影响），伤害类型由该武将自身攻击和谋略较高值决定@；若目标为敌军，则使其随机陷入犹豫、怯战、混乱、暴走状态中的一种，持续1回合,晋,五星
100798,100798,100,3,3,800,800,800,800,800,8,8,8,8,8,200184,0,0,0,0,0,0,0,0,0,0,0,0,0,0,0,0,0,0,5,4,0,0,0,0,0,0,0,0,"3,43",,名将,,名将,2024,,,,0,,,,群,五星
100799,100799,30,3,2,5500,8800,9000,9200,400,65,119,179,148,38,200275,0,0,0,4,0,0,1749004200,114389,0,0,950,259200,0,0,0,0,0,0,3,4,0,0,0,1,0,0,0,0,"3,23,43",,马谡,,@【史】@字幼常，襄阳宜城人。以荆州从事随刘备入蜀，先后担任绵竹令、成都令、越巂太守。才器过人，好论军计，但刘备认为他“言过其实，不可大用”，不过诸葛亮仍然重用马谡，以其为参军。建兴三年，诸葛亮征南中，马谡献“攻心为上，攻城为下，心战为上，兵战为下”之策，诸葛亮纳之，赦孟获而服南方。建兴六年，诸葛亮军出祁山，不听众人建议，拔马谡为先锋。与魏将张郃战于街亭，违背诸葛亮的安排，为张郃所破，导致街亭失守。\n^【演】^在《三国演义》中的马谡，事迹与正史中大致相同，唯有随诸葛亮南征孟获、献计离间司马懿与魏明帝曹叡等情节，为小说虚构。,190-228,幼常,,兵书满腹志凌云#险隘临机欲建勋,10079901,6,,,蜀,五星
100800,100800,30,2,3,7700,9200,9700,3900,1500,82,153,208,95,152,200277,0,0,0,4,0,0,1749004200,214127,0,0,950,259200,0,0,20182,0,1,1782097200,3,4,0,0,0,1,0,0,0,0,"2,12,22",,蒋琬,,@【史】@字公琰，零陵湘乡人 三国时蜀汉执政大臣，与诸葛亮、董允、费祎并称“四相”。弱冠知名，初以书佐随刘备入蜀，任广都长，为政以安民为本，刘备以为蒋琬荒怠政事，怒欲处置，因诸葛亮劝解而得免。后受诸葛亮器重，被评为“社稷之器”，历任什邡令、丞相府东曹掾等职。刘禅建兴中，诸葛亮驻汉中，以琬为丞相长史，统理府事，常足食足兵以相供给。建兴十二年（234年），诸葛亮卒，蒋琬代为执政。延熙初，屯军汉中，受命开府，加大司马。总揽蜀汉军政。曾制定由水路进攻曹魏的计划，但因其健康状况恶化，以及群臣反对而未能成行。\n^【演】^在《三国演义》中，蒋琬形象与正史相似。在荆州时成为刘备属下，在内政方面发挥才能。北伐之时在后方支援大军。诸葛亮死后，刘禅依诸葛亮遗言加蒋琬为丞相、大将军，录尚书事，与费祎一起处理丞相事务。,?-246,公琰,,秉公忘私能服众#涪水舟船病成空,10080001,6,,,蜀,五星
100801,100801,30,2,2,4000,8200,8500,4600,1700,53,145,188,78,148,200278,0,0,0,0,0,0,1747706400,110373,0,0,930,259200,0,0,20049,0,1,1766977200,6,4,0,0,0,1,0,0,0,0,"2,22,32",,裴秀,,@【史】@河东闻喜人，魏晋名臣，地图学家，出身河东裴氏，其祖父为东汉尚书裴茂，其父为曹魏光禄大夫裴潜。年少好学，有风度，被人称作“后进领袖”。被大将军曹爽辟为掾属，继承清阳亭侯爵位，迁黄门侍郎。高平陵之变曹爽被诛，裴秀因此也被免职。之后先后担任廷尉正、安东将军及卫将军司马，提出很多军国建议，都被信任采纳，又迁散骑常侍。\n司马昭讨伐诸葛诞时，裴秀与尚书仆射陈泰、黄门侍郎钟会一同以行台身份参加，之后转为尚书，封鲁阳乡侯。曹奂继位后，封为县侯，迁尚书仆射。咸熙年间，裴秀负责修改官制，因此被封为济川侯。司马昭立世子时，司马炎曾寻找裴秀询问相术，裴秀以司马炎“非人臣之相”为由向司马昭提出建议，后来果然世子为司马炎。司马炎继承王位后，拜裴秀为尚书令、右光禄大夫，开府，加给事中。晋朝建立后，加左光禄大夫，封钜鹿郡公。曾因谋私而被举报，但司马炎并未处罚，反而令裴秀担任司空。后因服寒食散误饮冷酒去世。\n裴秀曾主编完成《禹贡地域图》，是中国有文献可考的最早的历史图集，并在序言中提出了制图六体，即：分率、准望、道里、高下、方邪、迂直，6项地图绘制的基本准则，为中国传统地图奠定了理论基础，是中国传统地图学的奠基人。为纪念这位中国地图科学创始人而设立的“裴秀奖”，每两年评选一次，是中国地图学界最高奖项。2021年，国际天文学联合会批准将月球正面的一个环形山命名为“裴秀环形山”。\n@【演】@在三国演义中，裴秀仅在结尾出场，与贾充、何曾一同建议司马昭立司马炎为世子，并在魏帝禅让时与贾充并列左右，无其他描写。,224-271,季彦,,地学宗师誉九州#图成禹贡世无俦,10080101,"6,5",,,晋,五星
100802,100802,30,3,2,7600,7500,8500,5000,200,146,176,169,149,33,200279,0,0,0,4,0,0,1754447400,414036,0,0,982,259200,0,0,0,0,0,0,5,4,0,0,0,1,0,0,0,0,"3,23,43",,左慈,,@【史】@东汉末年著名方士，年少时就精通五经，而且懂天文星象，预见到汉祚将尽，天下乱起，认为此时官高者危，财多者死，荣华不值一提，于是在天柱山专心修炼。据《后汉书》记载，左慈有神通，曾经参与曹操举办的宴会，在铜盘中放水，凭空钓出松江鲈鱼，又变出蜀地生姜，并隔空给曹操派去蜀地的使者传信，令其多买蜀锦，后来也得到验证。曾用酒一升、脯一斤，令百官皆酒足饭饱。曹操想要杀害左慈时，满街都是左慈，后来不知去向。此事《神仙传》中亦有记载，同时据《神仙传》所言，道教灵宝派祖师葛玄曾以左慈为师，左慈告知葛玄自己将要去霍山中合九转丹，炼成之后就仙去了。\n^【演】^在《三国演义》中，左慈是一名道士，道号乌角先生。在峨嵋山修练，得到《遁甲天书》，精通法术。在曹操宴会席上出现，使出种种幻术，把曹操捉弄一番后，留下了庚子年曹操将死的预言：“土鼠随金虎，奸雄一旦休！”，然后扬长而去。曹操因此惊而成疾。,?,元放,,奇门遁甲，鬼神行厨#潜心修道，不问世俗,10080201,"1,2",,,群,五星
100803,100803,25,2,2,7300,7600,7000,3600,1600,132,152,118,83,148,200286,0,0,0,0,0,0,1761100200,110396,0,100803,1048,259200,0,0,20182,0,1,1782097200,1,4,0,0,0,1,0,0,0,0,"2,12,32",,刘备,,@【史】@西汉中山靖王刘胜之后，三国时期蜀汉开国皇帝、政治家，史家又称他为先主。刘备早年颠沛流离，备尝艰辛，投靠过多个诸侯。赤壁之战时，与孙权联盟击败曹操，趁势夺取荆州。而后进取益州。于章武元年（221年）在成都称帝，国号汉，史称蜀或蜀汉。《三国志》评刘备的机权干略不及曹操，但其弘毅宽厚，知人待士，百折不挠，终成帝业。刘备也称自己做事“每与操反，事乃成尔”。\n^【演】^在《三国演义》中，刘备的事迹基本与正史相符。书中将其塑造成一位胸襟开阔的，十足的明主形象。并重点突出其几个性格特点：一是亲贤爱士，善待人才；二是生性善良，爱民如子；三是待人宽厚，不求全责备；四是偶有权谋，颇有心计。,161-223,玄德,,贤矣昭烈，宽厚弘毅#崎岖立国，仗信履义,10080301,"5,6",,,汉,五星
100804,100804,25,3,3,7600,8800,7200,7800,400,148,232,138,116,33,200287,0,0,0,0,0,0,1761100200,110397,0,100804,1048,259200,0,0,0,0,0,0,1,4,0,0,0,1,0,0,0,0,"3,23,43",,曹操,,@【史】@三国中曹魏政权的奠基人。其人文武精通，可谓非常之人，超世之杰。以汉天子的名义征讨四方，对内消灭二袁、吕布、刘表、马超、韩遂等割据势力，对外降服南匈奴、乌桓、鲜卑等，统一了中国北方，并实行一系列政策恢复经济生产和社会秩序，奠定了曹魏立国的基础。\n^【演】^在《三国演义》中，曹操的事迹基本与正史相符。主要将其塑造成一个“奸雄”形象，并且更突出“奸”的一面。,155-220,孟德,,山不厌高，海不厌深#周公吐哺，天下归心,10080401,1,,,汉,五星
100805,100805,30,1,3,8400,8300,6200,5600,1500,172,183,72,118,138,200288,0,0,0,0,0,0,1761100200,110398,0,100805,1048,259200,0,0,0,0,0,0,1,4,0,0,0,1,0,0,0,0,"1,21,31",,孙坚,,@【史】@县吏出身，因勇敢又有谋略被官府赏识，提拔为军官。曾参与讨伐黄巾军的战役以及讨伐董卓的战役。后与刘表作战时阵亡。孙坚的儿子孙策、孙权后来创建了东吴政权。\n^【演】^在《三国演义》中，孙坚由于征讨黄巾有功，被封为长沙太守。在董卓乱政期间，孙坚作为诸侯联军的先锋，表现得十分活跃，但因袁术存在私心，拒不发粮，而被董卓将华雄击败。后来董卓迁都长安，孙坚进驻洛阳，意外发现传国玉玺，并藏匿返回。不料事情泄漏，与袁绍、刘表结仇。不久，孙坚在与刘表手下黄祖的交战中，中埋伏而死。,155-191,文台,,争教不霸江山得#日月征曾入梦来,10080501,"1,3",,,汉,五星
100806,100806,30,3,2,8200,8400,8900,8400,400,166,145,197,125,45,200290,0,0,0,4,0,0,1761100200,110399,0,100806,1048,259200,0,0,0,0,0,0,3,4,0,0,0,1,0,0,0,0,"3,23,173",,姜维,,@【史】@三国时蜀汉名将，官至大将军。曾为魏中郎将，诸葛亮北伐时，姜维被怀疑有异心，姜维不得已投降蜀汉。因他忠勤时事、思虑精密、敏于军事、既有胆义，又兼心存汉室，故深得诸葛亮器重。诸葛亮去世后姜维在蜀汉开始崭露头角，费祎死后姜维开始独掌军权，继续率领蜀汉军队北伐曹魏。\n后因蜀中大臣多反对北伐，而宦官黄皓弄权，姜维只得在沓中屯田避祸。后司马昭五道伐蜀，姜维据守剑阁，阻挡钟会大军，却被邓艾从阴平偷袭成都，刘禅投降。后姜维假意投降魏将钟会，打算利用钟会反叛曹魏以实现恢复汉室的愿望，但最终反叛失败，与钟会一同被魏军所害。\n^【演】^在《三国演义》中，姜维生平与正史相似。在描写姜维降蜀时，在天水中识破设伏的赵云，并劫了诸葛亮的寨。诸葛亮视其为接班人，用计令夏侯楙和马遵误以姜维降蜀，最终使得姜维走投无路而降蜀。,202-264,伯约,,阴平穷寇非难御#如此江山空负人,10080601,"1,2",,,蜀,五星
100807,100807,35,2,2,8500,9200,10800,3700,1700,101,194,287,54,142,200282,0,0,0,4,0,0,1761100200,114395,0,100807,1048,259200,0,0,0,0,0,0,6,4,0,0,0,1,0,0,0,0,"2,32,172",,司马懿,,@【史】@三国时期魏国杰出的政治家、军事家、战略家，西晋王朝的奠基人。是辅佐了魏国三代的托孤辅政之重臣，后期成为掌控魏国朝政的权臣。善谋奇策，多次征伐有功，其中最显著的功绩是两次率大军成功抵御诸葛亮北伐和远征平定辽东。对屯田、水利等农耕经济发展有重要贡献。\n^【演】^在《三国演义》中，司马懿的生平基本与正史相符。而在小说中，则将其塑造成“奸诈”的负面形象。,179-251,仲达,,魁杰雄特，秉心平直#威严允惮，风行草靡,10080701,6,,,晋,五星
100808,100808,35,1,4,7500,8600,9200,5900,300,78,178,226,87,70,200283,0,0,0,4,0,0,1761100200,414045,0,100808,1048,259200,0,0,0,0,0,0,4,4,0,0,0,1,0,0,0,0,"1,21,101",,孙权,,@【史】@孙坚之子，孙策之弟。东汉建安五年，兄孙策遇刺身亡，孙权继位吴侯、讨逆将军，领会稽太守，开始统领江东。他击败了黄祖。后东吴联合刘备，于赤壁击溃了曹操军。东吴后来又和曹操军在合肥附近鏖战，并从刘备手中夺回荆州、擒关羽、大破刘备的讨伐军。曹丕称帝后孙权先向北方称臣，后自己建吴称帝，迁都建业。孙权病逝后谥号大皇帝，史称东吴大帝。\n^【演】^在《三国演义》中，孙权19岁就继承了其兄孙策之位，力据江东，击败了黄祖。后东吴联合刘备，在赤壁大战击溃了曹操军。东吴后来又和曹操军在合肥附近鏖战，并从刘备手中夺回荆州、擒关羽、大破刘备的讨伐军。曹丕称帝后孙权先向北方称臣，后自己建吴称帝，迁都建业。,182-252,仲谋,,二十四年兴大业#龙盘虎踞在江东,10080801,"1,2",,,吴,五星
100809,100809,100,3,3,800,800,800,800,800,8,8,8,8,8,200184,0,0,0,0,0,0,0,0,0,0,0,0,0,0,0,0,0,0,5,4,0,0,0,0,0,0,1,0,3,,率土十载,,龙剑应许寒霜，雪戟冰戈争战垒。 \n奇门遁甲，八阵图成，玄坛进麾。 \n出师一表，祁山北望，武侯尽瘁。 \n叹江山未老，青春作伴，定乾坤、分经纬。 \n  \n万民长歌动地，卷中原、金鼓声威。 \n狼行虎吻，生杀在握，天下鼎沸。 \n时代战场，几回沙演，载誉而归。 \n谁为挽天河？星汉灿烂，英雄竞辉。,2025,,,,0,,,,群,五星
100810,100810,30,1,4,9500,8600,7200,5500,2200,251,188,56,88,102,200292,0,0,0,4,0,0,1767753000,110406,0,100810,20056,259200,0,0,0,0,0,0,3,4,0,0,0,1,0,0,0,0,"1,11,31",,黄忠,,@【史】@本为刘表部下，后归刘备，并助刘备攻益州刘璋。在定军山一战中阵斩曹操部下名将夏侯渊。黄忠在后世多以勇猛的老将形象出现于各类文学艺术作品中。\n^【演】^在《三国演义》中，刘备称汉中王后将其封为五虎上将之一。初为刘表部下，后事韩玄；虽年近六旬，却有万夫不当之勇。关羽攻长沙时，关羽用拖刀计将黄忠击败，但不忍害之。次日，黄忠计诱关羽，为报关羽之恩，用弓箭只射关羽盔缨，但韩玄却因此怀疑黄忠有二心，想将黄忠斩首，但遭魏延劫场，韩玄被诛，黄忠与魏延一同降蜀。\n黄忠入蜀后，战功赫赫。先与严颜败张郃，后更于定军山亲斩夏侯渊。刘备称帝后伐吴，黄忠不顾年迈，请令担任先锋，为吴将马忠偷袭射中，回营后不治而亡。,?-220,汉升,,将军气概与天参#白发犹然困汉南,10081001,1,,,蜀,五星
100811,100811,30,2,2,5500,8300,9300,4500,1600,64,170,225,60,90,200294,0,0,0,0,0,0,1771293600,210143,0,0,20093,259200,0,0,0,0,0,0,5,4,0,0,0,1,0,0,0,0,"2,12,22",,司马徽,,@【史】@东汉末年名士，精通道学、奇门、兵法、经学。有“水镜先生”之称。司马徽为人清雅，学识广博，有知人之明，并向刘备推荐了诸葛亮、庞统等人，受到世人的敬重。\n^【演】^刘备马跃檀溪后，偶然相遇司马徽。司马徽向刘备举荐诸葛亮和庞统，并称诸葛亮为“卧龙”，庞统为“凤雏”，刘备随后夜宿庄院。次日，司马徽自称“山野闲散之人”，谢绝了刘备请求他出山辅佐的好意。不久，赵云率军寻找到庄前，刘备便随赵云离开。其后，刘备准备拜访诸葛亮，司马徽想要探访徐庶，但徐庶已经中曹操的计策前往许昌，刘备向司马徽提起徐庶举荐诸葛亮的事情，司马徽再次力荐诸葛亮。,?-208,德操,,水镜光澄，荆山玉明#一荐龙凤，千峰自青,10081101,6,,,群,五星
100812,100812,30,3,2,5000,8600,8200,8600,1200,73,146,172,152,79,200295,0,0,0,0,0,0,1771207200,410053,0,0,20093,259200,0,0,0,0,0,0,1,4,1,0,0,1,0,0,0,0,"3,32,23",,冯嫽,,@【史】@西汉女政治家、外交家。因西汉派去与乌孙国联姻的公主刘细君去世，汉武帝以刘解忧为公主继续与乌孙国联姻，冯嫽作为解忧公主的侍女，共同前往乌孙国。冯嫽懂史书，熟悉事务，曾经作为公主的使者前往西域各国赏赐西域贵族，得到了西域各国的信任和尊敬，号称“冯夫人”，后嫁给乌孙国右大将为妻。\n乌孙国王病逝后，乌孙国贵族未按约定立解忧公主的儿子为王，反而立上一任国王有匈奴血统的儿子为王，史称狂王。解忧公主与汉朝使者设宴刺杀狂王使其受伤逃跑，乌孙国贵族乌就屠趁机袭杀狂王，自立为昆弥（乌孙之王）。冯嫽的丈夫右大将与乌就屠交好，因此西域都护派遣冯夫人前去劝降乌就屠。汉宣帝征召冯夫人亲自过问此事，并正式派遣冯夫人锦车持节，前往乌孙国宣读诏书，最终解忧公主之子担任大昆弥，乌就屠担任小昆弥，共同治理乌孙国。后来解忧公主的儿子去世，冯嫽陪同公主返回长安，但公主之孙、新任大昆弥星靡年幼，冯夫人上书宣帝，希望出使乌孙辅佐星靡。宣帝派一百余人送冯夫人，再次出使乌孙国。\n冯嫽是中国历史上第一位有史料记载的女外交官。,?,,,读史漫夸苏武节#须眉巾帼并流芳,10081201,"6,5",,,汉,五星
100813,100813,100,3,3,800,800,800,800,800,8,8,8,8,8,200184,0,0,0,0,0,0,0,0,0,0,0,0,0,0,0,0,0,0,1,4,1,0,0,0,0,0,1,0,3,,新春侍女,,马蹄声疾捷报传，万象更新好景来。\n丙午新春，恭祝各位主公骏业鹏程，武运昌隆！,2026,,,跃马扬鞭启新程#九州同庆共迎春,10081301,,,,汉,五星
100814,100814,30,1,3,5000,8500,9500,5500,1600,66,165,218,88,80,200296,0,0,0,0,0,0,1779244200,410057,0,0,20141,259200,0,0,0,0,0,0,6,4,0,0,0,1,0,0,0,0,"1,11,21",,刘徽,,@【史】中国魏晋时期数学家，生平不详。\n魏景元四年，刘徽为《九章算术》作注解。《九章算术注》集各家优秀思想方法，并加以创新而用于数学研究，在算术、代数、几何等方面都有杰出的贡献。\n宋徽宗大观三年，为孔庙两廊有画像的算学家追加赏赐五等爵位，封刘徽为淄乡男爵。有学者据此主张其为山东滨州邹平人，也有学者主张其为山东淄博淄川人，还有学者认为其籍贯不可考。,?,,,观阴阳之割裂#总算术之根源,10081401,6,,,晋,五星
100815,100815,30,2,3,9200,9300,5500,4500,1500,195,185,70,61,130,200297,0,0,0,4,0,0,1783477800,114422,0,0,20195,259200,0,0,0,0,0,0,5,4,0,0,0,1,0,0,0,0,"2,52,42",,孟获,,@【史】@三国时期南中地区少数民族的首领，公元225年起兵反叛蜀汉，被诸葛亮率领大军七擒七纵后降服，此后不再叛乱。《三国志》本传中未记载孟获事迹，史书《汉晋春秋》和《襄阳记》有记载。\n^【演】^在《三国演义》中，则详细讲述了七擒孟获的故事。孟获为人骁勇善战，但不善于用兵。曾起兵反叛蜀汉，后诸葛亮依马谡“攻心为上”之策，对其进行七擒七纵，终于使得孟获心悦诚服，立誓永不再反叛蜀国。,?,,,滇锦披风卷毒澜#蛮刀啸月镇千峦,10081501,"1,6",,,群,五星
100901,100901,200,62,3,0,0,0,0,0,0,0,0,0,0,200184,0,0,0,0,0,0,0,0,0,0,0,0,0,0,0,0,0,0,5,3,0,1,1,0,0,0,0,0,"2,62",3,飞熊军,,由西凉军中的精英和能人异士组成的精锐部队,?,,,,0,,,,群,四星
100902,100902,200,43,3,0,0,0,0,0,0,0,0,0,0,200184,0,0,0,0,0,0,0,0,0,0,0,0,0,0,0,0,0,0,5,3,0,1,1,0,0,0,0,0,"3,43",3,铁骑兵,,历经实战、心志坚韧如钢铁的精锐骑兵,?,,,,0,,,,群,四星
100903,100903,200,22,3,0,0,0,0,0,0,0,0,0,0,200184,0,0,0,0,0,0,0,0,0,0,0,0,0,0,0,0,0,0,5,3,0,1,1,0,0,0,0,0,"2,22",3,长枪兵,,专为对阵骑兵所备的长武器步兵,?,,,,0,,,,群,四星
100904,100904,200,1,3,0,0,0,0,0,0,0,0,0,0,200184,0,100614,5102,0,0,0,0,0,0,0,0,0,0,0,0,0,0,0,5,3,0,1,1,0,0,0,0,0,1,7,假势,,    装备精良的皇帝近卫，常于宫殿或皇帝出巡时执行守卫任务。,?,,,,0,,,,群,四星
100905,100905,200,51,3,0,0,0,0,0,0,0,0,0,0,200184,0,0,0,0,0,0,0,0,0,0,0,0,0,0,0,0,0,0,5,3,0,1,1,0,0,0,0,0,"1,51",3,火矢兵,,佩戴弓弩、使用火矢攻击敌人的船上士兵,?,,,,0,,,,群,四星
100906,100906,200,72,3,0,0,0,0,0,0,0,0,0,0,200184,0,0,0,0,0,0,0,0,0,0,0,0,0,0,0,0,0,0,5,3,0,1,1,0,0,0,0,0,"2,72",3,舷卫,,水性极佳，佩戴长柄武器，守护战船的步兵,?,,,,0,,,,群,四星
100907,100907,200,71,3,0,0,0,0,0,0,0,0,0,0,200184,0,0,0,0,0,0,0,0,0,0,0,0,0,0,0,0,0,0,5,3,0,1,1,0,0,0,0,0,"1,71",3,乡勇弓手,,稍加训练的地方武装，仅可使用短弓进行攻击,?,,,,0,,,,群,四星
100908,100908,200,81,3,0,0,0,0,0,0,0,0,0,0,200184,0,0,0,0,0,0,0,0,0,0,0,0,0,0,0,0,0,0,5,3,0,1,1,0,0,0,0,0,"1,81",3,丹阳兵,,出身于丹阳郡，身穿铜甲，手持长弓的部队,?,,,,0,,,,群,四星
100909,100909,200,91,3,0,0,0,0,0,0,0,0,0,0,200184,0,0,0,0,0,0,0,0,0,0,0,0,0,0,0,0,0,0,5,3,0,1,1,0,0,0,0,0,"1,91",3,黄巾长弓,,黄巾军中，装备精良长弓的士兵,?,,,,0,,,,群,四星
100910,100910,200,101,3,0,0,0,0,0,0,0,0,0,0,200184,0,0,0,0,0,0,0,0,0,0,0,0,0,0,0,0,0,0,5,3,0,1,1,0,0,0,0,0,"1,101",3,解烦兵,,刘备攻吴时，孙吴组建的一支精锐部队,?,,,,0,,,,群,四星
100911,100911,200,111,3,0,0,0,0,0,0,0,0,0,0,200184,0,0,0,0,0,0,0,0,0,0,0,0,0,0,0,0,0,0,5,3,0,1,1,0,0,0,0,0,"1,111",3,白波长弓,,黄巾余部中，郭太杨奉率领的熟悉长弓的部队,?,,,,0,,,,群,四星
100912,100912,200,121,3,0,0,0,0,0,0,0,0,0,0,200184,0,0,0,0,0,0,0,0,0,0,0,0,0,0,0,0,0,0,5,3,0,1,1,0,0,0,0,0,"1,121",3,黑山长弓,,黄巾余部中，张燕率领的熟悉长弓的部队,?,,,,0,,,,群,四星
100913,100913,200,112,3,0,0,0,0,0,0,0,0,0,0,200184,0,0,0,0,0,0,0,0,0,0,0,0,0,0,0,0,0,0,5,3,0,1,1,0,0,0,0,0,"2,112",3,乡勇步卒,,稍加训练的地方武装，仅可使用简单的轻武器,?,,,,0,,,,群,四星
100914,100914,200,122,3,0,0,0,0,0,0,0,0,0,0,200184,0,0,0,0,0,0,0,0,0,0,0,0,0,0,0,0,0,0,5,3,0,1,1,0,0,0,0,0,"2,122",3,白波轻步,,黄巾余部中，郭太杨奉率领的使用轻武器的精锐部队,?,,,,0,,,,群,四星
100915,100915,200,132,3,0,0,0,0,0,0,0,0,0,0,200184,0,0,0,0,0,0,0,0,0,0,0,0,0,0,0,0,0,0,5,3,0,1,1,0,0,0,0,0,"2,132",3,黑山轻步,,黄巾余部中，张燕率领的使用轻武器的精锐部队,?,,,,0,,,,群,四星
100916,100916,200,142,3,0,0,0,0,0,0,0,0,0,0,200184,0,0,0,0,0,0,0,0,0,0,0,0,0,0,0,0,0,0,5,3,0,1,1,0,0,0,0,0,"2,142",3,陷阵营,,高顺所率的步兵队伍，精练齐整，攻无不克,?,,,,0,,,,群,四星
100917,100917,200,152,3,0,0,0,0,0,0,0,0,0,0,200184,0,0,0,0,0,0,0,0,0,0,0,0,0,0,0,0,0,0,5,3,0,1,1,0,0,0,0,0,"2,152",3,黄巾轻步,,黄巾军中，使用轻武器的精锐部队,?,,,,0,,,,群,四星
100918,100918,200,113,3,0,0,0,0,0,0,0,0,0,0,200184,0,0,0,0,0,0,0,0,0,0,0,0,0,0,0,0,0,0,5,3,0,1,1,0,0,0,0,0,"3,113",3,乡勇轻骑,,稍加训练的地方武装，熟悉骑术，机动性一般的骑兵,?,,,,0,,,,群,四星
100919,100919,200,123,3,0,0,0,0,0,0,0,0,0,0,200184,0,0,0,0,0,0,0,0,0,0,0,0,0,0,0,0,0,0,5,3,0,1,1,0,0,0,0,0,"3,123",3,黄巾轻骑,,黄巾军中，擅长奔袭游击的轻装骑兵,?,,,,0,,,,群,四星
100920,100920,200,133,3,0,0,0,0,0,0,0,0,0,0,200184,0,0,0,0,0,0,0,0,0,0,0,0,0,0,0,0,0,0,5,3,0,1,1,0,0,0,0,0,"3,133",3,白波轻骑,,黄巾余部中，郭太杨奉率领的精通骑术，有一定机动性的部队,?,,,,0,,,,群,四星
100921,100921,200,143,3,0,0,0,0,0,0,0,0,0,0,200184,0,0,0,0,0,0,0,0,0,0,0,0,0,0,0,0,0,0,5,3,0,1,1,0,0,0,0,0,"3,143",3,黑山轻骑,,黄巾余部中，张燕率领的精通骑术，有一定机动性的部队,?,,,,0,,,,群,四星
100922,100922,200,153,3,0,0,0,0,0,0,0,0,0,0,200184,0,0,0,0,0,0,0,0,0,0,0,0,0,0,0,0,0,0,5,3,0,1,1,0,0,0,0,0,"3,153",3,西凉铁骑,,凉州地区，最精锐的骑兵队伍，适合沙漠戈壁的长距离持久奔袭作战,?,,,,0,,,,群,四星
100923,100923,200,131,3,0,0,0,0,0,0,0,0,0,0,200184,0,0,0,0,0,0,0,0,0,0,0,0,0,0,0,0,0,0,5,3,0,1,1,0,0,0,0,0,"1,131",3,耕战营,,邓艾所率的弓兵队伍，耕战田野，兵精粮足,?,,,,0,,,,群,四星
100924,100924,200,141,3,0,0,0,0,0,0,0,0,0,0,200184,0,0,0,0,0,0,0,0,0,0,0,0,0,0,0,0,0,0,5,3,0,1,1,0,0,0,0,0,"1,141",3,青囊兵,,军中医官所率的弓兵部队，青囊济世，救死扶伤,?,,,,0,,,,群,四星
100925,100925,200,162,3,0,0,0,0,0,0,0,0,0,0,200184,0,0,0,0,0,0,0,0,0,0,0,0,0,0,0,0,0,0,5,3,0,1,1,0,0,0,0,0,"2,162",3,重垣军,,郝昭所率的步兵队伍，擅筑工事，雷厉风行,?,,,,0,,,,群,四星
100926,100926,200,163,3,0,0,0,0,0,0,0,0,0,0,200184,0,0,0,0,0,0,0,0,0,0,0,0,0,0,0,0,0,0,5,3,0,1,1,0,0,0,0,0,"3,163",3,伏龙军,,诸葛亮所率的骑兵队伍，擅排兵布阵，隐显莫测,?,,,,0,,,,群,四星
100927,100927,100,3,3,800,800,800,800,800,8,8,8,8,8,200184,0,0,0,0,0,0,0,0,0,0,0,0,0,0,0,0,0,0,1,4,0,0,0,0,0,0,0,0,,,麦子,,汪！（开心）汪汪！（超开心）\n——《三国的星空第一部》电影角色：麦子,2025,,,,10092701,,,,汉,五星
100928,100928,200,173,3,0,0,0,0,0,0,0,0,0,0,200184,0,0,0,0,0,0,0,0,0,0,0,0,0,0,0,0,0,0,5,3,0,1,1,0,0,0,0,0,"3,173",3,木牛流马,,木牛流马，为三国时期蜀汉丞相诸葛亮发明的运输工具,?,,,,0,,,,群,四星
100929,100929,200,172,3,0,0,0,0,0,0,0,0,0,0,200184,0,0,0,0,0,0,0,0,0,0,0,0,0,0,0,0,0,0,5,3,0,1,1,0,0,0,0,0,"2,172",3,白衣死士,,白衣死士，为司马懿暗中培养的精锐部队，实力超群,?,,,,0,,,,群,四星
100930,100930,100,3,3,800,800,800,800,800,8,8,8,8,8,200184,0,0,0,0,0,0,0,0,0,0,0,0,0,0,0,0,0,0,5,4,0,0,0,0,0,0,0,0,3,,开国之才,,开国之才,2025,,,,0,,,,群,五星
101000,101000,100,2,3,900,900,900,900,900,9,9,9,9,9,200108,0,0,0,0,1000,1209600,0,0,0,0,0,0,0,0,0,0,0,0,5,4,0,1,0,0,0,0,0,0,2,8,聊天气泡·结,,@【聊天气泡·结】@\n·使用后，可使自己在聊天频道、信件发言时的聊天气泡样式变更\n·外观变更期间，可取消使用，恢复默认外观\n·外观将会在购买后的~20天~后消失,?,,,,0,,,,群,五星
101001,101001,100,2,3,900,900,900,900,900,9,9,9,9,9,200108,0,0,0,0,1001,604800,0,0,0,0,0,0,0,0,0,0,0,0,5,4,0,1,0,0,0,0,0,0,2,8,聊天气泡·灯,,@【聊天气泡·灯】@\n·使用后，可使自己在聊天频道、信件发言时的聊天气泡样式变更\n·外观变更期间，可取消使用，恢复默认外观\n·外观将会在获得后的~7天~后消失,?,,,,0,,,,群,五星
101002,101002,100,2,3,900,900,900,900,900,9,9,9,9,9,200108,0,0,0,0,2000,1728000,0,0,0,0,0,0,0,0,0,0,0,0,5,4,0,1,0,0,0,0,0,0,2,8,主城名框·结,,@【主城名框·结】@\n·使用后，可使主城名框样式变更\n·外观变更期间，可取消使用，恢复默认外观\n·外观将会在购买后的~20天~后消失,?,,,,0,,,,群,五星
101003,101003,100,2,3,900,900,900,900,900,9,9,9,9,9,200108,0,0,0,0,2001,1728000,0,0,0,0,0,0,0,0,0,0,0,0,5,4,0,1,0,0,0,0,0,0,2,8,主城名框·率,,@【主城名框·率】@\n·使用后，可使主城名框样式变更\n·外观变更期间，可取消使用，恢复默认外观\n·外观将会在购买后的~20天~后消失,?,,,,0,,,,群,五星
101004,101004,100,2,3,900,900,900,900,900,9,9,9,9,9,200108,0,0,0,0,3000,1728000,0,0,0,0,0,0,0,0,0,0,0,0,5,4,0,1,0,0,0,0,0,0,2,8,分城名框·竹,,@【分城名框·竹】@\n·使用后，可使分城名框样式变更\n·外观变更期间，可取消使用，恢复默认外观\n·外观将会在购买后的~20天~后消失,?,,,,0,,,,群,五星
101005,101005,100,2,3,900,900,900,900,900,9,9,9,9,9,200108,0,0,0,0,3001,1728000,0,0,0,0,0,0,0,0,0,0,0,0,5,4,0,1,0,0,0,0,0,0,2,8,分城名框·醇酒,,@【分城名框·醇酒】@\n·使用后，可使分城名框样式变更\n·外观变更期间，可取消使用，恢复默认外观\n·外观将会在购买后的~20天~后消失,?,,,,0,,,,群,五星
101006,101006,100,2,3,900,900,900,900,900,9,9,9,9,9,200108,0,0,0,0,4000,1728000,0,0,0,0,0,0,0,0,0,0,0,0,5,4,0,1,0,0,0,0,0,0,2,8,信件背景·决战,,@【信件背景·决战】@\n·使用后，可使信件背景样式变更\n·个人聊天背景仅自己可见，群发信件背景全成员可见\n·外观变更期间，可取消使用，恢复默认外观\n·外观将会在购买后的~20天~后消失,?,,,,0,,,,群,五星
101007,101007,100,2,3,900,900,900,900,900,9,9,9,9,9,200108,0,0,0,0,4001,1209600,0,0,0,0,0,0,0,0,0,0,0,0,5,4,0,1,0,0,0,0,0,0,2,8,信件背景·兵临,,@【信件背景·兵临】@\n·使用后，可使信件背景样式变更\n·个人聊天背景仅自己可见，群发信件背景全成员可见\n·外观变更期间，可取消使用，恢复默认外观\n·外观将会在购买后的~20天~后消失,?,,,,0,,,,群,五星
101008,101008,100,2,3,900,900,900,900,900,9,9,9,9,9,200108,0,0,0,0,1002,1728000,0,0,0,0,0,0,0,0,0,0,0,0,5,4,0,1,0,0,0,0,0,0,2,8,聊天气泡·爆竹,,@【聊天气泡·爆竹】@\n·使用后，可使自己在聊天频道、信件发言时的聊天气泡样式变更\n·外观变更期间，可取消使用，恢复默认外观\n·外观将会在购买后的~20天~后消失,?,,,,0,,,,群,五星
101009,101009,100,2,3,900,900,900,900,900,9,9,9,9,9,200108,0,0,0,0,1003,1728000,0,0,0,0,0,0,0,0,0,0,0,0,5,4,0,1,0,0,0,0,0,0,2,8,聊天气泡·锦鲤,,@【聊天气泡·锦鲤】@\n·使用后，可使自己在聊天频道、信件发言时的聊天气泡样式变更\n·外观变更期间，可取消使用，恢复默认外观\n·外观将会在购买后的~20天~后消失,?,,,,0,,,,群,五星
101010,101010,100,2,3,900,900,900,900,900,9,9,9,9,9,200108,0,0,0,0,1004,1728000,0,0,0,0,0,0,0,0,0,0,0,0,5,4,0,1,0,0,0,0,0,0,2,8,聊天气泡·舞狮,,@【聊天气泡·舞狮】@\n·使用后，可使自己在聊天频道、信件发言时的聊天气泡样式变更\n·外观变更期间，可取消使用，恢复默认外观\n·外观将会在购买后的~20天~后消失,?,,,,0,,,,群,五星
101011,101011,100,2,3,900,900,900,900,900,9,9,9,9,9,200108,0,0,0,0,3002,1728000,0,0,0,0,0,0,0,0,0,0,0,0,5,4,0,1,0,0,0,0,0,0,2,8,分城名框·锦鲤,,@【分城名框·锦鲤】@\n·使用后，可使分城名框样式变更\n·外观变更期间，可取消使用，恢复默认外观\n·外观将会在购买后的~20天~后消失,?,,,,0,,,,群,五星
101012,101012,100,2,3,900,900,900,900,900,9,9,9,9,9,200108,0,0,0,0,2002,1728000,0,0,0,0,0,0,0,0,0,0,0,0,5,4,0,1,0,0,0,0,0,0,2,8,主城名框·瑞雪,,@【主城名框·瑞雪】@\n·使用后，可使主城名框样式变更\n·外观变更期间，可取消使用，恢复默认外观\n·外观将会在购买后的~20天~后消失,?,,,,0,,,,群,五星
101013,101013,100,2,3,900,900,900,900,900,9,9,9,9,9,200108,0,0,0,0,4002,1728000,0,0,0,0,0,0,0,0,0,0,0,0,5,4,0,1,0,0,0,0,0,0,2,8,信件背景·春,,@【信件背景·春】@\n·使用后，可使信件背景样式变更\n·个人聊天背景仅自己可见，群发信件背景全成员可见\n·外观变更期间，可取消使用，恢复默认外观\n·外观将会在购买后的~20天~后消失,?,,,,0,,,,群,五星
101015,101015,100,2,3,900,900,900,900,900,9,9,9,9,9,200108,0,0,0,0,2003,1728000,0,0,0,0,0,0,0,0,0,0,0,0,5,4,0,1,0,0,0,0,0,0,2,8,主城名框·神射,,@【主城名框·神射】@\n·使用后，可使主城名框样式变更\n·外观变更期间，可取消使用，恢复默认外观\n·外观将会在获得后的~20天~后消失,?,,,,0,,,,群,五星
101016,101016,100,2,3,900,900,900,900,900,9,9,9,9,9,200108,0,0,0,0,1010,1728000,0,0,0,0,0,0,0,0,0,0,0,0,5,4,0,1,0,0,0,0,0,0,2,8,聊天气泡·端午,,@【聊天气泡·端午】@\n·使用后，可变更自己在聊天频道、信件发言时的聊天气泡样式\n·外观变更期间，可取消使用，恢复默认外观\n·将会在获得的~20天~后消失,?,,,,0,,,,群,五星
101017,101017,100,2,3,900,900,900,900,900,9,9,9,9,9,200108,0,0,0,0,2011,1728000,0,0,0,0,0,0,0,0,0,0,0,0,5,4,0,1,0,0,0,0,0,0,2,8,主城名框·端午,,@【主城名框·端午】@\n·使用后，可使主城名框样式变更\n·外观变更期间，可取消使用，恢复默认外观\n·将会在获得的~20天~后消失,?,,,,0,,,,群,五星
101018,101018,100,2,3,900,900,900,900,900,9,9,9,9,9,200108,0,0,0,0,5000,1728000,0,0,0,0,0,0,0,0,0,0,0,0,5,4,0,1,0,0,0,0,0,0,2,8,行军外观·龙舟,,@【行军外观·龙舟】@\n·使用后，可使行军部队经过河流时的外观变更为龙舟\n·外观变更期间，可取消使用，恢复默认外观\n·将会在获得的~20天~后消失,?,,,,0,,,,群,五星
101022,101022,100,2,3,900,900,900,900,900,9,9,9,9,9,200108,0,0,0,0,1006,1728000,0,0,0,0,0,0,0,0,0,0,0,0,5,4,0,1,0,0,0,0,0,0,2,8,聊天气泡·令,,@【聊天气泡·令】@\n·使用后，可使自己在聊天频道、信件发言时的聊天气泡样式变更\n·外观变更期间，可取消使用，恢复默认外观\n·外观将会在购买后的~20天~后消失,?,,,,0,,,,群,五星
101023,101023,100,2,3,900,900,900,900,900,9,9,9,9,9,200108,0,0,0,0,2005,1728000,0,0,0,0,0,0,0,0,0,0,0,0,5,4,0,1,0,0,0,0,0,0,2,8,主城名框·旌旗,,@【主城名框·旌旗】@\n·使用后，可使主城名框样式变更\n·外观变更期间，可取消使用，恢复默认外观\n·外观将会在购买后的~20天~后消失,?,,,,0,,,,群,五星
101024,101024,100,2,3,900,900,900,900,900,9,9,9,9,9,200108,0,0,0,0,3003,1728000,0,0,0,0,0,0,0,0,0,0,0,0,5,4,0,1,0,0,0,0,0,0,2,8,分城名框·号,,@【分城名框·号】@\n·使用后，可使分城名框样式变更\n·外观变更期间，可取消使用，恢复默认外观\n·外观将会在购买后的~20天~后消失,?,,,,0,,,,群,五星
101025,101025,100,2,3,900,900,900,900,900,9,9,9,9,9,200108,0,0,0,0,4003,1209600,0,0,0,0,0,0,0,0,0,0,0,0,5,4,0,1,0,0,0,0,0,0,2,8,信件背景·雄兵,,@【信件背景·雄兵】@\n·使用后，可使信件背景样式变更\n·个人聊天背景仅自己可见，群发信件背景全成员可见\n·外观变更期间，可取消使用，恢复默认外观\n·外观将会在购买后的~20天~后消失,?,,,,0,,,,群,五星
101026,101026,100,2,3,900,900,900,900,900,9,9,9,9,9,200108,0,0,0,0,4004,1209600,0,0,0,0,0,0,0,0,0,0,0,0,5,4,0,1,0,0,0,0,0,0,2,8,信件背景·对弈,,@【信件背景·对弈】@\n·使用后，可使信件背景样式变更\n·个人聊天背景仅自己可见，群发信件背景全成员可见\n·外观变更期间，可取消使用，恢复默认外观\n·外观将会在购买后的~20天~后消失,?,,,,0,,,,群,五星
101027,101027,100,2,3,900,900,900,900,900,9,9,9,9,9,200108,0,0,0,0,5001,1728000,0,0,0,0,0,0,0,0,0,0,0,0,5,4,0,1,0,0,0,0,0,0,2,8,行军外观·四载,,@【行军外观·四载】@\n·使用后，可使行军部队在陆地行军时的外观样式变更\n·外观变更期间，可取消使用，恢复默认外观\n·将会在获得的~20天~后消失,?,,,,0,,,,群,五星
101028,101028,100,2,3,900,900,900,900,900,9,9,9,9,9,200108,0,0,0,0,2006,1728000,0,0,0,0,0,0,0,0,0,0,0,0,5,4,0,1,0,0,0,0,0,0,2,8,主城名框·扇,,@【主城名框·扇】@\n·使用后，可使主城名框样式变更\n·外观变更期间，可取消使用，恢复默认外观\n·外观将会在购买后的~20天~后消失,?,,,,0,,,,群,五星
101029,101029,100,2,3,900,900,900,900,900,9,9,9,9,9,200108,0,0,0,0,3004,1728000,0,0,0,0,0,0,0,0,0,0,0,0,5,4,0,1,0,0,0,0,0,0,2,8,分城名框·灯彩,,@【分城名框·灯彩】@\n·使用后，可使分城名框样式变更\n·外观变更期间，可取消使用，恢复默认外观\n·外观将会在购买后的~20天~后消失,?,,,,0,,,,群,五星
101030,101030,100,2,3,900,900,900,900,900,9,9,9,9,9,200108,0,0,0,0,4005,1728000,0,0,0,0,0,0,0,0,0,0,0,0,5,4,0,1,0,0,0,0,0,0,2,8,信件背景·朝市,,@【信件背景·朝市】@\n·使用后，可使信件背景样式变更\n·个人聊天背景仅自己可见，群发信件背景全成员可见\n·外观变更期间，可取消使用，恢复默认外观\n·外观将会在购买后的~20天~后消失,?,,,,0,,,,群,五星
101031,101031,100,2,3,900,900,900,900,900,9,9,9,9,9,200108,0,0,0,0,4006,1728000,0,0,0,0,0,0,0,0,0,0,0,0,5,4,0,1,0,0,0,0,0,0,2,8,信件背景·庆贺,,@【信件背景·庆贺】@\n·使用后，可使信件背景样式变更\n·个人聊天背景仅自己可见，群发信件背景全成员可见\n·外观变更期间，可取消使用，恢复默认外观\n·外观将会在购买后的~20天~后消失,?,,,,0,,,,群,五星
101033,101033,100,2,3,900,900,900,900,900,9,9,9,9,9,200108,0,0,0,0,5003,1728000,0,0,0,0,0,0,0,0,0,0,0,0,5,4,0,1,0,0,0,0,0,0,2,8,行军外观·舞狮,,@【行军外观·舞狮】@\n·使用后，可使行军部队在陆地行军时的外观样式变更\n·外观变更期间，可取消使用，恢复默认外观\n·将会在获得的~20天~后消失,?,,,,0,,,,群,五星
101034,101034,100,2,3,900,900,900,900,900,9,9,9,9,9,200108,0,0,0,0,1007,1728000,0,0,0,0,0,0,0,0,0,0,0,0,5,4,0,1,0,0,0,0,0,0,2,8,聊天气泡·赡智,,@【聊天气泡·赡智】@\n·使用后，可使自己在聊天频道、信件发言时的聊天气泡样式变更\n·外观变更期间，可取消使用，恢复默认外观\n·外观将会在获得后的~20天~后消失,?,,,,0,,,,群,五星
101035,101035,100,2,3,900,900,900,900,900,9,9,9,9,9,200108,0,0,0,0,2007,1728000,0,0,0,0,0,0,0,0,0,0,0,0,5,4,0,1,0,0,0,0,0,0,2,8,主城名框·赡智,,@【主城名框·赡智】@\n·使用后，可使主城名框样式变更\n·外观变更期间，可取消使用，恢复默认外观\n·外观将会在获得后的~20天~后消失,?,,,,0,,,,群,五星
101037,101037,100,2,3,900,900,900,900,900,9,9,9,9,9,200108,0,0,0,0,1008,1728000,0,0,0,0,0,0,0,0,0,0,0,0,5,4,0,1,0,0,0,0,0,0,2,8,聊天气泡·弈,,@【聊天气泡·弈】@\n·使用后，可使自己在聊天频道、信件发言时的聊天气泡样式变更\n·外观变更期间，可取消使用，恢复默认外观\n·外观将会在获得后的~20天~后消失,?,,,,0,,,,群,五星
101038,101038,100,2,3,900,900,900,900,900,9,9,9,9,9,200108,0,0,0,0,1009,1728000,0,0,0,0,0,0,0,0,0,0,0,0,5,4,0,1,0,0,0,0,0,0,2,8,聊天气泡·力勤,,@【聊天气泡·力勤】@\n·使用后，可使自己在聊天频道、信件发言时的聊天气泡样式变更\n·外观变更期间，可取消使用，恢复默认外观\n·外观将会在获得后的~20天~后消失,?,,,,0,,,,群,五星
101039,101039,100,2,3,900,900,900,900,900,9,9,9,9,9,200108,0,0,0,0,2008,1728000,0,0,0,0,0,0,0,0,0,0,0,0,5,4,0,1,0,0,0,0,0,0,2,8,主城名框·力勤,,@【主城名框·力勤】@\n·使用后，可使主城名框样式变更\n·外观变更期间，可取消使用，恢复默认外观\n·外观将会在获得后的~20天~后消失,?,,,,0,,,,群,五星
101040,101040,100,2,3,900,900,900,900,900,9,9,9,9,9,200108,0,0,0,0,7001,1728000,0,0,0,0,0,0,0,0,0,0,0,0,5,4,0,1,0,0,0,0,0,0,2,8,头像框·力勤,,@【头像框·力勤】@\n·使用后，可使头像框样式变更\n·外观变更期间，可取消使用，恢复默认外观\n·外观将会在获得后的~20天~后消失,?,,,,0,,,,群,五星
101041,101041,100,2,3,900,900,900,900,900,9,9,9,9,9,200108,0,0,0,0,4011,1728000,0,0,0,0,0,0,0,0,0,0,0,0,5,4,0,1,0,0,0,0,0,0,2,8,信件背景·端午,,@【信件背景·端午】@\n·使用后，可使信件背景样式变更\n·个人聊天背景仅自己可见，群发信件背景全成员可见\n·外观变更期间，可取消使用，恢复默认外观\n·外观将会在获得后的~20天~后消失,?,,,,0,,,,群,五星
101042,101042,100,2,3,900,900,900,900,900,9,9,9,9,9,200108,0,0,0,0,7002,1728000,0,0,0,0,0,0,0,0,0,0,0,0,5,4,0,1,0,0,0,0,0,0,2,8,头像框·端午,,@【头像框·端午】@\n·使用后，可使头像框样式变更\n·外观变更期间，可取消使用，恢复默认外观\n·外观将会在获得后的~20天~后消失,?,,,,0,,,,群,五星
101043,101043,100,2,3,900,900,900,900,900,9,9,9,9,9,200108,0,0,0,0,7003,0,0,0,0,0,0,0,250,0,0,0,0,0,5,4,0,1,0,0,0,0,0,0,2,8,头像框·名胜,,@【头像框·名胜】@\n·使用后，可使头像框样式变更\n·外观变更期间，可取消使用，恢复默认外观,?,,,,0,,,,群,五星
101044,101044,100,2,3,900,900,900,900,900,9,9,9,9,9,200108,0,0,0,0,1011,1728000,0,0,0,0,0,0,0,0,0,0,0,0,5,4,0,1,0,0,0,0,0,0,2,8,聊天气泡·沙场,,@【聊天气泡·沙场】@\n·使用后，可使聊天气泡样式变更\n·外观变更期间，可取消使用，恢复默认外观\n·外观将会在获得后的~20天~后消失,?,,,,0,,,,群,五星
101045,101045,100,2,3,900,900,900,900,900,9,9,9,9,9,200108,0,0,0,0,7004,604800,0,0,0,0,0,0,0,0,0,0,0,0,5,4,0,1,0,0,0,0,0,0,2,8,头像框·沙场,,@【头像框·沙场】@\n·使用后，可使头像框样式变更\n·外观变更期间，可取消使用，恢复默认外观\n·外观将会在获得后的~7天~后消失,?,,,,0,,,,群,五星
101046,101046,100,2,3,900,900,900,900,900,9,9,9,9,9,200108,0,0,0,0,1012,1728000,0,0,0,0,0,0,0,0,0,0,0,0,5,4,0,1,0,0,0,0,0,0,2,8,聊天气泡·中秋,,@【聊天气泡·中秋】@\n·使用后，可使聊天气泡样式变更\n·外观变更期间，可取消使用，恢复默认外观\n·外观将会在获得后的~20天~后消失,?,,,,0,,,,群,五星
101047,101047,100,2,3,900,900,900,900,900,9,9,9,9,9,200108,0,0,0,0,4016,1728000,0,0,0,0,0,0,0,0,0,0,0,0,5,4,0,1,0,0,0,0,0,0,2,8,信件背景·中秋,,@【信件背景·中秋】@\n·使用后，可使信件背景样式变更\n·个人聊天背景仅自己可见，群发信件背景全成员可见\n·外观变更期间，可取消使用，恢复默认外观\n·外观将会在获得后的~20天~后消失,?,,,,0,,,,群,五星
101048,101048,100,2,3,900,900,900,900,900,9,9,9,9,9,200108,0,0,0,0,1013,1728000,0,0,0,0,0,0,0,0,0,0,0,0,5,4,0,1,0,0,0,0,0,0,2,8,聊天气泡·五载,,@【聊天气泡·五载】@\n·使用后，可使自己在聊天频道、信件发言时的聊天气泡样式变更\n·外观变更期间，可取消使用，恢复默认外观\n·外观将会在获得后的~20天~后消失,?,,,,0,,,,群,五星
101049,101049,100,2,3,900,900,900,900,900,9,9,9,9,9,200108,0,0,0,0,4018,1728000,0,0,0,0,0,0,0,0,0,0,0,0,5,4,0,1,0,0,0,0,0,0,2,8,信件背景·五载,,@【信件背景·五载】@\n·使用后，可使信件背景样式变更\n·个人聊天背景仅自己可见，群发信件背景全成员可见\n·外观变更期间，可取消使用，恢复默认外观\n·外观将会在获得后的~20天~后消失,?,,,,0,,,,群,五星
101050,101050,100,2,3,900,900,900,900,900,9,9,9,9,9,200108,0,0,0,0,5004,1728000,0,0,0,0,0,0,0,0,0,0,0,0,5,4,0,1,0,0,0,0,0,0,2,8,行军外观·赤兔,,@【行军外观·赤兔】@\n·使用后，可使行军部队在陆地行军时的外观样式变更\n·外观变更期间，可取消使用，恢复默认外观\n·将会在获得的~20天~后消失,?,,,,0,,,,群,五星
101051,101051,100,2,3,900,900,900,900,900,9,9,9,9,9,200108,0,0,0,0,2009,1728000,0,0,0,0,0,0,0,0,0,0,0,0,5,4,0,1,0,0,0,0,0,0,2,8,主城名框·五载,,@【主城名框·五载】@\n·使用后，可使主城名框样式变更\n·外观变更期间，可取消使用，恢复默认外观\n·外观将会在获得后的~20天~后消失,?,,,,0,,,,群,五星
101052,101052,100,2,3,900,900,900,900,900,9,9,9,9,9,200108,0,0,0,0,3005,1728000,0,0,0,0,0,0,0,0,0,0,0,0,5,4,0,1,0,0,0,0,0,0,2,8,分城名框·五载,,@【分城名框·五载】@\n·使用后，可使分城名框样式变更\n·外观变更期间，可取消使用，恢复默认外观\n·外观将会在购买后的~20天~后消失,?,,,,0,,,,群,五星
101053,101053,100,2,3,900,900,900,900,900,9,9,9,9,9,200108,0,0,0,0,7005,1728000,0,0,0,0,0,0,0,0,0,0,0,0,5,4,0,1,0,0,0,0,0,0,2,8,头像框·庆,,@【头像框·庆】@\n·使用后，可使头像框样式变更\n·外观变更期间，可取消使用，恢复默认外观\n·外观将会在获得后的~20天~后消失,?,,,,0,,,,群,五星
101055,101055,100,2,3,900,900,900,900,900,9,9,9,9,9,200108,0,0,0,0,10001,1728000,0,0,0,0,0,0,0,0,0,0,0,0,5,4,0,1,0,0,0,0,0,0,2,8,行军线·剑,,@【行军线·剑】@\n·使用后，可使部队的行军线样式变更\n·外观变更期间，可取消使用，恢复默认外观\n·外观将会在获得后的~20天~后消失,?,,,,0,,,,群,五星
101057,101057,100,2,3,900,900,900,900,900,9,9,9,9,9,200108,0,0,0,0,7006,1728000,0,0,0,0,0,0,0,0,0,0,0,0,5,4,0,1,0,0,0,0,0,0,2,8,头像框 · 号,,@【头像框·号】@\n·使用后，可使头像框样式变更\n·外观变更期间，可取消使用，恢复默认外观\n·外观将会在获得后的~20天~后消失,?,,,,0,,,,群,五星
101058,101058,100,2,3,900,900,900,900,900,9,9,9,9,9,200108,0,0,0,0,7007,2592000,0,0,0,0,0,0,0,0,0,0,0,0,5,4,0,1,0,0,0,0,0,0,2,8,头像框 · 公益,,@【头像框·公益】@\n·使用后，可使头像框样式变更\n·外观变更期间，可取消使用，恢复默认外观\n·外观将会在获得后的~30天~后消失,?,,,,0,,,,群,五星
101059,101059,100,2,3,900,900,900,900,900,9,9,9,9,9,200108,0,0,0,0,2010,1728000,0,0,0,0,0,0,0,0,0,0,0,0,5,4,0,1,0,0,0,0,0,0,2,8,主城名框·福桔,,@【主城名框·福桔】@\n·使用后，可使主城名框样式变更\n·外观变更期间，可取消使用，恢复默认外观\n·外观将会在获得后的~20天~后消失,?,,,,0,,,,群,五星
101060,101060,100,2,3,900,900,900,900,900,9,9,9,9,9,200108,0,0,0,0,3006,1728000,0,0,0,0,0,0,0,0,0,0,0,0,5,4,0,1,0,0,0,0,0,0,2,8,分城名框·焰火,,@【分城名框·焰火】@\n·使用后，可使分城名框样式变更\n·外观变更期间，可取消使用，恢复默认外观\n·外观将会在购买后的~20天~后消失,?,,,,0,,,,群,五星
101061,101061,100,2,3,900,900,900,900,900,9,9,9,9,9,200108,0,0,0,0,4101,1728000,0,0,0,0,0,0,0,0,0,0,0,0,5,4,0,1,0,0,0,0,0,0,2,8,信件背景·舞龙,,@【信件背景·舞龙】@\n·使用后，可使信件背景样式变更\n·个人聊天背景仅自己可见，群发信件背景全成员可见\n·外观变更期间，可取消使用，恢复默认外观\n·外观将会在购买后的~20天~后消失,?,,,,0,,,,群,五星
101062,101062,100,2,3,900,900,900,900,900,9,9,9,9,9,200108,0,0,0,0,4102,1728000,0,0,0,0,0,0,0,0,0,0,0,0,5,4,0,1,0,0,0,0,0,0,2,8,信件背景·团圆,,@【信件背景·团圆】@\n·使用后，可使信件背景样式变更\n·个人聊天背景仅自己可见，群发信件背景全成员可见\n·外观变更期间，可取消使用，恢复默认外观\n·外观将会在购买后的~20天~后消失,?,,,,0,,,,群,五星
101063,101063,100,2,3,900,900,900,900,900,9,9,9,9,9,200108,0,0,0,0,7101,1728000,0,0,0,0,0,0,0,0,0,0,0,0,5,4,0,1,0,0,0,0,0,0,2,8,头像框-腊梅,,@【头像框·腊梅】@\n·使用后，可使头像框样式变更\n·外观变更期间，可取消使用，恢复默认外观\n·外观将会在获得后的~20天~后消失,?,,,,0,,,,群,五星
101064,101064,100,2,3,900,900,900,900,900,9,9,9,9,9,200108,0,0,0,0,11001,1728000,0,0,0,0,0,0,0,0,0,0,0,0,5,4,0,1,0,0,0,0,0,0,2,8,要塞名框·爆竹,,@【要塞名框·爆竹】@\n·使用后，可使要塞名框样式变更\n·外观变更期间，可取消使用，恢复默认外观\n·外观将会在获得后的~20天~后消失,?,,,,0,,,,群,五星
101065,101065,100,2,3,900,900,900,900,900,9,9,9,9,9,200108,0,0,0,0,13001,1728000,0,0,0,0,0,0,0,0,0,0,0,0,5,4,0,1,0,0,0,0,0,0,2,8,行军目的地·战旗,,@【行军目的地·战旗】@\n·使用后，可使部队的行军目的地旗帜样式变更\n·外观变更期间，可取消使用，恢复默认外观\n·外观将会在获得后的~20天~后消失,?,,,,0,,,,群,五星
101066,101066,100,2,3,900,900,900,900,900,9,9,9,9,9,200108,0,0,0,0,12001,1728000,0,0,0,0,0,0,0,0,0,0,0,0,5,4,0,1,0,0,0,0,0,0,2,8,要塞皮肤·角楼,,@【要塞皮肤·角楼】@\n·使用后，可使要塞外观样式变更\n·外观变更期间，可取消使用，恢复默认外观\n·外观将会在获得后的~20天~后消失,?,,,,0,,,,群,五星
101067,101067,100,2,3,900,900,900,900,900,9,9,9,9,9,200108,0,0,0,0,9001,1728000,0,0,0,0,0,0,0,0,0,0,0,0,5,4,0,1,0,0,0,0,0,0,2,8,主城特效·风筝,,@【主城特效·风筝】@\n·使用后，可使主城增加新的特效\n·外观变更期间，可取消使用，恢复默认外观\n·外观将会在获得后的~20天~后消失,?,,,,0,,,,群,五星
101068,101068,100,2,3,900,900,900,900,900,9,9,9,9,9,200108,0,0,0,0,10002,1728000,0,0,0,0,0,0,0,0,0,0,0,0,5,4,0,1,0,0,0,0,0,0,2,8,行军线·箭头,,@【行军线·箭头】@\n·使用后，可使部队的行军线样式变更\n·外观变更期间，可取消使用，恢复默认外观\n·外观将会在获得后的~20天~后消失,?,,,,0,,,,群,五星
101069,101069,100,2,3,900,900,900,900,900,9,9,9,9,9,200108,0,0,0,0,1014,1728000,0,0,0,0,0,0,0,0,0,0,0,0,5,4,0,1,0,0,0,0,0,0,2,8,聊天气泡·贺年,,@【聊天气泡·贺年】@\n·使用后，可使自己在聊天频道、信件发言时的聊天气泡样式变更\n·外观变更期间，可取消使用，恢复默认外观\n·外观将会在获得后的~20天~后消失,?,,,,0,,,,群,五星
101070,101070,100,2,3,900,900,900,900,900,9,9,9,9,9,200108,0,0,0,0,1015,1728000,0,0,0,0,0,0,0,0,0,0,0,0,5,4,0,1,0,0,0,0,0,0,2,8,聊天气泡·元宵,,@【聊天气泡·元宵】@\n·使用后，可使聊天气泡样式变更\n·外观变更期间，可取消使用，恢复默认外观\n·外观将会在获得后的~20天~后消失,?,,,,0,,,,群,五星
101071,101071,100,2,3,900,900,900,900,900,9,9,9,9,9,200108,0,0,0,0,7102,1728000,0,0,0,0,0,0,0,0,0,0,0,0,5,4,0,1,0,0,0,0,0,0,2,8,头像框-元宵,,@【头像框·元宵】@\n·使用后，可使头像框样式变更\n·外观变更期间，可取消使用，恢复默认外观\n·外观将会在获得后的~20天~后消失,?,,,,0,,,,群,五星
101072,101072,100,2,3,900,900,900,900,900,9,9,9,9,9,200108,0,0,0,0,9002,1728000,0,0,0,0,0,0,0,0,0,0,0,0,5,4,0,1,0,0,0,0,0,0,2,8,主城特效-元宵,,@【主城特效·元宵】@\n·使用后，可使主城增加新的特效\n·外观变更期间，可取消使用，恢复默认外观\n·外观将会在获得后的~20天~后消失,?,,,,0,,,,群,五星
101073,101073,100,2,3,900,900,900,900,900,9,9,9,9,9,200108,0,0,0,0,5005,0,0,0,0,0,0,0,0,0,0,0,0,0,5,4,0,1,1,0,0,0,0,0,2,8,禁军,,@【兵种行军外观·禁军】@\n·获得传国玉玺的玩家将获得此外观并自由选择对任意武将武将使用\n·传国玉玺易主后，该外观将消失，恢复默认外观,?,,,,0,,,,群,五星
101074,101074,100,2,3,900,900,900,900,900,9,9,9,9,9,200108,0,0,0,0,9003,1728000,0,0,0,0,0,0,0,0,0,0,0,0,5,4,0,1,0,0,0,0,0,0,2,8,主城特效-春分一,,@【主城特效·春分一】@\n·使用后，可使主城增加新的风筝的特效\n·外观变更期间，可取消使用，恢复默认外观\n·外观将会在获得后的~20天~后消失,?,,,,0,,,,群,五星
101075,101075,100,2,3,900,900,900,900,900,9,9,9,9,9,200108,0,0,0,0,9004,1728000,0,0,0,0,0,0,0,0,0,0,0,0,5,4,0,1,0,0,0,0,0,0,2,8,主城特效-春分二,,@【主城特效·春分二】@\n·使用后，可使主城增加新的风筝的特效\n·外观变更期间，可取消使用，恢复默认外观\n·外观将会在获得后的~20天~后消失,?,,,,0,,,,群,五星
101076,101076,100,2,3,900,900,900,900,900,9,9,9,9,9,200108,0,0,0,0,9005,1728000,0,0,0,0,0,0,0,0,0,0,0,0,5,4,0,1,0,0,0,0,0,0,2,8,主城特效-春分三,,@【主城特效·春分三】@\n·使用后，可使主城增加新的风筝的特效\n·外观变更期间，可取消使用，恢复默认外观\n·外观将会在获得后的~20天~后消失,?,,,,0,,,,群,五星
101077,101077,100,2,3,900,900,900,900,900,9,9,9,9,9,200108,0,0,0,0,7102,0,0,0,0,0,0,0,250,0,0,0,0,0,5,4,0,1,0,0,0,0,0,0,2,8,头像框·胜景,,@【头像框·胜景】@\n·使用后，可使头像框样式变更\n·外观变更期间，可取消使用，恢复默认外观,?,,,,0,,,,群,五星
101078,101078,100,2,3,900,900,900,900,900,9,9,9,9,9,200108,0,0,0,0,7102,1728000,0,0,0,0,0,0,0,0,0,0,0,0,5,4,0,1,0,0,0,0,0,0,2,8,头像框-箭无虚发,,@【头像框·箭无虚发】@\n·使用后，可使头像框样式变更\n·外观变更期间，可取消使用，恢复默认外观\n·外观将会在获得后的~20天~后消失,?,,,,0,,,,群,五星
101079,101079,100,2,3,900,900,900,900,900,9,9,9,9,9,200108,0,0,0,0,1016,1728000,0,0,0,0,0,0,0,0,0,0,0,0,5,4,0,1,0,0,0,0,0,0,2,8,聊天气泡·韬略,,@【聊天气泡·韬略】@\n·使用后，可使聊天气泡样式变更\n·外观变更期间，可取消使用，恢复默认外观\n·外观将会在获得后的~20天~后消失,?,,,,0,,,,群,五星
101080,101080,100,2,3,900,900,900,900,900,9,9,9,9,9,200108,0,0,0,0,7104,1728000,0,0,0,0,0,0,0,0,0,0,0,0,5,4,0,1,0,0,0,0,0,0,2,8,头像框·五舸争流,,@【头像框·五舸争流】@\n·使用后，可使头像框样式变更\n·外观变更期间，可取消使用，恢复默认外观,?,,,,0,,,,群,五星
101081,101081,100,2,3,900,900,900,900,900,9,9,9,9,9,200108,0,0,0,0,7104,1728000,0,0,0,0,0,0,0,0,0,0,0,0,5,4,0,1,0,0,0,0,0,0,2,8,头像框·中秋,,@【头像框·中秋】@\n·使用后，可使头像框样式变更\n·外观变更期间，可取消使用，恢复默认外观,?,,,,0,,,,群,五星
101082,101082,100,2,3,900,900,900,900,900,9,9,9,9,9,200108,0,0,0,0,1017,1728000,0,0,0,0,0,0,0,0,0,0,0,0,5,4,0,1,0,0,0,0,0,0,2,8,聊天气泡·正秋,,@【聊天气泡·正秋】@\n·使用后，可使聊天气泡样式变更\n·外观变更期间，可取消使用，恢复默认外观\n·外观将会在获得后的~20天~后消失,?,,,,0,,,,群,五星
101083,101083,100,2,3,900,900,900,900,900,9,9,9,9,9,200108,0,0,0,0,7105,1728000,0,0,0,0,0,0,0,0,0,0,0,0,5,4,0,1,0,0,0,0,0,0,2,8,头像框·正秋,,@【头像框·正秋】@\n·使用后，可使头像框样式变更\n·外观变更期间，可取消使用，恢复默认外观\n·外观将会在获得后的~20天~后消失,?,,,,0,,,,群,五星
101084,101084,100,2,3,900,900,900,900,900,9,9,9,9,9,200108,0,0,0,0,1018,1728000,0,0,0,0,0,0,0,0,0,0,0,0,5,4,0,1,0,0,0,0,0,0,2,8,聊天气泡·六载,,@【聊天气泡·六载】@\n·使用后，可使聊天气泡样式变更\n·外观变更期间，可取消使用，恢复默认外观\n·外观将会在获得后的~20天~后消失,?,,,,0,,,,群,五星
101085,101085,100,2,3,900,900,900,900,900,9,9,9,9,9,200108,0,0,0,0,4103,1728000,0,0,0,0,0,0,0,0,0,0,0,0,5,4,0,1,0,0,0,0,0,0,2,8,信件背景·六载,,@【信件背景·六载】@\n·使用后，可使信件背景样式变更\n·个人聊天背景仅自己可见，群发信件背景全成员可见\n·外观变更期间，可取消使用，恢复默认外观\n·外观将会在购买后的~20天~后消失,?,,,,0,,,,群,五星
101086,101086,100,2,3,900,900,900,900,900,9,9,9,9,9,200108,0,0,0,0,2012,1728000,0,0,0,0,0,0,0,0,0,0,0,0,5,4,0,1,0,0,0,0,0,0,2,8,主城名框·六载,,@【主城名框·六载】@\n·使用后，可使主城名框样式变更\n·外观变更期间，可取消使用，恢复默认外观\n·外观将会在获得后的~20天~后消失,?,,,,0,,,,群,五星
101087,101087,100,2,3,900,900,900,900,900,9,9,9,9,9,200108,0,0,0,0,3007,1728000,0,0,0,0,0,0,0,0,0,0,0,0,5,4,0,1,0,0,0,0,0,0,2,8,分城名框·六载,,@【分城名框·六载】@\n·使用后，可使分城名框样式变更\n·外观变更期间，可取消使用，恢复默认外观\n·外观将会在购买后的~20天~后消失,?,,,,0,,,,群,五星
101088,101088,100,2,3,900,900,900,900,900,9,9,9,9,9,200108,0,0,0,0,11002,1728000,0,0,0,0,0,0,0,0,0,0,0,0,5,4,0,1,0,0,0,0,0,0,2,8,要塞名框·六载,,@【要塞名框·六载】@\n·使用后，可使要塞名框样式变更\n·外观变更期间，可取消使用，恢复默认外观\n·外观将会在获得后的~20天~后消失,?,,,,0,,,,群,五星
101089,101089,100,2,3,900,900,900,900,900,9,9,9,9,9,200108,0,0,0,0,11003,1728000,0,0,0,0,0,0,0,0,0,0,0,0,5,4,0,1,0,0,0,0,0,0,2,8,要塞名框·印绶,,@【要塞名框·印绶】@\n·使用后，可使要塞名框样式变更\n·外观变更期间，可取消使用，恢复默认外观\n·外观将会在获得后的~20天~后消失,?,,,,0,,,,群,五星
101090,101090,100,2,3,900,900,900,900,900,9,9,9,9,9,200108,0,0,0,0,14001,1728000,0,0,0,0,0,0,0,0,0,0,0,0,5,4,0,1,0,0,0,0,0,0,2,8,要塞外观·角楼,,@【要塞外观·角楼】@\n·使用后，可使要塞外观样式变更\n·外观变更期间，可取消使用，恢复默认外观\n·外观将会在获得后的~20天~后消失,?,,,,0,,,,群,五星
101091,101091,100,2,3,900,900,900,900,900,9,9,9,9,9,200108,0,0,0,0,7106,1728000,0,0,0,0,0,0,0,0,0,0,0,0,5,4,0,1,0,0,0,0,0,0,2,8,头像框·六载,,@【头像框·六载】@\n·使用后，可使头像框样式变更\n·外观变更期间，可取消使用，恢复默认外观,?,,,,0,,,,群,五星
101092,101092,100,2,3,900,900,900,900,900,9,9,9,9,9,200108,0,0,0,0,13002,1728000,0,0,0,0,0,0,0,0,0,0,0,0,5,4,0,1,0,0,0,0,0,0,2,8,行军目的地·百家,,@【行军目的地·百家】@\n·使用后，可使部队的行军目的地旗帜样式变更\n·变更后旗帜展示当前佩戴的百家名号\n·外观变更期间，可取消使用，恢复默认外观\n·外观将会在获得后的~20天~后消失,?,,,,0,,,,群,五星
101093,101093,100,2,3,900,900,900,900,900,9,9,9,9,9,200108,0,0,0,0,10003,604800,0,0,0,0,0,0,0,0,0,0,0,0,5,4,0,1,0,0,0,0,0,0,2,8,行军线·飞燕,,@【行军线·飞燕】@\n·使用后，可使部队的行军线样式变更\n·外观变更期间，可取消使用，恢复默认外观\n·外观将会在获得后的~7天~后消失,?,,,,0,,,,群,五星
101094,101094,100,2,3,900,900,900,900,900,9,9,9,9,9,200108,0,0,0,0,1019,31536000,0,0,0,0,0,0,0,0,0,0,0,0,5,4,0,1,0,0,0,0,0,0,2,8,聊天气泡·百家,,@【聊天气泡·率土百家】@\n·使用后，可使聊天气泡样式变更\n·外观变更期间，可取消使用，恢复默认外观\n·外观将会在获得后的~1年~后消失,?,,,,0,,,,群,五星
101095,101095,100,2,3,900,900,900,900,900,9,9,9,9,9,200108,0,0,0,0,7107,1728000,0,0,0,0,0,0,0,0,0,0,0,0,5,4,0,1,0,0,0,0,0,0,2,8,头像框·戏弈,,@【头像框·戏弈】@\n·使用后，可使头像框样式变更\n·外观变更期间，可取消使用，恢复默认外观\n·外观将会在获得后的~20天~后消失,?,,,,0,,,,群,五星
101096,101096,100,2,3,900,900,900,900,900,9,9,9,9,9,200108,0,0,0,0,7108,1209600,0,0,0,0,0,0,0,0,0,0,0,0,5,4,0,1,0,0,0,0,0,0,2,8,头像框·大雪,,@【头像框·大雪】@\n·使用后，可使头像框样式变更\n·外观变更期间，可取消使用，恢复默认外观\n·外观将会在获得后的~14天~后消失,?,,,,0,,,,群,五星
101097,101097,100,2,3,900,900,900,900,900,9,9,9,9,9,200108,0,0,0,0,7109,1209600,0,0,0,0,0,0,0,0,0,0,0,0,5,4,0,1,0,0,0,0,0,0,2,8,头像框·冬至,,@【头像框·冬至】@\n·使用后，可使头像框样式变更\n·外观变更期间，可取消使用，恢复默认外观\n·外观将会在获得后的~14天~后消失,?,,,,0,,,,群,五星
101098,101098,100,2,3,900,900,900,900,900,9,9,9,9,9,200108,0,0,0,0,1020,1728000,0,0,0,0,0,0,0,0,0,0,0,0,5,4,0,1,0,0,0,0,0,0,2,8,聊天气泡·神射,,@【聊天气泡·神射】@\n·使用后，可使聊天气泡样式变更\n·外观变更期间，可取消使用，恢复默认外观\n·外观将会在获得后的~20天~后消失,?,,,,0,,,,群,五星
101099,101099,100,2,3,900,900,900,900,900,9,9,9,9,9,200108,0,0,0,0,7110,1728000,0,0,0,0,0,0,0,0,0,0,0,0,5,4,0,1,0,0,0,0,0,0,2,8,头像框·神射,,@【头像框·神射】@\n·使用后，可使头像框样式变更\n·外观变更期间，可取消使用，恢复默认外观\n·外观将会在获得后的~20天~后消失,?,,,,0,,,,群,五星
101100,101100,100,2,3,900,900,900,900,900,9,9,9,9,9,200108,0,0,0,0,1021,1728000,0,0,0,0,0,0,0,0,0,0,0,0,5,4,0,1,0,0,0,0,0,0,2,8,聊天气泡·寅虎,,@【聊天气泡·寅虎】@\n·使用后，可使聊天气泡样式变更\n·外观变更期间，可取消使用，恢复默认外观\n·外观将会在获得后的~20天~后消失,?,,,,0,,,,群,五星
101101,101101,100,2,3,900,900,900,900,900,9,9,9,9,9,200108,0,0,0,0,4104,1728000,0,0,0,0,0,0,0,0,0,0,0,0,5,4,0,1,0,0,0,0,0,0,2,8,信件背景·虎年,,@【信件背景·虎年】@\n·使用后，可使信件背景样式变更\n·个人聊天背景仅自己可见，群发信件背景全成员可见\n·外观变更期间，可取消使用，恢复默认外观\n·外观将会在购买后的~20天~后消失,?,,,,0,,,,群,五星
101102,101102,100,2,3,900,900,900,900,900,9,9,9,9,9,200108,0,0,0,0,10004,1728000,0,0,0,0,0,0,0,0,0,0,0,0,5,4,0,1,0,0,0,0,0,0,2,8,行军线·虎蹄,,@【行军线·虎蹄】@\n·使用后，可使部队的行军线样式变更\n·外观变更期间，可取消使用，恢复默认外观\n·外观将会在获得后的~20天~后消失,?,,,,0,,,,群,五星
101103,101103,100,2,3,900,900,900,900,900,9,9,9,9,9,200108,0,0,0,0,2013,1728000,0,0,0,0,0,0,0,0,0,0,0,0,5,4,0,1,0,0,0,0,0,0,2,8,主城名框·虎威,,@【主城名框·虎威】@\n·使用后，可使主城名框样式变更\n·外观变更期间，可取消使用，恢复默认外观\n·外观将会在获得后的~20天~后消失,?,,,,0,,,,群,五星
101104,101104,100,2,3,900,900,900,900,900,9,9,9,9,9,200108,0,0,0,0,3008,1728000,0,0,0,0,0,0,0,0,0,0,0,0,5,4,0,1,0,0,0,0,0,0,2,8,分城名框·虎啸,,@【分城名框·虎啸】@\n·使用后，可使分城名框样式变更\n·外观变更期间，可取消使用，恢复默认外观\n·外观将会在购买后的~20天~后消失,?,,,,0,,,,群,五星
101105,101105,100,2,3,900,900,900,900,900,9,9,9,9,9,200108,0,0,0,0,9006,1728000,0,0,0,0,0,0,0,0,0,0,0,0,5,4,0,1,0,0,0,0,0,0,2,8,主城特效·孔明灯,,@【主城特效·孔明灯】@\n·使用后，可使主城增加新的特效\n·外观变更期间，可取消使用，恢复默认外观\n·外观将会在获得后的~20天~后消失,?,,,,0,,,,群,五星
101106,101106,100,2,3,900,900,900,900,900,9,9,9,9,9,200108,0,0,0,0,13003,1728000,0,0,0,0,0,0,0,0,0,0,0,0,5,4,0,1,0,0,0,0,0,0,2,8,行军目的地·虎旗,,@【行军目的地·虎旗】@\n·使用后，可使部队的行军目的地旗帜样式变更\n·外观变更期间，可取消使用，恢复默认外观\n·外观将会在获得后的~20天~后消失,?,,,,0,,,,群,五星
101107,101107,100,2,3,900,900,900,900,900,9,9,9,9,9,200108,0,0,0,0,4007,1728000,0,0,0,0,0,0,0,0,0,0,0,0,5,4,0,1,0,0,0,0,0,0,2,8,信件背景·立夏,,@【信件背景·立夏】@\n·使用后，可使信件背景样式变更\n·个人聊天背景仅自己可见，群发信件背景全成员可见\n·外观变更期间，可取消使用，恢复默认外观\n·外观将会在获得后的~20天~后消失,?,,,,0,,,,群,五星
101108,101108,100,2,3,900,900,900,900,900,9,9,9,9,9,200108,0,0,0,0,4008,1728000,0,0,0,0,0,0,0,0,0,0,0,0,5,4,0,1,0,0,0,0,0,0,2,8,信件背景·小满,,@【信件背景·小满】@\n·使用后，可使信件背景样式变更\n·个人聊天背景仅自己可见，群发信件背景全成员可见\n·外观变更期间，可取消使用，恢复默认外观\n·外观将会在获得后的~20天~后消失,?,,,,0,,,,群,五星
101109,101109,100,2,3,900,900,900,900,900,9,9,9,9,9,200108,0,0,0,0,4009,1209600,0,0,0,0,0,0,0,0,0,0,0,0,5,4,0,1,0,0,0,0,0,0,2,8,信件背景·芒种,,@【信件背景·芒种】@\n·使用后，可使信件背景样式变更\n·个人聊天背景仅自己可见，群发信件背景全成员可见\n·外观变更期间，可取消使用，恢复默认外观\n·外观将会在获得后的~14天~后消失,?,,,,0,,,,群,五星
101110,101110,100,2,3,900,900,900,900,900,9,9,9,9,9,200108,0,0,0,0,4010,1209600,0,0,0,0,0,0,0,0,0,0,0,0,5,4,0,1,0,0,0,0,0,0,2,8,信件背景·夏至,,@【信件背景·夏至】@\n·使用后，可使信件背景样式变更\n·个人聊天背景仅自己可见，群发信件背景全成员可见\n·外观变更期间，可取消使用，恢复默认外观\n·外观将会在获得后的~14天~后消失,?,,,,0,,,,群,五星
101111,101111,100,2,3,900,900,900,900,900,9,9,9,9,9,200108,0,0,0,0,4012,1209600,0,0,0,0,0,0,0,0,0,0,0,0,5,4,0,1,0,0,0,0,0,0,2,8,信件背景·小暑,,@【信件背景·小暑】@\n·使用后，可使信件背景样式变更\n·个人聊天背景仅自己可见，群发信件背景全成员可见\n·外观变更期间，可取消使用，恢复默认外观\n·外观将会在获得后的~14天~后消失,?,,,,0,,,,群,五星
101112,101112,100,2,3,900,900,900,900,900,9,9,9,9,9,200108,0,0,0,0,4013,1209600,0,0,0,0,0,0,0,0,0,0,0,0,5,4,0,1,0,0,0,0,0,0,2,8,信件背景·大暑,,@【信件背景·大暑】@\n·使用后，可使信件背景样式变更\n·个人聊天背景仅自己可见，群发信件背景全成员可见\n·外观变更期间，可取消使用，恢复默认外观\n·外观将会在获得后的~14天~后消失,?,,,,0,,,,群,五星
101113,101113,100,2,3,900,900,900,900,900,9,9,9,9,9,200108,0,0,0,0,4014,1209600,0,0,0,0,0,0,0,0,0,0,0,0,5,4,0,1,0,0,0,0,0,0,2,8,信件背景·立秋,,@【信件背景·立秋】@\n·使用后，可使信件背景样式变更\n·个人聊天背景仅自己可见，群发信件背景全成员可见\n·外观变更期间，可取消使用，恢复默认外观\n·外观将会在获得后的~14天~后消失,?,,,,0,,,,群,五星
101114,101114,100,2,3,900,900,900,900,900,9,9,9,9,9,200108,0,0,0,0,4015,1209600,0,0,0,0,0,0,0,0,0,0,0,0,5,4,0,1,0,0,0,0,0,0,2,8,信件背景·处暑,,@【信件背景·处暑】@\n·使用后，可使信件背景样式变更\n·个人聊天背景仅自己可见，群发信件背景全成员可见\n·外观变更期间，可取消使用，恢复默认外观\n·外观将会在获得后的~14天~后消失,?,,,,0,,,,群,五星
101115,101115,100,2,3,900,900,900,900,900,9,9,9,9,9,200108,0,0,0,0,4017,1209600,0,0,0,0,0,0,0,0,0,0,0,0,5,4,0,1,0,0,0,0,0,0,2,8,信件背景·白露,,@【信件背景·白露】@\n·使用后，可使信件背景样式变更\n·个人聊天背景仅自己可见，群发信件背景全成员可见\n·外观变更期间，可取消使用，恢复默认外观\n·外观将会在获得后的~14天~后消失,?,,,,0,,,,群,五星
101116,101116,100,2,3,900,900,900,900,900,9,9,9,9,9,200108,0,0,0,0,4019,1209600,0,0,0,0,0,0,0,0,0,0,0,0,5,4,0,1,0,0,0,0,0,0,2,8,信件背景·秋分,,@【信件背景·秋分】@\n·使用后，可使信件背景样式变更\n·个人聊天背景仅自己可见，群发信件背景全成员可见\n·外观变更期间，可取消使用，恢复默认外观\n·外观将会在获得后的~14天~后消失,?,,,,0,,,,群,五星
101117,101117,100,2,3,900,900,900,900,900,9,9,9,9,9,200108,0,0,0,0,4020,1209600,0,0,0,0,0,0,0,0,0,0,0,0,5,4,0,1,0,0,0,0,0,0,2,8,信件背景·寒露,,@【信件背景·寒露】@\n·使用后，可使信件背景样式变更\n·个人聊天背景仅自己可见，群发信件背景全成员可见\n·外观变更期间，可取消使用，恢复默认外观\n·外观将会在获得后的~14天~后消失,?,,,,0,,,,群,五星
101118,101118,100,2,3,900,900,900,900,900,9,9,9,9,9,200108,0,0,0,0,4021,1209600,0,0,0,0,0,0,0,0,0,0,0,0,5,4,0,1,0,0,0,0,0,0,2,8,信件背景·霜降,,@【信件背景·霜降】@\n·使用后，可使信件背景样式变更\n·个人聊天背景仅自己可见，群发信件背景全成员可见\n·外观变更期间，可取消使用，恢复默认外观\n·外观将会在获得后的~14天~后消失,?,,,,0,,,,群,五星
101119,101119,100,2,3,900,900,900,900,900,9,9,9,9,9,200108,0,0,0,0,4022,1209600,0,0,0,0,0,0,0,0,0,0,0,0,5,4,0,1,0,0,0,0,0,0,2,8,信件背景·立冬,,@【信件背景·立冬】@\n·使用后，可使信件背景样式变更\n·个人聊天背景仅自己可见，群发信件背景全成员可见\n·外观变更期间，可取消使用，恢复默认外观\n·外观将会在获得后的~14天~后消失,?,,,,0,,,,群,五星
101120,101120,100,2,3,900,900,900,900,900,9,9,9,9,9,200108,0,0,0,0,4023,1209600,0,0,0,0,0,0,0,0,0,0,0,0,5,4,0,1,0,0,0,0,0,0,2,8,信件背景·小雪,,@【信件背景·小雪】@\n·使用后，可使信件背景样式变更\n·个人聊天背景仅自己可见，群发信件背景全成员可见\n·外观变更期间，可取消使用，恢复默认外观\n·外观将会在获得后的~14天~后消失,?,,,,0,,,,群,五星
101121,101121,100,2,3,900,900,900,900,900,9,9,9,9,9,200108,0,0,0,0,4024,1209600,0,0,0,0,0,0,0,0,0,0,0,0,5,4,0,1,0,0,0,0,0,0,2,8,信件背景·大雪,,@【信件背景·大雪】@\n·使用后，可使信件背景样式变更\n·个人聊天背景仅自己可见，群发信件背景全成员可见\n·外观变更期间，可取消使用，恢复默认外观\n·外观将会在获得后的~14天~后消失,?,,,,0,,,,群,五星
101122,101122,100,2,3,900,900,900,900,900,9,9,9,9,9,200108,0,0,0,0,4025,1209600,0,0,0,0,0,0,0,0,0,0,0,0,5,4,0,1,0,0,0,0,0,0,2,8,信件背景·冬至,,@【信件背景·冬至】@\n·使用后，可使信件背景样式变更\n·个人聊天背景仅自己可见，群发信件背景全成员可见\n·外观变更期间，可取消使用，恢复默认外观\n·外观将会在获得后的~14天~后消失,?,,,,0,,,,群,五星
101123,101123,100,2,3,900,900,900,900,900,9,9,9,9,9,200108,0,0,0,0,4026,1209600,0,0,0,0,0,0,0,0,0,0,0,0,5,4,0,1,0,0,0,0,0,0,2,8,信件背景·小寒,,@【信件背景·小寒】@\n·使用后，可使信件背景样式变更\n·个人聊天背景仅自己可见，群发信件背景全成员可见\n·外观变更期间，可取消使用，恢复默认外观\n·外观将会在获得后的~14天~后消失,?,,,,0,,,,群,五星
101124,101124,100,2,3,900,900,900,900,900,9,9,9,9,9,200108,0,0,0,0,4027,1209600,0,0,0,0,0,0,0,0,0,0,0,0,5,4,0,1,0,0,0,0,0,0,2,8,信件背景·大寒,,@【信件背景·大寒】@\n·使用后，可使信件背景样式变更\n·个人聊天背景仅自己可见，群发信件背景全成员可见\n·外观变更期间，可取消使用，恢复默认外观\n·外观将会在获得后的~14天~后消失,?,,,,0,,,,群,五星
101125,101125,100,2,3,900,900,900,900,900,9,9,9,9,9,200108,0,0,0,0,4028,1209600,0,0,0,0,0,0,0,0,0,0,0,0,5,4,0,1,0,0,0,0,0,0,2,8,信件背景·立春,,@【信件背景·立春】@\n·使用后，可使信件背景样式变更\n·个人聊天背景仅自己可见，群发信件背景全成员可见\n·外观变更期间，可取消使用，恢复默认外观\n·外观将会在获得后的~14天~后消失,?,,,,0,,,,群,五星
101126,101126,100,2,3,900,900,900,900,900,9,9,9,9,9,200108,0,0,0,0,4029,1209600,0,0,0,0,0,0,0,0,0,0,0,0,5,4,0,1,0,0,0,0,0,0,2,8,信件背景·雨水,,@【信件背景·雨水】@\n·使用后，可使信件背景样式变更\n·个人聊天背景仅自己可见，群发信件背景全成员可见\n·外观变更期间，可取消使用，恢复默认外观\n·外观将会在获得后的~14天~后消失,?,,,,0,,,,群,五星
101127,101127,100,2,3,900,900,900,900,900,9,9,9,9,9,200108,0,0,0,0,4030,1209600,0,0,0,0,0,0,0,0,0,0,0,0,5,4,0,1,0,0,0,0,0,0,2,8,信件背景·惊蛰,,@【信件背景·惊蛰】@\n·使用后，可使信件背景样式变更\n·个人聊天背景仅自己可见，群发信件背景全成员可见\n·外观变更期间，可取消使用，恢复默认外观\n·外观将会在获得后的~14天~后消失,?,,,,0,,,,群,五星
101128,101128,100,2,3,900,900,900,900,900,9,9,9,9,9,200108,0,0,0,0,4031,1209600,0,0,0,0,0,0,0,0,0,0,0,0,5,4,0,1,0,0,0,0,0,0,2,8,信件背景·立夏,,@【信件背景·立夏】@\n·使用后，可使信件背景样式变更\n·个人聊天背景仅自己可见，群发信件背景全成员可见\n·外观变更期间，可取消使用，恢复默认外观\n·外观将会在获得后的~14天~后消失,?,,,,0,,,,群,五星
101129,101129,100,2,3,900,900,900,900,900,9,9,9,9,9,200108,0,0,0,0,4032,1209600,0,0,0,0,0,0,0,0,0,0,0,0,5,4,0,1,0,0,0,0,0,0,2,8,信件背景·小满,,@【信件背景·小满】@\n·使用后，可使信件背景样式变更\n·个人聊天背景仅自己可见，群发信件背景全成员可见\n·外观变更期间，可取消使用，恢复默认外观\n·外观将会在获得后的~14天~后消失,?,,,,0,,,,群,五星
101130,101130,100,2,3,900,900,900,900,900,9,9,9,9,9,200108,0,0,0,0,4033,1209600,0,0,0,0,0,0,0,0,0,0,0,0,5,4,0,1,0,0,0,0,0,0,2,8,信件背景·夏至,,@【信件背景·夏至】@\n·使用后，可使信件背景样式变更\n·个人聊天背景仅自己可见，群发信件背景全成员可见\n·外观变更期间，可取消使用，恢复默认外观\n·外观将会在获得后的~14天~后消失,?,,,,0,,,,群,五星
101131,101131,100,2,3,900,900,900,900,900,9,9,9,9,9,200108,0,0,0,0,4034,1209600,0,0,0,0,0,0,0,0,0,0,0,0,5,4,0,1,0,0,0,0,0,0,2,8,信件背景·立秋,,@【信件背景·立秋】@\n·使用后，可使信件背景样式变更\n·个人聊天背景仅自己可见，群发信件背景全成员可见\n·外观变更期间，可取消使用，恢复默认外观\n·外观将会在获得后的~14天~后消失,?,,,,0,,,,群,五星
101132,101132,100,2,3,900,900,900,900,900,9,9,9,9,9,200108,0,0,0,0,4035,1209600,0,0,0,0,0,0,0,0,0,0,0,0,5,4,0,1,0,0,0,0,0,0,2,8,信件背景·处暑,,@【信件背景·处暑】@\n·使用后，可使信件背景样式变更\n·个人聊天背景仅自己可见，群发信件背景全成员可见\n·外观变更期间，可取消使用，恢复默认外观\n·外观将会在获得后的~14天~后消失,?,,,,0,,,,群,五星
101133,101133,100,2,3,900,900,900,900,900,9,9,9,9,9,200108,0,0,0,0,4036,1209600,0,0,0,0,0,0,0,0,0,0,0,0,5,4,0,1,0,0,0,0,0,0,2,8,信件背景·寒露,,@【信件背景·寒露】@\n·使用后，可使信件背景样式变更\n·个人聊天背景仅自己可见，群发信件背景全成员可见\n·外观变更期间，可取消使用，恢复默认外观\n·外观将会在获得后的~14天~后消失,?,,,,0,,,,群,五星
101134,101134,100,2,3,900,900,900,900,900,9,9,9,9,9,200108,0,0,0,0,4037,1209600,0,0,0,0,0,0,0,0,0,0,0,0,5,4,0,1,0,0,0,0,0,0,2,8,信件背景·立冬,,@【信件背景·立冬】@\n·使用后，可使信件背景样式变更\n·个人聊天背景仅自己可见，群发信件背景全成员可见\n·外观变更期间，可取消使用，恢复默认外观\n·外观将会在获得后的~14天~后消失,?,,,,0,,,,群,五星
101135,101135,100,2,3,900,900,900,900,900,9,9,9,9,9,200108,0,0,0,0,4038,1209600,0,0,0,0,0,0,0,0,0,0,0,0,5,4,0,1,0,0,0,0,0,0,2,8,信件背景·小雪,,@【信件背景·小雪】@\n·使用后，可使信件背景样式变更\n·个人聊天背景仅自己可见，群发信件背景全成员可见\n·外观变更期间，可取消使用，恢复默认外观\n·外观将会在获得后的~14天~后消失,?,,,,0,,,,群,五星
101136,101136,100,2,3,900,900,900,900,900,9,9,9,9,9,200108,0,0,0,0,14002,1728000,0,0,0,0,0,0,0,0,0,0,0,0,5,4,0,1,0,0,0,0,0,0,2,8,要塞外观·城楼,,@【要塞外观·城楼】@\n·使用后，可使要塞外观样式变更\n·外观变更期间，可取消使用，恢复默认外观\n·外观将会在获得后的~20天~后消失,?,,,,0,,,,群,五星
101137,101137,100,2,3,900,900,900,900,900,9,9,9,9,9,200108,0,0,0,0,7111,1728000,0,0,0,0,0,0,0,0,0,0,0,0,5,4,0,1,0,0,0,0,0,0,2,8,头像框·寅虎,,@【头像框·寅虎】@\n·使用后，可使头像框样式变更\n·外观变更期间，可取消使用，恢复默认外观\n·外观将会在获得后的~20天~后消失,?,,,,0,,,,群,五星
101138,101138,100,2,3,0,0,0,0,0,0,0,0,0,0,200184,0,0,0,0,5006,0,0,0,0,0,0,0,175,0,0,0,0,0,5,4,0,1,0,1,0,0,0,0,2,8,玄赤,,@【兵种行军外观·玄赤】@\n·使用一张【兵种行军外观·玄赤】可解锁一个5星武将的兵种行军外观\n·可在五星武将的外观-兵种界面使用,?,,,,0,,,,群,五星
101139,101139,100,2,3,900,900,900,900,900,9,9,9,9,9,200108,0,0,0,0,4105,1209600,0,0,0,0,0,0,0,0,0,0,0,0,5,4,0,1,0,0,0,0,0,0,2,8,信件背景·白马,,@【信件背景·白马】@\n·使用后，可使信件背景样式变更\n·个人聊天背景仅自己可见，群发信件背景全成员可见\n·外观变更期间，可取消使用，恢复默认外观\n·外观将会在购买后的~14天~后消失,?,,,,0,,,,群,五星
101140,101140,100,2,3,900,900,900,900,900,9,9,9,9,9,200108,0,0,0,0,7112,1814400,0,0,0,0,0,0,0,0,0,0,0,0,5,4,0,1,0,0,0,0,0,0,2,8,头像框·迎春,,@【头像框·迎春】@\n·使用后，可使头像框样式变更\n·外观变更期间，可取消使用，恢复默认外观\n·外观将会在获得后的~21天~后消失,?,,,,0,,,,群,五星
101141,101141,100,2,3,0,0,0,0,0,0,0,0,0,0,200184,0,0,0,0,5007,0,0,0,0,0,0,0,0,0,0,0,0,0,5,4,0,1,0,1,0,0,0,0,2,8,默认,,,?,,,,0,,,,群,五星
101143,101143,100,2,3,900,900,900,900,900,9,9,9,9,9,200108,0,0,0,0,1022,1728000,0,0,0,0,0,0,0,0,0,0,0,0,5,4,0,1,0,0,0,0,0,0,2,8,聊天气泡·贺岁,,@【聊天气泡·贺岁】@\n·使用后，可使聊天气泡样式变更\n·外观变更期间，可取消使用，恢复默认外观\n·外观将会在获得后的~20天~后消失,?,,,,0,,,,群,五星
101144,101144,100,2,3,900,900,900,900,900,9,9,9,9,9,200108,0,0,0,0,4106,1209600,0,0,0,0,0,0,0,0,0,0,0,0,5,4,0,1,0,0,0,0,0,0,2,8,信件背景·大寒,,@【信件背景·大寒】@\n·使用后，可使信件背景样式变更\n·个人聊天背景仅自己可见，群发信件背景全成员可见\n·外观变更期间，可取消使用，恢复默认外观\n·外观将会在获得后的~14天~后消失,?,,,,0,,,,群,五星
101145,101145,100,2,3,900,900,900,900,900,9,9,9,9,9,200108,0,0,0,0,15001,1209600,0,0,0,0,0,0,0,0,0,0,0,0,5,4,0,1,0,0,0,0,0,0,2,8,主城装饰·吉祥,,@【主城装饰·吉祥】@\n·使用后，可使主城增加新的装饰\n·外观变更期间，可取消使用，恢复默认外观\n·外观将会在获得后的~14天~后消失,?,,,,0,,,,群,五星
101146,101146,100,2,3,900,900,900,900,900,9,9,9,9,9,200108,0,0,0,0,7113,1728000,0,0,0,0,0,0,0,0,0,0,0,0,5,4,0,1,0,0,0,0,0,0,2,8,头像框·聚,,@【头像框·聚】@\n·使用后，可使头像框样式变更\n·外观变更期间，可取消使用，恢复默认外观\n·外观将会在获得后的~20天~后消失,?,,,,0,,,,群,五星
101147,101147,100,2,3,900,900,900,900,900,9,9,9,9,9,200108,0,0,0,0,0,604800,0,0,0,0,0,0,0,0,0,0,0,0,5,4,0,1,0,0,0,0,0,0,2,8,上元染灯,,@【上元染灯】@\n·获得后，可在主公簿设置为背景\n·外观将会在获得后的~7天~后消失,?,,,,0,,,,群,五星
101148,101148,100,2,3,900,900,900,900,900,9,9,9,9,9,200108,0,0,0,0,4106,1209600,0,0,0,0,0,0,0,0,0,0,0,0,5,4,0,1,0,0,0,0,0,0,2,8,信件背景·立春,,@【信件背景·立春】@\n·使用后，可使信件背景样式变更\n·个人聊天背景仅自己可见，群发信件背景全成员可见\n·外观变更期间，可取消使用，恢复默认外观\n·外观将会在购买后的~14天~后消失,?,,,,0,,,,群,五星
101149,101149,100,2,3,900,900,900,900,900,9,9,9,9,9,200108,0,0,0,0,9007,1728000,0,0,0,0,0,0,0,0,0,0,0,0,5,4,0,1,0,0,0,0,0,0,2,8,主城特效·风筝一,,@【主城特效·风筝】@\n·使用后，可使主城增加新的特效\n·外观变更期间，可取消使用，恢复默认外观\n·外观将会在获得后的~20天~后消失,?,,,,0,,,,群,五星
101150,101150,100,2,3,900,900,900,900,900,9,9,9,9,9,200108,0,0,0,0,9008,1728000,0,0,0,0,0,0,0,0,0,0,0,0,5,4,0,1,0,0,0,0,0,0,2,8,主城特效·风筝二,,@【主城特效·风筝】@\n·使用后，可使主城增加新的特效\n·外观变更期间，可取消使用，恢复默认外观\n·外观将会在获得后的~20天~后消失,?,,,,0,,,,群,五星
101151,101151,100,2,3,900,900,900,900,900,9,9,9,9,9,200108,0,0,0,0,9009,1728000,0,0,0,0,0,0,0,0,0,0,0,0,5,4,0,1,0,0,0,0,0,0,2,8,主城特效·风筝三,,@【主城特效·风筝】@\n·使用后，可使主城增加新的特效\n·外观变更期间，可取消使用，恢复默认外观\n·外观将会在获得后的~20天~后消失,?,,,,0,,,,群,五星
101152,101152,100,2,3,900,900,900,900,900,9,9,9,9,9,200108,0,0,0,0,9010,1728000,0,0,0,0,0,0,0,0,0,0,0,0,5,4,0,1,0,0,0,0,0,0,2,8,主城特效·风筝四,,@【主城特效·风筝】@\n·使用后，可使主城增加新的特效\n·外观变更期间，可取消使用，恢复默认外观\n·外观将会在获得后的~20天~后消失,?,,,,0,,,,群,五星
101153,101153,100,2,3,900,900,900,900,900,9,9,9,9,9,200108,0,0,0,0,4107,1209600,0,0,0,0,0,0,0,0,0,0,0,0,5,4,0,1,0,0,0,0,0,0,2,8,信件背景·谷雨,,@【信件背景·谷雨】@\n·使用后，可使信件背景样式变更\n·个人聊天背景仅自己可见，群发信件背景全成员可见\n·外观变更期间，可取消使用，恢复默认外观\n·外观将会在获得后的~14天~后消失,?,,,,0,,,,群,五星
101154,101154,100,2,3,900,900,900,900,900,9,9,9,9,9,200108,0,0,0,0,4108,1209600,0,0,0,0,0,0,0,0,0,0,0,0,5,4,0,1,0,0,0,0,0,0,2,8,信件背景·小满,,@【信件背景·小满】@\n·使用后，可使信件背景样式变更\n·个人聊天背景仅自己可见，群发信件背景全成员可见\n·外观变更期间，可取消使用，恢复默认外观\n·外观将会在获得后的~14天~后消失,?,,,,0,,,,群,五星
101156,101156,100,2,3,0,0,0,0,0,0,0,0,0,0,200184,0,0,0,0,5008,0,0,0,0,0,0,0,175,0,0,0,0,0,5,4,0,1,0,1,0,0,0,0,2,8,苍黄,,@【兵种行军外观·苍黄】@\n·使用一张【兵种行军外观·苍黄】可解锁一个5星武将的兵种行军外观\n·可在五星武将的外观-兵种界面使用,?,,,,0,,,,群,五星
101157,101157,100,2,3,900,900,900,900,900,9,9,9,9,9,200108,0,0,0,0,1023,1728000,0,0,0,0,0,0,0,0,0,0,0,0,5,4,0,1,0,0,0,0,0,0,2,8,聊天气泡·龙舟,,@【聊天气泡·龙舟】@\n·使用后，可使聊天气泡样式变更\n·外观变更期间，可取消使用，恢复默认外观\n·外观将会在获得后的~20天~后消失,?,,,,0,,,,群,五星
101158,101158,100,2,3,900,900,900,900,900,9,9,9,9,9,200108,0,0,0,0,7114,1728000,0,0,0,0,0,0,0,0,0,0,0,0,5,4,0,1,0,0,0,0,0,0,2,8,头像框·龙舟,,@【头像框·龙舟】@\n·使用后，可使头像框样式变更\n·外观变更期间，可取消使用，恢复默认外观\n·外观将会在获得后的~20天~后消失,?,,,,0,,,,群,五星
101159,101159,100,2,3,900,900,900,900,900,9,9,9,9,9,200108,0,0,0,0,4109,1209600,0,0,0,0,0,0,0,0,0,0,0,0,5,4,0,1,0,0,0,0,0,0,2,8,信件背景·芒种,,@【信件背景·芒种】@\n·使用后，可使信件背景样式变更\n·个人聊天背景仅自己可见，群发信件背景全成员可见\n·外观变更期间，可取消使用，恢复默认外观\n·外观将会在获得后的~14天~后消失,?,,,,0,,,,群,五星
101160,101160,100,2,3,900,900,900,900,900,9,9,9,9,9,200108,0,0,0,0,0,86400,0,0,0,0,0,0,0,0,0,0,0,0,5,4,0,1,0,0,0,0,0,0,2,8,芒种·青梅酒,,@【芒种·青梅酒】@\n·可在芒种当天的“鼓动龙舟”活动中使用\n·使用后，可使得击鼓后获得的速度翻倍，效果持续20秒,?,,,,0,,,,群,五星
101161,101161,100,2,3,900,900,900,900,900,9,9,9,9,9,200108,0,0,0,0,4110,1209600,0,0,0,0,0,0,0,0,0,0,0,0,5,4,0,1,0,0,0,0,0,0,2,8,信件背景·夏至,,@【信件背景·夏至】@\n·使用后，可使信件背景样式变更\n·个人聊天背景仅自己可见，群发信件背景全成员可见\n·外观变更期间，可取消使用，恢复默认外观\n·外观将会在获得后的~14天~后消失,?,,,,0,,,,群,五星
101162,101162,100,2,3,900,900,900,900,900,9,9,9,9,9,200108,0,0,0,0,7115,5184000,0,0,0,0,0,0,0,0,0,0,0,0,5,4,0,1,0,0,0,0,0,0,2,8,头像框·良史,,@【头像框·良史】@\n·使用后，可使头像框样式变更\n·外观变更期间，可取消使用，恢复默认外观\n·外观将会在获得后的~60天~后消失,?,,,,0,,,,群,五星
101163,101163,100,2,3,900,900,900,900,900,9,9,9,9,9,200108,0,0,0,0,7116,1728000,0,0,0,0,0,0,0,0,0,0,0,0,5,4,0,1,0,0,0,0,0,0,2,8,头像框·聚首,,@【头像框·聚首】@\n·使用后，可使头像框样式变更\n·外观变更期间，可取消使用，恢复默认外观\n·外观将会在获得后的~20天~后消失,?,,,,0,,,,群,五星
101164,101164,100,2,3,900,900,900,900,900,9,9,9,9,9,200108,0,0,0,0,4111,1209600,0,0,0,0,0,0,0,0,0,0,0,0,5,4,0,1,0,0,0,0,0,0,2,8,信件背景·小暑,,@【信件背景·小暑】@\n·使用后，可使信件背景样式变更\n·个人聊天背景仅自己可见，群发信件背景全成员可见\n·外观变更期间，可取消使用，恢复默认外观\n·外观将会在获得后的~14天~后消失,?,,,,0,,,,群,五星
101165,101165,100,2,3,900,900,900,900,900,9,9,9,9,9,200108,0,0,0,0,1024,1728000,0,0,0,0,0,0,0,0,0,0,0,0,5,4,0,1,0,0,0,0,0,0,2,8,聊天气泡·鸿运,,@【聊天气泡·鸿运】@\n·使用后，可使聊天气泡样式变更\n·外观变更期间，可取消使用，恢复默认外观\n·外观将会在获得后的~20天~后消失,?,,,,0,,,,群,五星
101166,101166,100,2,3,900,900,900,900,900,9,9,9,9,9,200108,0,0,0,0,7117,2592000,0,0,0,0,0,0,0,0,0,0,0,0,5,4,0,1,0,0,0,0,0,0,2,8,头像框·览胜,,@【头像框·览胜】@\n·使用后，可使头像框样式变更\n·外观变更期间，可取消使用，恢复默认外观\n·外观将会在获得后的~30天~后消失,?,,,,0,,,,群,五星
101167,101167,100,2,3,900,900,900,900,900,9,9,9,9,9,200108,0,0,0,0,0,2592000,0,0,0,0,0,0,0,0,0,0,0,0,5,4,0,1,0,0,0,0,0,0,2,8,览胜神州,,@【览胜神州】@\n·获得后，可在主公簿设置为背景\n·外观将会在获得后的~30天~后消失,?,,,,0,,,,群,五星
101168,101168,100,2,3,900,900,900,900,900,9,9,9,9,9,200108,0,0,0,0,4112,1209600,0,0,0,0,0,0,0,0,0,0,0,0,5,4,0,1,0,0,0,0,0,0,2,8,信件背景·大暑,,@【信件背景·大暑】@\n·使用后，可使信件背景样式变更\n·个人聊天背景仅自己可见，群发信件背景全成员可见\n·外观变更期间，可取消使用，恢复默认外观\n·外观将会在获得后的~14天~后消失,?,,,,0,,,,群,五星
101169,101169,100,2,3,900,900,900,900,900,9,9,9,9,9,200108,0,0,0,0,4113,1209600,0,0,0,0,0,0,0,0,0,0,0,0,5,4,0,1,0,0,0,0,0,0,2,8,信件背景·处暑,,@【信件背景·处暑】@\n·使用后，可使信件背景样式变更\n·个人聊天背景仅自己可见，群发信件背景全成员可见\n·外观变更期间，可取消使用，恢复默认外观\n·外观将会在获得后的~14天~后消失,?,,,,0,,,,群,五星
101170,101170,100,2,3,900,900,900,900,900,9,9,9,9,9,200108,0,0,0,0,4114,1209600,0,0,0,0,0,0,0,0,0,0,0,0,5,4,0,1,0,0,0,0,0,0,2,8,信件背景·立秋,,@【信件背景·立秋】@\n·使用后，可使信件背景样式变更\n·个人聊天背景仅自己可见，群发信件背景全成员可见\n·外观变更期间，可取消使用，恢复默认外观\n·外观将会在获得后的~14天~后消失,?,,,,0,,,,群,五星
101171,101171,100,2,3,900,900,900,900,900,9,9,9,9,9,200108,0,0,0,0,7118,1728000,0,0,0,0,0,0,0,0,0,0,0,0,5,4,0,1,0,0,0,0,0,0,2,8,头像框·中秋,,@【头像框·中秋】@\n·使用后，可使头像框样式变更\n·外观变更期间，可取消使用，恢复默认外观\n·外观将会在获得后的~20天~后消失,?,,,,0,,,,群,五星
101172,101172,100,2,3,900,900,900,900,900,9,9,9,9,9,200108,0,0,0,0,4115,1728000,0,0,0,0,0,0,0,0,0,0,0,0,5,4,0,1,0,0,0,0,0,0,2,8,信件背景·中秋,,@【信件背景·中秋】@\n·使用后，可使信件背景样式变更\n·个人聊天背景仅自己可见，群发信件背景全成员可见\n·外观变更期间，可取消使用，恢复默认外观\n·外观将会在获得后的~20天~后消失,?,,,,0,,,,群,五星
101173,101173,100,2,3,900,900,900,900,900,9,9,9,9,9,200108,0,0,0,0,0,1728000,0,0,0,0,0,0,0,0,0,0,0,0,5,4,0,1,0,0,0,0,0,0,2,8,中秋赏月,,@【中秋赏月】@\n·获得后，可在主公簿设置为背景\n·外观将会在获得后的~20天~后消失,?,,,,0,,,,群,五星
101174,101174,100,2,3,0,0,0,0,0,0,0,0,0,0,200184,0,0,0,0,5008,0,0,0,0,0,0,0,175,0,0,0,0,0,5,4,0,1,0,1,0,0,0,0,2,8,曜白,,@【兵种行军外观·曜白】@\n·使用一张【兵种行军外观·曜白】可解锁一个5星武将的兵种行军外观\n·可在五星武将的外观-兵种界面使用,?,,,,0,,,,群,五星
101175,101175,100,2,3,900,900,900,900,900,9,9,9,9,9,200108,0,0,0,0,4116,1209600,0,0,0,0,0,0,0,0,0,0,0,0,5,4,0,1,0,0,0,0,0,0,2,8,信件背景·白露,,@【信件背景·白露】@\n·使用后，可使信件背景样式变更\n·个人聊天背景仅自己可见，群发信件背景全成员可见\n·外观变更期间，可取消使用，恢复默认外观\n·外观将会在获得后的~14天~后消失,?,,,,0,,,,群,五星
101176,101176,100,2,3,900,900,900,900,900,9,9,9,9,9,200108,0,0,0,0,7119,1209600,0,0,0,0,0,0,0,0,0,0,0,0,5,4,0,1,0,0,0,0,0,0,2,8,头像框·重阳,,@【头像框·重阳】@\n·使用后，可使头像框样式变更\n·外观变更期间，可取消使用，恢复默认外观\n·外观将会在获得后的~14天~后消失,?,,,,0,,,,群,五星
101177,101177,100,2,3,900,900,900,900,900,9,9,9,9,9,200108,0,0,0,0,1025,1209600,0,0,0,0,0,0,0,0,0,0,0,0,5,4,0,1,0,0,0,0,0,0,2,8,聊天气泡·谜盒,,@【聊天气泡·谜盒】@\n·使用后，可使聊天气泡样式变更\n·外观变更期间，可取消使用，恢复默认外观\n·外观将会在获得后的~14天~后消失,?,,,,0,,,,群,五星
101178,101178,100,2,3,900,900,900,900,900,9,9,9,9,9,200108,0,0,0,0,4117,1209600,0,0,0,0,0,0,0,0,0,0,0,0,5,4,0,1,0,0,0,0,0,0,2,8,信件背景·秋分,,@【信件背景·秋分】@\n·使用后，可使信件背景样式变更\n·个人聊天背景仅自己可见，群发信件背景全成员可见\n·外观变更期间，可取消使用，恢复默认外观\n·外观将会在获得后的~14天~后消失,?,,,,0,,,,群,五星
101179,101179,100,2,3,900,900,900,900,900,9,9,9,9,9,200108,0,0,0,0,4118,1209600,0,0,0,0,0,0,0,0,0,0,0,0,5,4,0,1,0,0,0,0,0,0,2,8,信件背景·寒露,,@【信件背景·寒露】@\n·使用后，可使信件背景样式变更\n·个人聊天背景仅自己可见，群发信件背景全成员可见\n·外观变更期间，可取消使用，恢复默认外观\n·外观将会在获得后的~14天~后消失,?,,,,0,,,,群,五星
101180,101180,100,2,3,900,900,900,900,900,9,9,9,9,9,200108,0,0,0,0,1026,1728000,0,0,0,0,0,0,0,0,0,0,0,0,5,4,0,1,0,0,0,0,0,0,2,8,聊天气泡·破浪,,@【聊天气泡·破浪】@\n·使用后，可使聊天气泡样式变更\n·外观变更期间，可取消使用，恢复默认外观\n·外观将会在获得后的~20天~后消失,?,,,,0,,,,群,五星
101181,101181,100,2,3,900,900,900,900,900,9,9,9,9,9,200108,0,0,0,0,4119,1728000,0,0,0,0,0,0,0,0,0,0,0,0,5,4,0,1,0,0,0,0,0,0,2,8,信件背景·庆典,,@【信件背景·庆典】@\n·使用后，可使信件背景样式变更\n·个人聊天背景仅自己可见，群发信件背景全成员可见\n·外观变更期间，可取消使用，恢复默认外观\n·外观将会在获得后的~20天~后消失,?,,,,0,,,,群,五星
101182,101182,100,2,3,900,900,900,900,900,9,9,9,9,9,200108,0,0,0,0,2014,1728000,0,0,0,0,0,0,0,0,0,0,0,0,5,4,0,1,0,0,0,0,0,0,2,8,主城名框·楼船,,@【主城名框·楼船】@\n·使用后，可使主城名框样式变更\n·外观变更期间，可取消使用，恢复默认外观\n·外观将会在获得后的~20天~后消失,?,,,,0,,,,群,五星
101183,101183,100,2,3,900,900,900,900,900,9,9,9,9,9,200108,0,0,0,0,3009,1728000,0,0,0,0,0,0,0,0,0,0,0,0,5,4,0,1,0,0,0,0,0,0,2,8,分城名框·镇浪,,@【分城名框·镇浪】@\n·使用后，可使分城名框样式变更\n·外观变更期间，可取消使用，恢复默认外观\n·外观将会在购买后的~20天~后消失,?,,,,0,,,,群,五星
101184,101184,100,2,3,900,900,900,900,900,9,9,9,9,9,200108,0,0,0,0,16001,1728000,0,0,0,0,0,0,0,0,0,0,0,0,5,4,0,1,0,0,0,0,0,0,2,8,戍城名框·浪涛,,@【戍城名框·浪涛】@\n·使用后，可使分城名框样式变更\n·外观变更期间，可取消使用，恢复默认外观\n·外观将会在购买后的~20天~后消失,?,,,,0,,,,群,五星
101185,101185,100,2,3,900,900,900,900,900,9,9,9,9,9,200108,0,0,0,0,11004,1728000,0,0,0,0,0,0,0,0,0,0,0,0,5,4,0,1,0,0,0,0,0,0,2,8,要塞名框·破浪,,@【要塞名框·破浪】@\n·使用后，可使要塞名框样式变更\n·外观变更期间，可取消使用，恢复默认外观\n·外观将会在获得后的~20天~后消失,?,,,,0,,,,群,五星
101186,101186,100,2,3,900,900,900,900,900,9,9,9,9,9,200108,0,0,0,0,11005,1728000,0,0,0,0,0,0,0,0,0,0,0,0,5,4,0,1,0,0,0,0,0,0,2,8,要塞名框·烽火,,@【要塞名框·烽火】@\n·使用后，可使要塞名框样式变更\n·外观变更期间，可取消使用，恢复默认外观\n·外观将会在获得后的~20天~后消失,?,,,,0,,,,群,五星
101187,101187,100,2,3,900,900,900,900,900,9,9,9,9,9,200108,0,0,0,0,14003,1728000,0,0,0,0,0,0,0,0,0,0,0,0,5,4,0,1,0,0,0,0,0,0,2,8,要塞外观·楼阁,,@【要塞外观·楼阁】@\n·使用后，可使要塞外观样式变更\n·外观变更期间，可取消使用，恢复默认外观\n·外观将会在获得后的~20天~后消失,?,,,,0,,,,群,五星
101188,101188,100,2,3,900,900,900,900,900,9,9,9,9,9,200108,0,0,0,0,7120,1728000,0,0,0,0,0,0,0,0,0,0,0,0,5,4,0,1,0,0,0,0,0,0,2,8,头像框·破浪,,@【头像框·破浪】@\n·使用后，可使头像框样式变更\n·外观变更期间，可取消使用，恢复默认外观\n·外观将会在获得后的~20天~后消失,?,,,,0,,,,群,五星
101189,101189,100,2,3,900,900,900,900,900,9,9,9,9,9,200108,0,0,0,0,13004,1728000,0,0,0,0,0,0,0,0,0,0,0,0,5,4,0,1,0,0,0,0,0,0,2,8,行军目的地·戎旃,,@【行军目的地·戎旃】@\n·使用后，可使部队的行军目的地旗帜样式变更\n·外观变更期间，可取消使用，恢复默认外观\n·外观将会在获得后的~20天~后消失,?,,,,0,,,,群,五星
101190,101190,100,2,3,900,900,900,900,900,9,9,9,9,9,200108,0,0,0,0,10005,1728000,0,0,0,0,0,0,0,0,0,0,0,0,5,4,0,1,0,0,0,0,0,0,2,8,行军线·舳舻,,@【行军线·舳舻】@\n·使用后，可使部队的行军线样式变更\n·外观变更期间，可取消使用，恢复默认外观\n·外观将会在获得后的~20天~后消失,?,,,,0,,,,群,五星
101191,101191,100,2,3,900,900,900,900,900,9,9,9,9,9,200108,0,0,0,0,7121,5184000,0,0,0,0,0,0,0,0,0,0,0,0,5,4,0,1,0,0,0,0,0,0,2,8,头像框·水润,,@【头像框·水润】@\n·使用后，可使头像框样式变更\n·外观变更期间，可取消使用，恢复默认外观\n·外观将会在获得后的~60天~后消失\n·~率土之滨 | 欧莱雅男士 2022“水润”限定外观~,?,,,,0,,,,群,五星
101192,101192,100,2,3,900,900,900,900,900,9,9,9,9,9,200108,0,0,0,0,1027,5184000,0,0,0,0,0,0,0,0,0,0,0,0,5,4,0,1,0,0,0,0,0,0,2,8,聊天气泡·水润,,@【聊天气泡·水润】@\n·使用后，可使聊天气泡样式变更\n·外观变更期间，可取消使用，恢复默认外观\n·外观将会在获得后的~60天~后消失\n·~率土之滨 | 欧莱雅男士 2022“水润”限定外观~,?,,,,0,,,,群,五星
101193,101193,100,2,3,900,900,900,900,900,9,9,9,9,9,200108,0,0,0,0,4120,1209600,0,0,0,0,0,0,0,0,0,0,0,0,5,4,0,1,0,0,0,0,0,0,2,8,信件背景·立冬,,@【信件背景·立冬】@\n·使用后，可使信件背景样式变更\n·个人聊天背景仅自己可见，群发信件背景全成员可见\n·外观变更期间，可取消使用，恢复默认外观\n·外观将会在获得后的~14天~后消失,?,,,,0,,,,群,五星
101194,101194,100,2,3,900,900,900,900,900,9,9,9,9,9,200108,0,0,0,0,4121,1209600,0,0,0,0,0,0,0,0,0,0,0,0,5,4,0,1,0,0,0,0,0,0,2,8,信件背景·霜降,,@【信件背景·霜降】@\n·使用后，可使信件背景样式变更\n·个人聊天背景仅自己可见，群发信件背景全成员可见\n·外观变更期间，可取消使用，恢复默认外观\n·外观将会在获得后的~14天~后消失,?,,,,0,,,,群,五星
101195,101195,100,2,3,900,900,900,900,900,9,9,9,9,9,200108,0,0,0,0,7122,1728000,0,0,0,0,0,0,0,0,0,0,0,0,5,4,0,1,0,0,0,0,0,0,2,8,头像框·长风破浪,,@【头像框·长风破浪】@\n·使用后，可使头像框样式变更\n·外观变更期间，可取消使用，恢复默认外观\n·外观将会在获得后的~20天~后消失,?,,,,0,,,,群,五星
101196,101196,100,2,3,900,900,900,900,900,9,9,9,9,9,200108,0,0,0,0,0,1728000,0,0,0,0,0,0,0,0,0,0,0,0,5,4,0,1,0,0,0,0,0,0,2,8,长风破浪,,@【长风破浪】@\n·获得后，可在主公簿设置为背景\n·外观将会在获得后的~20天~后消失,?,,,,0,,,,群,五星
101197,101197,100,2,3,900,900,900,900,900,9,9,9,9,9,200108,0,0,0,0,4122,1209600,0,0,0,0,0,0,0,0,0,0,0,0,5,4,0,1,0,0,0,0,0,0,2,8,信件背景·小雪,,@【信件背景·小雪】@\n·使用后，可使信件背景样式变更\n·个人聊天背景仅自己可见，群发信件背景全成员可见\n·外观变更期间，可取消使用，恢复默认外观\n·外观将会在获得后的~14天~后消失,?,,,,0,,,,群,五星
101198,101198,100,2,3,900,900,900,900,900,9,9,9,9,9,200108,0,0,0,0,7123,1209600,0,0,0,0,0,0,0,0,0,0,0,0,5,4,0,1,0,0,0,0,0,0,2,8,头像框·大雪,,@【头像框·大雪】@\n·使用后，可使头像框样式变更\n·外观变更期间，可取消使用，恢复默认外观\n·外观将会在获得后的~14天~后消失,?,,,,0,,,,群,五星
101200,101200,100,2,3,900,900,900,900,900,9,9,9,9,9,200108,0,0,0,0,1028,1728000,0,0,0,0,0,0,0,0,0,0,0,0,5,4,0,1,0,0,0,0,0,0,2,8,聊天气泡·卯兔,,@【聊天气泡·卯兔】@\n·使用后，可使聊天气泡样式变更\n·外观变更期间，可取消使用，恢复默认外观\n·外观将会在获得后的~20天~后消失,?,,,,0,,,,群,五星
101201,101201,100,2,3,900,900,900,900,900,9,9,9,9,9,200108,0,0,0,0,4124,1728000,0,0,0,0,0,0,0,0,0,0,0,0,5,4,0,1,0,0,0,0,0,0,2,8,信件背景·卯兔,,@【信件背景·卯兔】@\n·使用后，可使信件背景样式变更\n·个人聊天背景仅自己可见，群发信件背景全成员可见\n·外观变更期间，可取消使用，恢复默认外观\n·外观将会在获得后的~20天~后消失,?,,,,0,,,,群,五星
101202,101202,100,2,3,900,900,900,900,900,9,9,9,9,9,200108,0,0,0,0,2015,1728000,0,0,0,0,0,0,0,0,0,0,0,0,5,4,0,1,0,0,0,0,0,0,2,8,主城名框·兔魄,,@【主城名框·兔魄】@\n·使用后，可使主城名框样式变更\n·外观变更期间，可取消使用，恢复默认外观\n·外观将会在获得后的~20天~后消失,?,,,,0,,,,群,五星
101203,101203,100,2,3,900,900,900,900,900,9,9,9,9,9,200108,0,0,0,0,3010,1728000,0,0,0,0,0,0,0,0,0,0,0,0,5,4,0,1,0,0,0,0,0,0,2,8,分城名框·兔辉,,@【分城名框·兔辉】@\n·使用后，可使分城名框样式变更\n·外观变更期间，可取消使用，恢复默认外观\n·外观将会在购买后的~20天~后消失,?,,,,0,,,,群,五星
101204,101204,100,2,3,900,900,900,900,900,9,9,9,9,9,200108,0,0,0,0,16002,1728000,0,0,0,0,0,0,0,0,0,0,0,0,5,4,0,1,0,0,0,0,0,0,2,8,戍城名框·兔影,,@【戍城名框·兔影】@\n·使用后，可使分城名框样式变更\n·外观变更期间，可取消使用，恢复默认外观\n·外观将会在购买后的~20天~后消失,?,,,,0,,,,群,五星
101205,101205,100,2,3,900,900,900,900,900,9,9,9,9,9,200108,0,0,0,0,10006,1728000,0,0,0,0,0,0,0,0,0,0,0,0,5,4,0,1,0,0,0,0,0,0,2,8,行军线·脱兔,,@【行军线·脱兔】@\n·使用后，可使部队的行军线样式变更\n·外观变更期间，可取消使用，恢复默认外观\n·外观将会在获得后的~20天~后消失,?,,,,0,,,,群,五星
101206,101206,100,2,3,900,900,900,900,900,9,9,9,9,9,200108,0,0,0,0,13008,1728000,0,0,0,0,0,0,0,0,0,0,0,0,5,4,0,1,0,0,0,0,0,0,2,8,行军目的地·双兔,,@【行军目的地·双兔】@\n·使用后，可使部队的行军目的地旗帜样式变更\n·外观变更期间，可取消使用，恢复默认外观\n·外观将会在获得后的~20天~后消失,?,,,,0,,,,群,五星
101207,101207,100,2,3,900,900,900,900,900,9,9,9,9,9,200108,0,0,0,0,7124,1728000,0,0,0,0,0,0,0,0,0,0,0,0,5,4,0,1,0,0,0,0,0,0,2,8,头像框·卯兔,,@【头像框·卯兔】@\n·使用后，可使头像框样式变更\n·外观变更期间，可取消使用，恢复默认外观\n·外观将会在获得后的~20天~后消失,?,,,,0,,,,群,五星
101208,101208,100,2,3,900,900,900,900,900,9,9,9,9,9,200108,0,0,0,0,0,0,0,0,0,0,0,0,0,0,0,0,0,0,5,4,0,1,0,0,0,0,0,0,2,8,壬寅冬至·瑞雪,,@【壬寅冬至·瑞雪】@\n·获得后，可在主公簿设置为背景,?,,,,0,,,,群,五星
101209,101209,100,2,3,900,900,900,900,900,9,9,9,9,9,200108,0,0,0,0,7125,1814400,0,0,0,0,0,0,0,0,0,0,0,0,5,4,0,1,0,0,0,0,0,0,2,8,头像框·烟花,,@【头像框·烟花】@\n·使用后，可使头像框样式变更\n·外观变更期间，可取消使用，恢复默认外观\n·外观将会在获得后的~21天~后消失,?,,,,0,,,,群,五星
101210,101210,100,2,3,900,900,900,900,900,9,9,9,9,9,200108,0,0,0,0,1029,1728000,0,0,0,0,0,0,0,0,0,0,0,0,5,4,0,1,0,0,0,0,0,0,2,8,聊天气泡·欢宴,,@【聊天气泡·欢宴】@\n·使用后，可使聊天气泡样式变更\n·外观变更期间，可取消使用，恢复默认外观\n·外观将会在获得后的~20天~后消失,?,,,,0,,,,群,五星
101212,101212,100,2,3,900,900,900,900,900,9,9,9,9,9,200108,0,0,0,0,1030,1209600,0,0,0,0,0,0,0,0,0,0,0,0,5,4,0,1,0,0,0,0,0,0,2,8,聊天气泡·灯谜,,@【聊天气泡·灯谜】@\n·使用后，可使聊天气泡样式变更\n·外观变更期间，可取消使用，恢复默认外观\n·外观将会在获得后的~14天~后消失,?,,,,0,,,,群,五星
101213,101213,100,2,3,900,900,900,900,900,9,9,9,9,9,200108,0,0,0,0,7125,604800,0,0,0,0,0,0,0,0,0,0,0,0,5,4,0,1,0,0,0,0,0,0,2,8,头像框·赫,,@【头像框·赫】@\n·使用后，可使头像框样式变更\n·外观变更期间，可取消使用，恢复默认外观\n·外观将会在获得后的~7天~后消失,?,,,,0,,,,群,五星
101214,101214,100,2,3,900,900,900,900,900,9,9,9,9,9,200108,0,0,0,0,13005,604800,0,0,0,0,0,0,0,0,0,0,0,0,5,4,0,1,0,0,0,0,0,0,2,8,行军目的地·鸢,,@【行军目的地·鸢】@\n·使用后，可使部队的行军目的地旗帜样式变更\n·外观变更期间，可取消使用，恢复默认外观\n·外观将会在获得后的~7天~后消失,?,,,,0,,,,群,五星
101215,101215,100,2,3,900,900,900,900,900,9,9,9,9,9,200108,0,0,0,0,17001,604800,0,0,0,0,0,0,0,0,0,0,0,0,5,4,0,1,0,0,0,0,0,0,2,8,世族要塞外观·玄,,@【要塞外观·玄】@\n·使用后，可使要塞外观样式变更\n·外观变更期间，可取消使用，恢复默认外观\n·外观将会在获得后的~7天~后消失,?,,,,0,,,,群,五星
101216,101216,100,2,3,0,0,0,0,0,0,0,0,0,0,200184,0,0,0,0,5009,0,0,0,0,0,0,0,175,0,0,0,0,0,5,4,0,1,0,1,0,0,0,0,2,8,白毦,,@【兵种行军外观·白毦】@\n·使用一张【兵种行军外观·白毦】可解锁一个5星武将的兵种行军外观\n·可在五星武将的外观-兵种界面使用\n·当部队中的3名武将均已激活【行军外观·白毦】时，该部队的行军旗将自动变更为该外观的专属旗帜,?,,,,0,,,,群,五星
101217,101217,100,2,3,900,900,900,900,900,9,9,9,9,9,200108,0,0,0,0,7126,1209600,0,0,0,0,0,0,0,0,0,0,0,0,5,4,0,1,0,0,0,0,0,0,2,8,头像框·清渠,,@【头像框·清渠】@\n·使用后，可使头像框样式变更\n·外观变更期间，可取消使用，恢复默认外观\n·外观将会在获得后的~14天~后消失,?,,,,0,,,,群,五星
101218,101218,100,2,3,900,900,900,900,900,9,9,9,9,9,200108,0,0,0,0,4125,1209600,0,0,0,0,0,0,0,0,0,0,0,0,5,4,0,1,0,0,0,0,0,0,"2,12,32",8,信件背景·立夏,,@【信件背景·立夏】@\n·使用后，可使信件背景样式变更\n·个人聊天背景仅自己可见，群发信件背景全成员可见\n·外观变更期间，可取消使用，恢复默认外观\n·外观将会在获得后的~14天~后消失,?,,,,0,,,,群,五星
101219,101219,100,2,3,900,900,900,900,900,9,9,9,9,9,200108,0,0,0,0,7127,1209600,0,0,0,0,0,0,0,0,0,0,0,0,5,4,0,1,0,0,0,0,0,0,2,8,头像框·端午,,@【头像框·端午】@\n·使用后，可使头像框样式变更\n·外观变更期间，可取消使用，恢复默认外观\n·外观将会在获得后的~14天~后消失,?,,,,0,,,,群,五星
101220,101220,100,2,3,900,900,900,900,900,9,9,9,9,9,200108,0,0,0,0,7128,0,0,0,0,0,0,0,250,0,0,0,0,0,5,4,0,1,0,1,0,0,0,0,2,8,头像框·癸卯,,@【头像框·癸卯】@\n·使用后，可使头像框样式变更\n·外观变更期间，可取消使用，恢复默认外观,?,,,,0,,,,群,五星
101221,101221,100,2,3,0,0,0,0,0,0,0,0,0,0,200184,0,0,0,0,18001,1209600,0,0,0,0,0,0,0,0,0,0,0,0,5,4,0,1,0,1,0,0,0,0,2,8,行军外观·端午,,@【行军外观·端午】@\n·获得后，可使行军部队在水面行军时的外观样式变更\n·外观变更期间，不可取消使用\n·将会在获得的~14天~后消失,?,,,,0,,,,群,五星
101222,101222,100,2,3,900,900,900,900,900,9,9,9,9,9,200108,0,0,0,0,10007,2419200,0,0,0,0,0,0,0,0,0,0,0,0,5,4,0,1,0,0,0,0,0,0,"2,12,32",8,行军线·行商,,@【行军线·行商】@\n·使用后，可使部队的行军线样式变更\n·外观变更期间，可取消使用，恢复默认外观\n·外观将会在获得后的~28天~后消失,?,,,,0,,,,群,五星
101223,101223,100,2,3,900,900,900,900,900,9,9,9,9,9,200108,0,0,0,0,0,2419200,0,0,0,0,0,0,0,0,0,0,0,0,5,4,0,1,0,0,0,0,0,0,2,8,生财有道,,@【生财有道】@\n·获得后，可在主公簿设置为背景\n·外观将会在获得后的~28天~后消失,?,,,,0,,,,群,五星
101224,101224,100,2,3,900,900,900,900,900,9,9,9,9,9,200108,0,0,0,0,2016,2419200,0,0,0,0,0,0,0,0,0,0,0,0,5,4,0,1,0,0,0,0,0,0,2,8,主城名框·行商,,@【主城名框·行商】@\n·使用后，可使主城名框样式变更\n·外观变更期间，可取消使用，恢复默认外观\n·外观将会在获得后的~28天~后消失,?,,,,0,,,,群,五星
101225,101225,100,2,3,900,900,900,900,900,9,9,9,9,9,200108,0,0,0,0,1031,2419200,0,0,0,0,0,0,0,0,0,0,0,0,5,4,0,1,0,0,0,0,0,0,2,8,聊天气泡·行商,,@【聊天气泡·行商】@\n·使用后，可使聊天气泡样式变更\n·外观变更期间，可取消使用，恢复默认外观\n·外观将会在获得后的~28天~后消失,?,,,,0,,,,群,五星
101226,101226,100,2,3,900,900,900,900,900,9,9,9,9,9,200108,0,0,0,0,7129,5184000,0,0,0,0,0,0,0,0,0,0,0,0,5,4,0,1,0,0,0,0,0,0,2,8,头像框·巨贾,,@【头像框·巨贾】@\n·使用后，可使头像框样式变更\n·外观变更期间，可取消使用，恢复默认外观\n·外观将会在获得后的~60天~后消失,?,,,,0,,,,群,五星
101227,101227,100,2,3,900,900,900,900,900,9,9,9,9,9,200108,0,0,0,0,7130,1728000,0,0,0,0,0,0,0,0,0,0,0,0,5,4,0,1,0,1,0,0,0,0,2,8,头像框·舞狮,,@【头像框·舞狮】@\n·使用后，可使头像框样式变更\n·外观变更期间，可取消使用，恢复默认外观\n·外观将会在获得后的~20天~后消失,?,,,,0,,,,群,五星
101228,101228,100,2,3,900,900,900,900,900,9,9,9,9,9,200108,0,0,0,0,7131,1728000,0,0,0,0,0,0,0,0,0,0,0,0,5,4,0,1,0,0,0,0,0,0,2,8,头像框·张飞狮,,@【头像框·张飞狮】@\n·使用后，可使头像框样式变更\n·外观变更期间，可取消使用，恢复默认外观\n·外观将会在获得后的~20天~后消失,?,,,,0,,,,群,五星
101229,101229,100,2,3,900,900,900,900,900,9,9,9,9,9,200108,0,0,0,0,7132,1728000,0,0,0,0,0,0,0,0,0,0,0,0,5,4,0,1,0,0,0,0,0,0,2,8,头像框·赵云狮,,@【头像框·赵云狮】@\n·使用后，可使头像框样式变更\n·外观变更期间，可取消使用，恢复默认外观\n·外观将会在获得后的~20天~后消失,?,,,,0,,,,群,五星
101230,101230,100,2,3,900,900,900,900,900,9,9,9,9,9,200108,0,0,0,0,7133,1728000,0,0,0,0,0,0,0,0,0,0,0,0,5,4,0,1,0,0,0,0,0,0,2,8,头像框·马超狮,,@【头像框·马超狮】@\n·使用后，可使头像框样式变更\n·外观变更期间，可取消使用，恢复默认外观\n·外观将会在获得后的~20天~后消失,?,,,,0,,,,群,五星
101231,101231,100,2,3,900,900,900,900,900,9,9,9,9,9,200108,0,0,0,0,7134,1728000,0,0,0,0,0,0,0,0,0,0,0,0,5,4,0,1,0,0,0,0,0,0,2,8,头像框·黄忠狮,,@【头像框·黄忠狮】@\n·使用后，可使头像框样式变更\n·外观变更期间，可取消使用，恢复默认外观\n·外观将会在获得后的~20天~后消失,?,,,,0,,,,群,五星
101232,101232,100,2,3,0,0,0,0,0,0,0,0,0,0,200184,0,0,0,0,19001,1209600,0,0,0,0,0,0,0,0,0,0,0,0,5,4,0,1,0,1,0,0,0,0,2,8,行军外观·关羽狮,,@【行军外观·关羽狮】@\n·使用后，可使行军部队在陆地行军时的外观样式变更\n·外观变更期间，可取消使用，恢复原外观\n·将会在获得的~14天~后消失,?,,,,0,,,,群,五星
101233,101233,100,2,3,0,0,0,0,0,0,0,0,0,0,200184,0,0,0,0,19002,1209600,0,0,0,0,0,0,0,0,0,0,0,0,5,4,0,1,0,1,0,0,0,0,2,8,行军外观·张飞狮,,@【行军外观·张飞狮】@\n·使用后，可使行军部队在陆地行军时的外观样式变更\n·外观变更期间，可取消使用，恢复原外观\n·将会在获得的~14天~后消失,?,,,,0,,,,群,五星
101234,101234,100,2,3,0,0,0,0,0,0,0,0,0,0,200184,0,0,0,0,19003,1209600,0,0,0,0,0,0,0,0,0,0,0,0,5,4,0,1,0,1,0,0,0,0,2,8,行军外观·赵云狮,,@【行军外观·赵云狮】@\n·使用后，可使行军部队在陆地行军时的外观样式变更\n·外观变更期间，可取消使用，恢复原外观\n·将会在获得的~14天~后消失,?,,,,0,,,,群,五星
101235,101235,100,2,3,0,0,0,0,0,0,0,0,0,0,200184,0,0,0,0,19004,1209600,0,0,0,0,0,0,0,0,0,0,0,0,5,4,0,1,0,1,0,0,0,0,2,8,行军外观·马超狮,,@【行军外观·马超狮】@\n·使用后，可使行军部队在陆地行军时的外观样式变更\n·外观变更期间，可取消使用，恢复原外观\n·将会在获得的~14天~后消失,?,,,,0,,,,群,五星
101236,101236,100,2,3,0,0,0,0,0,0,0,0,0,0,200184,0,0,0,0,19005,1209600,0,0,0,0,0,0,0,0,0,0,0,0,5,4,0,1,0,1,0,0,0,0,2,8,行军外观·黄忠狮,,@【行军外观·黄忠狮】@\n·使用后，可使行军部队在陆地行军时的外观样式变更\n·外观变更期间，可取消使用，恢复原外观\n·将会在获得的~14天~后消失,?,,,,0,,,,群,五星
101237,101237,100,2,3,900,900,900,900,900,9,9,9,9,9,200108,0,0,0,0,7135,1209600,0,0,0,0,0,0,0,0,0,0,0,0,5,4,0,1,0,0,0,0,0,0,2,8,头像框·结义,,@【头像框·结义】@\n·使用后，可使头像框样式变更\n·外观变更期间，可取消使用，恢复默认外观\n·外观将会在获得后的~14天~后消失,?,,,,0,,,,群,五星
101238,101238,100,2,3,900,900,900,900,900,9,9,9,9,9,200108,0,0,0,0,1032,1814400,0,0,0,0,0,0,0,0,0,0,0,0,5,4,0,1,0,0,0,0,0,0,2,8,聊天气泡·夏日,,@【聊天气泡·夏日】@\n·使用后，可使聊天气泡样式变更\n·外观变更期间，可取消使用，恢复默认外观\n·外观将会在获得后的~21天~后消失,?,,,,0,,,,群,五星
101239,101239,100,2,3,0,0,0,0,0,0,0,0,0,0,200184,0,0,0,0,5010,0,0,0,0,0,0,0,175,0,0,0,0,0,5,4,0,1,0,1,0,0,0,0,2,8,大戟士,,@【兵种行军外观·大戟士】@\n·使用一张【兵种行军外观·大戟士】可解锁一个5星武将的兵种行军外观\n·可在五星武将的外观-兵种界面使用\n·当部队中的3名武将均已激活【行军外观·大戟士】时，该部队的行军旗将自动变更为该外观的专属旗帜,?,,,,0,,,,群,五星
101240,101240,100,2,3,900,900,900,900,900,9,9,9,9,9,200108,0,0,0,0,7136,1814400,0,0,0,0,0,0,0,0,0,0,0,0,5,4,0,1,0,0,0,0,0,0,2,8,头像框·洛阳宫灯,,@【头像框·洛阳宫灯】@\n·使用后，可使头像框样式变更\n·外观变更期间，可取消使用，恢复默认外观\n·外观将会在获得后的~21天~后消失,?,,,,0,,,,群,五星
101241,101241,100,2,3,900,900,900,900,900,9,9,9,9,9,200108,0,0,0,0,11006,1728000,0,0,0,0,0,0,0,0,0,0,0,0,5,4,0,1,0,0,0,0,0,0,2,8,要塞名框·官渡,,@【要塞名框·官渡】@\n·使用后，可使要塞名框样式变更\n·外观变更期间，可取消使用，恢复默认外观\n·外观将会在获得后的~20天~后消失,?,,,,0,,,,群,五星
101242,101242,100,2,3,900,900,900,900,900,9,9,9,9,9,200108,0,0,0,0,7137,1728000,0,0,0,0,0,0,0,0,0,0,0,0,5,4,0,1,0,0,0,0,0,0,2,8,头像框·皮影戏,,@【头像框·皮影戏】@\n·使用后，可使头像框样式变更\n·外观变更期间，可取消使用，恢复默认外观\n·外观将会在获得后的~20天~后消失,?,,,,0,,,,群,五星
101243,101243,100,2,3,900,900,900,900,900,9,9,9,9,9,200108,0,0,0,0,7138,1728000,0,0,0,0,0,0,0,0,0,0,0,0,5,4,0,1,0,0,0,0,0,0,2,8,头像框·蜀锦,,@【头像框·蜀锦】@\n·使用后，可使头像框样式变更\n·外观变更期间，可取消使用，恢复默认外观\n·外观将会在获得后的~20天~后消失,?,,,,0,,,,群,五星
101244,101244,100,2,3,900,900,900,900,900,9,9,9,9,9,200108,0,0,0,0,7139,1728000,0,0,0,0,0,0,0,0,0,0,0,0,5,4,0,1,0,0,0,0,0,0,2,8,头像框·中秋,,@【头像框·中秋】@\n·使用后，可使头像框样式变更\n·外观变更期间，可取消使用，恢复默认外观\n·外观将会在获得后的~20天~后消失,?,,,,0,,,,群,五星
101245,101245,100,2,3,900,900,900,900,900,9,9,9,9,9,200108,0,0,0,0,1033,1728000,0,0,0,0,0,0,0,0,0,0,0,0,5,4,0,1,0,0,0,0,0,0,2,8,聊天气泡·长城,,@【聊天气泡·长城】@\n·使用后，可使聊天气泡样式变更\n·外观变更期间，可取消使用，恢复默认外观\n·外观将会在获得后的~20天~后消失,?,,,,0,,,,群,五星
101246,101246,100,2,3,900,900,900,900,900,9,9,9,9,9,200108,0,0,0,0,4126,1728000,0,0,0,0,0,0,0,0,0,0,0,0,5,4,0,1,0,0,0,0,0,0,2,8,信件背景·夜城,,@【信件背景·夜城】@\n·使用后，可使信件背景样式变更\n·个人聊天背景仅自己可见，群发信件背景全成员可见\n·外观变更期间，可取消使用，恢复默认外观\n·外观将会在获得后的~20天~后消失,?,,,,0,,,,群,五星
101247,101247,100,2,3,900,900,900,900,900,9,9,9,9,9,200108,0,0,0,0,2017,1728000,0,0,0,0,0,0,0,0,0,0,0,0,5,4,0,1,0,0,0,0,0,0,2,8,主城名框·关城,,@【主城名框·关城】@\n·使用后，可使主城名框样式变更\n·外观变更期间，可取消使用，恢复默认外观\n·外观将会在获得后的~20天~后消失,?,,,,0,,,,群,五星
101248,101248,100,2,3,900,900,900,900,900,9,9,9,9,9,200108,0,0,0,0,2018,1728000,0,0,0,0,0,0,0,0,0,0,0,0,5,4,0,1,0,0,0,0,0,0,2,8,主城名框·灯,,@【主城名框·灯】@\n·使用后，可使主城名框样式变更\n·外观变更期间，可取消使用，恢复默认外观\n·外观将会在获得后的~20天~后消失,?,,,,0,,,,群,五星
101249,101249,100,2,3,900,900,900,900,900,9,9,9,9,9,200108,0,0,0,0,3011,1728000,0,0,0,0,0,0,0,0,0,0,0,0,5,4,0,1,0,0,0,0,0,0,2,8,分城名框·仓廪,,@【分城名框·仓廪】@\n·使用后，可使分城名框样式变更\n·外观变更期间，可取消使用，恢复默认外观\n·外观将会在购买后的~20天~后消失,?,,,,0,,,,群,五星
101251,101251,100,2,3,900,900,900,900,900,9,9,9,9,9,200108,0,0,0,0,16003,1728000,0,0,0,0,0,0,0,0,0,0,0,0,5,4,0,1,0,0,0,0,0,0,2,8,戍城名框·烽燧,,@【戍城名框·烽燧】@\n·使用后，可使分城名框样式变更\n·外观变更期间，可取消使用，恢复默认外观\n·外观将会在购买后的~20天~后消失,?,,,,0,,,,群,五星
101252,101252,100,2,3,900,900,900,900,900,9,9,9,9,9,200108,0,0,0,0,11007,1728000,0,0,0,0,0,0,0,0,0,0,0,0,5,4,0,1,0,0,0,0,0,0,2,8,要塞名框·长城,,@【要塞名框·长城】@\n·使用后，可使要塞名框样式变更\n·外观变更期间，可取消使用，恢复默认外观\n·外观将会在获得后的~20天~后消失,?,,,,0,,,,群,五星
101253,101253,100,2,3,900,900,900,900,900,9,9,9,9,9,200108,0,0,0,0,11008,1728000,0,0,0,0,0,0,0,0,0,0,0,0,5,4,0,1,0,0,0,0,0,0,2,8,要塞名框·佣工,,@【要塞名框·佣工】@\n·使用后，可使要塞名框样式变更\n·外观变更期间，可取消使用，恢复默认外观\n·外观将会在获得后的~20天~后消失,?,,,,0,,,,群,五星
101254,101254,100,2,3,900,900,900,900,900,9,9,9,9,9,200108,0,0,0,0,14004,1728000,0,0,0,0,0,0,0,0,0,0,0,0,5,4,0,1,0,0,0,0,0,0,2,8,要塞外观·卫所,,@【要塞外观·卫所】@\n·使用后，可使要塞外观样式变更\n·外观变更期间，可取消使用，恢复默认外观\n·外观将会在获得后的~20天~后消失,?,,,,0,,,,群,五星
101255,101255,100,2,3,900,900,900,900,900,9,9,9,9,9,200108,0,0,0,0,7140,1728000,0,0,0,0,0,0,0,0,0,0,0,0,5,4,0,1,0,0,0,0,0,0,2,8,头像框·长城,,@【头像框·长城】@\n·使用后，可使头像框样式变更\n·外观变更期间，可取消使用，恢复默认外观\n·外观将会在获得后的~20天~后消失,?,,,,0,,,,群,五星
101256,101256,100,2,3,900,900,900,900,900,9,9,9,9,9,200108,0,0,0,0,1034,1728000,0,0,0,0,0,0,0,0,0,0,0,0,5,4,0,1,0,0,0,0,0,0,2,8,聊天气泡·中秋,,@【聊天气泡·中秋】@\n·使用后，可使聊天气泡样式变更\n·外观变更期间，可取消使用，恢复默认外观\n·外观将会在获得后的~20天~后消失,?,,,,0,,,,群,五星
101257,101257,100,2,3,900,900,900,900,900,9,9,9,9,9,200108,0,0,0,0,4127,1728000,0,0,0,0,0,0,0,0,0,0,0,0,5,4,0,1,0,0,0,0,0,0,2,8,信件背景·中秋,,@【信件背景·中秋】@\n·使用后，可使信件背景样式变更\n·个人聊天背景仅自己可见，群发信件背景全成员可见\n·外观变更期间，可取消使用，恢复默认外观\n·外观将会在获得后的~20天~后消失,?,,,,0,,,,群,五星
101258,101258,100,2,3,900,900,900,900,900,9,9,9,9,9,200108,0,0,0,0,1035,1728000,0,0,0,0,0,0,0,0,0,0,0,0,5,4,0,1,0,0,0,0,0,0,2,8,聊天气泡·五熟釜,,@【聊天气泡·五熟釜】@\n·使用后，可使聊天气泡样式变更\n·外观变更期间，可取消使用，恢复默认外观\n·外观将会在获得后的~20天~后消失,?,,,,0,,,,群,五星
101259,101259,100,2,3,900,900,900,900,900,9,9,9,9,9,200108,0,0,0,0,7032,0,0,0,0,0,0,0,0,0,0,0,0,0,5,3,0,1,0,0,0,0,0,0,2,8,成就画像2D头像框,,,?,,,,0,,,,群,四星
101260,101260,200,2,3,0,0,0,0,0,0,0,0,0,0,200184,0,0,0,0,0,0,0,0,0,0,0,0,400,0,0,0,0,0,5,3,0,1,0,1,0,0,0,0,2,4,御龙,,,?,,,,0,,,,群,四星
101300,101300,200,3,3,0,0,0,0,0,0,0,0,0,0,200184,100027,100027,0,0,2,0,0,0,0,0,0,0,1000,0,0,0,0,0,2,4,0,1,0,1,0,0,0,0,3,5,成就·张辽,,,?,,,,10130001,,,,魏,五星
101301,101301,200,3,3,0,0,0,0,0,0,0,0,0,0,200184,100024,100024,0,0,2,0,0,0,0,0,0,0,1000,0,0,0,0,0,2,4,0,1,0,1,0,0,0,0,3,5,成就·荀彧,,,?,,,,10130101,,,,魏,五星
101302,101302,200,3,3,0,0,0,0,0,0,0,0,0,0,200184,100476,100476,0,0,2,0,0,0,0,0,0,0,1000,0,0,0,0,0,2,4,0,1,0,1,0,0,0,0,3,5,成就·郭嘉,,,?,,,,10130201,,,,魏,五星
101303,101303,200,2,3,0,0,0,0,0,0,0,0,0,0,200184,100769,100769,0,0,2,0,0,0,0,0,0,0,1000,0,0,0,0,0,2,4,0,1,0,1,0,0,0,0,2,5,成就·典韦,,,?,,,,10130301,,,,魏,五星
101304,101304,200,2,3,0,0,0,0,0,0,0,0,0,0,200184,100685,100685,0,0,2,0,0,0,0,0,0,0,1000,0,0,0,0,0,2,4,0,1,0,1,0,0,0,0,2,5,成就·乐进,,,?,,,,10130401,,,,魏,五星
101305,101305,200,2,3,0,0,0,0,0,0,0,0,0,0,200184,100310,100310,0,0,2,0,0,0,0,0,0,0,1000,0,0,0,0,0,2,4,0,1,0,1,0,0,0,0,2,5,成就·邓艾,,,?,,,,10130501,,,,魏,五星
101306,101306,200,2,3,0,0,0,0,0,0,0,0,0,0,200184,100017,100017,0,0,2,0,0,0,0,0,0,0,1000,0,0,0,0,0,3,4,0,1,0,1,0,0,0,0,2,5,成就·诸葛亮,,,?,,,,10130601,,,,蜀,五星
101307,101307,200,2,3,0,0,0,0,0,0,0,0,0,0,200184,100442,100442,0,0,2,0,0,0,0,0,0,0,1000,0,0,0,0,0,3,4,0,1,0,1,0,0,0,0,2,5,成就·黄忠,,,?,,,,10130701,,,,蜀,五星
101308,101308,200,3,3,0,0,0,0,0,0,0,0,0,0,200184,100494,100494,0,0,2,0,0,0,0,0,0,0,1000,0,0,0,0,0,3,4,0,1,0,1,0,0,0,0,3,5,成就·祝融夫人,,,?,,,,10130801,,,,蜀,五星
101309,101309,200,3,3,0,0,0,0,0,0,0,0,0,0,200184,100582,100582,0,0,2,0,0,0,0,0,0,0,1000,0,0,0,0,0,3,4,0,1,0,1,0,0,0,0,3,5,成就·法正,,,?,,,,10130901,,,,蜀,五星
101310,101310,200,2,3,0,0,0,0,0,0,0,0,0,0,200184,100477,100477,0,0,2,0,0,0,0,0,0,0,1000,0,0,0,0,0,3,4,0,1,0,1,0,0,0,0,2,5,成就·庞统,,,?,,,,10131001,,,,蜀,五星
101311,101311,200,3,3,0,0,0,0,0,0,0,0,0,0,200184,100631,100631,0,0,2,0,0,0,0,0,0,0,1000,0,0,0,0,0,3,4,0,1,0,1,0,0,0,0,3,5,成就·严颜,,,?,,,,10131101,,,,蜀,五星
101312,101312,200,3,3,0,0,0,0,0,0,0,0,0,0,200184,100534,100534,0,0,2,0,0,0,0,0,0,0,1000,0,0,0,0,0,3,4,0,1,0,1,0,0,0,0,3,5,成就·徐庶,,,?,,,,10131201,,,,蜀,五星
101313,101313,200,1,3,0,0,0,0,0,0,0,0,0,0,200184,100035,100035,0,0,2,0,0,0,0,0,0,0,1000,0,0,0,0,0,4,4,0,1,0,1,0,0,0,0,1,5,成就·吕蒙,,,?,,,,10131301,,,,吴,五星
101314,101314,200,1,3,0,0,0,0,0,0,0,0,0,0,200184,100031,100031,0,0,2,0,0,0,0,0,0,0,1000,0,0,0,0,0,4,4,0,1,0,1,0,0,0,0,1,5,成就·周瑜,,,?,,,,10131401,,,,吴,五星
101315,101315,200,2,3,0,0,0,0,0,0,0,0,0,0,200184,100741,100741,0,0,2,0,0,0,0,0,0,0,1000,0,0,0,0,0,4,4,0,1,0,1,0,0,0,0,2,5,成就·鲁肃,,,?,,,,10131501,,,,吴,五星
101316,101316,200,2,3,0,0,0,0,0,0,0,0,0,0,200184,100589,100589,0,0,2,0,0,0,0,0,0,0,1000,0,0,0,0,0,4,4,0,1,0,1,0,0,0,0,2,5,成就·周泰,,,?,,,,10131601,,,,吴,五星
101317,101317,200,3,3,0,0,0,0,0,0,0,0,0,0,200184,100450,100450,0,0,2,0,0,0,0,0,0,0,1000,0,0,0,0,0,4,4,0,1,0,1,0,0,0,0,3,5,成就·孙策,,,?,,,,10131701,,,,吴,五星
101318,101318,200,2,3,0,0,0,0,0,0,0,0,0,0,200184,100574,100574,0,0,2,0,0,0,0,0,0,0,1000,0,0,0,0,0,4,4,0,1,0,1,0,0,0,0,2,5,成就·陆抗,,,?,,,,10131801,,,,吴,五星
101319,101319,200,1,3,0,0,0,0,0,0,0,0,0,0,200184,100648,100648,0,0,2,0,0,0,0,0,0,0,1000,0,0,0,0,0,4,4,0,1,0,1,0,0,0,0,1,5,成就·张昭,,,?,,,,10131901,,,,吴,五星
101320,101320,200,1,3,0,0,0,0,0,0,0,0,0,0,200184,100090,100090,0,0,2,0,0,0,0,0,0,0,1000,0,0,0,0,0,4,4,0,1,0,1,0,0,0,0,1,5,成就·太史慈,,,?,,,,10132001,,,,吴,五星
101321,101321,200,3,3,0,0,0,0,0,0,0,0,0,0,200184,100013,100013,0,0,2,0,0,0,0,0,0,0,1000,0,0,0,0,0,5,4,0,1,0,1,0,0,0,0,3,5,成就·马超,,,?,,,,10132101,,,,群,五星
101322,101322,200,3,3,0,0,0,0,0,0,0,0,0,0,200184,100008,100008,0,0,2,0,0,0,0,0,0,0,1000,0,0,0,0,0,5,4,0,1,0,1,0,0,0,0,3,5,成就·张角,,,?,,,,10132201,,,,群,五星
101323,101323,200,3,3,0,0,0,0,0,0,0,0,0,0,200184,100677,100677,0,0,2,0,0,0,0,0,0,0,1000,0,0,0,0,0,5,4,0,1,0,1,0,0,0,0,3,5,成就·公孙瓒,,,?,,,,10132301,,,,群,五星
101324,101324,200,3,3,0,0,0,0,0,0,0,0,0,0,200184,100009,100009,0,0,2,0,0,0,0,0,0,0,1000,0,0,0,0,0,5,4,0,1,0,1,0,0,0,0,3,5,成就·董卓,,,?,,,,10132401,,,,群,五星
101325,101325,200,2,3,0,0,0,0,0,0,0,0,0,0,200184,100557,100557,0,0,2,0,0,0,0,0,0,0,1000,0,0,0,0,0,5,4,0,1,0,1,0,0,0,0,2,5,成就·张梁,,,?,,,,10132501,,,,群,五星
101326,101326,200,1,3,0,0,0,0,0,0,0,0,0,0,200184,100562,100562,0,0,2,0,0,0,0,0,0,0,1000,0,0,0,0,0,5,4,0,1,0,1,0,0,0,0,1,5,成就·张宝,,,?,,,,10132601,,,,群,五星
101327,101327,200,1,3,0,0,0,0,0,0,0,0,0,0,200184,100526,100526,0,0,2,0,0,0,0,0,0,0,1000,0,0,0,0,0,1,4,0,1,0,1,0,0,0,0,1,5,成就·张机,,,?,,,,10132701,,,,汉,五星
101328,101328,200,1,3,0,0,0,0,0,0,0,0,0,0,200184,100553,100553,0,0,2,0,0,0,0,0,0,0,1000,0,0,0,0,0,1,4,0,1,0,1,0,0,0,0,1,5,成就·朱儁,,,?,,,,10132801,,,,汉,五星
101329,101329,200,1,3,0,0,0,0,0,0,0,0,0,0,200184,100675,100675,0,0,2,0,0,0,0,0,0,0,1000,0,0,0,0,0,1,4,0,1,0,1,0,0,0,0,1,5,成就·刘表,,,?,,,,10132901,,,,汉,五星
101330,101330,200,3,3,0,0,0,0,0,0,0,0,0,0,200184,100630,100630,0,0,2,0,0,0,0,0,0,0,1000,0,0,0,0,0,1,4,0,1,0,1,0,0,0,0,3,5,成就·皇甫嵩,,,?,,,,10133001,,,,汉,五星
101331,101331,200,3,3,0,0,0,0,0,0,0,0,0,0,200184,100007,100007,0,0,2,0,0,0,0,0,0,0,0,0,0,0,0,0,1,4,0,1,0,1,0,0,0,0,3,5,成就·卢植,,,?,,,,10133101,,,,汉,五星
101332,101332,200,2,3,0,0,0,0,0,0,0,0,0,0,200184,100006,100006,0,0,2,0,0,0,0,0,0,0,1000,0,0,0,0,0,1,4,0,1,0,1,0,0,0,0,2,5,成就·袁绍,,,?,,,,10133201,,,,汉,五星
101333,101333,200,1,3,0,0,0,0,0,0,0,0,0,0,200184,100037,100037,0,0,2,0,0,0,0,0,0,0,1000,0,0,0,0,0,1,4,0,1,0,1,0,0,0,0,1,5,成就·何太后,,,?,,,,10133301,,,,汉,五星
101334,101334,200,1,3,0,0,0,0,0,0,0,0,0,0,200184,100705,100705,0,0,2,0,0,0,0,0,0,0,1000,0,0,0,0,0,6,4,0,1,0,1,0,0,0,0,1,5,成就·杜预,,,?,,,,10133401,,,,晋,五星
101335,101335,200,3,3,0,0,0,0,0,0,0,0,0,0,200184,100701,100701,0,0,2,0,0,0,0,0,0,0,1000,0,0,0,0,0,6,4,0,1,0,1,0,0,0,0,3,5,成就·司马师,,,?,,,,10133501,,,,晋,五星
101336,101336,200,3,3,0,0,0,0,0,0,0,0,0,0,200184,100702,100702,0,0,2,0,0,0,0,0,0,0,1000,0,0,0,0,0,6,4,0,1,0,1,0,0,0,0,3,5,成就·司马昭,,,?,,,,10133601,,,,晋,五星
101337,101337,100,2,3,900,900,900,900,900,9,9,9,9,9,200108,0,0,0,0,7141,1728000,0,0,0,0,0,0,0,0,0,0,0,0,5,4,0,1,0,1,0,0,0,0,2,8,头像框·琵琶评弹,,@【头像框·琵琶评弹】@\n·使用后，可使头像框样式变更\n·外观变更期间，可取消使用，恢复默认外观\n·外观将会在获得后的~20天~后消失,?,,,,0,,,,群,五星
101338,101338,100,2,3,900,900,900,900,900,9,9,9,9,9,200108,0,0,0,0,1036,1728000,0,0,0,0,0,0,0,0,0,0,0,0,5,4,0,1,0,1,0,0,0,0,2,8,聊天气泡·凫,,@【聊天气泡·凫】@\n·使用后，可使聊天气泡样式变更\n·外观变更期间，可取消使用，恢复默认外观\n·外观将会在获得后的~20天~后消失,?,,,,0,,,,群,五星
101339,101339,100,2,3,900,900,900,900,900,9,9,9,9,9,200108,0,0,0,0,2019,1728000,0,0,0,0,0,0,0,0,0,0,0,0,5,4,0,1,0,1,0,0,0,0,2,8,主城名框·扬武,,@【主城名框·扬武】@\n·使用后，可使主城名框样式变更\n·外观变更期间，可取消使用，恢复默认外观\n·外观将会在获得后的~20天~后消失,?,,,,0,,,,群,五星
101340,101340,100,2,3,900,900,900,900,900,9,9,9,9,9,200108,0,0,0,0,7142,1728000,0,0,0,0,0,0,0,0,0,0,0,0,5,4,0,1,0,1,0,0,0,0,2,8,头像框·奋威,,@【头像框·奋威】@\n·使用后，可使头像框样式变更\n·外观变更期间，可取消使用，恢复默认外观\n·外观将会在获得后的~20天~后消失,?,,,,0,,,,群,五星
101341,101341,100,2,3,900,900,900,900,900,9,9,9,9,9,200108,0,0,0,0,0,0,0,0,0,0,0,0,0,0,0,0,0,0,5,4,0,1,0,0,0,0,0,0,2,8,赤壁烽火,,@【赤壁烽火】@\n·获得后，可在主公簿设置为背景,?,,,,0,,,,群,五星
101342,101342,100,2,3,0,0,0,0,0,0,0,0,0,0,200184,0,0,0,0,5011,0,0,0,0,0,0,0,175,0,0,0,0,0,5,4,0,1,0,1,0,0,0,0,2,8,虎豹骑,,@【兵种行军外观·虎豹骑】@\n·使用一张【兵种行军外观·虎豹骑】可解锁一个5星武将的兵种行军外观\n·可在五星武将的外观-兵种界面使用\n·当部队中的3名武将均已激活【行军外观·虎豹骑】时，该部队的行军旗将自动变更为该外观的专属旗帜,?,,,,0,,,,群,五星
101343,101343,100,2,3,900,900,900,900,900,9,9,9,9,9,200108,0,0,0,0,7143,1728000,0,0,0,0,0,0,0,0,0,0,0,0,5,4,0,1,0,1,0,0,0,0,2,8,头像框·河北梆子,,@【头像框·河北梆子】@\n·使用后，可使头像框样式变更\n·外观变更期间，可取消使用，恢复默认外观\n·外观将会在获得后的~20天~后消失,?,,,,0,,,,群,五星
101344,101344,100,2,3,900,900,900,900,900,9,9,9,9,9,200108,0,0,0,0,1037,1728000,0,0,0,0,0,0,0,0,0,0,0,0,5,4,0,1,0,1,0,0,0,0,2,8,聊天气泡·糖画,,@【聊天气泡·糖画】@\n·使用后，可使聊天气泡样式变更\n·外观变更期间，可取消使用，恢复默认外观\n·外观将会在获得后的~20天~后消失,?,,,,0,,,,群,五星
101345,101345,100,2,3,900,900,900,900,900,9,9,9,9,9,200108,0,0,0,0,7144,1728000,0,0,0,0,0,0,0,0,0,0,0,0,5,4,0,1,0,1,0,0,0,0,2,8,头像框·腾龙,,@【头像框·腾龙】@\n·使用后，可使头像框样式变更\n·外观变更期间，可取消使用，恢复默认外观\n·外观将会在获得后的~20天~后消失,?,,,,0,,,,群,五星
101346,101346,100,2,3,900,900,900,900,900,9,9,9,9,9,200108,0,0,0,0,1038,1728000,0,0,0,0,0,0,0,0,0,0,0,0,5,4,0,1,0,1,0,0,0,0,2,8,聊天气泡·辰龙,,@【聊天气泡·辰龙】@\n·使用后，可使聊天气泡样式变更\n·外观变更期间，可取消使用，恢复默认外观\n·外观将会在获得后的~20天~后消失,?,,,,0,,,,群,五星
101347,101347,100,2,3,900,900,900,900,900,9,9,9,9,9,200108,0,0,0,0,4128,1728000,0,0,0,0,0,0,0,0,0,0,0,0,5,4,0,1,0,1,0,0,0,0,2,8,信件背景·辰龙,,@【信件背景·辰龙】@\n·使用后，可使信件背景样式变更\n·个人聊天背景仅自己可见，群发信件背景全成员可见\n·外观变更期间，可取消使用，恢复默认外观\n·外观将会在获得后的~20天~后消失,?,,,,0,,,,群,五星
101348,101348,100,2,3,900,900,900,900,900,9,9,9,9,9,200108,0,0,0,0,2020,1728000,0,0,0,0,0,0,0,0,0,0,0,0,5,4,0,1,0,1,0,0,0,0,2,8,主城名框·辰龙,,@【主城名框·辰龙】@\n·使用后，可使主城名框样式变更\n·外观变更期间，可取消使用，恢复默认外观\n·外观将会在获得后的~20天~后消失,?,,,,0,,,,群,五星
101349,101349,100,2,3,900,900,900,900,900,9,9,9,9,9,200108,0,0,0,0,3012,1728000,0,0,0,0,0,0,0,0,0,0,0,0,5,4,0,1,0,1,0,0,0,0,2,8,分城名框·辰龙,,@【分城名框·辰龙】@\n·使用后，可使分城名框样式变更\n·外观变更期间，可取消使用，恢复默认外观\n·外观将会在购买后的~20天~后消失,?,,,,0,,,,群,五星
101350,101350,100,2,3,900,900,900,900,900,9,9,9,9,9,200108,0,0,0,0,16004,1728000,0,0,0,0,0,0,0,0,0,0,0,0,5,4,0,1,0,1,0,0,0,0,2,8,戍城名框·辰龙,,@【戍城名框·辰龙】@\n·使用后，可使分城名框样式变更\n·外观变更期间，可取消使用，恢复默认外观\n·外观将会在购买后的~20天~后消失,?,,,,0,,,,群,五星
101351,101351,100,2,3,900,900,900,900,900,9,9,9,9,9,200108,0,0,0,0,7145,1728000,0,0,0,0,0,0,0,0,0,0,0,0,5,4,0,1,0,1,0,0,0,0,2,8,头像框·辰龙,,@【头像框·辰龙】@\n·使用后，可使头像框样式变更\n·外观变更期间，可取消使用，恢复默认外观\n·外观将会在获得后的~20天~后消失,?,,,,0,,,,群,五星
101352,101352,100,2,3,900,900,900,900,900,9,9,9,9,9,200108,0,0,0,0,10008,1728000,0,0,0,0,0,0,0,0,0,0,0,0,5,4,0,1,0,1,0,0,0,0,2,8,行军线·腾龙,,@【行军线·腾龙】@\n·使用后，可使部队的行军线样式变更\n·外观变更期间，可取消使用，恢复默认外观\n·外观将会在获得后的~20天~后消失,?,,,,0,,,,群,五星
101353,101353,100,2,3,900,900,900,900,900,9,9,9,9,9,200108,0,0,0,0,13006,1728000,0,0,0,0,0,0,0,0,0,0,0,0,5,4,0,1,0,1,0,0,0,0,2,8,行军目的地·腾龙,,@【行军目的地·腾龙】@\n·使用后，可使部队的行军目的地旗帜样式变更\n·外观变更期间，可取消使用，恢复默认外观\n·外观将会在获得后的~20天~后消失,?,,,,0,,,,群,五星
101354,101354,100,2,3,900,900,900,900,900,9,9,9,9,9,200108,0,0,0,0,7146,0,0,0,0,0,0,0,0,0,0,0,0,0,5,4,0,1,0,1,0,0,0,0,2,8,势力基金动态画像头像框,,可通过购买势力基金获得,?,,,,0,,,,群,五星
101355,101355,100,2,3,900,900,900,900,900,9,9,9,9,9,200108,0,0,0,0,7147,0,0,0,0,0,0,0,0,0,0,0,0,0,5,4,0,1,0,1,0,0,0,0,2,8,春节动态画像头像框,,可通过春节活动获取,?,,,,0,,,,群,五星
101356,101356,200,3,3,0,0,0,0,0,0,0,0,0,0,200184,100649,110170,0,0,3,0,0,0,0,0,0,0,500,0,0,0,0,0,3,4,0,1,0,1,0,0,0,0,3,5,汉中镇远·动态,,·可解锁@【蜀·魏延·步】@武将卡的@汉中镇远@画像动态效果\n·可在对应武将卡的外观界面更换该画像动态效果\n·未拥有该画像动态效果对应的静态画像，则无法给到武将使用，将在拥有静态画像后即刻解锁对应动态效果,?,,,,10135601,,,,蜀,五星
101357,101357,100,2,3,900,900,900,900,900,9,9,9,9,9,200108,0,0,0,0,7150,2592000,0,0,0,0,0,0,0,0,0,0,0,0,5,4,0,1,0,1,0,0,0,0,2,8,头像框·鱼王,,@【头像框·鱼王】@\n·使用后，可使头像框样式变更\n·外观变更期间，可取消使用，恢复默认外观\n·外观将会在获得后的~30天~后消失,?,,,,0,,,,群,五星
101358,101358,200,1,3,0,0,0,0,0,0,0,0,0,0,200184,100101,100101,0,0,2,0,0,0,0,0,0,0,1000,0,0,0,0,0,1,4,0,1,0,1,0,0,0,0,1,5,成就·灵帝,,,?,,,,10135801,,,,汉,五星
101359,101359,200,1,3,0,0,0,0,0,0,0,0,0,0,200184,100030,100030,0,0,2,0,0,0,0,0,0,0,1000,0,0,0,0,0,5,4,0,1,0,1,0,0,0,0,1,5,成就·孙权,,,?,,,,10135901,,,,群,五星
101363,101363,200,1,3,0,0,0,0,0,0,0,0,0,0,200184,100025,100025,0,0,2,0,0,0,0,0,0,0,1000,0,0,0,0,0,2,4,0,1,0,1,0,0,0,0,1,5,成就·曹丕,,,?,,,,10136301,,,,魏,五星
101364,101364,200,2,3,0,0,0,0,0,0,0,0,0,0,200184,100689,100689,0,0,2,0,0,0,0,0,0,0,1000,0,0,0,0,0,3,4,0,1,0,1,0,0,0,0,2,5,成就·刘禅,,,?,,,,10136401,,,,蜀,五星
101365,101365,200,3,3,0,0,0,0,0,0,0,0,0,0,200184,100615,100615,0,0,2,0,0,0,0,0,0,0,1000,0,0,0,0,0,3,4,0,1,0,1,0,0,0,0,3,5,成就·马岱,,,?,,,,10136501,,,,蜀,五星
101368,101368,200,1,3,0,0,0,0,0,0,0,0,0,0,200184,100770,100770,0,0,2,0,0,0,0,0,0,0,1000,0,0,0,0,0,1,4,0,1,0,1,0,0,0,0,1,5,成就·许劭,,,?,,,,10136801,,,,汉,五星
101369,101369,200,3,3,0,0,0,0,0,0,0,0,0,0,200184,100704,100704,0,0,2,0,0,0,0,0,0,0,1000,0,0,0,0,0,6,4,0,1,0,1,0,0,0,0,3,5,成就·文鸯,,,?,,,,10136901,,,,晋,五星
101370,101370,200,3,3,0,0,0,0,0,0,0,0,0,0,200184,100452,100452,0,0,2,0,0,0,0,0,0,0,1000,0,0,0,0,0,5,4,0,1,0,1,0,0,0,0,3,5,成就·木鹿大王,,,?,,,,10137001,,,,群,五星
101371,101371,200,2,3,0,0,0,0,0,0,0,0,0,0,200184,100684,100684,0,0,2,0,0,0,0,0,0,0,1000,0,0,0,0,0,4,4,0,1,0,1,0,0,0,0,2,5,成就·程普,,,?,,,,10137101,,,,吴,五星
101372,101372,200,3,3,0,0,0,0,0,0,0,0,0,0,200184,100647,100647,0,0,2,0,0,0,0,0,0,0,1000,0,0,0,0,0,5,4,0,1,0,1,0,0,0,0,3,5,成就·华雄,,,?,,,,10137201,,,,群,五星
101373,101373,200,1,3,0,0,0,0,0,0,0,0,0,0,200184,100591,100591,0,0,2,0,0,0,0,0,0,0,1000,0,0,0,0,0,2,4,0,1,0,0,0,0,0,0,1,5,成就·钟会,,,?,,,,10137301,,,,魏,五星
101375,101375,200,1,3,0,0,0,0,0,0,0,0,0,0,200184,100550,100550,0,0,2,0,0,0,0,0,0,0,1000,0,0,0,0,0,5,4,0,1,0,1,0,0,0,0,1,5,成就·轲比能,,,?,,,,10137501,,,,群,五星
101376,101376,100,2,3,900,900,900,900,900,9,9,9,9,9,200108,0,0,0,0,7151,0,0,0,0,0,0,0,250,0,0,0,0,0,5,4,0,1,0,1,0,0,0,0,2,8,头像框·甲辰,,@【头像框·甲辰】@\n·使用后，可使头像框样式变更\n·外观变更期间，可取消使用，恢复默认外观,?,,,,0,,,,群,五星
101377,101377,100,2,3,900,900,900,900,900,9,9,9,9,9,200108,0,0,0,0,1039,1209600,0,0,0,0,0,0,0,0,0,0,0,0,5,4,0,1,0,1,0,0,0,0,2,8,聊天气泡·灯彩,,@【聊天气泡·灯彩】@\n·使用后，可使聊天气泡样式变更\n·外观变更期间，可取消使用，恢复默认外观\n·外观将会在获得后的~14天~后消失,?,,,,0,,,,群,五星
101378,101378,100,2,3,900,900,900,900,900,9,9,9,9,9,200108,0,0,0,0,7152,1728000,0,0,0,0,0,0,0,0,0,0,0,0,5,4,0,1,0,1,0,0,0,0,2,8,头像框·冰雪,,@【头像框·冰雪】@\n·使用后，可使头像框样式变更\n·外观变更期间，可取消使用，恢复默认外观\n·外观将会在获得后的~20天~后消失,?,,,,0,,,,群,五星
101379,101379,100,2,3,900,900,900,900,900,9,9,9,9,9,200108,0,0,0,0,1040,1728000,0,0,0,0,0,0,0,0,0,0,0,0,5,4,0,1,0,1,0,0,0,0,2,8,聊天气泡·剪纸,,@【聊天气泡·剪纸】@\n·使用后，可使聊天气泡样式变更\n·外观变更期间，可取消使用，恢复默认外观\n·外观将会在获得后的~20天~后消失,?,,,,0,,,,群,五星
101380,101380,200,3,3,0,0,0,0,0,0,0,0,0,0,200184,100016,110150,0,0,3,0,0,0,0,0,0,0,600,0,0,0,0,0,3,4,0,1,0,1,0,0,0,0,3,5,国泰民安·动态,,·可解锁@【蜀·刘备·步】@武将卡的@国泰民安@画像动态效果\n·可在对应武将卡的外观界面更换该画像动态效果\n·未拥有该画像动态效果对应的静态画像，则无法给到武将使用，将在拥有静态画像后即刻解锁对应动态效果,?,,,,10138001,,,,蜀,五星
101381,101381,200,3,3,0,0,0,0,0,0,0,0,0,0,200184,100451,110151,0,4,3,0,0,0,0,0,0,0,600,0,0,0,0,0,3,4,0,1,0,1,0,0,0,0,3,5,马到成功·动态,,·可解锁@【蜀·关羽·骑】@武将卡的@马到成功@画像动态效果\n·可在对应武将卡的外观界面更换该画像动态效果\n·未拥有该画像动态效果对应的静态画像，则无法给到武将使用，将在拥有静态画像后即刻解锁对应动态效果,?,,,,10138101,,,,蜀,五星
101382,101382,200,3,3,0,0,0,0,0,0,0,0,0,0,200184,100022,110152,0,0,3,0,0,0,0,0,0,0,600,0,0,0,0,0,3,4,0,1,0,1,0,0,0,0,3,5,扛鼎抃牛·动态,,·可解锁@【蜀·张飞·骑】@武将卡的@扛鼎抃牛@画像动态效果\n·可在对应武将卡的外观界面更换该画像动态效果\n·未拥有该画像动态效果对应的静态画像，则无法给到武将使用，将在拥有静态画像后即刻解锁对应动态效果,?,,,,10138201,,,,蜀,五星
101383,101383,200,3,3,0,0,0,0,0,0,0,0,0,0,200184,100072,110153,0,0,3,0,0,0,0,0,0,0,600,0,0,0,0,0,3,4,0,1,0,1,0,0,0,0,3,5,红裳醉人·动态,,·可解锁@【蜀·关银屏·步】@武将卡的@红裳醉人@画像动态效果\n·可在对应武将卡的外观界面更换该画像动态效果\n·未拥有该画像动态效果对应的静态画像，则无法给到武将使用，将在拥有静态画像后即刻解锁对应动态效果,?,,,,10138301,,,,蜀,五星
101384,101384,100,2,3,900,900,900,900,900,9,9,9,9,9,200108,0,0,0,0,7153,1728000,0,0,0,0,0,0,0,0,0,0,0,0,5,4,0,1,0,1,0,0,0,0,2,8,头像框·破阵,,@【头像框·破阵】@\n·使用后，可使头像框样式变更\n·外观变更期间，可取消使用，恢复默认外观\n·外观将会在获得后的~20天~后消失,?,,,,0,,,,群,五星
101385,101385,100,2,3,900,900,900,900,900,9,9,9,9,9,200108,0,0,0,0,1041,1728000,0,0,0,0,0,0,0,0,0,0,0,0,5,4,0,1,0,1,0,0,0,0,2,8,聊天气泡·皮影戏,,@【聊天气泡·皮影戏】@\n·使用后，可使聊天气泡样式变更\n·外观变更期间，可取消使用，恢复默认外观\n·外观将会在获得后的~20天~后消失,?,,,,0,,,,群,五星
101386,101386,100,2,3,900,900,900,900,900,9,9,9,9,9,200108,0,0,0,0,1042,1728000,0,0,0,0,0,0,0,0,0,0,0,0,5,4,0,1,0,1,0,0,0,0,2,8,聊天气泡·湘绣,,@【聊天气泡·湘绣】@\n·使用后，可使聊天气泡样式变更\n·外观变更期间，可取消使用，恢复默认外观\n·外观将会在获得后的~20天~后消失,?,,,,0,,,,群,五星
101387,101387,100,2,3,900,900,900,900,900,9,9,9,9,9,200108,0,0,0,0,1043,1728000,0,0,0,0,0,0,0,0,0,0,0,0,5,4,0,1,0,1,0,0,0,0,2,8,聊天气泡·灯会,,@【聊天气泡·灯会】@\n·使用后，可使聊天气泡样式变更\n·外观变更期间，可取消使用，恢复默认外观\n·外观将会在获得后的~20天~后消失,?,,,,0,,,,群,五星
101388,101388,200,3,3,0,0,0,0,0,0,0,0,0,0,200184,100451,100451,0,0,2,0,0,0,0,0,0,0,1000,0,0,0,0,0,3,4,0,1,0,1,0,0,0,0,3,5,成就·关羽,,,?,,,,10138801,,,,蜀,五星
101389,101389,200,2,3,0,0,0,0,0,0,0,0,0,0,200184,100619,100619,0,0,2,0,0,0,0,0,0,0,1000,0,0,0,0,0,4,4,0,1,0,1,0,0,0,0,2,5,成就·大乔,,,?,,,,10138901,,,,吴,五星
101391,101391,200,2,3,0,0,0,0,0,0,0,0,0,0,200184,100709,100709,0,0,2,0,0,0,0,0,0,0,1000,0,0,0,0,0,6,4,0,1,0,1,0,0,0,0,2,5,成就·羊祜,,,?,,,,10139101,,,,晋,五星
101393,101393,200,3,3,0,0,0,0,0,0,0,0,0,0,200184,100019,100019,0,0,2,0,0,0,0,0,0,0,1000,0,0,0,0,0,3,4,0,1,0,1,0,0,0,0,3,5,成就·马云禄,,,?,,,,10139301,,,,蜀,五星
101394,101394,200,3,3,0,0,0,0,0,0,0,0,0,0,200184,100683,100683,0,0,2,0,0,0,0,0,0,0,1000,0,0,0,0,0,2,4,0,1,0,1,0,0,0,0,3,5,成就·曹彰,,,?,,,,10139401,,,,魏,五星
101395,101395,200,1,3,0,0,0,0,0,0,0,0,0,0,200184,100671,100671,0,0,2,0,0,0,0,0,0,0,1000,0,0,0,0,0,4,4,0,1,0,1,0,0,0,0,1,5,成就·蒋钦,,,?,,,,10139501,,,,吴,五星
101396,101396,200,2,3,0,0,0,0,0,0,0,0,0,0,200184,100674,100674,0,0,2,0,0,0,0,0,0,0,1000,0,0,0,0,0,3,4,0,1,0,1,0,0,0,0,2,5,成就·夏侯霸,,,?,,,,10139601,,,,蜀,五星
101397,101397,200,1,3,0,0,0,0,0,0,0,0,0,0,200184,100690,100690,0,0,2,0,0,0,0,0,0,0,1000,0,0,0,0,0,5,4,0,1,0,1,0,0,0,0,1,5,成就·西施,,,?,,,,10139701,,,,群,五星
101398,101398,200,3,3,0,0,0,0,0,0,0,0,0,0,200184,100526,110133,0,0,3,0,0,0,0,0,0,0,500,0,0,0,0,0,3,4,0,1,0,1,0,0,0,0,3,5,止戈济世·动态,,·可解锁@【汉·张机·弓】@武将卡的@止戈济世@画像动态效果\n·可在对应武将卡的外观界面更换该画像动态效果\n·未拥有该画像动态效果对应的静态画像，则无法给到武将使用，将在拥有静态画像后即刻解锁对应动态效果,?,,,,10139801,,,,蜀,五星
101399,101399,200,3,3,0,0,0,0,0,0,0,0,0,0,200184,100478,110163,0,2,3,0,0,0,0,0,0,0,500,0,0,0,0,0,4,4,0,1,0,1,0,0,0,0,3,5,燕颔书生·动态,,·可解锁@【吴·陆逊·步】@武将卡的@燕颔书生@画像动态效果\n·可在对应武将卡的外观界面更换该画像动态效果\n·未拥有该画像动态效果对应的静态画像，则无法给到武将使用，将在拥有静态画像后即刻解锁对应动态效果,?,,,,10139901,,,,吴,五星
101400,101400,200,2,3,0,0,0,0,0,0,0,0,0,0,200184,100472,100472,0,0,2,0,0,0,0,0,0,0,1000,0,0,0,0,0,2,4,0,1,0,1,0,0,0,0,2,5,成就·司马懿,,,?,,,,10140001,,,,魏,五星
101401,101401,200,3,3,0,0,0,0,0,0,0,0,0,0,200184,100435,100435,0,0,2,0,0,0,0,0,0,0,1000,0,0,0,0,0,2,4,0,1,0,1,0,0,0,0,3,5,成就·夏侯渊,,,?,,,,10140101,,,,魏,五星
101402,101402,200,2,3,0,0,0,0,0,0,0,0,0,0,200184,100480,100480,0,0,2,0,0,0,0,0,0,0,1000,0,0,0,0,0,1,4,0,1,0,1,0,0,0,0,2,5,成就·董卓,,,?,,,,10140201,,,,汉,五星
101403,101403,200,1,3,0,0,0,0,0,0,0,0,0,0,200184,100496,100496,0,0,2,0,0,0,0,0,0,0,1000,0,0,0,0,0,3,4,0,1,0,1,0,0,0,0,1,5,成就·诸葛亮,,,?,,,,10140301,,,,蜀,五星
101404,101404,200,1,3,0,0,0,0,0,0,0,0,0,0,200184,100524,100524,0,0,2,0,0,0,0,0,0,0,1000,0,0,0,0,0,3,4,0,1,0,1,0,0,0,0,1,5,成就·沙摩柯,,,?,,,,10140401,,,,蜀,五星
101405,101405,200,1,3,0,0,0,0,0,0,0,0,0,0,200184,100687,100687,0,0,2,0,0,0,0,0,0,0,1000,0,0,0,0,0,4,4,0,1,0,1,0,0,0,0,1,5,成就·小乔,,,?,,,,10140501,,,,吴,五星
101406,101406,200,2,3,0,0,0,0,0,0,0,0,0,0,200184,100784,100784,0,0,2,0,0,0,0,0,0,0,1000,0,0,0,0,0,4,4,0,1,0,1,0,0,0,0,2,5,成就·周瑜,,,?,,,,10140601,,,,吴,五星
101407,101407,200,3,3,0,0,0,0,0,0,0,0,0,0,200184,100656,100656,0,0,2,0,0,0,0,0,0,0,1000,0,0,0,0,0,5,4,0,1,0,1,0,0,0,0,3,5,成就·高顺,,,?,,,,10140701,,,,群,五星
101408,101408,200,3,3,0,0,0,0,0,0,0,0,0,0,200184,100004,100004,0,0,2,0,0,0,0,0,0,0,1000,0,0,0,0,0,1,4,0,1,0,1,0,0,0,0,3,5,成就·蔡文姬,,,?,,,,10140801,,,,汉,五星
101409,101409,200,1,3,0,0,0,0,0,0,0,0,0,0,200184,100443,100443,0,0,2,0,0,0,0,0,0,0,1000,0,0,0,0,0,5,4,0,1,0,1,0,0,0,0,1,5,成就·陈宫,,,?,,,,10140901,,,,群,五星
101410,101410,100,2,3,900,900,900,900,900,9,9,9,9,9,200108,0,0,0,0,7154,604800,0,0,0,0,0,0,0,0,0,0,0,0,5,4,0,1,0,1,0,0,0,0,2,8,头像框·奋武,,@【头像框·奋武】@\n·使用后，可使头像框样式变更\n·外观变更期间，可取消使用，恢复默认外观\n·外观将会在获得后的~7天~后消失,?,,,,0,,,,群,五星
101411,101411,100,2,3,900,900,900,900,900,9,9,9,9,9,200108,0,0,0,0,13007,604800,0,0,0,0,0,0,0,0,0,0,0,0,5,4,0,1,0,1,0,0,0,0,2,8,行军目的地·奋武,,@【行军目的地·奋武】@\n·使用后，可使部队的行军目的地旗帜样式变更\n·外观变更期间，可取消使用，恢复默认外观\n·外观将会在获得后的~7天~后消失,?,,,,0,,,,群,五星
101412,101412,100,2,3,900,900,900,900,900,9,9,9,9,9,200108,0,0,0,0,7155,2419200,0,0,0,0,0,0,0,0,0,0,0,0,5,4,0,1,0,1,0,0,0,0,2,8,头像框·文谋,,@【头像框·文谋】@\n·使用后，可使头像框样式变更\n·外观变更期间，可取消使用，恢复默认外观\n·外观将会在获得后的~28天~后消失,?,,,,0,,,,群,五星
101413,101413,100,2,3,900,900,900,900,900,9,9,9,9,9,200108,0,0,0,0,7156,2419200,0,0,0,0,0,0,0,0,0,0,0,0,5,4,0,1,0,1,0,0,0,0,2,8,头像框·农桑,,@【头像框·农桑】@\n·使用后，可使头像框样式变更\n·外观变更期间，可取消使用，恢复默认外观\n·外观将会在获得后的~28天~后消失,?,,,,0,,,,群,五星
101414,101414,100,2,3,900,900,900,900,900,9,9,9,9,9,200108,0,0,0,0,7157,2419200,0,0,0,0,0,0,0,0,0,0,0,0,5,4,0,1,0,1,0,0,0,0,2,8,头像框·土木,,@【头像框·土木】@\n·使用后，可使头像框样式变更\n·外观变更期间，可取消使用，恢复默认外观\n·外观将会在获得后的~28天~后消失,?,,,,0,,,,群,五星
101415,101415,100,2,3,900,900,900,900,900,9,9,9,9,9,200108,0,0,0,0,7158,2419200,0,0,0,0,0,0,0,0,0,0,0,0,5,4,0,1,0,1,0,0,0,0,2,8,头像框·医务,,@【头像框·医务】@\n·使用后，可使头像框样式变更\n·外观变更期间，可取消使用，恢复默认外观\n·外观将会在获得后的~28天~后消失,?,,,,0,,,,群,五星
101416,101416,100,2,3,900,900,900,900,900,9,9,9,9,9,200108,0,0,0,0,7159,2419200,0,0,0,0,0,0,0,0,0,0,0,0,5,4,0,1,0,1,0,0,0,0,2,8,头像框·军务,,@【头像框·军务】@\n·使用后，可使头像框样式变更\n·外观变更期间，可取消使用，恢复默认外观\n·外观将会在获得后的~28天~后消失,?,,,,0,,,,群,五星
101417,101417,100,2,3,0,0,0,0,0,0,0,0,0,0,200184,0,0,0,0,5012,0,0,0,0,0,0,0,175,0,0,0,0,0,5,4,0,1,0,1,0,0,0,0,2,8,陷阵营,,@【兵种行军外观·陷阵营】@\n·使用一张【兵种行军外观·陷阵营】可解锁一个5星武将的兵种行军外观\n·可在五星武将的外观-兵种界面使用\n·当部队中的3名武将均已激活【行军外观·陷阵营】时，该部队的行军旗将自动变更为该外观的专属旗帜,?,,,,0,,,,群,五星
101418,101418,100,2,3,900,900,900,900,900,9,9,9,9,9,200108,0,0,0,0,7160,1728000,0,0,0,0,0,0,0,0,0,0,0,0,5,4,0,1,0,1,0,0,0,0,2,8,头像框·珠荷,,@【头像框·珠荷】@\n·使用后，可使头像框样式变更\n·外观变更期间，可取消使用，恢复默认外观\n·外观将会在获得后的~20天~后消失,?,,,,0,,,,群,五星
101419,101419,200,3,3,0,0,0,0,0,0,0,0,0,0,200184,100024,101419,0,0,1,0,0,0,0,0,0,0,500,0,0,0,0,0,3,4,0,1,0,1,0,0,0,0,3,5,佐业王庭,,·可解锁@【魏·荀彧·佐业王庭】@武将卡的@佐业王庭@画像\n·可在对应武将卡的外观界面更换画像\n·获得画像后，若暂无对应武将卡，将在拥有武将卡后即刻解锁对应画像,?,,,,10141901,,,,蜀,五星
101420,101420,200,3,3,0,0,0,0,0,0,0,0,0,0,200184,100024,101419,0,0,3,0,0,0,0,0,0,0,500,0,0,0,0,0,3,4,0,1,0,1,0,0,0,0,3,5,佐业王庭·动态,,·可解锁@【魏·荀彧·佐业王庭】@武将卡的@佐业王庭@画像动态效果\n·可在对应武将卡的外观界面更换该画像动态效果\n·未拥有该画像动态效果对应的静态画像，则无法给到武将使用，将在拥有静态画像后即刻解锁对应动态效果,?,,,,10142001,,,,蜀,五星
101421,101421,100,2,3,900,900,900,900,900,9,9,9,9,9,200108,0,0,0,0,4129,1209600,0,0,0,0,0,0,0,0,0,0,0,0,5,4,0,1,0,1,0,0,0,0,2,8,信件背景·立夏,,@【信件背景·立夏】@\n·使用后，可使信件背景样式变更\n·个人聊天背景仅自己可见，群发信件背景全成员可见\n·外观变更期间，可取消使用，恢复默认外观\n·外观将会在获得后的~14天~后消失,?,,,,0,,,,群,五星
101422,101422,100,2,3,900,900,900,900,900,9,9,9,9,9,200108,0,0,0,0,0,1209600,0,0,0,0,0,0,0,0,0,0,0,0,5,4,0,1,0,1,0,0,0,0,2,8,清风徐来,,@【清风徐来】@\n·获得后，可在主公簿设置为背景\n·外观将会在获得后的~14天~后消失,?,,,,0,,,,群,五星
101423,101423,200,3,3,0,0,0,0,0,0,0,0,0,0,200184,100008,110156,0,0,3,0,0,0,0,0,0,0,500,0,0,0,0,0,3,4,0,1,0,1,0,0,0,0,3,5,苍天已死·动态,,·可解锁@【群·张角·骑】【群·张角·骑·SP】@武将卡的@苍天已死@画像动态效果\n·可在对应武将卡的外观界面更换该画像动态效果\n·未拥有该画像动态效果对应的静态画像，则无法给到武将使用，将在拥有静态画像后即刻解锁对应动态效果,?,,,,10142301,,,,蜀,五星
101424,101424,100,2,3,900,900,900,900,900,9,9,9,9,9,200108,0,0,0,0,7160,2419200,0,0,0,0,0,0,0,0,0,0,0,0,5,4,0,1,0,1,0,0,0,0,2,8,头像框·兵击,,@【头像框·兵击】@\n·使用后，可使头像框样式变更\n·外观变更期间，可取消使用，恢复默认外观\n·外观将会在获得后的~28天~后消失,?,,,,0,,,,群,五星
101425,101425,100,2,3,900,900,900,900,900,9,9,9,9,9,200108,0,0,0,0,7161,1814400,0,0,0,0,0,0,0,0,0,0,0,0,5,4,0,1,0,1,0,0,0,0,2,8,头像框·竞渡,,@【头像框·竞渡】@\n·使用后，可使头像框样式变更\n·外观变更期间，可取消使用，恢复默认外观\n·外观将会在获得后的~21天~后消失,?,,,,0,,,,群,五星
101426,101426,200,2,3,0,0,0,0,0,0,0,0,0,0,200184,100023,100023,0,0,2,0,0,0,0,0,0,0,1000,0,0,0,0,0,2,4,0,1,0,1,0,0,0,0,2,5,成就·曹操,,,?,,,,10142601,,,,魏,五星
101427,101427,200,3,3,0,0,0,0,0,0,0,0,0,0,200184,100703,100703,0,0,2,0,0,0,0,0,0,0,1000,0,0,0,0,0,2,4,0,1,0,1,0,0,0,0,3,5,成就·司马炎,,,?,,,,10142701,,,,魏,五星
101428,101428,200,1,3,0,0,0,0,0,0,0,0,0,0,200184,100670,100670,0,0,2,0,0,0,0,0,0,0,1000,0,0,0,0,0,5,4,0,1,0,1,0,0,0,0,1,5,成就·袁绍,,,?,,,,10142801,,,,群,五星
101429,101429,200,1,3,0,0,0,0,0,0,0,0,0,0,200184,100034,100034,0,0,2,0,0,0,0,0,0,0,1000,0,0,0,0,0,3,4,0,1,0,1,0,0,0,0,1,5,成就·甘宁,,,?,,,,10142901,,,,蜀,五星
101430,101430,200,1,3,0,0,0,0,0,0,0,0,0,0,200184,100771,100771,0,0,2,0,0,0,0,0,0,0,1000,0,0,0,0,0,3,4,0,1,0,1,0,0,0,0,1,5,成就·沮授,,,?,,,,10143001,,,,蜀,五星
101431,101431,200,1,3,0,0,0,0,0,0,0,0,0,0,200184,100585,100585,0,0,2,0,0,0,0,0,0,0,1000,0,0,0,0,0,4,4,0,1,0,1,0,0,0,0,1,5,成就·曹仁,,,?,,,,10143101,,,,吴,五星
101432,101432,200,2,3,0,0,0,0,0,0,0,0,0,0,200184,100693,100693,0,0,2,0,0,0,0,0,0,0,1000,0,0,0,0,0,4,4,0,1,0,1,0,0,0,0,2,5,成就·王允,,,?,,,,10143201,,,,吴,五星
101433,101433,200,3,3,0,0,0,0,0,0,0,0,0,0,200184,100498,100498,0,0,2,0,0,0,0,0,0,0,1000,0,0,0,0,0,5,4,0,1,0,1,0,0,0,0,3,5,成就·曹纯,,,?,,,,10143301,,,,群,五星
101434,101434,200,3,3,0,0,0,0,0,0,0,0,0,0,200184,100495,100495,0,0,2,0,0,0,0,0,0,0,1000,0,0,0,0,0,1,4,0,1,0,1,0,0,0,0,3,5,成就·颜良&文丑,,,?,,,,10143401,,,,汉,五星
101435,101435,200,1,3,0,0,0,0,0,0,0,0,0,0,200184,100783,100783,0,0,2,0,0,0,0,0,0,0,1000,0,0,0,0,0,5,4,0,1,0,1,0,0,0,0,1,5,成就·黄盖,,,?,,,,10143501,,,,群,五星
101436,101436,200,2,3,0,0,0,0,0,0,0,0,0,0,200184,100692,100692,0,0,2,0,0,0,0,0,0,0,1000,0,0,0,0,0,4,4,0,1,0,1,0,0,0,0,2,5,成就·田丰,,,?,,,,10143601,,,,吴,五星
101437,101437,200,3,3,0,0,0,0,0,0,0,0,0,0,200184,100691,100691,0,0,2,0,0,0,0,0,0,0,1000,0,0,0,0,0,5,4,0,1,0,1,0,0,0,0,3,5,成就·周仓,,,?,,,,10143701,,,,群,五星
101438,101438,200,3,3,0,0,0,0,0,0,0,0,0,0,200184,100369,100369,0,0,2,0,0,0,0,0,0,0,1000,0,0,0,0,0,1,4,0,1,0,1,0,0,0,0,3,5,成就·华佗,,,?,,,,10143801,,,,汉,五星
101439,101439,200,1,3,0,0,0,0,0,0,0,0,0,0,200184,100707,100707,0,0,2,0,0,0,0,0,0,0,1000,0,0,0,0,0,5,4,0,1,0,1,0,0,0,0,1,5,成就·卫瓘,,,?,,,,10143901,,,,群,五星
101440,101440,100,2,3,900,900,900,900,900,9,9,9,9,9,200108,0,0,0,0,0,2419200,0,0,0,0,0,0,0,0,0,0,0,0,5,4,0,1,0,1,0,0,0,0,2,8,逐浪飞舟,,@【逐浪飞舟】@\n·获得后，可在主公簿设置为背景\n·外观将会在获得后的~28天~后消失,?,,,,0,,,,群,五星
101441,101441,100,2,3,0,0,0,0,0,0,0,0,0,0,200184,0,0,0,0,18002,1814400,0,0,0,0,0,0,0,0,0,0,0,0,5,4,0,1,0,1,0,0,0,0,2,8,行军外观·龙舟,,@【行军外观·龙舟】@\n·获得后，可使行军部队在水面行军时的外观样式变更\n·外观变更期间，不可取消使用\n·将会在获得的~21天~后消失,?,,,,0,,,,群,五星
101442,101442,100,2,3,900,900,900,900,900,9,9,9,9,9,200108,0,0,0,0,1044,1814400,0,0,0,0,0,0,0,0,0,0,0,0,5,4,0,1,0,1,0,0,0,0,2,8,聊天气泡·粽香,,@【聊天气泡·粽香】@\n·使用后，可使聊天气泡样式变更\n·外观变更期间，可取消使用，恢复默认外观\n·外观将会在获得后的~21天~后消失,?,,,,0,,,,群,五星
101443,101443,200,3,3,0,0,0,0,0,0,0,0,0,0,200184,100574,101443,0,0,1,0,0,0,0,0,0,0,500,0,0,0,0,0,4,4,0,1,0,1,0,0,0,0,3,5,砥柱天南,,·可解锁@【吴·陆抗·砥柱天南】@武将卡的@砥柱天南@画像\n·可在对应武将卡的外观界面更换画像\n·获得画像后，若暂无对应武将卡，将在拥有武将卡后即刻解锁对应画像,?,,,,10144301,,,,吴,五星
101444,101444,200,3,3,0,0,0,0,0,0,0,0,0,0,200184,100574,101443,0,0,3,0,0,0,0,0,0,0,500,0,0,0,0,0,4,4,0,1,0,1,0,0,0,0,3,5,砥柱天南·动态,,·可解锁@【吴·陆抗·砥柱天南】@武将卡的@砥柱天南@画像动态效果\n·可在对应武将卡的外观界面更换该画像动态效果\n·未拥有该画像动态效果对应的静态画像，则无法给到武将使用，将在拥有静态画像后即刻解锁对应动态效果,?,,,,10144401,,,,吴,五星
101445,101445,200,2,3,0,0,0,0,0,0,0,0,0,0,200184,100016,100016,0,0,2,0,0,0,0,0,0,0,1000,0,0,0,0,0,3,4,0,1,0,1,0,0,0,0,2,5,成就·刘备,,,?,,,,10144501,,,,蜀,五星
101446,101446,200,2,3,0,0,0,0,0,0,0,0,0,0,200184,100788,100788,0,0,2,0,0,0,0,0,0,0,1000,0,0,0,0,0,4,4,0,1,0,1,0,0,0,0,2,5,成就·丁奉,,,?,,,,10144601,,,,吴,五星
101447,101447,200,1,3,0,0,0,0,0,0,0,0,0,0,200184,100787,100787,0,0,2,0,0,0,0,0,0,0,1000,0,0,0,0,0,2,4,0,1,0,1,0,0,0,0,1,5,成就·程昱,,,?,,,,10144701,,,,魏,五星
101448,101448,200,2,3,0,0,0,0,0,0,0,0,0,0,200184,100011,100011,0,0,2,0,0,0,0,0,0,0,1000,0,0,0,0,0,5,4,0,1,0,1,0,0,0,0,2,5,成就·贾诩,,,?,,,,10144801,,,,群,五星
101449,101449,200,1,3,0,0,0,0,0,0,0,0,0,0,200184,100706,100706,0,0,2,0,0,0,0,0,0,0,1000,0,0,0,0,0,6,4,0,1,0,1,0,0,0,0,1,5,成就·王元姬,,,?,,,,10144901,,,,晋,五星
101450,101450,100,2,3,900,900,900,900,900,9,9,9,9,9,200108,0,0,0,0,7162,1728000,0,0,0,0,0,0,0,0,0,0,0,0,5,4,0,1,0,1,0,0,0,0,2,8,头像框·田园,,@【头像框·田园】@\n·使用后，可使头像框样式变更\n·外观变更期间，可取消使用，恢复默认外观\n·外观将会在获得后的~20天~后消失,?,,,,0,,,,群,五星
101451,101451,100,2,3,900,900,900,900,900,9,9,9,9,9,200108,0,0,0,0,7163,1728000,0,0,0,0,0,0,0,0,0,0,0,0,5,4,0,1,0,1,0,0,0,0,2,8,头像框·霸主,,@【头像框·霸主】@\n·使用后，可使头像框样式变更\n·外观变更期间，可取消使用，恢复默认外观\n·外观将会在获得后的~20天~后消失,?,,,,0,,,,群,五星
101452,101452,100,2,3,900,900,900,900,900,9,9,9,9,9,200108,0,0,0,0,2021,1728000,0,0,0,0,0,0,0,0,0,0,0,0,5,4,0,1,0,1,0,0,0,0,2,8,主城名框·丰年,,@【主城名框·丰年】@\n·使用后，可使主城名框样式变更\n·外观变更期间，可取消使用，恢复默认外观\n·外观将会在获得后的~20天~后消失,?,,,,0,,,,群,五星
101453,101453,100,2,3,900,900,900,900,900,9,9,9,9,9,200108,0,0,0,0,2022,1728000,0,0,0,0,0,0,0,0,0,0,0,0,5,4,0,1,0,1,0,0,0,0,2,8,主城名框·瑞雪,,@【主城名框·瑞雪】@\n·使用后，可使主城名框样式变更\n·外观变更期间，可取消使用，恢复默认外观\n·外观将会在获得后的~20天~后消失,?,,,,0,,,,群,五星
101454,101454,100,2,3,900,900,900,900,900,9,9,9,9,9,200108,0,0,0,0,2023,1728000,0,0,0,0,0,0,0,0,0,0,0,0,5,4,0,1,0,1,0,0,0,0,2,8,主城名框·晚秋,,@【主城名框·晚秋】@\n·使用后，可使主城名框样式变更\n·外观变更期间，可取消使用，恢复默认外观\n·外观将会在获得后的~20天~后消失,?,,,,0,,,,群,五星
101455,101455,100,2,3,900,900,900,900,900,9,9,9,9,9,200108,0,0,0,0,2024,1728000,0,0,0,0,0,0,0,0,0,0,0,0,5,4,0,1,0,1,0,0,0,0,2,8,主城名框·晨月,,@【主城名框·晨月】@\n·使用后，可使主城名框样式变更\n·外观变更期间，可取消使用，恢复默认外观\n·外观将会在获得后的~20天~后消失,?,,,,0,,,,群,五星
101456,101456,100,2,3,900,900,900,900,900,9,9,9,9,9,200108,0,0,0,0,7164,1814400,0,0,0,0,0,0,0,0,0,0,0,0,5,4,0,1,0,1,0,0,0,0,2,8,头像框·击鞠,,@【头像框·击鞠】@\n·使用后，可使头像框样式变更\n·外观变更期间，可取消使用，恢复默认外观\n·外观将会在获得后的~21天~后消失,?,,,,0,,,,群,五星
101457,101457,100,2,3,900,900,900,900,900,9,9,9,9,9,200108,0,0,0,0,1045,604800,0,0,0,0,0,0,0,0,0,0,0,0,5,4,0,1,0,1,0,0,0,0,2,8,聊天气泡·争霸,,@【聊天气泡·争霸】@\n·使用后，可使聊天气泡样式变更\n·外观变更期间，可取消使用，恢复默认外观\n·外观将会在获得后的~7天~后消失,?,,,,0,,,,群,五星
101458,101458,100,2,3,900,900,900,900,900,9,9,9,9,9,200108,0,0,0,0,7165,1814400,0,0,0,0,0,0,0,0,0,0,0,0,5,4,0,1,0,1,0,0,0,0,2,8,头像框·校友同行,,@【头像框·校友同行】@\n·使用后，可使头像框样式变更\n·外观变更期间，可取消使用，恢复默认外观\n·外观将会在获得后的~21天~后消失,?,,,,0,,,,群,五星
101459,101459,100,2,3,900,900,900,900,900,9,9,9,9,9,200108,0,0,0,0,2025,1814400,0,0,0,0,0,0,0,0,0,0,0,0,5,4,0,1,0,1,0,0,0,0,2,8,主城名框·校园,,@【主城名框·校园】@\n·使用后，可使主城名框样式变更\n·外观变更期间，可取消使用，恢复默认外观\n·外观将会在获得后的~21天~后消失,?,,,,0,,,,群,五星
101460,101460,100,2,3,0,0,0,0,0,0,0,0,0,0,200184,0,0,0,0,5013,0,0,0,0,0,0,0,175,0,0,0,0,0,5,4,0,1,0,1,0,0,0,0,2,8,武陵蛮,,@【兵种行军外观·武陵蛮】@\n·使用一张【兵种行军外观·武陵蛮】可解锁一个5星武将的兵种行军外观\n·可在五星武将的外观-兵种界面使用\n·当部队中的3名武将均已激活【行军外观·武陵蛮】时，该部队的行军旗将自动变更为该外观的专属旗帜,?,,,,0,,,,群,五星
101461,101461,200,1,3,0,0,0,0,0,0,0,0,0,0,200184,100015,100015,0,0,2,0,0,0,0,0,0,0,1000,0,0,0,0,0,5,4,0,1,0,1,0,0,0,0,1,5,成就·甄洛,,,?,,,,10146101,,,,群,五星
101462,101462,200,1,3,0,0,0,0,0,0,0,0,0,0,200184,100029,100029,0,0,2,0,0,0,0,0,0,0,1000,0,0,0,0,0,2,4,0,1,0,1,0,0,0,0,1,5,成就·张春华,,,?,,,,10146201,,,,魏,五星
101463,101463,200,2,3,0,0,0,0,0,0,0,0,0,0,200184,100475,100475,0,0,2,0,0,0,0,0,0,0,1000,0,0,0,0,0,2,4,0,1,0,1,0,0,0,0,2,5,成就·郝昭,,,?,,,,10146301,,,,魏,五星
101464,101464,200,2,3,0,0,0,0,0,0,0,0,0,0,200184,100478,100478,0,0,2,0,0,0,0,0,0,0,1000,0,0,0,0,0,4,4,0,1,0,1,0,0,0,0,2,5,成就·陆逊,,,?,,,,10146401,,,,吴,五星
101465,101465,200,3,3,0,0,0,0,0,0,0,0,0,0,200184,100586,100586,0,0,2,0,0,0,0,0,0,0,1000,0,0,0,0,0,5,4,0,1,0,1,0,0,0,0,3,5,成就·庞德,,,?,,,,10146501,,,,群,五星
101466,101466,200,3,3,0,0,0,0,0,0,0,0,0,0,200184,100593,100593,0,0,2,0,0,0,0,0,0,0,1000,0,0,0,0,0,5,4,0,1,0,1,0,0,0,0,3,5,成就·张郃,,,?,,,,10146601,,,,群,五星
101467,101467,200,1,3,0,0,0,0,0,0,0,0,0,0,200184,100604,100604,0,0,2,0,0,0,0,0,0,0,1000,0,0,0,0,0,5,4,0,1,0,1,0,0,0,0,1,5,成就·李儒,,,?,,,,10146701,,,,群,五星
101468,101468,200,1,3,0,0,0,0,0,0,0,0,0,0,200184,100618,100618,0,0,2,0,0,0,0,0,0,0,1000,0,0,0,0,0,2,4,0,1,0,1,0,0,0,0,1,5,成就·贾诩,,,?,,,,10146801,,,,魏,五星
101469,101469,200,3,3,0,0,0,0,0,0,0,0,0,0,200184,100620,100620,0,0,2,0,0,0,0,0,0,0,1000,0,0,0,0,0,5,4,0,1,0,1,0,0,0,0,3,5,成就·张绣,,,?,,,,10146901,,,,群,五星
101470,101470,200,3,3,0,0,0,0,0,0,0,0,0,0,200184,100645,100645,0,0,2,0,0,0,0,0,0,0,1000,0,0,0,0,0,2,4,0,1,0,1,0,0,0,0,3,5,成就·徐晃,,,?,,,,10147001,,,,魏,五星
101471,101471,200,1,3,0,0,0,0,0,0,0,0,0,0,200184,100652,100652,0,0,2,0,0,0,0,0,0,0,1000,0,0,0,0,0,2,4,0,1,0,1,0,0,0,0,1,5,成就·王朗,,,?,,,,10147101,,,,魏,五星
101472,101472,200,3,3,0,0,0,0,0,0,0,0,0,0,200184,100672,100672,0,0,2,0,0,0,0,0,0,0,1000,0,0,0,0,0,2,4,0,1,0,1,0,0,0,0,3,5,成就·曹植,,,?,,,,10147201,,,,魏,五星
101473,101473,200,2,3,0,0,0,0,0,0,0,0,0,0,200184,100708,100708,0,0,2,0,0,0,0,0,0,0,1000,0,0,0,0,0,6,4,0,1,0,1,0,0,0,0,2,5,成就·贾充,,,?,,,,10147301,,,,晋,五星
101474,101474,100,2,3,900,900,900,900,900,9,9,9,9,9,200108,0,0,0,0,7166,1814400,0,0,0,0,0,0,0,0,0,0,0,0,5,4,0,1,0,1,0,0,0,0,2,8,头像框·决战,,@【头像框·决战】@\n·使用后，可使头像框样式变更\n·外观变更期间，可取消使用，恢复默认外观\n·外观将会在获得后的~21天~后消失,?,,,,0,,,,群,五星
101475,101475,100,2,3,900,900,900,900,900,9,9,9,9,9,200108,0,0,0,0,7167,1814400,0,0,0,0,0,0,0,0,0,0,0,0,5,4,0,1,0,1,0,0,0,0,2,8,头像框·春秋,,@【头像框·春秋】@\n·使用后，可使头像框样式变更\n·外观变更期间，可取消使用，恢复默认外观\n·外观将会在获得后的~21天~后消失,?,,,,0,,,,群,五星
101476,101476,100,2,3,900,900,900,900,900,9,9,9,9,9,200108,0,0,0,0,0,0,0,0,0,0,0,0,0,0,0,0,0,0,5,4,0,1,0,1,0,0,0,0,2,8,挥师夷陵,,@【挥师夷陵】@\n·获得后，可在主公簿设置为背景,?,,,,0,,,,群,五星
101477,101477,200,3,3,0,0,0,0,0,0,0,0,0,0,200184,100101,110169,0,0,3,0,0,0,0,0,0,0,500,0,0,0,0,0,1,4,0,1,0,1,0,0,0,0,3,5,操权制衡·动态,,·可解锁@【汉·灵帝·弓】@武将卡的@操权制衡@画像动态效果\n·可在对应武将卡的外观界面更换该画像动态效果\n·未拥有该画像动态效果对应的静态画像，则无法给到武将使用，将在拥有静态画像后即刻解锁对应动态效果,?,,,,10147701,,,,汉,五星
101478,101478,100,2,3,900,900,900,900,900,9,9,9,9,9,200108,0,0,0,0,7169,1814400,0,0,0,0,0,0,0,0,0,0,0,0,5,4,0,1,0,1,0,0,0,0,2,8,头像框·争鸣,,@【头像框·争鸣】@\n·使用后，可使头像框样式变更\n·外观变更期间，可取消使用，恢复默认外观\n·外观将会在获得后的~21天~后消失,?,,,,0,,,,群,五星
101479,101479,100,2,3,900,900,900,900,900,9,9,9,9,9,200108,0,0,0,0,2026,1814400,0,0,0,0,0,0,0,0,0,0,0,0,5,4,0,1,0,1,0,0,0,0,2,8,主城名框·天下,,@【主城名框·天下】@\n·使用后，可使主城名框样式变更\n·外观变更期间，可取消使用，恢复默认外观\n·外观将会在获得后的~21天~后消失,?,,,,0,,,,群,五星
101480,101480,100,2,3,900,900,900,900,900,9,9,9,9,9,200108,0,0,0,0,0,1209600,0,0,0,0,0,0,0,0,0,0,0,0,5,4,0,1,0,1,0,0,0,0,2,8,中秋思乡,,@【中秋思乡】@\n·获得后，可在主公簿设置为背景\n·外观将会在获得后的~14天~后消失,?,,,,0,,,,群,五星
101481,101481,100,2,3,900,900,900,900,900,9,9,9,9,9,200108,0,0,0,0,7170,1209600,0,0,0,0,0,0,0,0,0,0,0,0,5,4,0,1,0,1,0,0,0,0,2,8,头像框·捕蟹,,@【头像框·捕蟹】@\n·使用后，可使头像框样式变更\n·外观变更期间，可取消使用，恢复默认外观\n·外观将会在获得后的~14天~后消失,?,,,,0,,,,群,五星
101482,101482,100,2,3,900,900,900,900,900,9,9,9,9,9,200108,0,0,0,0,1046,1209600,0,0,0,0,0,0,0,0,0,0,0,0,5,4,0,1,0,1,0,0,0,0,2,8,聊天气泡·捕蟹,,@【聊天气泡·捕蟹】@\n·使用后，可使聊天气泡样式变更\n·外观变更期间，可取消使用，恢复默认外观\n·外观将会在获得后的~14天~后消失,?,,,,0,,,,群,五星
101483,101483,200,3,3,0,0,0,0,0,0,0,0,0,0,200184,100677,101483,0,0,1,0,0,0,0,0,0,0,500,0,0,0,0,0,4,4,0,1,0,1,0,0,0,0,3,5,易水惊烽,,·可解锁@【群·公孙瓒·易水惊烽】@武将卡的@易水惊烽@画像\n·可在对应武将卡的外观界面更换画像\n·获得画像后，若暂无对应武将卡，将在拥有武将卡后即刻解锁对应画像,?,,,,10148301,,,,吴,五星
101484,101484,200,3,3,0,0,0,0,0,0,0,0,0,0,200184,100677,101483,0,0,3,0,0,0,0,0,0,0,500,0,0,0,0,0,4,4,0,1,0,1,0,0,0,0,3,5,易水惊烽·动态,,·可解锁@【群·公孙瓒·易水惊烽】@武将卡的@易水惊烽@画像动态效果\n·可在对应武将卡的外观界面更换该画像动态效果\n·未拥有该画像动态效果对应的静态画像，则无法给到武将使用，将在拥有静态画像后即刻解锁对应动态效果,?,,,,10148401,,,,吴,五星
101485,101485,100,2,3,900,900,900,900,900,9,9,9,9,9,200108,0,0,0,0,7171,1728000,0,0,0,0,0,0,0,0,0,0,0,0,5,4,0,1,0,1,0,0,0,0,2,8,头像框·神射,,@【头像框·神射】@\n·使用后，可使头像框样式变更\n·外观变更期间，可取消使用，恢复默认外观\n·外观将会在获得后的~20天~后消失,?,,,,0,,,,群,五星
101486,101486,100,2,3,900,900,900,900,900,9,9,9,9,9,200108,0,0,0,0,7172,1728000,0,0,0,0,0,0,0,0,0,0,0,0,5,4,0,1,0,1,0,0,0,0,2,8,头像框·射覆,,@【头像框·射覆】@\n·使用后，可使头像框样式变更\n·外观变更期间，可取消使用，恢复默认外观\n·外观将会在获得后的~20天~后消失,?,,,,0,,,,群,五星
101487,101487,100,2,3,900,900,900,900,900,9,9,9,9,9,200108,0,0,0,0,7173,1728000,0,0,0,0,0,0,0,0,0,0,0,0,5,4,0,1,0,1,0,0,0,0,2,8,头像框·神算,,@【头像框·神算】@\n·使用后，可使头像框样式变更\n·外观变更期间，可取消使用，恢复默认外观\n·外观将会在获得后的~20天~后消失,?,,,,0,,,,群,五星
101488,101488,100,2,3,900,900,900,900,900,9,9,9,9,9,200108,0,0,0,0,7174,1728000,0,0,0,0,0,0,0,0,0,0,0,0,5,4,0,1,0,1,0,0,0,0,2,8,头像框·问对,,@【头像框·问对】@\n·使用后，可使头像框样式变更\n·外观变更期间，可取消使用，恢复默认外观\n·外观将会在获得后的~20天~后消失,?,,,,0,,,,群,五星
101489,101489,100,2,3,900,900,900,900,900,9,9,9,9,9,200108,0,0,0,0,7175,1728000,0,0,0,0,0,0,0,0,0,0,0,0,5,4,0,1,0,1,0,0,0,0,2,8,头像框·投壶,,@【头像框·投壶】@\n·使用后，可使头像框样式变更\n·外观变更期间，可取消使用，恢复默认外观\n·外观将会在获得后的~20天~后消失,?,,,,0,,,,群,五星
101490,101490,100,2,3,900,900,900,900,900,9,9,9,9,9,200108,0,0,0,0,7176,1728000,0,0,0,0,0,0,0,0,0,0,0,0,5,4,0,1,0,1,0,0,0,0,2,8,头像框·斗蛋,,@【头像框·斗蛋】@\n·使用后，可使头像框样式变更\n·外观变更期间，可取消使用，恢复默认外观\n·外观将会在获得后的~20天~后消失,?,,,,0,,,,群,五星
101491,101491,100,2,3,900,900,900,900,900,9,9,9,9,9,200108,0,0,0,0,7177,1814400,0,0,0,0,0,0,0,0,0,0,0,0,5,4,0,1,0,1,0,0,0,0,2,8,头像框·佳酿,,@【头像框·佳酿】@\n·使用后，可使头像框样式变更\n·外观变更期间，可取消使用，恢复默认外观\n·外观将会在获得后的~21天~后消失,?,,,,0,,,,群,五星
101492,101492,100,2,3,900,900,900,900,900,9,9,9,9,9,200108,0,0,0,0,10009,1728000,0,0,0,0,0,0,0,0,0,0,0,0,5,4,0,1,0,1,0,0,0,0,2,8,行军线·画戟,,@【行军线·画戟】@\n·使用后，可使部队的行军线样式变更\n·外观变更期间，可取消使用，恢复默认外观\n·外观将会在获得后的~20天~后消失,?,,,,0,,,,群,五星
101493,101493,100,2,3,900,900,900,900,900,9,9,9,9,9,200108,0,0,0,0,7178,604800,0,0,0,0,0,0,0,0,0,0,0,0,5,4,0,1,0,1,0,0,0,0,2,8,头像框·时代,,@【头像框·时代】@\n·使用后，可使头像框样式变更\n·外观变更期间，可取消使用，恢复默认外观\n·外观将会在获得后的~7天~后消失,?,,,,0,,,,群,五星
101494,101494,100,2,3,900,900,900,900,900,9,9,9,9,9,200108,0,0,0,0,7179,0,0,0,0,0,0,0,0,0,0,0,0,0,5,4,0,1,0,1,0,0,0,0,2,8,头像框·时代,,@【头像框·时代】@\n·使用后，可使头像框样式变更\n·外观变更期间，可取消使用，恢复默认外观,?,,,,0,,,,群,五星
101495,101495,100,2,3,900,900,900,900,900,9,9,9,9,9,200108,0,0,0,0,0,0,0,0,0,0,0,0,0,0,0,0,0,0,5,4,0,1,0,1,0,0,0,0,2,8,时代战场,,@【时代战场】@\n·获得后，可在主公簿设置为背景,?,,,,0,,,,群,五星
101496,101496,100,2,3,900,900,900,900,900,9,9,9,9,9,200108,0,0,0,0,1047,1814400,0,0,0,0,0,0,0,0,0,0,0,0,5,4,0,1,0,1,0,0,0,0,2,8,聊天气泡·对决,,@【聊天气泡·对决】@\n·使用后，可使聊天气泡样式变更\n·外观变更期间，可取消使用，恢复默认外观\n·外观将会在获得后的~21天~后消失,?,,,,0,,,,群,五星
101497,101497,100,2,3,900,900,900,900,900,9,9,9,9,9,200108,0,0,0,0,7181,2419200,0,0,0,0,0,0,0,0,0,0,0,0,5,4,0,1,0,1,0,0,0,0,2,8,头像框·庆典,,@【头像框·庆典】@\n·使用后，可使头像框样式变更\n·外观变更期间，可取消使用，恢复默认外观\n·外观将会在获得后的~28天~后消失,?,,,,0,,,,群,五星
101498,101498,200,1,3,0,0,0,0,0,0,0,0,0,0,200184,100036,100036,0,0,2,0,0,0,0,0,0,0,1000,0,0,0,0,0,4,4,0,1,0,1,0,0,0,0,1,5,成就·孙尚香,,,?,,,,10149801,,,,吴,五星
101499,101499,200,2,3,0,0,0,0,0,0,0,0,0,0,200184,100474,100474,0,0,2,0,0,0,0,0,0,0,1000,0,0,0,0,0,5,4,0,1,0,1,0,0,0,0,2,5,成就·张宁,,,?,,,,10149901,,,,群,五星
101500,101500,200,1,3,0,0,0,0,0,0,0,0,0,0,200184,100028,100028,0,0,2,0,0,0,0,0,0,0,1000,0,0,0,0,0,2,4,0,1,0,1,0,0,0,0,1,5,成就·王异,,,?,,,,10150001,,,,魏,五星
101501,101501,200,1,3,0,0,0,0,0,0,0,0,0,0,200184,100592,100592,0,0,2,0,0,0,0,0,0,0,1000,0,0,0,0,0,5,4,0,1,0,1,0,0,0,0,1,5,成就·董白,,,?,,,,10150101,,,,群,五星
101502,101502,200,3,3,0,0,0,0,0,0,0,0,0,0,200184,100603,100603,0,0,2,0,0,0,0,0,0,0,1000,0,0,0,0,0,2,4,0,1,0,1,0,0,0,0,3,5,成就·卞夫人,,,?,,,,10150201,,,,魏,五星
101504,101504,200,2,3,0,0,0,0,0,0,0,0,0,0,200184,100649,100649,0,0,2,0,0,0,0,0,0,0,1000,0,0,0,0,0,3,4,0,1,0,1,0,0,0,0,2,5,成就·魏延,,,?,,,,10150401,,,,蜀,五星
101505,101505,200,3,3,0,0,0,0,0,0,0,0,0,0,200184,100676,100676,0,0,2,0,0,0,0,0,0,0,1000,0,0,0,0,0,1,4,0,1,0,1,0,0,0,0,3,5,成就·王昭君,,,?,,,,10150501,,,,汉,五星
101506,101506,200,1,3,0,0,0,0,0,0,0,0,0,0,200184,100742,100742,0,0,2,0,0,0,0,0,0,0,1000,0,0,0,0,0,1,4,0,1,0,1,0,0,0,0,1,5,成就·阴丽华,,,?,,,,10150601,,,,汉,五星
101507,101507,200,3,3,0,0,0,0,0,0,0,0,0,0,200184,100785,100785,0,0,2,0,0,0,0,0,0,0,1000,0,0,0,0,0,5,4,0,1,0,1,0,0,0,0,3,5,成就·马腾,,,?,,,,10150701,,,,群,五星
101509,101509,200,2,3,0,0,0,0,0,0,0,0,0,0,200184,100790,100790,0,0,2,0,0,0,0,0,0,0,1000,0,0,0,0,0,5,4,0,1,0,1,0,0,0,0,2,5,成就·袁术,,,?,,,,10150901,,,,群,五星
101510,101510,100,2,3,900,900,900,900,900,9,9,9,9,9,200108,0,0,0,0,1048,1814400,0,0,0,0,0,0,0,0,0,0,0,0,5,4,0,1,0,1,0,0,0,0,2,8,聊天气泡·龙胆,,@【聊天气泡·龙胆】@\n·使用后，可使聊天气泡样式变更\n·外观变更期间，可取消使用，恢复默认外观\n·外观将会在获得后的~21天~后消失,?,,,,0,,,,群,五星
101511,101511,100,2,3,900,900,900,900,900,9,9,9,9,9,200108,0,0,0,0,7183,1728000,0,0,0,0,0,0,0,0,0,0,0,0,5,4,0,1,0,1,0,0,0,0,2,8,头像框·欢宴,,@【头像框·欢宴】@\n·使用后，可使头像框样式变更\n·外观变更期间，可取消使用，恢复默认外观\n·外观将会在获得后的~20天~后消失,?,,,,0,,,,群,五星
101512,101512,100,2,3,900,900,900,900,900,9,9,9,9,9,200108,0,0,0,0,1049,1814400,0,0,0,0,0,0,0,0,0,0,0,0,5,4,0,1,0,1,0,0,0,0,2,8,聊天气泡·冬雪,,@【聊天气泡·冬雪】@\n·使用后，可使聊天气泡样式变更\n·外观变更期间，可取消使用，恢复默认外观\n·外观将会在获得后的~21天~后消失,?,,,,0,,,,群,五星
101513,101513,100,2,3,900,900,900,900,900,9,9,9,9,9,200108,0,0,0,0,7184,2419200,0,0,0,0,0,0,0,0,0,0,0,0,5,4,0,1,0,1,0,0,0,0,2,8,头像框·暗香,,@【头像框·暗香】@\n·使用后，可使头像框样式变更\n·外观变更期间，可取消使用，恢复默认外观\n·外观将会在获得后的~28天~后消失,?,,,,0,,,,群,五星
101514,101514,100,2,3,900,900,900,900,900,9,9,9,9,9,200108,0,0,0,0,0,2419200,0,0,0,0,0,0,0,0,0,0,0,0,5,4,0,1,0,1,0,0,0,0,2,8,梅林雪香,,@【梅林雪香】@\n·获得后，可在主公簿设置为背景\n·外观将会在获得后的~28天~后消失,?,,,,0,,,,群,五星
101515,101515,100,2,3,0,0,0,0,0,0,0,0,0,0,200184,0,0,0,0,19006,259200,0,0,0,0,0,0,0,0,0,0,0,0,5,4,0,1,1,1,0,0,0,0,2,8,行军外观·西园军,,@【行军外观·西园军】@\n·使用后，可使行军部队在陆地行军时的外观样式变更\n·外观变更期间，可取消使用，恢复原外观\n·天下大势【汉室飘摇】结束后，每~72小时~会评选西园八校尉，由全服功勋前8的主公担任。担任西园八校尉的主公可使用此外观,?,,,,0,,,,群,五星
101516,101516,100,2,3,900,900,900,900,900,9,9,9,9,9,200108,0,0,0,0,13009,259200,0,0,0,0,0,0,0,0,0,0,0,0,5,4,0,1,1,1,0,0,0,0,2,8,行军旗·西园军,,@【行军旗·西园军】@\n·使用后，可使部队的行军目的地旗帜样式变更\n·外观变更期间，可取消使用，恢复默认外观\n·天下大势【汉室飘摇】结束后，每~72小时~会评选西园八校尉，由全服功勋前8的主公担任。担任西园八校尉的主公可使用此外观,?,,,,0,,,,群,五星
101517,101517,200,3,3,0,0,0,0,0,0,0,0,0,0,200184,100589,101517,0,0,1,0,0,0,0,0,0,0,500,0,0,0,0,0,4,4,0,1,0,1,0,0,0,0,3,5,怒水擎幡,,·可解锁@【吴·周泰·怒水擎幡】@武将卡的@怒水擎幡@画像\n·可在对应武将卡的外观界面更换画像\n·获得画像后，若暂无对应武将卡，将在拥有武将卡后即刻解锁对应画像,?,,,,10151701,,,,吴,五星
101518,101518,200,3,3,0,0,0,0,0,0,0,0,0,0,200184,100589,101517,0,0,3,0,0,0,0,0,0,0,500,0,0,0,0,0,4,4,0,1,0,1,0,0,0,0,3,5,怒水擎幡·动态,,·可解锁@【吴·周泰·怒水擎幡】@武将卡的@怒水擎幡@画像动态效果\n·可在对应武将卡的外观界面更换该画像动态效果\n·未拥有该画像动态效果对应的静态画像，则无法给到武将使用，将在拥有静态画像后即刻解锁对应动态效果,?,,,,10151801,,,,吴,五星
101519,101519,100,2,3,900,900,900,900,900,9,9,9,9,9,200108,0,0,0,0,7186,1814400,0,0,0,0,0,0,0,0,0,0,0,0,5,4,0,1,0,1,0,0,0,0,2,8,头像框·风云,,@【头像框·风云】@\n·使用后，可使头像框样式变更\n·外观变更期间，可取消使用，恢复默认外观\n·外观将会在获得后的~21天~后消失,?,,,,0,,,,群,五星
101520,101520,100,2,3,900,900,900,900,900,9,9,9,9,9,200108,0,0,0,0,1050,0,0,0,0,0,0,0,250,0,0,0,0,0,5,4,0,1,0,1,0,0,0,0,2,8,聊天气泡·巳蛇,,@【永久聊天气泡·巳蛇】@\n·使用后，可使聊天气泡样式变更\n·外观变更期间，可取消使用，恢复默认外观\n·永久外观将跨赛季保留，永久存在,?,,,,0,,,,群,五星
101521,101521,100,2,3,900,900,900,900,900,9,9,9,9,9,200108,0,0,0,0,2027,1728000,0,0,0,0,0,0,0,0,0,0,0,0,5,4,0,1,0,1,0,0,0,0,2,8,主城名框·乙巳,,@【主城名框·乙巳】@\n·使用后，可使主城名框样式变更\n·外观变更期间，可取消使用，恢复默认外观\n·外观将会在获得后的~20天~后消失,?,,,,0,,,,群,五星
101522,101522,100,2,3,900,900,900,900,900,9,9,9,9,9,200108,0,0,0,0,7191,1728000,0,0,0,0,0,0,0,0,0,0,0,0,5,4,0,1,0,1,0,0,0,0,2,8,头像框·乙巳,,@【头像框·乙巳】@\n·使用后，可使头像框样式变更\n·外观变更期间，可取消使用，恢复默认外观\n·外观将会在获得后的~20天~后消失,?,,,,0,,,,群,五星
101523,101523,100,2,3,900,900,900,900,900,9,9,9,9,9,200108,0,0,0,0,10010,1728000,0,0,0,0,0,0,0,0,0,0,0,0,5,4,0,1,0,1,0,0,0,0,2,8,行军线·巳蛇,,@【行军线·巳蛇】@\n·使用后，可使部队的行军线样式变更\n·外观变更期间，可取消使用，恢复默认外观\n·外观将会在获得后的~20天~后消失,?,,,,0,,,,群,五星
101524,101524,100,2,3,900,900,900,900,900,9,9,9,9,9,200108,0,0,0,0,7192,0,0,0,0,0,0,0,250,0,0,0,0,0,5,4,0,1,0,1,0,0,0,0,2,8,头像框·乙巳,,@【头像框·乙巳】@\n·使用后，可使头像框样式变更\n·外观变更期间，可取消使用，恢复默认外观,?,,,,0,,,,群,五星
101525,101525,200,3,3,0,0,0,0,0,0,0,0,0,0,200184,100036,110176,0,0,3,0,0,0,0,0,0,0,600,0,0,0,0,0,3,4,0,1,0,1,0,0,0,0,3,5,逸姿华梦·动态,,·可解锁@【吴·孙尚香·弓】@武将卡的@逸姿华梦@画像动态效果\n·可在对应武将卡的外观界面更换该画像动态效果\n·未拥有该画像动态效果对应的静态画像，则无法给到武将使用，将在拥有静态画像后即刻解锁对应动态效果,?,,,,10152501,,,,蜀,五星
101526,101526,200,3,3,0,0,0,0,0,0,0,0,0,0,200184,100030,110175,0,0,3,0,0,0,0,0,0,0,600,0,0,0,0,0,3,4,0,1,0,1,0,0,0,0,3,5,四海升平·动态,,·可解锁@【吴·孙权·弓】@武将卡的@四海升平@画像动态效果\n·可在对应武将卡的外观界面更换该画像动态效果\n·未拥有该画像动态效果对应的静态画像，则无法给到武将使用，将在拥有静态画像后即刻解锁对应动态效果,?,,,,10152601,,,,蜀,五星
101527,101527,200,3,3,0,0,0,0,0,0,0,0,0,0,200184,100033,110173,0,0,3,0,0,0,0,0,0,0,600,0,0,0,0,0,3,4,0,1,0,1,0,0,0,0,3,5,八方同庆·动态,,·可解锁@【吴·孙坚·步】@武将卡的@八方同庆@画像动态效果\n·可在对应武将卡的外观界面更换该画像动态效果\n·未拥有该画像动态效果对应的静态画像，则无法给到武将使用，将在拥有静态画像后即刻解锁对应动态效果,?,,,,10152701,,,,蜀,五星
101528,101528,200,3,3,0,0,0,0,0,0,0,0,0,0,200184,100450,110174,0,4,3,0,0,0,0,0,0,0,600,0,0,0,0,0,3,4,0,1,0,1,0,0,0,0,3,5,虎威祝酒·动态,,·可解锁@【吴·孙策·骑】@武将卡的@虎威祝酒@画像动态效果\n·可在对应武将卡的外观界面更换该画像动态效果\n·未拥有该画像动态效果对应的静态画像，则无法给到武将使用，将在拥有静态画像后即刻解锁对应动态效果,?,,,,10152801,,,,蜀,五星
101529,101529,100,2,3,900,900,900,900,900,9,9,9,9,9,200108,0,0,0,0,7193,0,0,0,0,0,0,0,0,0,0,0,0,0,5,4,0,1,0,1,0,0,0,0,2,8,春节动态画像头像框·东吴一家人,,可通过春节活动获取,?,,,,0,,,,群,五星
101530,101530,100,2,3,900,900,900,900,900,9,9,9,9,9,200108,0,0,0,0,7190,1728000,0,0,0,0,0,0,0,0,0,0,0,0,5,4,0,1,0,1,0,0,0,0,2,8,头像框·兵戎,,@【头像框·兵戎】@\n·使用后，可使头像框样式变更\n·外观变更期间，可取消使用，恢复默认外观\n·外观将会在获得后的~20天~后消失,?,,,,0,,,,群,五星
101531,101531,100,2,3,900,900,900,900,900,9,9,9,9,9,200108,0,0,0,0,1051,1209600,0,0,0,0,0,0,0,0,0,0,0,0,5,4,0,1,0,1,0,0,0,0,2,8,聊天气泡·灯彩,,@【聊天气泡·灯彩】@\n·使用后，可使聊天气泡样式变更\n·外观变更期间，可取消使用，恢复默认外观\n·外观将会在获得后的~14天~后消失,?,,,,0,,,,群,五星
101532,101532,100,2,3,900,900,900,900,900,9,9,9,9,9,200108,0,0,0,0,7194,1814400,0,0,0,0,0,0,0,0,0,0,0,0,5,4,0,1,0,1,0,0,0,0,2,8,头像框·醒狮,,@【头像框·醒狮】@\n·使用后，可使头像框样式变更\n·外观变更期间，可取消使用，恢复默认外观\n·外观将会在获得后的~21天~后消失,?,,,,0,,,,群,五星
101533,101533,100,2,3,900,900,900,900,900,9,9,9,9,9,200108,0,0,0,0,14005,0,0,0,0,0,0,0,1200,0,0,0,0,0,5,4,0,1,0,0,0,0,0,0,2,8,要塞外观·焰映雄关,,@【要塞外观·焰映雄关】@\n·使用后，可使要塞外观样式变更\n·外观变更期间，可取消使用，恢复默认外观,?,,,,0,,,,群,五星
101534,101534,100,2,3,900,900,900,900,900,9,9,9,9,9,200108,0,0,0,0,7195,1814400,0,0,0,0,0,0,0,0,0,0,0,0,5,4,0,1,0,1,0,0,0,0,2,8,头像框·藏珍,,@【头像框·藏珍】@\n·使用后，可使头像框样式变更\n·外观变更期间，可取消使用，恢复默认外观\n·外观将会在获得后的~21天~后消失,?,,,,0,,,,群,五星
101535,101535,100,2,3,900,900,900,900,900,9,9,9,9,9,200108,0,0,0,0,20001,0,0,0,0,0,0,0,900,0,0,0,0,0,5,3,0,1,0,1,0,0,0,0,2,8,连胜播报·谁与争锋,,@【连胜播报·谁与争锋】@\n·使用后，可使连胜播报样式变更\n·外观变更期间，可取消使用，恢复默认外观,?,,,,0,,,,群,四星
101536,101536,100,2,3,900,900,900,900,900,9,9,9,9,9,200108,0,0,0,0,20002,0,0,0,0,0,0,0,900,0,0,0,0,0,5,3,0,1,0,1,0,0,0,0,2,8,连胜播报·灵蛇吐信,,@【连胜播报·灵蛇吐信】@\n·使用后，可使连胜播报样式变更\n·外观变更期间，可取消使用，恢复默认外观,?,,,,0,,,,群,四星
101537,101537,100,2,3,900,900,900,900,900,9,9,9,9,9,200108,0,0,0,0,20003,0,0,0,0,0,0,0,900,0,0,0,0,0,5,3,0,1,0,1,0,0,0,0,2,8,连胜播报·青蛇映春,,@【连胜播报·青蛇映春】@\n·使用后，可使连胜播报样式变更\n·外观变更期间，可取消使用，恢复默认外观,?,,,,0,,,,群,四星
101538,101538,200,3,3,0,0,0,0,0,0,0,0,0,0,200184,100618,101538,0,0,1,0,0,0,0,0,0,0,500,0,0,0,0,0,4,4,0,1,0,1,0,0,0,0,3,5,竹影听风,,·可解锁@【魏·贾诩·竹影听风】@武将卡的@竹影听风@画像\n·可在对应武将卡的外观界面更换画像\n·获得画像后，若暂无对应武将卡，将在拥有武将卡后即刻解锁对应画像,?,,,,10153801,,,,吴,五星
101539,101539,200,3,3,0,0,0,0,0,0,0,0,0,0,200184,100618,101538,0,0,3,0,0,0,0,0,0,0,500,0,0,0,0,0,4,4,0,1,0,1,0,0,0,0,3,5,竹影听风·动态,,·可解锁@【魏·贾诩·竹影听风】@武将卡的@竹影听风@画像动态效果\n·可在对应武将卡的外观界面更换该画像动态效果\n·未拥有该画像动态效果对应的静态画像，则无法给到武将使用，将在拥有静态画像后即刻解锁对应动态效果,?,,,,10153901,,,,吴,五星
101540,101540,200,2,3,0,0,0,0,0,0,0,0,0,0,200184,100020,100020,0,0,2,0,0,0,0,0,0,0,1000,0,0,0,0,0,3,4,0,1,0,1,0,0,0,0,2,5,成就·黄月英,,,?,,,,10154001,,,,蜀,五星
101541,101541,200,1,3,0,0,0,0,0,0,0,0,0,0,200184,100479,100479,0,0,2,0,0,0,0,0,0,0,1000,0,0,0,0,0,5,4,0,1,0,1,0,0,0,0,1,5,成就·吕布,,,?,,,,10154101,,,,群,五星
101542,101542,200,2,3,0,0,0,0,0,0,0,0,0,0,200184,100634,100634,0,0,2,0,0,0,0,0,0,0,1000,0,0,0,0,0,5,4,0,1,0,1,0,0,0,0,2,5,成就·吕姬,,,?,,,,10154201,,,,群,五星
101543,101543,200,2,3,0,0,0,0,0,0,0,0,0,0,200184,100033,100033,0,0,2,0,0,0,0,0,0,0,1000,0,0,0,0,0,4,4,0,1,0,1,0,0,0,0,2,5,成就·孙坚,,,?,,,,10154301,,,,吴,五星
101544,101544,200,2,3,0,0,0,0,0,0,0,0,0,0,200184,100072,100072,0,0,2,0,0,0,0,0,0,0,1000,0,0,0,0,0,3,4,0,1,0,1,0,0,0,0,2,5,成就·关银屏,,,?,,,,10154401,,,,蜀,五星
101545,101545,200,3,3,0,0,0,0,0,0,0,0,0,0,200184,100449,100449,0,0,2,0,0,0,0,0,0,0,1000,0,0,0,0,0,2,4,0,1,0,1,0,0,0,0,3,5,成就·夏侯惇,,,?,,,,10154501,,,,魏,五星
101546,101546,200,3,3,0,0,0,0,0,0,0,0,0,0,200184,100486,100486,0,0,2,0,0,0,0,0,0,0,1000,0,0,0,0,0,1,4,0,1,0,1,0,0,0,0,3,5,成就·潘凤,,,?,,,,10154601,,,,汉,五星
101547,101547,200,2,3,0,0,0,0,0,0,0,0,0,0,200184,100497,100497,0,0,2,0,0,0,0,0,0,0,1000,0,0,0,0,0,4,4,0,1,0,1,0,0,0,0,2,5,成就·步皇后,,,?,,,,10154701,,,,吴,五星
101548,101548,200,2,3,0,0,0,0,0,0,0,0,0,0,200184,100519,100519,0,0,2,0,0,0,0,0,0,0,1000,0,0,0,0,0,5,4,0,1,0,1,0,0,0,0,2,5,成就·兀突骨,,,?,,,,10154801,,,,群,五星
101549,101549,200,1,3,0,0,0,0,0,0,0,0,0,0,200184,100791,100791,0,0,2,0,0,0,0,0,0,0,1000,0,0,0,0,0,4,4,0,1,0,1,0,0,0,0,1,5,成就·陆逊,,,?,,,,10154901,,,,吴,五星
101550,101550,200,2,3,0,0,0,0,0,0,0,0,0,0,200184,100792,100792,0,0,2,0,0,0,0,0,0,0,1000,0,0,0,0,0,3,4,0,1,0,1,0,0,0,0,2,5,成就·马良,,,?,,,,10155001,,,,蜀,五星
101551,101551,200,1,3,0,0,0,0,0,0,0,0,0,0,200184,100522,100522,0,0,2,0,0,0,0,0,0,0,1000,0,0,0,0,0,4,4,0,1,0,1,0,0,0,0,1,5,成就·诸葛恪,,,?,,,,10155101,,,,吴,五星
101552,101552,100,2,3,900,900,900,900,900,9,9,9,9,9,200108,0,0,0,0,7196,1814400,0,0,0,0,0,0,0,0,0,0,0,0,5,4,0,1,0,1,0,0,0,0,2,8,头像框·福到,,@【头像框·福到】@\n·使用后，可使头像框样式变更\n·外观变更期间，可取消使用，恢复默认外观\n·外观将会在获得后的~21天~后消失,?,,,,0,,,,群,五星
101553,101553,100,2,3,900,900,900,900,900,9,9,9,9,9,200108,0,0,0,0,7198,0,0,0,0,0,0,0,0,0,0,0,0,0,5,4,0,1,0,1,0,0,0,0,2,8,头像框·大胆去试,,@【头像框·大胆去试】@\n·使用后，可使头像框样式变更\n·外观变更期间，可取消使用，恢复默认外观,?,,,,0,,,,群,五星
101554,101554,100,2,3,0,0,0,0,0,0,0,0,0,0,200184,0,0,0,0,5014,0,0,0,0,0,0,0,175,0,0,0,0,0,5,4,0,1,0,1,0,0,0,0,2,8,白马义从,,@【兵种行军外观·白马义从】@\n·使用一张【兵种行军外观·白马义从】可解锁一个5星武将的兵种行军外观\n·可在五星武将的外观-兵种界面使用\n·当部队中的3名武将均已激活【行军外观·白马义从】时，该部队的行军旗将自动变更为该外观的专属旗帜,?,,,,0,,,,群,五星
101555,101555,100,2,3,900,900,900,900,900,9,9,9,9,9,200108,0,0,0,0,1052,1814400,0,0,0,0,0,0,0,0,0,0,0,0,5,4,0,1,0,1,0,0,0,0,2,8,聊天气泡·春来,,@【聊天气泡·春来】@\n·使用后，可使聊天气泡样式变更\n·外观变更期间，可取消使用，恢复默认外观\n·外观将会在获得后的~21天~后消失,?,,,,0,,,,群,五星
101556,101556,100,2,3,900,900,900,900,900,9,9,9,9,9,200108,0,0,0,0,7199,1814400,0,0,0,0,0,0,0,0,0,0,0,0,5,4,0,1,0,1,0,0,0,0,2,8,头像框·策锋,,@【头像框·策锋】@\n·使用后，可使头像框样式变更\n·外观变更期间，可取消使用，恢复默认外观\n·外观将会在获得后的~21天~后消失,?,,,,0,,,,群,五星
101557,101557,100,2,3,900,900,900,900,900,9,9,9,9,9,200108,0,0,0,0,7200,1814400,0,0,0,0,0,0,0,0,0,0,0,0,5,4,0,1,0,1,0,0,0,0,2,8,头像框·鹰扬,,@【头像框·鹰扬】@\n·使用后，可使头像框样式变更\n·外观变更期间，可取消使用，恢复默认外观\n·外观将会在获得后的~21天~后消失,?,,,,0,,,,群,五星
101558,101558,100,2,3,900,900,900,900,900,9,9,9,9,9,200108,0,0,0,0,7201,1814400,0,0,0,0,0,0,0,0,0,0,0,0,5,4,0,1,0,1,0,0,0,0,2,8,头像框·鼎沸,,@【头像框·鼎沸】@\n·使用后，可使头像框样式变更\n·外观变更期间，可取消使用，恢复默认外观\n·外观将会在获得后的~21天~后消失,?,,,,0,,,,群,五星
101559,101559,100,2,3,900,900,900,900,900,9,9,9,9,9,200108,0,0,0,0,7202,2419200,0,0,0,0,0,0,0,0,0,0,0,0,5,4,0,1,0,1,0,0,0,0,2,8,头像框·激情,,@【头像框·激情】@\n·使用后，可使头像框样式变更\n·外观变更期间，可取消使用，恢复默认外观\n·外观将会在获得后的~28天~后消失,?,,,,0,,,,群,五星
101560,101560,200,3,3,0,0,0,0,0,0,0,0,0,0,200184,100090,101560,0,0,1,0,0,0,0,0,0,0,500,0,0,0,0,0,4,4,0,1,0,1,0,0,0,0,3,5,北海酬恩,,·可解锁@【吴·太史慈·弓】@武将卡的@北海酬恩@画像\n·可在对应武将卡的外观界面更换画像\n·获得画像后，若暂无对应武将卡，将在拥有武将卡后即刻解锁对应画像,?,,,,10156001,,,,吴,五星
101561,101561,200,3,3,0,0,0,0,0,0,0,0,0,0,200184,100090,101560,0,0,3,0,0,0,0,0,0,0,500,0,0,0,0,0,4,4,0,1,0,1,0,0,0,0,3,5,北海酬恩·动态,,·可解锁@【吴·太史慈·弓】@武将卡的@北海酬恩@画像动态效果\n·可在对应武将卡的外观界面更换该画像动态效果\n·未拥有该画像动态效果对应的静态画像，则无法给到武将使用，将在拥有静态画像后即刻解锁对应动态效果,?,,,,10156101,,,,吴,五星
101562,101562,100,2,3,900,900,900,900,900,9,9,9,9,9,200108,0,0,0,0,7203,1209600,0,0,0,0,0,0,0,0,0,0,0,0,5,4,0,1,0,1,0,0,0,0,2,8,头像框·立夏,,@【头像框·立夏】@\n·使用后，可使头像框样式变更\n·外观变更期间，可取消使用，恢复默认外观\n·外观将会在获得后的~14天~后消失,?,,,,0,,,,群,五星
101563,101563,100,2,3,900,900,900,900,900,9,9,9,9,9,200108,0,0,0,0,4130,1209600,0,0,0,0,0,0,0,0,0,0,0,0,5,4,0,1,0,1,0,0,0,0,2,8,信件背景·立夏,,@【信件背景·立夏】@\n·使用后，可使信件背景样式变更\n·个人聊天背景仅自己可见，群发信件背景全成员可见\n·外观变更期间，可取消使用，恢复默认外观\n·外观将会在获得后的~14天~后消失,?,,,,0,,,,群,五星
101564,101564,100,2,3,900,900,900,900,900,9,9,9,9,9,200108,0,0,0,0,0,1209600,0,0,0,0,0,0,0,0,0,0,0,0,5,4,0,1,0,1,0,0,0,0,2,8,万物繁茂,,@【万物繁茂】@\n·获得后，可在主公簿设置为背景\n·外观将会在获得后的~14天~后消失,?,,,,0,,,,群,五星
101565,101565,100,2,3,0,0,0,0,0,0,0,0,0,0,200184,0,0,0,0,5015,0,0,0,0,0,0,0,175,0,0,0,0,0,5,4,0,1,0,1,0,0,0,0,2,8,木牛流马,,@【兵种行军外观·木牛流马】@\n·使用一张【兵种行军外观·木牛流马】可解锁一个5星武将的兵种行军外观\n·可在五星武将的外观-兵种界面使用\n·当部队中的3名武将均已激活【行军外观·木牛流马】时，该部队的行军旗将自动变更为该外观的专属旗帜,?,,,,0,,,,群,五星
101570,101570,100,2,3,900,900,900,900,900,9,9,9,9,9,200108,0,0,0,0,7205,1814400,0,0,0,0,0,0,0,0,0,0,0,0,5,4,0,1,0,1,0,0,0,0,2,8,头像框·前路,,@【头像框·前路】@\n·使用后，可使头像框样式变更\n·外观变更期间，可取消使用，恢复默认外观\n·外观将会在获得后的~21天~后消失,?,,,,0,,,,群,五星
101571,101571,100,2,3,900,900,900,900,900,9,9,9,9,9,200108,0,0,0,0,7207,1728000,0,0,0,0,0,0,0,0,0,0,0,0,5,4,0,1,0,1,0,0,0,0,2,8,头像框·剑门关,,@【头像框·剑门关】@\n·使用后，可使头像框样式变更\n·外观变更期间，可取消使用，恢复默认外观\n·外观将会在获得后的~20天~后消失,?,,,,0,,,,群,五星
101572,101572,100,2,3,900,900,900,900,900,9,9,9,9,9,200108,0,0,0,0,7210,0,0,0,0,0,0,0,250,0,0,0,0,0,5,4,0,1,0,1,0,0,0,0,2,8,头像框·百城冠军,,@【头像框·百城冠军】@\n·使用后，可使头像框样式变更\n·外观变更期间，可取消使用，恢复默认外观,?,,,,0,,,,群,五星
101573,101573,100,2,3,900,900,900,900,900,9,9,9,9,9,200108,0,0,0,0,7211,0,0,0,0,0,0,0,250,0,0,0,0,0,5,4,0,1,0,1,0,0,0,0,2,8,头像框·百城亚军,,@【头像框·百城亚军】@\n·使用后，可使头像框样式变更\n·外观变更期间，可取消使用，恢复默认外观,?,,,,0,,,,群,五星
101574,101574,100,2,3,900,900,900,900,900,9,9,9,9,9,200108,0,0,0,0,7212,0,0,0,0,0,0,0,250,0,0,0,0,0,5,4,0,1,0,1,0,0,0,0,2,8,头像框·百城季军,,@【头像框·百城季军】@\n·使用后，可使头像框样式变更\n·外观变更期间，可取消使用，恢复默认外观,?,,,,0,,,,群,五星
101575,101575,100,2,3,900,900,900,900,900,9,9,9,9,9,200108,0,0,0,0,7213,0,0,0,0,0,0,0,250,0,0,0,0,0,5,4,0,1,0,1,0,0,0,0,2,8,头像框·百城殿军,,@【头像框·百城殿军】@\n·使用后，可使头像框样式变更\n·外观变更期间，可取消使用，恢复默认外观,?,,,,0,,,,群,五星
101576,101576,100,2,3,900,900,900,900,900,9,9,9,9,9,200108,0,0,0,0,7214,0,0,0,0,0,0,0,250,0,0,0,0,0,5,4,0,1,0,1,0,0,0,0,2,8,头像框·百城巅峰,,@【头像框·百城巅峰】@\n·使用后，可使头像框样式变更\n·外观变更期间，可取消使用，恢复默认外观,?,,,,0,,,,群,五星
101577,101577,100,2,3,900,900,900,900,900,9,9,9,9,9,200108,0,0,0,0,7215,0,0,0,0,0,0,0,250,0,0,0,0,0,5,4,0,1,0,1,0,0,0,0,2,8,头像框·百城纵横,,@【头像框·百城纵横】@\n·使用后，可使头像框样式变更\n·外观变更期间，可取消使用，恢复默认外观,?,,,,0,,,,群,五星
101578,101578,100,2,3,900,900,900,900,900,9,9,9,9,9,200108,0,0,0,0,7216,0,0,0,0,0,0,0,250,0,0,0,0,0,5,4,0,1,0,1,0,0,0,0,2,8,头像框·霸主,,@【头像框·百城霸主】@\n·使用后，可使头像框样式变更\n·外观变更期间，可取消使用，恢复默认外观,?,,,,0,,,,群,五星
101579,101579,100,2,3,900,900,900,900,900,9,9,9,9,9,200108,0,0,0,0,1053,0,0,0,0,0,0,0,250,0,0,0,0,0,5,4,0,1,0,1,0,0,0,0,2,8,聊天气泡·争霸,,@【聊天气泡·争霸】@\n·使用后，可使聊天气泡样式变更\n·外观变更期间，可取消使用，恢复默认外观,?,,,,0,,,,群,五星
101580,101580,100,2,3,900,900,900,900,900,9,9,9,9,9,200108,0,0,0,0,10011,1728000,0,0,0,0,0,0,0,0,0,0,0,0,5,4,0,1,0,1,0,0,0,0,2,8,行军线·苍龙,,@【行军线·苍龙】@\n·使用后，可使部队的行军线样式变更\n·外观变更期间，可取消使用，恢复默认外观\n·外观将会在获得后的~20天~后消失,?,,,,0,,,,群,五星
101581,101581,100,2,3,900,900,900,900,900,9,9,9,9,9,200108,0,0,0,0,7217,1814400,0,0,0,0,0,0,0,0,0,0,0,0,5,4,0,1,0,1,0,0,0,0,2,8,头像框·扇策北伐,,@【头像框·扇策北伐】@\n·使用后，可使头像框样式变更\n·外观变更期间，可取消使用，恢复默认外观\n·外观将会在获得后的~21天~后消失,?,,,,0,,,,群,五星
101582,101582,100,2,3,900,900,900,900,900,9,9,9,9,9,200108,0,0,0,0,7218,0,0,0,0,0,0,0,250,0,0,0,0,0,5,4,0,1,0,1,0,0,0,0,2,8,头像框·威望Ⅰ,,@【头像框·威望Ⅰ】@\n·使用后，可使头像框样式变更\n·外观变更期间，可取消使用，恢复默认外观,?,,,,0,,,,群,五星
101583,101583,100,2,3,900,900,900,900,900,9,9,9,9,9,200108,0,0,0,0,7219,0,0,0,0,0,0,0,250,0,0,0,0,0,5,4,0,1,0,1,0,0,0,0,2,8,头像框·威望Ⅱ,,@【头像框·威望Ⅱ】@\n·使用后，可使头像框样式变更\n·外观变更期间，可取消使用，恢复默认外观,?,,,,0,,,,群,五星
101584,101584,100,2,3,900,900,900,900,900,9,9,9,9,9,200108,0,0,0,0,7220,0,0,0,0,0,0,0,250,0,0,0,0,0,5,4,0,1,0,1,0,0,0,0,2,8,头像框·威望Ⅲ,,@【头像框·威望Ⅲ】@\n·使用后，可使头像框样式变更\n·外观变更期间，可取消使用，恢复默认外观,?,,,,0,,,,群,五星
101585,101585,100,2,3,900,900,900,900,900,9,9,9,9,9,200108,0,0,0,0,7221,0,0,0,0,0,0,0,250,0,0,0,0,0,5,4,0,1,0,1,0,0,0,0,2,8,头像框·威望Ⅳ,,@【头像框·威望Ⅳ】@\n·使用后，可使头像框样式变更\n·外观变更期间，可取消使用，恢复默认外观,?,,,,0,,,,群,五星
101586,101586,100,2,3,900,900,900,900,900,9,9,9,9,9,200108,0,0,0,0,7222,0,0,0,0,0,0,0,250,0,0,0,0,0,5,4,0,1,0,1,0,0,0,0,2,8,头像框·威望Ⅴ,,@【头像框·威望Ⅴ】@\n·使用后，可使头像框样式变更\n·外观变更期间，可取消使用，恢复默认外观,?,,,,0,,,,群,五星
101587,101587,200,2,3,900,900,900,900,900,9,9,9,9,9,200108,0,0,0,0,21001,0,0,0,0,0,0,0,0,0,0,0,0,0,5,3,0,1,0,1,0,0,0,0,2,8,威名Ⅰ,,可使用头像威名Ⅰ变更主界面头像、主公簿头像、聊天头像样式,?,,,,10158701,,,,群,四星
101588,101588,200,2,3,900,900,900,900,900,9,9,9,9,9,200108,0,0,0,0,21002,0,0,0,0,0,0,0,0,0,0,0,0,0,5,3,0,1,0,1,0,0,0,0,2,8,威名Ⅱ,,可使用头像威名Ⅱ变更主界面头像、主公簿头像、聊天头像样式,?,,,,10158801,,,,群,四星
101589,101589,200,2,3,900,900,900,900,900,9,9,9,9,9,200108,0,0,0,0,21003,0,0,0,0,0,0,0,0,0,0,0,0,0,5,3,0,1,0,1,0,0,0,0,2,8,威名Ⅲ,,可使用头像威名Ⅲ变更主界面头像、主公簿头像、聊天头像样式,?,,,,10158901,,,,群,四星
101590,101590,200,2,3,900,900,900,900,900,9,9,9,9,9,200108,0,0,0,0,21004,0,0,0,0,0,0,0,0,0,0,0,0,0,5,3,0,1,0,1,0,0,0,0,2,8,威名Ⅳ,,可使用头像威名Ⅳ变更主界面头像、主公簿头像、聊天头像样式,?,,,,10159001,,,,群,四星
101591,101591,200,2,3,900,900,900,900,900,9,9,9,9,9,200108,0,0,0,0,21005,0,0,0,0,0,0,0,0,0,0,0,0,0,5,3,0,1,0,1,0,0,0,0,2,8,威名Ⅴ,,可使用头像威名Ⅴ变更主界面头像、主公簿头像、聊天头像样式,?,,,,10159101,,,,群,四星
101592,101592,100,2,3,900,900,900,900,900,9,9,9,9,9,200108,0,0,0,0,22001,0,0,0,0,0,0,0,900,0,0,0,0,0,5,3,0,1,0,1,0,0,0,0,2,8,领地铭牌·翠盖芙蓉,,@【领地铭牌·翠盖芙蓉】@\n·使用后，可切换领地铭牌，点击此势力的任意领地都可见\n·外观变更期间，可取消使用，恢复默认外观,?,,,,0,,,,群,四星
101593,101593,100,2,3,900,900,900,900,900,9,9,9,9,9,200108,0,0,0,0,22002,0,0,0,0,0,0,0,900,0,0,0,0,0,5,3,0,1,0,1,0,0,0,0,2,8,领地铭牌·谁与争锋,,@【领地铭牌·谁与争锋】@\n·使用后，可切换领地铭牌，点击此势力的任意领地都可见\n·外观变更期间，可取消使用，恢复默认外观,?,,,,0,,,,群,四星
101594,101594,100,2,3,900,900,900,900,900,9,9,9,9,9,200108,0,0,0,0,23001,0,0,0,0,0,0,0,500,0,0,0,0,0,5,3,0,1,0,1,0,0,0,0,2,8,行军铭牌·翠盖芙蓉,,@【行军铭牌·翠盖芙蓉】@\n·使用后，可切换行军铭牌，部队行军期间可见\n·可同时使用多个外观，每支部队从城池出发时将随机使用其中一个\n·外观变更期间，可取消使用，取消后部队返回所属城池才会生效,?,,,,0,,,,群,四星
101595,101595,100,2,3,900,900,900,900,900,9,9,9,9,9,200108,0,0,0,0,23002,0,0,0,0,0,0,0,500,0,0,0,0,0,5,3,0,1,0,1,0,0,0,0,2,8,行军铭牌·谁与争锋,,@【行军铭牌·谁与争锋】@\n·使用后，可切换行军铭牌，部队行军期间可见\n·可同时使用多个外观，每支部队从城池出发时将随机使用其中一个\n·外观变更期间，可取消使用，取消后部队返回所属城池才会生效,?,,,,0,,,,群,四星
101596,101596,100,2,3,900,900,900,900,900,9,9,9,9,9,200108,0,0,0,0,9011,0,0,0,0,0,0,0,900,0,0,0,0,0,5,4,0,1,0,1,0,0,0,0,2,8,城池特效·鹤鸣九霄,,@【城池特效·鹤鸣九霄】@\n·使用后，可使主城或分城增加新的特效，每个城池独立使用\n·外观变更期间，可取消使用，恢复默认外观,?,,,,0,,,,群,五星
101597,101597,100,2,3,900,900,900,900,900,9,9,9,9,9,200108,0,0,0,0,1054,2419200,0,0,0,0,0,0,0,0,0,0,0,0,5,4,0,1,0,1,0,0,0,0,2,8,聊天气泡·校园,,@【聊天气泡·校园】@\n·使用后，可使聊天气泡样式变更\n·外观变更期间，可取消使用，恢复默认外观\n·外观将会在获得后的~28天~后消失,?,,,,0,,,,群,五星
101598,101598,200,3,3,0,0,0,0,0,0,0,0,0,0,200184,100619,101598,0,0,1,0,0,0,0,0,0,0,500,0,0,0,0,0,4,4,0,1,0,1,0,0,0,0,3,5,花随蝶舞,,·可解锁@【吴·大乔·步】@武将卡的@花随蝶舞@画像\n·可在对应武将卡的外观界面更换画像\n·获得画像后，若暂无对应武将卡，将在拥有武将卡后即刻解锁对应画像,?,,,,10159801,,,,吴,五星
101599,101599,200,3,3,0,0,0,0,0,0,0,0,0,0,200184,100619,101598,0,0,3,0,0,0,0,0,0,0,500,0,0,0,0,0,4,4,0,1,0,1,0,0,0,0,3,5,花随蝶舞·动态,,·可解锁@【吴·大乔·步】@武将卡的@花随蝶舞@画像动态效果\n·可在对应武将卡的外观界面更换该画像动态效果\n·未拥有该画像动态效果对应的静态画像，则无法给到武将使用，将在拥有静态画像后即刻解锁对应动态效果,?,,,,10159901,,,,吴,五星
101600,101600,200,3,3,0,0,0,0,0,0,0,0,0,0,200184,100337,110112,0,0,3,0,0,0,0,0,0,0,500,0,0,0,0,0,4,4,0,1,0,1,0,0,0,0,3,5,凤仪施计·动态,,·可解锁@【群·貂蝉·步】@武将卡的@凤仪施计@画像动态效果\n·可在对应武将卡的外观界面更换该画像动态效果\n·未拥有该画像动态效果对应的静态画像，则无法给到武将使用，将在拥有静态画像后即刻解锁对应动态效果,?,,,,10160001,,,,吴,五星
101601,101601,200,3,3,0,0,0,0,0,0,0,0,0,0,200184,100035,110101,0,0,3,0,0,0,0,0,0,0,500,0,0,0,0,0,4,4,0,1,0,1,0,0,0,0,3,5,西望荆襄·动态,,·可解锁@【吴·吕蒙·弓】@武将卡的@西望荆襄@画像动态效果\n·可在对应武将卡的外观界面更换该画像动态效果\n·未拥有该画像动态效果对应的静态画像，则无法给到武将使用，将在拥有静态画像后即刻解锁对应动态效果,?,,,,10160101,,,,吴,五星
101602,101602,100,2,3,900,900,900,900,900,9,9,9,9,9,200108,0,0,0,0,7223,2419200,0,0,0,0,0,0,0,0,0,0,0,0,5,4,0,1,0,1,0,0,0,0,2,8,头像框·校园,,@【头像框·校园】@\n·使用后，可使头像框样式变更\n·外观变更期间，可取消使用，恢复默认外观\n·外观将会在获得后的~28天~后消失,?,,,,0,,,,群,五星
101603,101603,100,2,3,900,900,900,900,900,9,9,9,9,9,200108,0,0,0,0,2028,2419200,0,0,0,0,0,0,0,0,0,0,0,0,5,4,0,1,0,1,0,0,0,0,2,8,主城名框·校园,,@【主城名框·校园】@\n·使用后，可使主城名框样式变更\n·外观变更期间，可取消使用，恢复默认外观\n·外观将会在获得后的~28天~后消失,?,,,,0,,,,群,五星
101604,101604,200,2,3,900,900,900,900,900,9,9,9,9,9,200108,0,0,0,0,7224,0,0,0,0,0,0,0,250,0,0,0,0,0,5,3,0,1,0,1,0,0,0,0,2,8,头像框·赤焰孤狼,,@【头像框·赤焰孤狼】@\n·使用后，可使头像框样式变更\n·外观变更期间，可取消使用，恢复默认外观,?,,,,0,,,,群,四星
101605,101605,200,2,3,900,900,900,900,900,9,9,9,9,9,200108,0,0,0,0,7231,1728000,0,0,0,0,0,0,0,0,0,0,0,0,5,3,0,1,0,1,0,0,0,0,2,8,头像框·登峰,,@【头像框·登峰】@\n·使用后，可使头像框样式变更\n·外观变更期间，可取消使用，恢复默认外观\n·外观将会在获得后的~20天~后消失,?,,,,0,,,,群,四星
101606,101606,100,2,3,900,900,900,900,900,9,9,9,9,9,200108,0,0,0,0,1055,1728000,0,0,0,0,0,0,0,0,0,0,0,0,5,4,0,1,0,1,0,0,0,0,2,8,聊天气泡·山巅,,@【聊天气泡·山巅】@\n·使用后，可使聊天气泡样式变更\n·外观变更期间，可取消使用，恢复默认外观\n·外观将会在获得后的~20天~后消失,?,,,,0,,,,群,五星
101607,101607,200,2,3,900,900,900,900,900,9,9,9,9,9,200108,0,0,0,0,7232,1814400,0,0,0,0,0,0,0,0,0,0,0,0,5,3,0,1,0,1,0,0,0,0,2,8,头像框·蹴鞠,,@【头像框·蹴鞠】@\n·使用后，可使头像框样式变更\n·外观变更期间，可取消使用，恢复默认外观\n·外观将会在获得后的~21天~后消失,?,,,,0,,,,群,四星
101608,101608,200,2,3,900,900,900,900,900,9,9,9,9,9,200108,0,0,0,0,7235,1814400,0,0,0,0,0,0,0,0,0,0,0,0,5,3,0,1,0,1,0,0,0,0,2,8,头像框·玉玺,,@【头像框·玉玺】@\n·使用后，可使头像框样式变更\n·外观变更期间，可取消使用，恢复默认外观\n·外观将会在获得后的~21天~后消失,?,,,,0,,,,群,四星
101609,101609,200,3,3,0,0,0,0,0,0,0,0,0,0,200184,100476,101609,0,2,1,0,0,0,0,0,0,0,500,0,0,0,0,0,4,4,0,1,0,1,0,0,0,0,3,5,动无遗策,,·可解锁@【魏·郭嘉·骑】@武将卡的@动无遗策@画像\n·可在对应武将卡的外观界面更换画像\n·获得画像后，若暂无对应武将卡，将在拥有武将卡后即刻解锁对应画像,?,,,,10160901,,,,吴,五星
101610,101610,200,3,3,0,0,0,0,0,0,0,0,0,0,200184,100476,101609,0,2,3,0,0,0,0,0,0,0,500,0,0,0,0,0,4,4,0,1,0,1,0,0,0,0,3,5,动无遗策·动态,,·可解锁@【魏·郭嘉·骑】@武将卡的@动无遗策@画像动态效果\n·可在对应武将卡的外观界面更换该画像动态效果\n·未拥有该画像动态效果对应的静态画像，则无法给到武将使用，将在拥有静态画像后即刻解锁对应动态效果,?,,,,10161001,,,,吴,五星
101611,101611,100,2,3,0,0,0,0,0,0,0,0,0,0,200184,0,0,0,0,5016,0,0,0,0,0,0,0,175,0,0,0,0,0,5,4,0,1,0,1,0,0,0,0,2,8,出警入跸,,@【兵种行军外观·出警入跸】@\n·使用一张【兵种行军外观·出警入跸】可解锁一个5星武将的兵种行军外观\n·可在五星武将的外观-兵种界面使用\n·当部队中的3名武将均已激活【行军外观·出警入跸】时，该部队的行军旗将自动变更为该外观的专属旗帜,?,,,,0,,,,群,五星
101612,101612,200,2,3,900,900,900,900,900,9,9,9,9,9,200108,0,0,0,0,7238,1728000,0,0,0,0,0,0,0,0,0,0,0,0,5,3,0,1,0,1,0,0,0,0,2,8,头像框·十载,,@【头像框·十载】@\n·使用后，可使头像框样式变更\n·外观变更期间，可取消使用，恢复默认外观\n·外观将会在获得后的~21天~后消失,?,,,,0,,,,群,四星
101613,101613,200,2,3,900,900,900,900,900,9,9,9,9,9,200108,0,0,0,0,7232,1814400,0,0,0,0,0,0,0,0,0,0,0,0,5,3,0,1,0,1,0,0,0,0,2,8,头像框·机关,,@【头像框·机关】@\n·使用后，可使头像框样式变更\n·外观变更期间，可取消使用，恢复默认外观\n·外观将会在获得后的~21天~后消失,?,,,,0,,,,群,四星
101614,101614,100,2,3,900,900,900,900,900,9,9,9,9,9,200108,0,0,0,0,2002,1728000,0,0,0,0,0,0,0,0,0,0,0,0,5,4,0,1,0,1,0,0,0,0,2,8,主城名框·桂花,,@【主城名框·桂花】@\n·使用后，可使主城名框样式变更\n·外观变更期间，可取消使用，恢复默认外观\n·外观将会在获得后的~20天~后消失,?,,,,0,,,,群,五星
101615,101615,100,2,3,900,900,900,900,900,9,9,9,9,9,200108,0,0,0,0,2035,1728000,0,0,0,0,0,0,0,0,0,0,0,0,5,4,0,1,0,1,0,0,0,0,2,8,主城名框·十载,,@【主城名框·十载】@\n·使用后，可使主城名框样式变更\n·外观变更期间，可取消使用，恢复默认外观\n·外观将会在购买后的~20天~后消失,?,,,,0,,,,群,五星
101616,101616,100,2,3,900,900,900,900,900,9,9,9,9,9,200108,0,0,0,0,10012,1728000,0,0,0,0,0,0,0,0,0,0,0,0,5,4,0,1,0,1,0,0,0,0,2,8,行军线·猫爪,,@【行军线·猫爪】@\n·使用后，可使部队的行军线样式变更\n·外观变更期间，可取消使用，恢复默认外观\n·外观将会在获得后的~20天~后消失,?,,,,0,,,,群,五星
101617,101617,100,2,3,900,900,900,900,900,9,9,9,9,9,200108,0,0,0,0,1056,0,0,0,0,0,0,0,250,0,0,0,0,0,5,4,0,1,0,1,0,0,0,0,2,8,聊天气泡·十载,,@【聊天气泡·十载】@\n·使用后，可使聊天气泡样式变更\n·外观变更期间，可取消使用，恢复默认外观\n·永久外观将跨赛季保留，永久存在,?,,,,0,,,,群,五星
101618,101618,100,2,3,0,0,0,0,0,0,0,0,0,0,200184,0,0,0,0,19007,0,0,0,0,0,0,0,0,0,0,0,0,0,5,4,0,1,1,1,0,0,0,0,2,8,行军外观·西园军,,@【行军外观·西园军】@\n·使用后，可使行军部队在陆地行军时的外观样式变更\n·外观变更期间，可取消使用，恢复原外观,?,,,,0,,,,群,五星
101620,101620,100,2,3,900,900,900,900,900,9,9,9,9,9,200108,0,0,0,0,1057,1728000,0,0,0,0,0,0,0,0,0,0,0,0,5,4,0,1,0,1,0,0,0,0,2,8,聊天气泡·兵戎,,@【聊天气泡·战棋兵戎】@\n·使用后，可使聊天气泡样式变更\n·外观变更期间，可取消使用，恢复默认外观\n·外观将会在获得后的~20天~后消失,?,,,,0,,,,群,五星
101621,101621,200,3,3,0,0,0,0,0,0,0,0,0,0,200184,100023,110221,0,0,3,0,0,0,0,0,0,0,500,0,0,0,0,0,2,4,0,1,0,1,0,0,0,0,3,5,以道御智·动态,,·可解锁@【魏·曹操·骑】@武将卡的@以道御智@画像动态效果\n·可在对应武将卡的外观界面更换该画像动态效果\n·未拥有该画像动态效果对应的静态画像，则无法给到武将使用，将在拥有静态画像后即刻解锁对应动态效果,?,,,,10162101,,,,魏,五星
101622,101622,200,3,3,0,0,0,0,0,0,0,0,0,0,200184,100670,110222,0,0,3,0,0,0,0,0,0,0,500,0,0,0,0,0,5,4,0,1,0,1,0,0,0,0,3,5,据险兼众·动态,,·可解锁@【群·袁绍·弓】@武将卡的@据险兼众@画像动态效果\n·可在对应武将卡的外观界面更换该画像动态效果\n·未拥有该画像动态效果对应的静态画像，则无法给到武将使用，将在拥有静态画像后即刻解锁对应动态效果,?,,,,10162201,,,,群,五星
101623,101623,100,2,3,900,900,900,900,900,9,9,9,9,9,200108,0,0,0,0,7241,0,0,0,0,0,0,0,250,0,0,0,0,0,5,4,0,1,0,1,0,0,0,0,2,8,头像框·丙午,,@【头像框·丙午】@\n·使用后，可使头像框样式变更\n·外观变更期间，可取消使用，恢复默认外观,?,,,,0,,,,群,五星
101624,101624,200,2,3,0,0,0,0,0,0,0,0,0,0,200184,100803,100803,0,0,2,0,0,0,0,0,0,0,1000,0,0,0,0,0,1,4,0,1,0,1,0,0,0,0,2,5,成就·刘备,,,?,,,,10162401,,,,汉,五星
101625,101625,200,3,3,0,0,0,0,0,0,0,0,0,0,200184,100804,100804,0,0,2,0,0,0,0,0,0,0,1000,0,0,0,0,0,1,4,0,1,0,1,0,0,0,0,3,5,成就·曹操,,,?,,,,10162501,,,,汉,五星
101626,101626,200,1,3,0,0,0,0,0,0,0,0,0,0,200184,100805,100805,0,0,2,0,0,0,0,0,0,0,1000,0,0,0,0,0,1,4,0,1,0,1,0,0,0,0,1,5,成就·孙坚,,,?,,,,10162601,,,,汉,五星
101627,101627,200,3,3,0,0,0,0,0,0,0,0,0,0,200184,100806,100806,0,0,2,0,0,0,0,0,0,0,1000,0,0,0,0,0,3,4,0,1,0,1,0,0,0,0,3,5,成就·姜维,,,?,,,,10162701,,,,蜀,五星
101628,101628,200,2,3,0,0,0,0,0,0,0,0,0,0,200184,100807,100807,0,0,2,0,0,0,0,0,0,0,1000,0,0,0,0,0,6,4,0,1,0,1,0,0,0,0,2,5,成就·司马懿,,,?,,,,10162801,,,,晋,五星
101629,101629,200,1,3,0,0,0,0,0,0,0,0,0,0,200184,100808,100808,0,0,2,0,0,0,0,0,0,0,1000,0,0,0,0,0,4,4,0,1,0,1,0,0,0,0,1,5,成就·孙权,,,?,,,,10162901,,,,吴,五星
101630,101630,200,3,3,0,0,0,0,0,0,0,0,0,0,200184,100615,101630,0,0,1,0,0,0,0,0,0,0,500,0,0,0,0,0,4,4,0,1,0,1,0,0,0,0,3,5,临危奋锐,,·可解锁@【蜀·马岱·骑】@武将卡的@临危奋锐@画像\n·可在对应武将卡的外观界面更换画像\n·获得画像后，若暂无对应武将卡，将在拥有武将卡后即刻解锁对应画像,?,,,,10163001,,,,吴,五星
101631,101631,200,3,3,0,0,0,0,0,0,0,0,0,0,200184,100615,101630,0,0,3,0,0,0,0,0,0,0,500,0,0,0,0,0,4,4,0,1,0,1,0,0,0,0,3,5,临危奋锐·动态,,·可解锁@【蜀·马岱·骑】@武将卡的@临危奋锐@画像动态效果\n·可在对应武将卡的外观界面更换该画像动态效果\n·未拥有该画像动态效果对应的静态画像，则无法给到武将使用，将在拥有静态画像后即刻解锁对应动态效果,?,,,,10163101,,,,吴,五星
101632,101632,100,2,3,900,900,900,900,900,9,9,9,9,9,200108,0,0,0,0,7242,0,0,0,0,0,0,0,900,0,0,0,0,0,5,4,0,1,0,1,0,0,0,0,2,8,头像框·霜狼破界,,@【头像框·霜狼破界】@\n·使用后，可使头像框样式变更\n·外观变更期间，可取消使用，恢复默认外观,?,,,,0,,,,群,五星
101633,101633,100,2,3,900,900,900,900,900,9,9,9,9,9,200108,0,0,0,0,10013,0,0,0,0,0,0,0,600,0,0,0,0,0,5,4,0,1,0,1,0,0,0,0,2,8,行军线·霜狼破界,,@【行军线·霜狼破界】@\n·可绑定一支部队，可使绑定的部队的行军线样式变更，仅部队待命时才可绑定\n·当已绑定部队处于待命状态时，可取消绑定，恢复默认外观,?,,,,0,,,,群,五星
101634,101634,100,2,3,900,900,900,900,900,9,9,9,9,9,200108,0,0,0,0,13010,0,0,0,0,0,0,0,600,0,0,0,0,0,5,4,0,1,0,1,0,0,0,0,2,8,行军旗·霜狼破界,,@【行军旗·霜狼破界】@\n·可绑定一支部队，可使绑定的部队的行军旗样式变更，仅部队待命时才可绑定\n·当已绑定部队处于待命状态时，可取消绑定，恢复默认外观,?,,,,0,,,,群,五星
101635,101635,100,2,3,900,900,900,900,900,9,9,9,9,9,200108,0,0,0,0,23003,0,0,0,0,0,0,0,500,0,0,0,0,0,5,3,0,1,0,1,0,0,0,0,2,8,行军铭牌·霜狼破界,,@【行军铭牌·霜狼破界】@\n·使用后，可切换行军铭牌，部队行军期间可见\n·可同时使用多个外观，每支部队从城池出发时将随机使用其中一个\n·外观变更期间，可取消使用，取消后部队返回所属城池才会生效,?,,,,0,,,,群,四星
101636,101636,100,2,3,900,900,900,900,900,9,9,9,9,9,200108,0,0,0,0,20004,0,0,0,0,0,0,0,1200,0,0,0,0,0,5,3,0,1,0,1,0,0,0,0,2,8,连胜播报·霜狼破界,,@【连胜播报·霜狼破界】@\n·使用后，可使连胜播报样式变更\n·外观变更期间，可取消使用，恢复默认外观,?,,,,0,,,,群,四星
101637,101637,200,1,3,0,0,0,0,0,0,0,0,0,0,200184,100810,100810,0,0,2,0,0,0,0,0,0,0,1000,0,0,0,0,0,3,4,0,1,0,1,0,0,0,0,1,5,成就·黄忠,,,?,,,,10163701,,,,蜀,五星
101638,101638,200,3,3,0,0,0,0,0,0,0,0,0,0,200184,100707,101638,0,0,1,0,0,0,0,0,0,0,500,0,0,0,0,0,6,4,0,1,0,1,0,0,0,0,3,5,妙绝翰墨,,·可解锁@【晋·卫瓘·步】@武将卡的@妙绝翰墨@画像\n·可在对应武将卡的外观界面更换画像\n·获得画像后，若暂无对应武将卡，将在拥有武将卡后即刻解锁对应画像,?,,,,10163801,,,,晋,五星
101639,101639,200,3,3,0,0,0,0,0,0,0,0,0,0,200184,100707,101638,0,0,3,0,0,0,0,0,0,0,500,0,0,0,0,0,6,4,0,1,0,1,0,0,0,0,3,5,妙绝翰墨·动态,,·可解锁@【晋·卫瓘·步】@武将卡的@妙绝翰墨@画像动态效果\n·可在对应武将卡的外观界面更换该画像动态效果\n·未拥有该画像动态效果对应的静态画像，则无法给到武将使用，将在拥有静态画像后即刻解锁对应动态效果,?,,,,10163901,,,,晋,五星
101640,101640,200,3,3,0,0,0,0,0,0,0,0,0,0,200184,100020,110149,0,0,3,0,0,0,0,0,0,0,500,0,0,0,0,0,3,4,0,1,0,1,0,0,0,0,3,5,庭前吟雪·动态,,·可解锁@【蜀·黄月英·步】@武将卡的@庭前吟雪@画像动态效果\n·可在对应武将卡的外观界面更换该画像动态效果\n·未拥有该画像动态效果对应的静态画像，则无法给到武将使用，将在拥有静态画像后即刻解锁对应动态效果,?,,,,10164001,,,,蜀,五星
101641,101641,200,3,3,0,0,0,0,0,0,0,0,0,0,200184,100019,110107,0,0,3,0,0,0,0,0,0,0,500,0,0,0,0,0,3,4,0,1,0,1,0,0,0,0,3,5,红颜银枪·动态,,·可解锁@【蜀·马云禄·骑】@武将卡的@红颜银枪@画像动态效果\n·可在对应武将卡的外观界面更换该画像动态效果\n·未拥有该画像动态效果对应的静态画像，则无法给到武将使用，将在拥有静态画像后即刻解锁对应动态效果,?,,,,10164101,,,,蜀,五星
101642,101642,200,3,3,0,0,0,0,0,0,0,0,0,0,200184,100027,110167,0,0,3,0,0,0,0,0,0,0,500,0,0,0,0,0,2,4,0,1,0,1,0,0,0,0,3,5,古之召虎·动态,,·可解锁@【魏·张辽·骑】@武将卡的@古之召虎@画像动态效果\n·可在对应武将卡的外观界面更换该画像动态效果\n·未拥有该画像动态效果对应的静态画像，则无法给到武将使用，将在拥有静态画像后即刻解锁对应动态效果,?,,,,10164201,,,,魏,五星
101643,101643,100,2,3,900,900,900,900,900,9,9,9,9,9,200108,0,0,0,0,7244,1814400,0,0,0,0,0,0,0,0,0,0,0,0,5,4,0,1,0,1,0,0,0,0,2,8,头像框·神勇,,@【头像框·神勇】@\n·使用后，可使头像框样式变更\n·外观变更期间，可取消使用，恢复默认外观\n·外观将会在获得后的~21天~后消失,?,,,,0,,,,群,五星
101644,101644,100,2,3,900,900,900,900,900,9,9,9,9,9,200108,0,0,0,0,7245,1209600,0,0,0,0,0,0,0,0,0,0,0,0,5,4,0,1,0,1,0,0,0,0,2,8,头像框·桃李,,@【头像框·桃李】@\n·使用后，可使头像框样式变更\n·外观变更期间，可取消使用，恢复默认外观\n·外观将会在获得后的~14天~后消失,?,,,,0,,,,群,五星
101645,101645,100,2,3,900,900,900,900,900,9,9,9,9,9,200108,0,0,0,0,7246,0,0,0,0,0,0,0,0,0,0,0,0,0,5,4,0,1,0,1,0,0,0,0,2,8,头像框·桃李,,@【头像框·桃李】@\n·使用后，可使头像框样式变更\n·外观变更期间，可取消使用，恢复默认外观,?,,,,0,,,,群,五星
101646,101646,100,2,3,900,900,900,900,900,9,9,9,9,9,200108,0,0,0,0,7248,1728000,0,0,0,0,0,0,0,0,0,0,0,0,5,4,0,1,0,1,0,0,0,0,2,8,头像框·黄金甲,,@【头像框·黄金甲】@\n·使用后，可使头像框样式变更\n·外观变更期间，可取消使用，恢复默认外观\n·外观将会在获得后的~20天~后消失,?,,,,0,,,,群,五星
101647,101647,100,2,3,900,900,900,900,900,9,9,9,9,9,200108,0,0,0,0,9012,0,0,0,0,0,0,0,1000,0,0,0,0,0,5,4,0,1,0,1,0,0,0,0,2,8,城池特效·瀚漠飞天,,@【城池特效·瀚漠飞天】@\n·使用后，可使主城或分城增加新的特效，每个城池独立使用\n·外观变更期间，可取消使用，恢复默认外观,?,,,,0,,,,群,五星
101648,101648,100,2,3,900,900,900,900,900,9,9,9,9,9,200108,0,0,0,0,0,2592000,0,0,0,0,0,0,0,0,0,0,0,0,5,4,0,1,0,1,0,0,0,0,2,8,新春集市,,@【新春集市】@\n·获得后，可在主公簿设置为背景\n·外观将会在获得后的~30天~后消失,?,,,,0,,,,群,五星
101649,101649,100,2,3,900,900,900,900,900,9,9,9,9,9,200108,0,0,0,0,7252,1728000,0,0,0,0,0,0,0,0,0,0,0,0,5,4,0,1,0,1,0,0,0,0,2,8,头像框·丙午,,@【头像框·丙午】@\n·使用后，可使头像框样式变更\n·外观变更期间，可取消使用，恢复默认外观\n·外观将会在获得后的~20天~后消失,?,,,,0,,,,群,五星
101650,101650,100,2,3,900,900,900,900,900,9,9,9,9,9,200108,0,0,0,0,1058,0,0,0,0,0,0,0,0,0,0,0,0,0,5,4,0,1,0,1,0,0,0,0,2,8,聊天气泡·丙午,,@【聊天气泡·丙午】@\n·使用后，可使聊天气泡样式变更\n·外观变更期间，可取消使用，恢复默认外观,?,,,,0,,,,群,五星
101651,101651,100,2,3,900,900,900,900,900,9,9,9,9,9,200108,0,0,0,0,2036,1728000,0,0,0,0,0,0,0,0,0,0,0,0,5,4,0,1,0,1,0,0,0,0,2,8,主城名框·丙午,,@【主城名框·丙午】@\n·使用后，可使主城名框样式变更\n·外观变更期间，可取消使用，恢复默认外观\n·外观将会在购买后的~20天~后消失,?,,,,0,,,,群,五星
101652,101652,200,3,3,0,0,0,0,0,0,0,0,0,0,200184,100023,110202,0,0,3,0,0,0,0,0,0,0,600,0,0,0,0,0,2,4,0,1,0,1,0,0,0,0,3,5,龙翔碧落·动态,,·可解锁@【魏·曹操·骑】@武将卡的@龙翔碧落@画像动态效果\n·可在对应武将卡的外观界面更换该画像动态效果\n·未拥有该画像动态效果对应的静态画像，则无法给到武将使用，将在拥有静态画像后即刻解锁对应动态效果,?,,,,10165201,,,,魏,五星
101653,101653,200,3,3,0,0,0,0,0,0,0,0,0,0,200184,100015,110205,0,0,3,0,0,0,0,0,0,0,600,0,0,0,0,0,5,4,0,1,0,1,0,0,0,0,3,5,夭夭月华·动态,,·可解锁@【群·甄洛·弓】@、@【群·甄洛·弓·SP】@武将卡的@夭夭月华@画像动态效果\n·可在对应武将卡的外观界面更换该画像动态效果\n·未拥有该画像动态效果对应的静态画像，则无法给到武将使用，将在拥有静态画像后即刻解锁对应动态效果,?,,,,10165301,,,,群,五星
101654,101654,200,3,3,0,0,0,0,0,0,0,0,0,0,200184,100013,110243,0,0,3,0,0,0,0,0,0,0,600,0,0,0,0,0,5,4,0,1,0,1,0,0,0,0,3,5,龙沙马足·动态,,·可解锁@【群·马超·骑】@武将卡的@龙沙马足@画像动态效果\n·可在对应武将卡的外观界面更换该画像动态效果\n·未拥有该画像动态效果对应的静态画像，则无法给到武将使用，将在拥有静态画像后即刻解锁对应动态效果,?,,,,10165401,,,,群,五星
101655,101655,200,3,3,0,0,0,0,0,0,0,0,0,0,200184,100479,110245,0,2,3,0,0,0,0,0,0,0,600,0,0,0,0,0,5,4,0,1,0,1,0,0,0,0,3,5,龙幡虎纛·动态,,·可解锁@【群·吕布·弓】@武将卡的@龙幡虎纛@画像动态效果\n·可在对应武将卡的外观界面更换该画像动态效果\n·未拥有该画像动态效果对应的静态画像，则无法给到武将使用，将在拥有静态画像后即刻解锁对应动态效果,?,,,,10165501,,,,群,五星
101656,101656,200,3,3,0,0,0,0,0,0,0,0,0,0,200184,100037,110285,0,0,3,0,0,0,0,0,0,0,600,0,0,0,0,0,1,4,0,1,0,1,0,0,0,0,3,5,永安映喜·动态,,·可解锁@【汉·何太后·弓】@武将卡的@永安映喜@画像动态效果\n·可在对应武将卡的外观界面更换该画像动态效果\n·未拥有该画像动态效果对应的静态画像，则无法给到武将使用，将在拥有静态画像后即刻解锁对应动态效果,?,,,,10165601,,,,汉,五星
101657,101657,100,2,3,900,900,900,900,900,9,9,9,9,9,200108,0,0,0,0,7256,0,0,0,0,0,0,0,250,0,0,0,0,0,5,4,0,1,0,1,0,0,0,0,2,8,头像框·万象敦煌,,@【头像框·万象敦煌】@\n·使用后，可使头像框样式变更\n·外观变更期间，可取消使用，恢复默认外观,?,,,,0,,,,群,五星
101658,101658,100,2,3,900,900,900,900,900,9,9,9,9,9,200108,0,0,0,0,14006,0,0,0,0,0,0,0,1200,0,0,0,0,0,5,4,0,1,0,0,0,0,0,0,2,8,要塞外观·瀚漠飞天,,@【要塞外观·瀚漠飞天】@\n·使用后，可使要塞外观样式变更\n·外观变更期间，可取消使用，恢复默认外观,?,,,,0,,,,群,五星
101659,101659,100,2,3,900,900,900,900,900,9,9,9,9,9,200108,0,0,0,0,22003,0,0,0,0,0,0,0,900,0,0,0,0,0,5,3,0,1,0,1,0,0,0,0,2,8,领地铭牌·九色鹿,,@【领地铭牌·九色鹿】@\n·使用后，可切换领地铭牌，点击此势力的任意领地都可见\n·外观变更期间，可取消使用，恢复默认外观,?,,,,0,,,,群,四星
101660,101660,100,2,3,900,900,900,900,900,9,9,9,9,9,200108,0,0,0,0,22004,0,0,0,0,0,0,0,900,0,0,0,0,0,5,3,0,1,0,1,0,0,0,0,2,8,领地铭牌·惊鸿,,@【领地铭牌·惊鸿】@\n·使用后，可切换领地铭牌，点击此势力的任意领地都可见\n·外观变更期间，可取消使用，恢复默认外观,?,,,,0,,,,群,四星
101661,101661,200,2,3,900,900,900,900,900,9,9,9,9,9,200108,0,0,0,0,21006,0,0,0,0,0,0,0,200,0,0,0,0,0,5,3,0,1,0,1,0,0,0,0,2,8,瀚漠飞天（女）,,可使用头像 瀚漠飞天（女） 变更主界面头像、主公簿头像、聊天头像样式,?,,,,10166101,,,,群,四星
101662,101662,200,2,3,900,900,900,900,900,9,9,9,9,9,200108,0,0,0,0,21007,0,0,0,0,0,0,0,200,0,0,0,0,0,5,3,0,1,0,1,0,0,0,0,2,8,瀚漠飞天（男）,,可使用头像 瀚漠飞天（男） 变更主界面头像、主公簿头像、聊天头像样式,?,,,,10166201,,,,群,四星
101663,101663,200,3,3,0,0,0,0,0,0,0,0,0,0,200184,100035,101663,0,0,1,0,0,0,0,0,0,0,500,0,0,0,0,0,4,4,0,1,0,1,0,0,0,0,3,5,幽隐莫测,,·可解锁@【吴·吕蒙·弓】@武将卡的@幽隐莫测@画像\n·可在对应武将卡的外观界面更换画像\n·获得画像后，若暂无对应武将卡，将在拥有武将卡后即刻解锁对应画像,?,,,,10166301,,,,吴,五星
101664,101664,200,3,3,0,0,0,0,0,0,0,0,0,0,200184,100035,101663,0,0,3,0,0,0,0,0,0,0,500,0,0,0,0,0,4,4,0,1,0,1,0,0,0,0,3,5,幽隐莫测·动态,,·可解锁@【吴·吕蒙·弓】@武将卡的@幽隐莫测@画像动态效果\n·可在对应武将卡的外观界面更换该画像动态效果\n·未拥有该画像动态效果对应的静态画像，则无法给到武将使用，将在拥有静态画像后即刻解锁对应动态效果,?,,,,10166401,,,,吴,五星
101665,101665,100,2,3,900,900,900,900,900,9,9,9,9,9,200108,0,0,0,0,7259,1728000,0,0,0,0,0,0,0,0,0,0,0,0,5,4,0,1,0,1,0,0,0,0,2,8,头像框·勇闯,,@【头像框·勇闯】@\n·使用后，可使头像框样式变更\n·外观变更期间，可取消使用，恢复默认外观\n·外观将会在获得后的~20天~后消失,?,,,,0,,,,群,五星
101666,101666,100,2,3,900,900,900,900,900,9,9,9,9,9,200108,0,0,0,0,7260,1814400,0,0,0,0,0,0,0,0,0,0,0,0,5,4,0,1,0,1,0,0,0,0,2,8,头像框·云洲,,@【头像框·云洲】@\n·使用后，可使头像框样式变更\n·外观变更期间，可取消使用，恢复默认外观\n·外观将会在获得后的~21天~后消失,?,,,,0,,,,群,五星
101667,101667,100,2,3,900,900,900,900,900,9,9,9,9,9,200108,0,0,0,0,24001,86400,0,0,0,0,0,0,0,0,0,0,0,0,5,4,0,1,0,1,0,0,0,0,2,8,称号·天下无双,,@【称号·天下无双】@\n·可获得称号\n·外观将会在获得后的~1天~后消失,?,,,,0,,,,群,五星
101668,101668,100,2,3,900,900,900,900,900,9,9,9,9,9,200108,0,0,0,0,7261,1728000,0,0,0,0,0,0,0,0,0,0,0,0,5,4,0,1,0,1,0,0,0,0,2,8,头像框·率土杀,,@【头像框·率土杀】@\n·使用后，可使头像框样式变更\n·外观变更期间，可取消使用，恢复默认外观\n·外观将会在获得后的~20天~后消失,?,,,,0,,,,群,五星
101669,101669,100,2,3,900,900,900,900,900,9,9,9,9,9,200108,0,0,0,0,2037,7776000,0,0,0,0,0,0,0,0,0,0,0,0,5,4,0,1,0,1,0,0,0,0,2,8,主城名框·方块入侵,,@【主城名框·方块入侵】@\n·使用后，可使主城名框样式变更\n·外观变更期间，可取消使用，恢复默认外观\n·外观将会在购买后的~90天~后消失,?,,,,0,,,,群,五星
101670,101670,100,2,3,900,900,900,900,900,9,9,9,9,9,200108,0,0,0,0,1059,1728000,0,0,0,0,0,0,0,0,0,0,0,0,5,4,0,1,0,1,0,0,0,0,2,8,聊天气泡·率土杀,,@【聊天气泡·丙午】@\n·使用后，可使聊天气泡样式变更\n·外观变更期间，可取消使用，恢复默认外观\n·外观将会在获得后的~20天~后消失,?,,,,0,,,,群,五星
101671,101671,100,2,3,900,900,900,900,900,9,9,9,9,9,200108,0,0,0,0,10014,0,0,0,0,0,0,0,600,0,0,0,0,0,5,4,0,1,0,1,0,0,0,0,2,8,行军线·方外桃源,,@【行军线·方外桃源】@\n·可绑定一支部队，可使绑定的部队的行军线样式变更，仅部队待命时才可绑定\n·当已绑定部队处于待命状态时，可取消绑定，恢复默认外观,?,,,,0,,,,群,五星
101672,101672,100,2,3,900,900,900,900,900,9,9,9,9,9,200108,0,0,0,0,13011,0,0,0,0,0,0,0,600,0,0,0,0,0,5,4,0,1,0,1,0,0,0,0,2,8,行军旗·方外桃源,,@【行军旗·方外桃源】@\n·可绑定一支部队，可使绑定的部队的行军旗样式变更，仅部队待命时才可绑定\n·当已绑定部队处于待命状态时，可取消绑定，恢复默认外观,?,,,,0,,,,群,五星
101673,101673,200,3,3,0,0,0,0,0,0,0,0,0,0,200184,100020,101673,0,0,1,0,0,0,0,0,0,0,500,0,0,0,0,0,3,4,0,1,0,1,0,0,0,0,3,5,玲珑思微,,·可解锁@【蜀·黄月英·步】@武将卡的@玲珑思微@画像\n·可在对应武将卡的外观界面更换画像\n·获得画像后，若暂无对应武将卡，将在拥有武将卡后即刻解锁对应画像,?,,,,10167301,,,,蜀,五星
101674,101674,200,3,3,0,0,0,0,0,0,0,0,0,0,200184,100020,101673,0,0,3,0,0,0,0,0,0,0,500,0,0,0,0,0,3,4,0,1,0,1,0,0,0,0,3,5,玲珑思微·动态,,·可解锁@【蜀·黄月英·步】@武将卡的@玲珑思微@画像动态效果\n·可在对应武将卡的外观界面更换该画像动态效果\n·未拥有该画像动态效果对应的静态画像，则无法给到武将使用，将在拥有静态画像后即刻解锁对应动态效果,?,,,,10167401,,,,蜀,五星
101675,101675,100,2,3,900,900,900,900,900,9,9,9,9,9,200108,0,0,0,0,25001,0,0,0,0,0,0,0,1200,0,0,0,0,0,5,4,0,1,0,1,0,0,0,0,2,8,戍城外观·方外桃源,,@【戍城外观·方外桃源】@\n·使用后，可使戍城外观样式变更，@每个戍城独立使用@\n·外观变更期间，可取消使用，恢复默认外观,?,,,,0,,,,群,五星
101676,101676,100,2,3,900,900,900,900,900,9,9,9,9,9,200108,0,0,0,0,7263,2592000,0,0,0,0,0,0,0,0,0,0,0,0,5,4,0,1,0,1,0,0,0,0,2,8,头像框·方块来袭,,@【头像框·方块来袭】@\n·使用后，可使头像框样式变更\n·外观变更期间，可取消使用，恢复默认外观\n·外观将会在获得后的~30天~后消失,?,,,,0,,,,群,五星
101677,101677,100,2,3,900,900,900,900,900,9,9,9,9,9,200108,0,0,0,0,7264,0,0,0,0,0,0,0,250,0,0,0,0,0,5,4,0,1,0,1,0,0,0,0,2,8,头像框·我的世界,,@【头像框·我的世界】@\n·使用后，可使头像框样式变更\n·外观变更期间，可取消使用，恢复默认外观,?,,,,0,,,,群,五星
101678,101678,100,2,3,900,900,900,900,900,9,9,9,9,9,200108,0,0,0,0,7265,1814400,0,0,0,0,0,0,250,0,0,0,0,0,5,4,0,1,0,1,0,0,0,0,2,8,头像框·我要验牌,,@【头像框·我要验牌】@\n·使用后，可使头像框样式变更\n·外观变更期间，可取消使用，恢复默认外观\n·外观将会在获得后的~21天~后消失,?,,,,0,,,,群,五星
101679,101679,100,2,3,900,900,900,900,900,9,9,9,9,9,200108,0,0,0,0,7266,2592000,0,0,0,0,0,0,250,0,0,0,0,0,5,4,0,1,0,1,0,0,0,0,2,8,头像框·黄金矿工,,@【头像框·黄金矿工】@\n·使用后，可使头像框样式变更\n·外观变更期间，可取消使用，恢复默认外观\n·外观将会在获得后的~30天~后消失,?,,,,0,,,,群,五星
101680,101680,100,2,3,0,0,0,0,0,0,0,0,0,0,200184,0,0,0,0,19006,259200,0,0,0,0,0,0,0,0,0,0,0,0,5,4,0,1,1,1,0,0,0,0,2,8,行军外观·太师方块人,,@【行军外观·西园军】@\n·使用后，可使行军部队在陆地行军时的外观样式变更\n·外观变更期间，可取消使用，恢复原外观\n·天下大势【汉室飘摇】结束后，每~72小时~会评选西园八校尉，由全服功勋前8的主公担任。担任西园八校尉的主公可使用此外观,?,,,,0,,,,群,五星
101681,101681,200,2,3,900,900,900,900,900,9,9,9,9,9,200108,0,0,0,0,21006,0,0,0,0,0,0,0,150,0,0,0,0,0,5,3,0,1,0,1,0,0,0,0,2,8,方块吕布,,可使用头像 方块吕布 变更主界面头像、主公簿头像、聊天头像样式,?,,,,10168101,,,,群,四星
101682,101682,100,2,3,0,0,0,0,0,0,0,0,0,0,200184,0,0,0,0,5017,0,0,0,0,0,0,0,175,0,0,0,0,0,5,4,0,1,0,1,0,0,0,0,2,8,方寸行伍,,@【兵种行军外观·方寸行伍】@\n·使用一张【兵种行军外观·方寸行伍】可解锁一个5星武将的兵种行军外观\n·可在五星武将的外观-兵种界面使用\n·当部队中的3名武将均已激活【行军外观·方寸行伍】时，该部队的行军旗将自动变更为该外观的专属旗帜,?,,,,0,,,,群,五星
101683,101683,100,2,3,900,900,900,900,900,9,9,9,9,9,200108,0,0,0,0,1060,0,0,0,0,0,0,0,600,0,0,0,0,0,5,4,0,1,0,1,0,0,0,0,2,8,聊天气泡·方外桃源,,@【聊天气泡·方外桃源】@\n·使用后，可使聊天气泡样式变更\n·外观变更期间，可取消使用，恢复默认外观,?,,,,0,,,,群,五星
101686,101686,100,2,3,900,900,900,900,900,9,9,9,9,9,200108,0,0,0,0,24001,86400,0,0,0,0,0,0,0,0,0,0,0,0,5,4,0,1,0,1,0,0,0,0,2,8,称号·七擒孟获,,@【称号·七擒孟获】@\n·可获得称号\n·外观将会在获得后的~1天~后消失,?,,,,0,,,,群,五星
101809,101809,100,2,3,900,900,900,900,900,9,9,9,9,9,200108,0,0,0,0,0,0,0,0,0,0,0,0,0,0,0,0,0,0,5,4,0,1,0,0,0,0,0,0,2,8,率土十载,,@【率土十载】@\n·获得后，可在主公簿设置为背景,?,,,,0,,,,群,五星
102001,102001,35,2,3,10100,9200,7800,6500,1300,227,223,112,114,138,200704,100021,100021,0,10002,0,0,0,110174,0,0,0,0,0,0,0,0,0,0,3,4,0,0,0,1,0,1,0,0,"2,22,32",,赵云,,@【史】@三国时期蜀汉名将。赵云跟随刘备将近三十年，先后参加过博望坡之战、长坂坡之战、江南平定战，独自指挥过入川之战、汉水之战、箕谷之战，都取得了非常好的战果。除了四处征战，赵云还先后以偏将军任桂阳太守，以留营司马留守公安，以翊军将军督江州。除此之外，赵云于平定益州时引霍去病故事劝谏刘备将田宅归还百姓，又于关羽张飞被害之后劝谏刘备不要伐吴，被后世赞为有大臣局量的儒将，甚至被认为是三国时期的完美人物。\n^【演】^在《三国演义》中，赵云一登场即和河北名将文丑大战，救了公孙瓒。曾和多名三国名将对战，冲锋陷阵罕见败绩。长坂坡救阿斗时，连续阵斩曹营名将五十余员。智取桂阳时，更是展现了他过人的机智和出众的谋略。随诸葛亮吊祭周瑜时，因赵云带剑相随，吴将无人敢动诸葛亮。汉水救黄忠时，让魏国名将张郃、徐晃心惊胆战，不敢迎敌。\n刘备去世之后，曹魏五路犯蜀，赵云把守阳平关，一将当关，万夫莫开。七十几岁时仍为蜀汉先锋，阵前力斩被作者称为“有万夫不当之勇”的西凉大将韩德一门五将。,?-229,子龙,,古来冲阵扶危主#只有常山赵子龙,10002101,"1,3,7",,,蜀,五星
102002,102002,30,3,3,9100,9000,6600,10000,1000,200,185,76,204,69,200705,100435,100435,0,0,0,0,0,110020,0,100435,0,0,0,0,0,0,0,0,2,4,0,0,0,1,0,1,0,0,"3,23,33",,夏侯渊,,@【史】@东汉末年名将，擅长千里奔袭作战，官至征西将军，封博昌亭侯。初期随曹操征伐，官渡之战为曹操督运粮草，又督诸将先后平定昌豨、徐和、雷绪、商曜等叛乱。后率军驻凉州，逐马超、破韩遂、灭宋建、横扫羌、氐，虎步关右。张鲁降曹操后夏侯渊留守汉中，与刘备相拒逾年，于定军山被刘备部将黄忠所袭，战死，谥曰愍侯。\n^【演】^在《三国演义》中，夏侯渊是夏侯婴之后、大将军惇族弟。自曹操陈留起兵起，便跟随征伐，历任陈留、颍川太守。官渡之战后，夏侯渊负责粮草补给，保证了曹操平定北方。而后夏侯渊又率兵四处征讨叛乱，破昌豨、徐和、雷绪、商曜等，战功卓著。而后夏侯渊督张郃、徐晃等留守汉中，与前来取汉中的刘备大军交战，为刘备将黄忠所袭，不幸战死。谥曰愍侯。魏齐王正始四年从祀曹操庙庭。,?-219,妙才,,五出平叛，奔逸绝尘#虎步关右，所向无前,10043501,1,,,魏,五星
102003,102003,25,1,5,9800,8900,6700,6500,800,198,180,62,105,57,200706,100090,100090,0,0,0,0,0,110017,0,100090,0,0,0,0,0,0,0,0,4,4,0,0,0,1,0,1,0,0,"1,21,33",,太史慈,,@【史】@东汉末年名将，官至建昌都尉。弓马熟练，箭法精良。原为刘繇部下，后被孙策收降，自此太史慈为孙氏大将，助其扫荡江东。孙权统事后，因太史慈能制刘磐，便将管理南方的要务委托给他。建安十一年（206年）太史慈逝世。\n^【演】^在《三国演义》中，初登场为第十一回“刘皇叔北海救孔融，吕温侯濮阳破曹操”，后来表现与《三国志》中没有太大分别，但其死亡时间却往后调了数年。于群英会、赤壁之战中，太史慈也有登场，先在群英会上为周瑜担任监酒官，于赤壁战中则负责绕到曹军背后，断绝来自合肥的曹军援兵。\n后来太史慈更于合肥之战一役中大战魏将张辽，可惜其所献的“里应外合”之计被张辽悉破，张辽更将计就计，安排伏兵，袭击进入合肥城的太史慈，令太史慈身中数箭，回营后伤重身亡。,166-206,子义,,矢志忠孝太史公#临终壮言千古嗟,10009001,1,,,吴,五星
102004,102004,25,3,1,10800,13200,12300,8900,700,75,132,82,153,67,200707,100007,100007,0,10001,0,0,0,110003,0,100007,0,0,0,0,0,0,0,0,1,4,0,0,0,1,0,1,0,0,"3,32,13",,卢植,,@【史】@东汉名臣，刘备和公孙瓒之师。黄巾起义时为北中郎将，率军与张角交战，后被诬陷下狱，皇甫嵩平定黄巾后力救卢植，于是复任为尚书。后因上谏激怒董卓被免官，隐居在上谷军都山，被袁绍请为军师。\n^【演】^在《三国演义》中，卢植为汉末大儒，名望远闻于时。刘备曾经从师于他。黄巾起义，卢植奉命镇压，以三万精锐，包围了广宗城张角的十五万人马，未见胜负，因拒绝黄门左丰索要贿赂，而被诬陷罢职问罪。何进招董卓进京诛宦臣。卢植力谏，何进不听。于是辞官而去。董卓得政后，卢植又复职，谏阻董卓废少帝立陈留王。,139-192,子干,,未似马家亲子婿#终身不踏绛纱庭,10000701,3,,,汉,五星
102005,102005,20,1,3,6500,7500,9000,4200,1000,131,129,88,85,94,200708,100015,100015,0,0,0,0,0,210002,0,100015,0,0,0,0,0,0,0,0,5,4,1,0,0,1,0,1,0,0,"1,11,21",,甄洛,,@【史】@魏文帝曹丕的妻子，魏明帝曹叡的生母。黄初二年（221年），曹丕称帝以后甄夫人被赐死，曹叡即位后追尊甄氏为文昭皇后。\n^【演】^在《三国演义》中，甄氏生平与正史大体相当。初期嫁与袁绍次子袁熙，袁熙带兵出外征战，留下甄氏独身照顾婆婆，袁氏败亡后，曹操之子曹丕见其美艳动人，便纳为己有。黄初年间，魏文帝曹丕登基后，郭贵妃以巫蛊之术陷害甄氏。文帝曹丕大怒，将甄氏赐死。,183-221,,,体迅飞凫，飘忽若神#凌波微步，罗袜生尘,10001501,"5,6",,,群,五星
102006,102006,25,1,2,8800,8100,6400,4100,1000,117,97,53,50,65,200709,100129,100129,0,10002,0,0,0,110090,0,0,0,0,0,0,0,0,0,0,3,3,0,0,0,1,0,1,0,0,"1,11,12",,关平,,@【史】@关羽之子，关羽率军攻打樊城时，孙权借机征讨荆州。关平与其父一同被擒，最后被斩于临沮县。此外，民间通常认为他是关羽收养的义子而非亲子。\n^【演】^原为冀州关家庄庄主关定之子，关羽过五关时被收为义子，从此作为关羽副将，随关羽南征北战，屡立功劳，多与刘封搭档。之后逐渐成长为一员大将，曾与庞德大战三十合，不分胜负。关羽败走麦城之际，关平跟随，一同被捕，遭孙权所害。,178-220,,,,10012901,1,,,蜀,四星
102007,102007,30,2,1,9300,9200,3300,2900,1800,122,145,30,34,127,200710,100081,100081,0,10002,0,0,0,110082,0,0,0,0,0,0,0,0,0,0,2,3,0,0,0,1,0,1,0,0,"2,12,32",,典韦,,@【史】@曹操部将，相貌魁梧，膂力过人。本属张邈，后归曹操。曹操征讨吕布时被募为陷阵，表现英勇，被拜为校尉，宿卫曹操。后曹操于宛城时，张绣先降而复反，急迫曹操本营；典韦守着大门，殊死恶斗，破敌甚众，最终因敌人太多而战死。 \n^【演】^在《三国演义》中，因其悍武，曹操称其为“古之恶来”。张绣背叛时，先令胡车儿暗盗韦双戟，再引军急迫曹操本营。典韦守大门，殊死恶斗，破敌甚众，刀坏了竟双手各提一人为武器迎敌。群贼不敢近，只远远以箭射之，箭如骤雨，典韦犹死拒寨门。,?-197,,,,10008101,1,,,魏,四星
102008,102008,15,3,2,4900,6600,8000,8700,200,41,62,84,91,10,200711,100091,100091,0,10002,0,0,0,210036,0,0,0,0,0,0,0,0,0,0,4,3,1,0,0,1,0,1,0,0,"3,13,23",,吴夫人,,@【史】@孙坚夫人。孙策、孙权之母。本姓吴，早丧父母，与其弟吴景居处。孙坚闻其才貌，娶而为妻，生四男一女。孙策、孙权分别执政时，吴夫人皆助治军国大事，甚有补益。临终引见张昭等，嘱以后事。死后与孙坚合葬高陵。\n^【演】^在《三国演义》中，被称为吴太夫人。其次子孙权自立为吴国皇帝后，她被追尊为皇后。并且演义中虚构其妹继为国太，在孙刘联姻一事上起主导作用。,?-202,,,,10009101,6,,,吴,四星
102009,102009,20,2,2,7800,7900,8800,3300,2000,78,79,97,30,108,200712,100041,100041,0,10002,0,0,0,210032,0,0,0,0,0,0,0,0,0,0,1,3,0,0,0,1,0,1,0,0,"2,12,32",,张奂,,@【史】@东汉时期名将、学者，凉州三明之一。汉阳太守张惇之子。少年时师从太尉朱宠，学习《欧阳尚书》，又自行删减《牟氏章句》。在东汉对外战争中功勋卓著，多次以恩信安抚、招降外族，使得北方宁静一时。后入朝，为宦官所利用，率军前往进击窦武。\n事后自责不已，拒受封侯。拜少府，迁任大司农，又上疏为窦武等人伸冤。不久迁太常，因得罪宦官被诬陷罢免。最终回乡教授弟子，不再出仕。光和四年（181年）去世，终年七十八岁，遗令素服薄葬。,104-181,然明,,,10004101,"6,4",,,汉,四星
102010,102010,25,2,2,7800,7900,7000,3700,2000,108,109,87,41,166,200713,100116,100116,0,10002,0,0,0,410009,0,0,0,0,0,0,0,0,0,0,5,3,0,0,0,1,0,1,0,0,"2,12,22",,袁术,,@【史】@袁逢之嫡次子，袁基、袁绍之弟。初为虎贲中郎将。董卓进京后以袁术为后将军，袁术因畏祸而出奔南阳。初平元年（190年）与袁绍、曹操等同时起兵，共讨董卓。后与袁绍对立，被袁绍、曹操击败，率馀众奔九江，割据扬州。建安二年（197年）称帝，建号仲氏 ，但未受人承认。此后袁术奢侈荒淫，横征暴敛，使江淮地区残破不堪，民多饥死，部众离心，先后为吕布、曹操所破，元气大伤，后于建安四年（199年）呕血而死。\n^【演】^在《三国演义》中，他的家族四代中有五人位居三公，是当世的大豪族。因董卓祸国，十八路诸侯聚讨董卓，袁术以第一镇诸侯的身份参与。同盟解散后，袁术为了除掉刘备，派遣使者想和吕布结亲，吕布将使者送给曹操斩首。得知吕布送斩他的使者，就发兵攻打他，却反被吕布所破。曹操又会合吕布、刘备、孙策等讨伐袁术，袁术大败。,?-199,公路,,,10011601,6,,,群,四星
102011,102011,25,2,2,6100,8200,9000,4500,1600,89,99,153,54,114,200004,100004,100004,0,0,0,0,0,210008,0,100004,0,0,0,0,0,0,0,0,1,4,1,0,0,1,0,1,0,0,"2,12,32",,蔡文姬,,@【史】@东汉末才女，博学多才且精通音律。匈奴入侵时，被匈奴掳走。十二年后，曹操统一北方，用重金将蔡文姬赎回，并将其嫁给董祀。,?,昭姬,,去时怀土心无绪#来时别儿思漫漫,10000401,5,,,汉,五星
102012,102012,25,1,3,9200,8900,9100,6100,900,161,168,121,82,65,200072,100074,100074,0,0,0,0,0,310003,0,0,0,0,0,0,20049,0,1,1766977200,3,4,0,0,0,1,0,1,0,0,"1,11,21",,姜维,,@【史】@三国时蜀汉名将，官至大将军。曾为魏中郎将，诸葛亮北伐时，姜维被怀疑有异心，姜维不得已投降蜀汉。因他忠勤时事、思虑精密、敏于军事、既有胆义，又兼心存汉室，故深得诸葛亮器重。诸葛亮去世后姜维在蜀汉开始崭露头角，费祎死后姜维开始独掌军权，继续率领蜀汉军队北伐曹魏。\n后因蜀中大臣多反对北伐，而宦官黄皓弄权，姜维只得在沓中屯田避祸。后司马昭五道伐蜀，姜维据守剑阁，阻挡钟会大军，却被邓艾从阴平偷袭成都，刘禅投降。后姜维假意投降魏将钟会，打算利用钟会反叛曹魏以实现恢复汉室的愿望，但最终反叛失败，与钟会一同被魏军所害。\n^【演】^在《三国演义》中，姜维生平与正史相似。在描写姜维降蜀时，在天水中识破设伏的赵云，并劫了诸葛亮的寨。诸葛亮视其为接班人，用计令夏侯楙和马遵误以姜维降蜀，最终使得姜维走投无路而降蜀。,202-264,伯约,,阴平穷寇非难御#如此江山空负人,10007401,6,,,蜀,五星
102013,102013,25,3,2,9100,9500,8000,8200,500,159,179,96,132,36,200081,100083,100083,0,10003,0,0,0,110018,0,0,0,0,0,0,0,0,0,0,2,4,0,0,0,0,0,1,0,0,"3,13,23",,张郃,,@【史】@征西车骑将军。先从韩馥，后投袁绍，在与公孙瓒的交战中多有功劳。官渡之战时，张郃受郭图陷害，率众投降于曹操，得以重用，随曹操平定北方，远征乌桓，平马超，斩宋建，灭张鲁，多有战功。后来，张郃随夏侯渊驻守汉中，在夏侯渊被害后暂代主帅，维持败兵。\n魏明帝时诸葛亮第一次北伐，张郃奉命救援陇右，在街亭大败蜀将马谡，导致诸葛亮撤兵；诸葛亮第四次时，张郃随司马懿前往相拒。后诸葛亮粮尽退兵，张郃追至木门，与诸葛亮军交战，被飞矢射中右膝而亡。\n^【演】^在《三国演义》中，张郃原为袁绍手下名将，官渡之战时，受郭图陷害，无奈投降于曹操，从此被曹操重用，跟随曹操南征北战，平马超，灭张鲁，多有战功。诸葛亮一出祁山时，张郃任司马懿先锋，跟随司马懿在街亭击败蜀将马谡，使诸葛亮撤兵。此后，在诸葛亮的多次北伐中，张郃先后随曹真、司马懿前往对抗，多有表现，连诸葛亮也叹其勇猛。诸葛亮五出祁山撤退时，于在剑阁设计埋伏，张郃前往追击，中埋伏被乱箭射死。,?-231,儁乂,,儁乂官渡投明主#屈指一算料敌先,10008301,"1,3",,,魏,五星
102014,102014,30,3,2,2100,6700,9300,8500,300,32,101,236,172,27,200008,100008,100008,0,10003,0,0,0,110004,0,100008,0,0,0,0,0,0,0,0,5,4,0,0,0,1,0,1,0,0,"3,31,23",,张角,,@【史】@东汉末农民起义领袖。汉灵帝时期在各地传播“太平道”，发展部众至几十万，遍及青、徐、幽、冀、荆、扬、兖、豫八州。184年二月，张角发动起义，打出了“苍天已死，黄天当立”的口号，矛头直指东汉政府，史称“黄巾起义”，影响遍及全国，极大地动摇了东汉政府的统治。同年十月，张角病死，不久其直接领导的黄巾军被镇压，但其后各地起义不断，最终导致东汉灭亡。\n^【演】^在《三国演义》中，张角原是个不第的秀才，在山中采药时遇南华老仙，得天书三卷，名为《太平要术》。张角依此书所传道术，开始散施符水，为人治病，徒众发展到数十万。张角遂起了夺取天下的野心，与兄弟张宝、张梁一起发兵起义，声势浩大，但最终被朝廷和各路豪杰镇压。张角病死，黄巾军主力随即覆灭，但仍有很多残党在各地活动。,?-184,,,苍天已死，黄天当立#岁在甲子，天下大吉,10000801,2,,,群,五星
102015,102015,25,1,4,9000,7700,6200,5900,900,170,135,57,79,72,200035,100036,100036,0,10003,0,0,0,210006,0,100036,0,0,0,0,0,0,0,0,3,4,1,0,0,1,0,1,0,0,"1,11,31",,孙尚香,,@【史】@孙权之妹，名字不详。刘备定荆州时，孙权对其十分畏惮，于是进妹予刘备为夫人，重固盟好。孙夫人才捷刚猛，有诸兄之风，身边侍婢百余人，皆亲自执刀侍立，刘备每入，心内常觉凛然惊惧。后刘备入益州，使赵云领留营司马，留守荆州。\n此时孙夫人自以孙权之妹的身份，骄妄豪强，常带着一群东吴吏兵，在荆州纵横不法。既尔孙权闻知刘备西征，于是大遣舟船以迎孙夫人，而夫人带着后主刘禅回吴，幸得赵云与张飞勒兵截江，方重夺刘禅。\n^【演】^在《三国演义》中，名为孙尚香。孙夫人才捷刚猛，有诸兄之风，身边侍婢百余人，皆亲自执刀侍立。不料在诸葛亮的锦囊妙计安排下，假婚成真姻；后来夫人更助刘备返蜀，于路上怒斥追袭的吴将。后刘备入益州，使赵云领留营司马，留守荆州。\n此时孙权闻知刘备西征，于是遣周善引领舟船以迎孙夫人，而夫人带着后主刘禅回吴，幸得赵云与张飞勒兵截江，方重夺刘禅。彝陵之战，刘备战败，有讹言传入吴中，道刘备已死，孙夫人伤心不已，望西痛哭，投江而死。,?-222,,,江东侍婢迎郎日#犹记刀光满洞房,10003601,1,,,蜀,五星
102016,102016,25,3,3,8800,8100,3000,7300,300,191,124,32,101,25,200730,100494,100494,0,0,0,0,0,110026,0,100494,0,0,0,0,0,0,0,0,3,4,1,0,0,1,0,1,0,0,"3,52,23",,祝融夫人,,^【演】^在《三国演义》中，为火神祝融氏后裔，南蛮王孟获之妻，带来洞主之姐。武艺高强，善使飞刀，百发百中。曾与孟获一起抵抗蜀军，在两军阵前被赵云活捉，在诸葛亮七擒七纵孟获之后，随孟获归顺蜀汉。祝融夫人为虚构人物，不见于正史记载。,?,,,性如烈火红海棠#执戟金戈好女杰,10049401,1,,,蜀,五星
102017,102017,20,2,3,2500,4900,8000,3500,1500,30,99,162,47,120,200032,100032,100032,0,0,0,0,0,210051,0,0,0,0,0,0,20049,1,0,0,4,4,1,0,0,1,0,1,0,0,"2,12,32",,周姬,,@【史】@周瑜之女，母疑为汉末美女小乔，兄长为周循和周胤。\n^【演】^在《三国演义》中，提及周瑜去世后留下二子一女，孙权对他们很关照。周瑜的女儿日后嫁给了太子。,?,,,佳人箜篌忆先父#玉指抚弦奏遗志,10003201,2,,,吴,五星
103001,103001,100,2,3,900,900,900,900,900,9,9,9,9,9,200108,0,0,0,0,7008,0,0,0,0,0,0,0,0,0,0,0,0,0,5,3,0,1,0,0,0,0,0,0,2,8,默认2D头像框,,,?,,,,0,,,,群,四星
103002,103002,100,2,3,900,900,900,900,900,9,9,9,9,9,200108,0,0,0,0,7009,0,0,0,0,0,0,0,0,0,0,0,0,0,5,3,0,1,0,0,0,0,0,0,2,8,20年节气2D头像框,,,?,,,,0,,,,群,四星
103003,103003,100,2,3,900,900,900,900,900,9,9,9,9,9,200108,0,0,0,0,7010,0,0,0,0,0,0,0,0,0,0,0,0,0,5,3,0,1,0,0,0,0,0,0,2,8,关银屏3D头像框,,,?,,,,0,,,,群,四星
103004,103004,100,2,3,900,900,900,900,900,9,9,9,9,9,200108,0,0,0,0,7011,0,0,0,0,0,0,0,0,0,0,0,0,0,5,3,0,1,0,0,0,0,0,0,2,8,周瑜3D头像框,,,?,,,,0,,,,群,四星
103005,103005,100,2,3,900,900,900,900,900,9,9,9,9,9,200108,0,0,0,0,7012,0,0,0,0,0,0,0,0,0,0,0,0,0,5,3,0,1,0,0,0,0,0,0,2,8,黄月英3D头像框,,,?,,,,0,,,,群,四星
103006,103006,100,2,3,900,900,900,900,900,9,9,9,9,9,200108,0,0,0,0,7013,0,0,0,0,0,0,0,0,0,0,0,0,0,5,3,0,1,0,0,0,0,0,0,2,8,张辽3D头像框,,,?,,,,0,,,,群,四星
103007,103007,100,2,3,900,900,900,900,900,9,9,9,9,9,200108,0,0,0,0,7014,0,0,0,0,0,0,0,0,0,0,0,0,0,5,3,0,1,0,0,0,0,0,0,2,8,21年春节2D头像框,,,?,,,,0,,,,群,四星
103008,103008,100,2,3,900,900,900,900,900,9,9,9,9,9,200108,0,0,0,0,7015,0,0,0,0,0,0,0,0,0,0,0,0,0,5,3,0,1,0,0,0,0,0,0,2,8,21年立夏节气2D头像框,,,?,,,,0,,,,群,四星
103009,103009,100,2,3,900,900,900,900,900,9,9,9,9,9,200108,0,0,0,0,7016,0,0,0,0,0,0,0,0,0,0,0,0,0,5,3,0,1,0,0,0,0,0,0,2,8,吕蒙3D头像框,,,?,,,,0,,,,群,四星
103010,103010,100,2,3,900,900,900,900,900,9,9,9,9,9,200108,0,0,0,0,7017,0,0,0,0,0,0,0,0,0,0,0,0,0,5,3,0,1,0,0,0,0,0,0,2,8,曹操3D头像框,,,?,,,,0,,,,群,四星
103011,103011,100,2,3,900,900,900,900,900,9,9,9,9,9,200108,0,0,0,0,7018,0,0,0,0,0,0,0,0,0,0,0,0,0,5,3,0,1,0,0,0,0,0,0,2,8,22年春节2D头像框,,,?,,,,0,,,,群,四星
103012,103012,100,2,3,900,900,900,900,900,9,9,9,9,9,200108,0,0,0,0,7019,0,0,0,0,0,0,0,0,0,0,0,0,0,5,3,0,1,0,0,0,0,0,0,2,8,张宁3D头像框,,,?,,,,0,,,,群,四星
103013,103013,100,2,3,900,900,900,900,900,9,9,9,9,9,200108,0,0,0,0,7020,0,0,0,0,0,0,0,0,0,0,0,0,0,5,3,0,1,0,0,0,0,0,0,2,8,22年壬寅2D节气头像框,,,?,,,,0,,,,群,四星
103014,103014,100,2,3,900,900,900,900,900,9,9,9,9,9,200108,0,0,0,0,7021,0,0,0,0,0,0,0,0,0,0,0,0,0,5,3,0,1,0,0,0,0,0,0,2,8,张飞3D头像框,,,?,,,,0,,,,群,四星
103015,103015,100,2,3,900,900,900,900,900,9,9,9,9,9,200108,0,0,0,0,7022,0,0,0,0,0,0,0,0,0,0,0,0,0,5,3,0,1,0,0,0,0,0,0,2,8,祝融夫人3D头像框,,,?,,,,0,,,,群,四星
103016,103016,100,2,3,900,900,900,900,900,9,9,9,9,9,200108,0,0,0,0,7023,0,0,0,0,0,0,0,0,0,0,0,0,0,5,3,0,1,0,0,0,0,0,0,2,8,23年癸卯2D春节头像框,,,?,,,,0,,,,群,四星
103017,103017,100,2,3,900,900,900,900,900,9,9,9,9,9,200108,0,0,0,0,7024,0,0,0,0,0,0,0,0,0,0,0,0,0,5,3,0,1,0,0,0,0,0,0,2,8,郝昭3D头像框,,,?,,,,0,,,,群,四星
103018,103018,100,2,3,900,900,900,900,900,9,9,9,9,9,200108,0,0,0,0,7025,0,0,0,0,0,0,0,0,0,0,0,0,0,5,3,0,1,0,0,0,0,0,0,2,8,刘备3D头像框,,,?,,,,0,,,,群,四星
103019,103019,100,2,3,900,900,900,900,900,9,9,9,9,9,200108,0,0,0,0,7026,0,0,0,0,0,0,0,0,0,0,0,0,0,5,3,0,1,0,0,0,0,0,0,2,8,灵帝3D头像框,,,?,,,,0,,,,群,四星
103020,103020,100,2,3,900,900,900,900,900,9,9,9,9,9,200108,0,0,0,0,7027,0,0,0,0,0,0,0,0,0,0,0,0,0,5,3,0,1,0,0,0,0,0,0,2,8,23年癸卯2D春节头像框,,,?,,,,0,,,,群,四星
103021,103021,100,2,3,900,900,900,900,900,9,9,9,9,9,200108,0,0,0,0,7028,0,0,0,0,0,0,0,0,0,0,0,0,0,5,3,0,1,0,0,0,0,0,0,2,8,官渡主题头像框,,,?,,,,0,,,,群,四星
103022,103022,100,2,3,900,900,900,900,900,9,9,9,9,9,200108,0,0,0,0,7029,0,0,0,0,0,0,0,0,0,0,0,0,0,5,3,0,1,0,0,0,0,0,0,2,8,马超3D头像框,,,?,,,,0,,,,群,四星
103023,103023,100,2,3,900,900,900,900,900,9,9,9,9,9,200108,0,0,0,0,7030,0,0,0,0,0,0,0,0,0,0,0,0,0,5,3,0,1,0,0,0,0,0,0,2,8,孙权3D头像框,,,?,,,,0,,,,群,四星
103024,103024,100,2,3,900,900,900,900,900,9,9,9,9,9,200108,0,0,0,0,7031,0,0,0,0,0,0,0,0,0,0,0,0,0,5,3,0,1,0,0,0,0,0,0,2,8,赤壁主题头像框,,,?,,,,0,,,,群,四星
103025,103025,100,2,3,900,900,900,900,900,9,9,9,9,9,200108,0,0,0,0,7148,0,0,0,0,0,0,0,0,0,0,0,0,0,5,3,0,1,0,0,0,0,0,0,2,8,24年甲辰2D春节头像框,,,?,,,,0,,,,群,四星
103026,103026,100,2,3,900,900,900,900,900,9,9,9,9,9,200108,0,0,0,0,7149,0,0,0,0,0,0,0,0,0,0,0,0,0,5,3,0,1,0,0,0,0,0,0,2,8,24年甲辰2D节气头像框,,,?,,,,0,,,,群,四星
103027,103027,100,2,3,900,900,900,900,900,9,9,9,9,9,200108,0,0,0,0,7033,0,0,0,0,0,0,0,0,0,0,0,0,0,5,3,0,1,0,0,0,0,0,0,2,8,汉吕布3D头像框,,,?,,,,0,,,,群,四星
103028,103028,100,2,3,900,900,900,900,900,9,9,9,9,9,200108,0,0,0,0,7034,0,0,0,0,0,0,0,0,0,0,0,0,0,5,3,0,1,0,0,0,0,0,0,2,8,蜀关羽3D头像框,,,?,,,,0,,,,群,四星
103029,103029,100,2,3,900,900,900,900,900,9,9,9,9,9,200108,0,0,0,0,7035,0,0,0,0,0,0,0,0,0,0,0,0,0,5,3,0,1,0,0,0,0,0,0,2,8,魏曹操3D头像框,,,?,,,,0,,,,群,四星
103030,103030,100,2,3,900,900,900,900,900,9,9,9,9,9,200108,0,0,0,0,7036,0,0,0,0,0,0,0,0,0,0,0,0,0,5,3,0,1,0,0,0,0,0,0,2,8,蜀诸葛亮3D头像框,,,?,,,,0,,,,群,四星
103031,103031,100,2,3,900,900,900,900,900,9,9,9,9,9,200108,0,0,0,0,7037,0,0,0,0,0,0,0,0,0,0,0,0,0,5,3,0,1,0,0,0,0,0,0,2,8,汉董卓3D头像框,,,?,,,,0,,,,群,四星
103032,103032,100,2,3,900,900,900,900,900,9,9,9,9,9,200108,0,0,0,0,7038,0,0,0,0,0,0,0,0,0,0,0,0,0,5,3,0,1,0,0,0,0,0,0,2,8,吴陆逊3D头像框,,,?,,,,0,,,,群,四星
103033,103033,100,2,3,900,900,900,900,900,9,9,9,9,9,200108,0,0,0,0,7168,0,0,0,0,0,0,0,0,0,0,0,0,0,5,3,0,1,0,0,0,0,0,0,2,8,夷陵主题头像框,,,?,,,,0,,,,群,四星
103034,103034,100,2,3,900,900,900,900,900,9,9,9,9,9,200108,0,0,0,0,7180,0,0,0,0,0,0,0,0,0,0,0,0,0,5,3,0,1,0,0,0,0,0,0,2,8,桃源军主题头像框,,,?,,,,0,,,,群,四星
103035,103035,100,2,3,900,900,900,900,900,9,9,9,9,9,200108,0,0,0,0,7182,0,0,0,0,0,0,0,0,0,0,0,0,0,5,3,0,1,0,0,0,0,0,0,2,8,蜀赵云3D头像框,,,?,,,,0,,,,群,四星
103036,103036,100,2,3,900,900,900,900,900,9,9,9,9,9,200108,0,0,0,0,7185,0,0,0,0,0,0,0,0,0,0,0,0,0,5,3,0,1,0,0,0,0,0,0,2,8,汉张机3D头像框,,,?,,,,0,,,,群,四星
103037,103037,100,2,3,900,900,900,900,900,9,9,9,9,9,200108,0,0,0,0,7187,0,0,0,0,0,0,0,0,0,0,0,0,0,5,3,0,1,0,0,0,0,0,0,2,8,建安主题头像框,,,?,,,,0,,,,群,四星
103038,103038,100,2,3,900,900,900,900,900,9,9,9,9,9,200108,0,0,0,0,7188,0,0,0,0,0,0,0,0,0,0,0,0,0,5,3,0,1,0,0,0,0,0,0,2,8,25年乙巳2D春节头像框,,,?,,,,0,,,,群,四星
103039,103039,100,2,3,900,900,900,900,900,9,9,9,9,9,200108,0,0,0,0,7189,0,0,0,0,0,0,0,0,0,0,0,0,0,5,3,0,1,0,0,0,0,0,0,2,8,群甄洛3D头像框,,,?,,,,0,,,,群,四星
103040,103040,100,2,3,900,900,900,900,900,9,9,9,9,9,200108,0,0,0,0,7197,0,0,0,0,0,0,0,0,0,0,0,0,0,5,3,0,1,0,0,0,0,0,0,2,8,蜀徐庶3D头像框,,,?,,,,0,,,,群,四星
103041,103041,100,2,3,900,900,900,900,900,9,9,9,9,9,200108,0,0,0,0,7204,0,0,0,0,0,0,0,0,0,0,0,0,0,5,3,0,1,0,0,0,0,0,0,2,8,魏荀彧3D头像框,,,?,,,,0,,,,群,四星
103042,103042,100,2,3,900,900,900,900,900,9,9,9,9,9,200108,0,0,0,0,7206,0,0,0,0,0,0,0,0,0,0,0,0,0,5,3,0,1,0,0,0,0,0,0,2,8,北伐主题头像框,,,?,,,,0,,,,群,四星
103043,103043,100,2,3,900,900,900,900,900,9,9,9,9,9,200108,0,0,0,0,7208,0,0,0,0,0,0,0,0,0,0,0,0,0,5,3,0,1,0,0,0,0,0,0,2,8,汉皇甫嵩3D头像框,,,?,,,,0,,,,群,四星
103044,103044,100,2,3,900,900,900,900,900,9,9,9,9,9,200108,0,0,0,0,7209,0,0,0,0,0,0,0,0,0,0,0,0,0,5,3,0,1,0,0,0,0,0,0,2,8,25年乙巳2D节气头像框,,,?,,,,0,,,,群,四星
103045,103045,100,2,3,900,900,900,900,900,9,9,9,9,9,200108,0,0,0,0,7228,0,0,0,0,0,0,0,0,0,0,0,0,0,5,3,0,1,0,0,0,0,0,0,2,8,蜀马岱3D头像框,,,?,,,,0,,,,群,四星
103046,103046,100,2,3,900,900,900,900,900,9,9,9,9,9,200108,0,0,0,0,7229,0,0,0,0,0,0,0,0,0,0,0,0,0,5,3,0,1,0,0,0,0,0,0,2,8,狼人联动2D头像框,,,?,,,,0,,,,群,四星
103047,103047,100,2,3,900,900,900,900,900,9,9,9,9,9,200108,0,0,0,0,7230,0,0,0,0,0,0,0,0,0,0,0,0,0,5,3,0,1,0,0,0,0,0,0,2,8,默认2D动态头像框,,,?,,,,0,,,,群,四星
103048,103048,100,2,3,900,900,900,900,900,9,9,9,9,9,200108,0,0,0,0,7233,0,0,0,0,0,0,0,0,0,0,0,0,0,5,3,0,1,0,0,0,0,0,0,2,8,吴甘宁3D头像框,,,?,,,,0,,,,群,四星
103049,103049,100,2,3,900,900,900,900,900,9,9,9,9,9,200108,0,0,0,0,7234,0,0,0,0,0,0,0,0,0,0,0,0,0,5,3,0,1,0,0,0,0,0,0,2,8,故宫2D头像框,,,?,,,,0,,,,群,四星
103050,103050,100,2,3,900,900,900,900,900,9,9,9,9,9,200108,0,0,0,0,7236,0,0,0,0,0,0,0,0,0,0,0,0,0,5,3,0,1,0,0,0,0,0,0,2,8,三国的星空联动2D头像框,,,?,,,,0,,,,群,四星
103051,103051,100,2,3,900,900,900,900,900,9,9,9,9,9,200108,0,0,0,0,7237,0,0,0,0,0,0,0,0,0,0,0,0,0,5,3,0,1,0,0,0,0,0,0,2,8,吴周泰3D头像框,,,?,,,,0,,,,群,四星
103052,103052,100,2,3,900,900,900,900,900,9,9,9,9,9,200108,0,0,0,0,7028,0,0,0,0,0,0,0,0,0,0,0,0,0,5,3,0,1,0,0,0,0,0,0,2,8,加强官渡主题头像框,,,?,,,,0,,,,群,四星
103053,103053,100,2,3,900,900,900,900,900,9,9,9,9,9,200108,0,0,0,0,7239,0,0,0,0,0,0,0,0,0,0,0,0,0,5,3,0,1,0,0,0,0,0,0,2,8,群貂蝉3D头像框,,,?,,,,0,,,,群,四星
103054,103054,100,2,3,900,900,900,900,900,9,9,9,9,9,200108,0,0,0,0,7240,0,0,0,0,0,0,0,0,0,0,0,0,0,5,3,0,1,0,0,0,0,0,0,2,8,群貂蝉3D·摇光头像框,,,?,,,,0,,,,群,四星
103055,103055,100,2,3,900,900,900,900,900,9,9,9,9,9,200108,0,0,0,0,7243,0,0,0,0,0,0,0,0,0,0,0,0,0,5,3,0,1,0,0,0,0,0,0,2,8,蜀刘备3D头像框,,,?,,,,0,,,,群,四星
103056,103056,100,2,3,900,900,900,900,900,9,9,9,9,9,200108,0,0,0,0,7249,0,0,0,0,0,0,0,0,0,0,0,0,0,5,3,0,1,0,0,0,0,0,0,2,8,魏贾诩3D头像框,,,?,,,,0,,,,群,四星
103057,103057,100,2,3,900,900,900,900,900,9,9,9,9,9,200108,0,0,0,0,7250,0,0,0,0,0,0,0,0,0,0,0,0,0,5,3,0,1,0,0,0,0,0,0,2,8,吴大乔3D头像框,,,?,,,,0,,,,群,四星
103058,103058,100,2,3,900,900,900,900,900,9,9,9,9,9,200108,0,0,0,0,7247,0,0,0,0,0,0,0,0,0,0,0,0,0,5,3,0,1,0,0,0,0,0,0,2,8,吴大乔3D·摇光头像框,,,?,,,,0,,,,群,四星
103059,103059,100,2,3,900,900,900,900,900,9,9,9,9,9,200108,0,0,0,0,7251,0,0,0,0,0,0,0,0,0,0,0,0,0,5,3,0,1,0,0,0,0,0,0,2,8,26年丙午2D春节头像框,,,?,,,,0,,,,群,四星
103060,103060,100,2,3,900,900,900,900,900,9,9,9,9,9,200108,0,0,0,0,7253,0,0,0,0,0,0,0,0,0,0,0,0,0,5,4,0,1,0,0,0,0,0,0,2,8,兔年春节动态画像头像框,,,?,,,,0,,,,群,五星
103061,103061,100,2,3,900,900,900,900,900,9,9,9,9,9,200108,0,0,0,0,7254,0,0,0,0,0,0,0,0,0,0,0,0,0,5,4,0,1,0,0,0,0,0,0,2,8,龙年春节动态画像头像框,,,?,,,,0,,,,群,五星
103062,103062,100,2,3,900,900,900,900,900,9,9,9,9,9,200108,0,0,0,0,7255,0,0,0,0,0,0,0,0,0,0,0,0,0,5,4,0,1,0,0,0,0,0,0,2,8,蛇年春节动态画像头像框,,,?,,,,0,,,,群,五星
103063,103063,100,2,3,900,900,900,900,900,9,9,9,9,9,200108,0,0,0,0,7257,0,0,0,0,0,0,0,0,0,0,0,0,0,5,4,0,1,0,0,0,0,0,0,2,8,镖人联动头像框,,,?,,,,0,,,,群,五星
103064,103064,100,2,3,900,900,900,900,900,9,9,9,9,9,200108,0,0,0,0,7258,0,0,0,0,0,0,0,0,0,0,0,0,0,5,4,0,1,0,0,0,0,0,0,2,8,瀚漠飞天（男女）头像框,,,?,,,,0,,,,群,五星
103065,103065,100,2,3,900,900,900,900,900,9,9,9,9,9,200108,0,0,0,0,7250,0,0,0,0,0,0,0,0,0,0,0,0,0,5,3,0,1,0,0,0,0,0,0,2,8,吴孙权3D头像框,,,?,,,,0,,,,群,四星
103066,103066,100,2,3,900,900,900,900,900,9,9,9,9,9,200108,0,0,0,0,7250,0,0,0,0,0,0,0,0,0,0,0,0,0,5,3,0,1,0,0,0,0,0,0,2,8,魏乐进3D头像框,,,?,,,,0,,,,群,四星
103067,103067,100,2,3,900,900,900,900,900,9,9,9,9,9,200108,0,0,0,0,7262,0,0,0,0,0,0,0,0,0,0,0,0,0,5,3,0,1,0,0,0,0,0,0,2,8,群吕布3D头像框,,,?,,,,0,,,,群,四星
103068,103068,100,2,3,900,900,900,900,900,9,9,9,9,9,200108,0,0,0,0,7258,0,0,0,0,0,0,0,0,0,0,0,0,0,5,4,0,1,0,0,0,0,0,0,2,8,方块吕布头像框,,,?,,,,0,,,,群,五星
103069,103069,100,2,3,900,900,900,900,900,9,9,9,9,9,200108,0,0,0,0,7267,0,0,0,0,0,0,0,0,0,0,0,0,0,5,3,0,1,0,0,0,0,0,0,2,8,26年丙午2D节气头像框,,,?,,,,0,,,,群,四星
103070,103070,100,2,3,900,900,900,900,900,9,9,9,9,9,200108,0,0,0,0,7268,0,0,0,0,0,0,0,0,0,0,0,0,0,5,3,0,1,0,0,0,0,0,0,2,8,魏曹纯3D头像框,,,?,,,,0,,,,群,四星
106001,106001,200,0,3,0,0,0,0,0,0,0,0,0,0,280013,0,106001,0,4,0,0,0,0,0,0,0,0,0,1,0,0,0,0,0,4,0,1,1,1,0,0,0,0,0,11,陈寿·出师·持重,,令武将的统率值提升~0.5~，并提升一定的属性，不同武将有所不同\n$$$令武将的统率值提升~0.5~，并提升一定的属性，不同武将有所不同,?,,,,0,,,,无势力,五星
106002,106002,200,0,3,0,0,0,0,0,0,0,0,0,0,280012,0,106001,0,4,0,0,0,0,0,0,0,0,0,2,0,0,0,0,0,4,0,1,1,1,0,0,0,0,0,11,陈寿·出师·争先,,令武将的统率值降低~0.5~\n$$$令武将的统率值降低~0.5~,?,,,,0,,,,无势力,五星
106003,106003,200,0,3,0,0,0,0,0,0,0,0,0,0,280011,0,106003,0,4,0,0,0,0,0,0,0,0,0,3,0,0,0,0,0,4,0,1,1,1,0,0,0,0,0,11,陈寿·纵横,,令武将改为享受特定阵营的战斗、政策加成\n$$$令武将改为享受特定阵营的战斗、政策加成,?,,,,0,,,,无势力,五星
106004,106004,200,0,3,0,0,0,0,0,0,0,0,0,0,280006,0,106004,0,4,0,0,0,0,0,0,0,0,0,4,0,0,0,0,0,4,0,1,1,1,0,0,0,0,0,11,陈寿·精进·攻,,提升武将~5%~的攻击属性\n$$$提升武将~4%-10%~的攻击属性,?,,,,0,,,,无势力,五星
106005,106005,200,0,3,0,0,0,0,0,0,0,0,0,0,280014,0,106005,0,4,0,0,0,0,0,0,0,0,0,13,0,0,0,0,0,4,0,1,1,1,0,0,0,0,0,11,陈寿·砥砺,,提升武将总计~6-12~点属性，随机分配到攻击、防御、谋略、速度\n$$$提升武将总计~6-12~点属性，随机分配到攻击、防御、谋略、速度,?,,,,0,,,,无势力,五星
106006,106006,200,0,3,0,0,0,0,0,0,0,0,0,0,280010,0,106006,0,4,0,0,0,0,0,0,0,0,0,12,0,0,0,0,0,4,0,1,1,1,0,0,0,0,0,11,陈寿·敏学,,提升武将星级至五星，并随机大幅提升属性，有概率进阶高级兵种\n$$$提升武将星级至五星，并随机大幅提升属性，有概率进阶高级兵种,?,,,,0,,,,无势力,五星
106007,106007,200,0,3,0,0,0,0,0,0,0,0,0,0,280002,0,106007,0,4,0,0,0,0,0,0,0,0,0,8,0,0,0,0,0,4,0,1,1,1,0,0,0,0,0,11,陈寿·昂扬·攻,,战斗开始后，武将造成的攻击伤害提升~5%~\n$$$战斗开始后，武将造成的攻击伤害提升~4%-10%~,?,,,,0,,,,无势力,五星
106008,106008,200,0,3,0,0,0,0,0,0,0,0,0,0,280003,0,106007,0,4,0,0,0,0,0,0,0,0,0,9,0,0,0,0,0,4,0,1,1,1,0,0,0,0,0,11,陈寿·昂扬·谋,,战斗开始后，武将造成的策略伤害提升~5%~\n$$$战斗开始后，武将造成的策略伤害提升~4%-10%~,?,,,,0,,,,无势力,五星
106009,106009,200,0,3,0,0,0,0,0,0,0,0,0,0,280004,0,106007,0,4,0,0,0,0,0,0,0,0,0,10,0,0,0,0,0,4,0,1,1,1,0,0,0,0,0,11,陈寿·审慎·攻,,战斗开始后，武将受到的攻击伤害降低~5%~\n$$$战斗开始后，武将受到的攻击伤害降低~4%-10%~,?,,,,0,,,,无势力,五星
106010,106010,200,0,3,0,0,0,0,0,0,0,0,0,0,280005,0,106007,0,4,0,0,0,0,0,0,0,0,0,11,0,0,0,0,0,4,0,1,1,1,0,0,0,0,0,11,陈寿·审慎·谋,,战斗开始后，武将受到的策略伤害降低~5%~\n$$$战斗开始后，武将受到的策略伤害降低~4%-10%~,?,,,,0,,,,无势力,五星
106011,106011,200,0,3,0,0,0,0,0,0,0,0,0,0,280007,0,106004,0,4,0,0,0,0,0,0,0,0,0,5,0,0,0,0,0,4,0,1,1,1,0,0,0,0,0,11,陈寿·精进·防,,提升武将~5%~的防御属性\n$$$提升武将~4%-10%~的防御属性,?,,,,0,,,,无势力,五星
106012,106012,200,0,3,0,0,0,0,0,0,0,0,0,0,280008,0,106004,0,4,0,0,0,0,0,0,0,0,0,6,0,0,0,0,0,4,0,1,1,1,0,0,0,0,0,11,陈寿·精进·谋,,提升武将~5%~的谋略属性\n$$$提升武将~4%-10%~的谋略属性,?,,,,0,,,,无势力,五星
106013,106013,200,0,3,0,0,0,0,0,0,0,0,0,0,280009,0,106004,0,4,0,0,0,0,0,0,0,0,0,7,0,0,0,0,0,4,0,1,1,1,0,0,0,0,0,11,陈寿·精进·速,,提升武将~5%~的速度属性\n$$$提升武将~4%-10%~的速度属性,?,,,,0,,,,无势力,五星
106014,106014,200,0,3,0,0,0,0,0,0,0,0,0,0,280016,0,106015,0,4,0,0,0,0,0,0,0,0,0,7,0,0,0,0,0,4,0,1,1,1,0,0,0,0,,11,陈寿·征募·速,,自身征兵所需时间降低~5%~\n$$$自身征兵所需时间降低~5%~,?,,,,0,,,,无势力,五星
106015,106015,200,0,3,0,0,0,0,0,0,0,0,0,0,280015,0,106015,0,4,0,0,0,0,0,0,0,0,0,7,0,0,0,0,0,4,0,1,1,1,0,0,0,0,,11,陈寿·征募·俭,,自身征兵资源消耗降低~5%~\n$$$自身征兵资源消耗降低~5%~,?,,,,0,,,,无势力,五星
106016,106016,200,0,3,0,0,0,0,0,0,0,0,0,0,280017,0,106016,0,4,0,0,0,0,0,0,0,0,0,7,0,0,0,0,0,4,0,1,1,1,0,0,0,0,,11,陈寿·长驱,,自身行军速度提升~10~\n$$$自身行军速度提升~10~,?,,,,0,,,,无势力,五星
106017,106017,200,0,3,0,0,0,0,0,0,0,0,0,0,280018,0,106017,0,4,0,0,0,0,0,0,0,0,0,7,0,0,0,0,0,4,0,1,1,1,0,0,0,0,,11,陈寿·拔城,,自身的攻城属性提升~8~\n$$$自身的攻城属性提升~8~,?,,,,0,,,,无势力,五星
110013,110013,200,3,3,0,0,0,0,0,0,0,0,0,0,200184,100013,100013,0,2,0,0,0,0,0,0,0,0,850,0,0,0,0,0,5,4,0,1,0,1,0,0,0,0,3,5,群·马超·骑,,·可解锁@【群·马超·骑】@武将卡的征服限定画像\n·可在对应武将卡的外观界面更换画像\n·获得画像后，若暂无对应武将卡，将在拥有武将卡后即刻解锁对应画像,?,,,,10001301,,,,群,五星
110016,110016,200,2,3,0,0,0,0,0,0,0,0,0,0,200184,100016,110227,0,2,0,0,0,0,0,0,0,0,850,0,0,0,0,0,3,4,0,1,0,1,0,0,0,0,2,5,蜀·刘备·步,,·可解锁@【蜀·刘备·步】@武将卡的征服限定画像\n·可在对应武将卡的外观界面更换画像\n·获得画像后，若暂无对应武将卡，将在拥有武将卡后即刻解锁对应画像,?,,,,11022701,,,,蜀,五星
110023,110023,200,3,3,0,0,0,0,0,0,0,0,0,0,200184,100023,110228,0,2,0,0,0,0,0,0,0,0,850,0,0,0,0,0,2,4,0,1,0,1,0,0,0,0,3,5,魏·曹操·骑,,·可解锁@【魏·曹操·骑】@武将卡的征服限定画像\n·可在对应武将卡的外观界面更换画像\n·获得画像后，若暂无对应武将卡，将在拥有武将卡后即刻解锁对应画像,?,,,,11022801,,,,魏,五星
110030,110030,200,1,3,0,0,0,0,0,0,0,0,0,0,200184,100030,110229,0,2,0,0,0,0,0,0,0,0,850,0,0,0,0,0,4,4,0,1,0,1,0,0,0,0,1,5,吴·孙权·弓,,·可解锁@【吴·孙权·弓】@武将卡的征服限定画像\n·可在对应武将卡的外观界面更换画像\n·获得画像后，若暂无对应武将卡，将在拥有武将卡后即刻解锁对应画像,?,,,,11022901,,,,吴,五星
110031,110031,200,3,3,0,0,0,0,0,0,0,0,0,0,200184,100072,0,0,0,0,0,0,0,0,0,0,0,900,0,0,0,0,0,3,4,0,1,0,1,1,0,0,0,3,5,凤鸾刀舞,,·可解锁@【蜀·关银屏·步】@武将卡的@凤鸾刀舞@画像\n·可在对应武将卡的外观界面更换画像\n·获得画像后，若暂无对应武将卡，将在拥有武将卡后即刻解锁对应画像\n·获得画像后，即刻解锁@凤鸾刀舞@专属头像及头像框，可在内政界面使用\n·获得画像后，即刻解锁@凤鸾刀舞@登录主题，可在登录界面设置,?,,,,11003101,,,,蜀,五星
110101,110101,200,3,3,0,0,0,0,0,0,0,0,0,0,200184,100035,0,0,0,1,0,0,0,0,0,0,0,500,0,0,0,0,0,4,4,0,1,0,1,0,0,0,0,3,5,西望荆襄,,·可解锁@【吴·吕蒙·弓】@武将卡的@西望荆襄@画像\n·可在对应武将卡的外观界面更换画像\n·获得画像后，若暂无对应武将卡，将在拥有武将卡后即刻解锁对应画像,?,,,,11010101,,,,吴,五星
110102,110102,200,3,3,0,0,0,0,0,0,0,0,0,0,200184,100024,0,0,0,1,0,0,0,0,0,0,0,500,0,0,0,0,0,2,4,0,1,0,1,0,0,0,0,3,5,计守三城,,·可解锁@【魏·荀彧·骑】@武将卡的@计守三城@画像\n·可在对应武将卡的外观界面更换画像\n·获得画像后，若暂无对应武将卡，将在拥有武将卡后即刻解锁对应画像,?,,,,11010201,,,,魏,五星
110103,110103,200,3,3,0,0,0,0,0,0,0,0,0,0,200184,100582,0,0,0,1,0,0,0,0,0,0,0,500,0,0,0,0,0,3,4,0,1,0,1,0,0,0,0,3,5,奇画策算,,·可解锁@【蜀·法正·骑】@武将卡的@奇画策算@画像\n·可在对应武将卡的外观界面更换画像\n·获得画像后，若暂无对应武将卡，将在拥有武将卡后即刻解锁对应画像,?,,,,11010301,,,,蜀,五星
110104,110104,200,3,3,0,0,0,0,0,0,0,0,0,0,200184,100015,0,0,0,1,0,0,0,0,0,0,0,500,0,0,0,0,0,5,4,0,1,0,1,0,0,0,0,3,5,洛神醉卧,,·可解锁@【群·甄洛·弓】、【群·甄洛·弓·SP】@武将卡的@洛神醉卧@画像\n·可在对应武将卡的外观界面更换画像\n·获得画像后，若暂无对应武将卡，将在拥有武将卡后即刻解锁对应画像,?,,,,11010401,,,,群,五星
110105,110105,200,3,3,0,0,0,0,0,0,0,0,0,0,200184,100005,0,0,0,1,0,0,0,0,0,0,0,500,0,0,0,0,0,1,4,0,1,0,1,0,0,0,0,3,5,献舞连环,,·可解锁@【汉·貂蝉·弓】@武将卡的@献舞连环@画像\n·可在对应武将卡的外观界面更换画像\n·获得画像后，若暂无对应武将卡，将在拥有武将卡后即刻解锁对应画像,?,,,,11010501,,,,汉,五星
110106,110106,200,3,3,0,0,0,0,0,0,0,0,0,0,200184,100021,0,0,0,1,0,0,0,0,0,0,0,500,0,0,0,0,0,3,4,0,1,0,1,0,0,0,0,3,5,长坂陷阵,,·可解锁@【蜀·赵云·步】、【蜀·赵云·步·SP】@武将卡的@长坂陷阵@画像\n·可在对应武将卡的外观界面更换画像\n·获得画像后，若暂无对应武将卡，将在拥有武将卡后即刻解锁对应画像,?,,,,11010601,,,,蜀,五星
110107,110107,200,3,3,0,0,0,0,0,0,0,0,0,0,200184,100019,0,0,0,1,0,0,0,0,0,0,0,500,0,0,0,0,0,3,4,0,1,0,1,0,0,0,0,3,5,红颜银枪,,·可解锁@【蜀·马云禄·骑】@武将卡的@红颜银枪@画像\n·可在对应武将卡的外观界面更换画像\n·获得画像后，若暂无对应武将卡，将在拥有武将卡后即刻解锁对应画像,?,,,,11010701,,,,蜀,五星
110108,110108,200,3,3,0,0,0,0,0,0,0,0,0,0,200184,100017,0,0,0,1,0,0,0,0,0,0,0,500,0,0,0,0,0,3,4,0,1,0,1,0,0,0,0,3,5,赤壁祭风,,·可解锁@【蜀·诸葛亮·步】@武将卡的@赤壁祭风@画像\n·可在对应武将卡的外观界面更换画像\n·获得画像后，若暂无对应武将卡，将在拥有武将卡后即刻解锁对应画像,?,,,,11010801,,,,蜀,五星
110109,110109,200,3,3,0,0,0,0,0,0,0,0,0,0,200184,100020,0,0,0,1,0,0,0,0,0,0,0,500,0,0,0,0,0,3,4,0,1,0,1,0,0,0,0,3,5,碧纱待月,,·可解锁@【蜀·黄月英·步】@武将卡的@碧纱待月@画像\n·可在对应武将卡的外观界面更换画像\n·获得画像后，若暂无对应武将卡，将在拥有武将卡后即刻解锁对应画像,?,,,,11010901,,,,蜀,五星
110110,110110,200,3,3,0,0,0,0,0,0,0,0,0,0,200184,100090,0,0,0,1,0,0,0,0,0,0,0,500,0,0,0,0,0,4,4,0,1,0,1,0,0,0,0,3,5,信义笃烈,,·可解锁@【吴·太史慈·弓】@武将卡的@信义笃烈@画像\n·可在对应武将卡的外观界面更换画像\n·获得画像后，若暂无对应武将卡，将在拥有武将卡后即刻解锁对应画像,?,,,,11011001,,,,吴,五星
110111,110111,200,3,3,0,0,0,0,0,0,0,0,0,0,200184,100003,0,0,0,1,0,0,0,0,0,0,0,500,0,0,0,0,0,1,4,0,1,0,1,0,0,0,0,3,5,无双飞将,,·可解锁@【汉·吕布·骑】@武将卡的@无双飞将@画像\n·可在对应武将卡的外观界面更换画像\n·获得画像后，若暂无对应武将卡，将在拥有武将卡后即刻解锁对应画像,?,,,,11011101,,,,汉,五星
110112,110112,200,3,3,0,0,0,0,0,0,0,0,0,0,200184,100337,0,0,0,1,0,0,0,0,0,0,0,500,0,0,0,0,0,5,4,0,1,0,1,0,0,0,0,3,5,凤仪施计,,·可解锁@【群·貂蝉·步】@武将卡的@凤仪施计@画像\n·可在对应武将卡的外观界面更换画像\n·获得画像后，若暂无对应武将卡，将在拥有武将卡后即刻解锁对应画像,?,,,,11011201,,,,群,五星
110113,110113,200,3,3,0,0,0,0,0,0,0,0,0,0,200184,100472,0,0,0,1,0,0,0,0,0,0,0,500,0,0,0,0,0,2,4,0,1,0,1,0,0,0,0,3,5,辅王平乱,,·可解锁@【魏·司马懿·步】@武将卡的@辅王平乱@画像\n·可在对应武将卡的外观界面更换画像\n·获得画像后，若暂无对应武将卡，将在拥有武将卡后即刻解锁对应画像,?,,,,11011301,,,,魏,五星
110114,110114,200,3,3,0,0,0,0,0,0,0,0,0,0,200184,100029,0,0,0,1,0,0,0,0,0,0,0,500,0,0,0,0,0,2,4,0,1,0,1,0,0,0,0,3,5,宣穆阅礼,,·可解锁@【魏·张春华·弓】@武将卡的@宣穆阅礼@画像\n·可在对应武将卡的外观界面更换画像\n·获得画像后，若暂无对应武将卡，将在拥有武将卡后即刻解锁对应画像,?,,,,11011401,,,,魏,五星
110115,110115,200,3,3,0,0,0,0,0,0,0,0,0,0,200184,100031,0,0,0,0,0,0,0,0,0,0,0,900,0,0,0,0,0,4,4,0,1,0,1,1,0,0,0,3,5,烈火张天,,·可解锁@【吴·周瑜·弓】@武将卡的@烈火张天@画像\n·可在对应武将卡的外观界面更换画像\n·获得画像后，若暂无对应武将卡，将在拥有武将卡后即刻解锁对应画像\n·获得画像后，即刻解锁@烈火张天@专属头像及头像框，可在内政界面使用\n·获得画像后，即刻解锁@烈火张天@登录主题，可在登录界面设置,?,,,,11011501,,,,吴,五星
110116,110116,200,3,3,0,0,0,0,0,0,0,0,0,0,200184,100496,0,0,3,1,0,0,0,0,0,0,0,500,0,0,0,0,0,3,4,0,1,0,1,0,0,0,0,3,5,草船借箭,,·可解锁@【蜀·诸葛亮·弓】@武将卡的@草船借箭@画像\n·可在对应武将卡的外观界面更换画像\n·获得画像后，若暂无对应武将卡，将在拥有武将卡后即刻解锁对应画像,?,,,,11011601,,,,蜀,五星
110117,110117,200,3,3,0,0,0,0,0,0,0,0,0,0,200184,100424,0,0,0,1,0,0,0,0,0,0,0,500,0,0,0,0,0,4,4,0,1,0,1,0,0,0,0,3,5,并沐秋枫,,·可解锁@【吴·小乔&大乔·步】@武将卡的@并沐秋枫@画像\n·可在对应武将卡的外观界面更换画像\n·获得画像后，若暂无对应武将卡，将在拥有武将卡后即刻解锁对应画像,?,,,,"11011701,11011702",,,,吴,五星
110118,110118,200,3,3,0,0,0,0,0,0,0,0,0,0,200184,100028,0,0,0,1,0,0,0,0,0,0,0,500,0,0,0,0,0,2,4,0,1,0,1,0,0,0,0,3,5,怀贞秉节,,·可解锁@【魏·王异·弓】@武将卡的@怀贞秉节@画像\n·可在对应武将卡的外观界面更换画像\n·获得画像后，若暂无对应武将卡，将在拥有武将卡后即刻解锁对应画像,?,,,,11011801,,,,魏,五星
110119,110119,200,3,3,0,0,0,0,0,0,0,0,0,0,200184,100574,0,0,0,1,0,0,0,0,0,0,0,500,0,0,0,0,0,4,4,0,1,0,1,0,0,0,0,3,5,贞亮筹干,,·可解锁@【吴·陆抗·步】@武将卡的@贞亮筹干@画像\n·可在对应武将卡的外观界面更换画像\n·获得画像后，若暂无对应武将卡，将在拥有武将卡后即刻解锁对应画像,?,,,,11011901,,,,吴,五星
110120,110120,200,3,3,0,0,0,0,0,0,0,0,0,0,200184,100443,0,0,0,1,0,0,0,0,0,0,0,500,0,0,0,0,0,5,4,0,1,0,1,0,0,0,0,3,5,抚剑顾眄,,·可解锁@【群·陈宫·弓】@武将卡的@抚剑顾眄@画像\n·可在对应武将卡的外观界面更换画像\n·获得画像后，若暂无对应武将卡，将在拥有武将卡后即刻解锁对应画像,?,,,,11012001,,,,群,五星
110121,110121,200,3,3,0,0,0,0,0,0,0,0,0,0,200184,100037,0,0,0,1,0,0,0,0,0,0,0,600,0,0,0,0,0,1,4,0,1,0,1,0,0,0,0,3,5,深宫灵思,,·可解锁@【汉·何太后·弓】@武将卡的@深宫灵思@画像\n·可在对应武将卡的外观界面更换画像\n·获得画像后，若暂无对应武将卡，将在拥有武将卡后即刻解锁对应画像,?,,,,11012101,,,,汉,五星
110122,110122,200,3,3,0,0,0,0,0,0,0,0,0,0,200184,100475,0,0,0,1,0,0,0,0,0,0,0,500,0,0,0,0,0,2,4,0,1,0,1,0,0,0,0,3,5,城固若心,,·可解锁@【魏·郝昭·步】@武将卡的@城固若心@画像\n·可在对应武将卡的外观界面更换画像\n·获得画像后，若暂无对应武将卡，将在拥有武将卡后即刻解锁对应画像,?,,,,11012201,,,,魏,五星
110123,110123,200,3,3,0,0,0,0,0,0,0,0,0,0,200184,100011,0,0,0,1,0,0,0,0,0,0,0,500,0,0,0,0,0,5,4,0,1,0,1,0,0,0,0,3,5,良策攻心,,·可解锁@【群·贾诩·步】@武将卡的@良策攻心@画像\n·可在对应武将卡的外观界面更换画像\n·获得画像后，若暂无对应武将卡，将在拥有武将卡后即刻解锁对应画像,?,,,,11012301,,,,群,五星
110124,110124,200,3,3,0,0,0,0,0,0,0,0,0,0,200184,100074,0,0,0,1,0,0,0,0,0,0,0,500,0,0,0,0,0,3,4,0,1,0,1,0,0,0,0,3,5,投节如归,,·可解锁@【蜀·姜维·步】、【蜀·姜维·弓·SP】@武将卡的@投节如归@画像\n·可在对应武将卡的外观界面更换画像\n·获得画像后，若暂无对应武将卡，将在拥有武将卡后即刻解锁对应画像,?,,,,11012401,,,,蜀,五星
110125,110125,200,3,3,0,0,0,0,0,0,0,0,0,0,200184,100036,0,0,0,1,0,0,0,0,0,0,0,500,0,0,0,0,0,4,4,0,1,0,1,0,0,0,0,3,5,武姬执金,,·可解锁@【吴·孙尚香·弓】、【蜀·孙尚香·弓·SP】@武将卡的@武姬执金@画像\n·可在对应武将卡的外观界面更换画像\n·获得画像后，若暂无对应武将卡，将在拥有武将卡后即刻解锁对应画像,?,,,,11012501,,,,吴,五星
110126,110126,200,3,3,0,0,0,0,0,0,0,0,0,0,200184,100476,0,0,2,1,0,0,0,0,0,0,0,500,0,0,0,0,0,2,4,0,1,0,1,0,0,0,0,3,5,神鬼莫测,,·可解锁@【魏·郭嘉·骑】@武将卡的@神鬼莫测@画像\n·可在对应武将卡的外观界面更换画像\n·获得画像后，若暂无对应武将卡，将在拥有武将卡后即刻解锁对应画像,?,,,,11012601,,,,魏,五星
110127,110127,200,3,3,0,0,0,0,0,0,0,0,0,0,200184,100473,0,0,0,1,0,0,0,0,0,0,0,500,0,0,0,0,0,2,4,0,1,0,1,0,0,0,0,3,5,虎踞雄威,,·可解锁@【魏·许褚·步】@武将卡的@虎踞雄威@画像\n·可在对应武将卡的外观界面更换画像\n·获得画像后，若暂无对应武将卡，将在拥有武将卡后即刻解锁对应画像,?,,,,11012701,,,,魏,五星
110128,110128,200,3,3,0,0,0,0,0,0,0,0,0,0,200184,100583,0,0,0,1,0,0,0,0,0,0,0,500,0,0,0,0,0,2,4,0,1,0,1,0,0,0,0,3,5,黯羽藏智,,·可解锁@【魏·荀攸·步·SP】@武将卡的@黯羽藏智@画像\n·可在对应武将卡的外观界面更换画像\n·获得画像后，若暂无对应武将卡，将在拥有武将卡后即刻解锁对应画像,?,,,,11012801,,,,魏,五星
110129,110129,200,3,3,0,0,0,0,0,0,0,0,0,0,200184,100020,0,0,0,0,0,0,0,0,0,0,0,900,0,0,0,0,0,3,4,0,1,0,1,1,0,0,0,3,5,兰质蕙心,,·可解锁@【蜀·黄月英·步】@武将卡的@兰质蕙心@画像\n·可在对应武将卡的外观界面更换画像\n·获得画像后，若暂无对应武将卡，将在拥有武将卡后即刻解锁对应画像\n·获得画像后，即刻解锁@兰质蕙心@专属头像及头像框，可在内政界面使用\n·获得画像后，即刻解锁@兰质蕙心@登录主题，可在登录界面设置,?,,,,11012901,,,,蜀,五星
110130,110130,200,3,3,0,0,0,0,0,0,0,0,0,0,200184,100477,0,0,2,1,0,0,0,0,0,0,0,500,0,0,0,0,0,2,4,0,1,0,1,0,0,0,0,3,5,栖凤将鸣,,·可解锁@【蜀·庞统·步】@武将卡的@栖凤将鸣@画像\n·可在对应武将卡的外观界面更换画像\n·获得画像后，若暂无对应武将卡，将在拥有武将卡后即刻解锁对应画像,?,,,,11013001,,,,魏,五星
110131,110131,200,3,3,0,0,0,0,0,0,0,0,0,0,200184,100474,0,0,0,1,0,0,0,0,0,0,0,500,0,0,0,0,0,2,4,0,1,0,1,0,0,0,0,3,5,太平遗魅,,·可解锁@【群·张宁·步】@武将卡的@太平遗魅@画像\n·可在对应武将卡的外观界面更换画像\n·获得画像后，若暂无对应武将卡，将在拥有武将卡后即刻解锁对应画像,?,,,,11013101,,,,魏,五星
110132,110132,200,3,3,0,0,0,0,0,0,0,0,0,0,200184,100442,0,0,0,1,0,0,0,0,0,0,0,500,0,0,0,0,0,2,4,0,1,0,1,0,0,0,0,3,5,雪刃映辉,,·可解锁@【蜀·黄忠·步】@武将卡的@雪刃映辉@画像\n·可在对应武将卡的外观界面更换画像\n·获得画像后，若暂无对应武将卡，将在拥有武将卡后即刻解锁对应画像,?,,,,11013201,,,,魏,五星
110133,110133,200,3,3,0,0,0,0,0,0,0,0,0,0,200184,100526,0,0,0,1,0,0,0,0,0,0,0,500,0,0,0,0,0,2,4,0,1,0,1,0,0,0,0,3,5,止戈济世,,·可解锁@【汉·张机·弓】@武将卡的@止戈济世@画像\n·可在对应武将卡的外观界面更换画像\n·获得画像后，若暂无对应武将卡，将在拥有武将卡后即刻解锁对应画像,?,,,,11013301,,,,魏,五星
110134,110134,200,3,3,0,0,0,0,0,0,0,0,0,0,200184,100033,0,0,0,1,0,0,0,0,0,0,0,500,0,0,0,0,0,4,4,0,1,0,1,0,0,0,0,3,5,虎啸江东,,·可解锁@【吴·孙坚·步】@武将卡的@虎啸江东@画像\n·可在对应武将卡的外观界面更换画像\n·获得画像后，若暂无对应武将卡，将在拥有武将卡后即刻解锁对应画像,?,,,,11013401,,,,吴,五星
110135,110135,200,3,3,0,0,0,0,0,0,0,0,0,0,200184,100494,0,0,0,1,0,0,0,0,0,0,0,500,0,0,0,0,0,5,4,0,1,0,1,0,0,0,0,3,5,骁悍野客,,·可解锁@【群·祝融夫人·骑】@、@【蜀·祝融夫人·骑·SP】@武将卡的@骁悍野客@画像\n·可在对应武将卡的外观界面更换画像\n·获得画像后，若暂无对应武将卡，将在拥有武将卡后即刻解锁对应画像,?,,,,11013501,,,,群,五星
110136,110136,200,3,3,0,0,0,0,0,0,0,0,0,0,200184,100022,0,0,0,1,0,0,0,0,0,0,0,500,0,0,0,0,0,3,4,0,1,0,1,0,0,0,0,3,5,据水断桥,,·可解锁@【蜀·张飞·骑】@武将卡的@据水断桥@画像\n·可在对应武将卡的外观界面更换画像\n·获得画像后，若暂无对应武将卡，将在拥有武将卡后即刻解锁对应画像,?,,,,11013601,,,,蜀,五星
110137,110137,200,3,3,0,0,0,0,0,0,0,0,0,0,200184,100009,0,0,0,1,0,0,0,0,0,0,0,500,0,0,0,0,0,5,4,0,1,0,1,0,0,0,0,3,5,西羌封狼,,·可解锁@【群·董卓·骑】@武将卡的@西羌封狼@画像\n·可在对应武将卡的外观界面更换画像\n·获得画像后，若暂无对应武将卡，将在拥有武将卡后即刻解锁对应画像,?,,,,11013701,,,,群,五星
110138,110138,200,3,3,0,0,0,0,0,0,0,0,0,0,200184,100025,0,0,0,1,0,0,0,0,0,0,0,500,0,0,0,0,0,3,4,0,1,0,1,0,0,0,0,3,5,乾威灵武,,·可解锁@【魏·曹丕·弓】@武将卡的@乾威灵武@画像\n·可在对应武将卡的外观界面更换画像\n·获得画像后，若暂无对应武将卡，将在拥有武将卡后即刻解锁对应画像,?,,,,11013801,,,,蜀,五星
110139,110139,200,3,3,0,0,0,0,0,0,0,0,0,0,200184,100026,0,0,0,1,0,0,0,0,0,0,0,500,0,0,0,0,0,5,4,0,1,0,1,0,0,0,0,3,5,汉寿亭侯,,·可解锁@【魏·关羽·骑】@武将卡的@汉寿亭侯@画像\n·可在对应武将卡的外观界面更换画像\n·获得画像后，若暂无对应武将卡，将在拥有武将卡后即刻解锁对应画像,?,,,,11013901,,,,群,五星
110140,110140,200,3,3,0,0,0,0,0,0,0,0,0,0,200184,100101,0,0,0,1,0,0,0,0,0,0,0,500,0,0,0,0,0,1,4,0,1,0,1,0,0,0,0,3,5,劫制天下,,·可解锁@【汉·灵帝·弓】@武将卡的@劫制天下@画像\n·可在对应武将卡的外观界面更换画像\n·获得画像后，若暂无对应武将卡，将在拥有武将卡后即刻解锁对应画像,?,,,,11014001,,,,汉,五星
110141,110141,200,3,3,0,0,0,0,0,0,0,0,0,0,200184,100498,0,0,3,1,0,0,0,0,0,0,0,500,0,0,0,0,0,2,4,0,1,0,1,0,0,0,0,3,5,虎豹奔袭,,·可解锁@【魏·曹纯·骑】@武将卡的@虎豹奔袭@画像\n·可在对应武将卡的外观界面更换画像\n·获得画像后，若暂无对应武将卡，将在拥有武将卡后即刻解锁对应画像,?,,,,11014101,,,,魏,五星
110142,110142,200,3,3,0,0,0,0,0,0,0,0,0,0,200184,100027,0,0,0,0,0,0,0,0,0,0,0,900,0,0,0,0,0,2,4,0,1,0,1,1,0,0,0,3,5,千军辟易,,·可解锁@【魏·张辽·骑】@武将卡的@千军辟易@画像\n·可在对应武将卡的外观界面更换画像\n·获得画像后，若暂无对应武将卡，将在拥有武将卡后即刻解锁对应画像\n·获得画像后，即刻解锁@千军辟易@专属头像及头像框，可在内政界面使用\n·获得画像后，即刻解锁@千军辟易@登录主题，可在登录界面设置,?,,,,11014201,,,,魏,五星
110143,110143,200,3,3,0,0,0,0,0,0,0,0,0,0,200184,100589,0,0,0,1,0,0,0,0,0,0,0,500,0,0,0,0,0,4,4,0,1,0,1,0,0,0,0,3,5,舍身卫主,,·可解锁@【吴·周泰·步】@武将卡的@舍身卫主@画像\n·可在对应武将卡的外观界面更换画像\n·获得画像后，若暂无对应武将卡，将在拥有武将卡后即刻解锁对应画像,?,,,,11014301,,,,吴,五星
110144,110144,200,3,3,0,0,0,0,0,0,0,0,0,0,200184,100358,0,0,0,1,0,0,0,0,0,0,0,500,0,0,0,0,0,3,4,0,1,0,1,0,0,0,0,3,5,起舞乱英,,·可解锁@【蜀·张姬·弓】@武将卡的@起舞乱英@画像\n·可在对应武将卡的外观界面更换画像\n·获得画像后，若暂无对应武将卡，将在拥有武将卡后即刻解锁对应画像,?,,,,11014401,,,,蜀,五星
110145,110145,200,3,3,0,0,0,0,0,0,0,0,0,0,200184,100435,0,0,0,1,0,0,0,0,0,0,0,500,0,0,0,0,0,2,4,0,1,0,1,0,0,0,0,3,5,追风掣电,,·可解锁@【魏·夏侯渊·骑】、【魏·夏侯渊·骑·SP】@武将卡的@追风掣电@画像\n·可在对应武将卡的外观界面更换画像\n·获得画像后，若暂无对应武将卡，将在拥有武将卡后即刻解锁对应画像,?,,,,11014501,,,,魏,五星
110146,110146,200,3,3,0,0,0,0,0,0,0,0,0,0,200184,100013,0,0,0,1,0,0,0,0,0,0,0,500,0,0,0,0,0,1,4,0,1,0,1,0,0,0,0,3,5,威武并昭,,·可解锁@【群·马超·骑】@武将卡的@威武并昭@画像\n·可在对应武将卡的外观界面更换画像\n·获得画像后，若暂无对应武将卡，将在拥有武将卡后即刻解锁对应画像,?,,,,11014601,,,,汉,五星
110147,110147,200,3,3,0,0,0,0,0,0,0,0,0,0,200184,100437,0,0,2,1,0,0,0,0,0,0,0,500,0,0,0,0,0,3,4,0,1,0,1,0,0,0,0,3,5,谓秀谓英,,·可解锁@【魏·荀彧&荀攸·步】@武将卡的@谓秀谓英@画像\n·可在对应武将卡的外观界面更换画像\n·获得画像后，若暂无对应武将卡，将在拥有武将卡后即刻解锁对应画像,?,,,,"11014701,11014702",,,,蜀,五星
110148,110148,200,3,3,0,0,0,0,0,0,0,0,0,0,200184,100619,0,0,0,1,0,0,0,0,0,0,0,500,0,0,0,0,0,2,4,0,1,0,1,0,0,0,0,3,5,风露寒蝉,,·可解锁@【吴·大乔·步】@武将卡的@风露寒蝉@画像\n·可在对应武将卡的外观界面更换画像\n·获得画像后，若暂无对应武将卡，将在拥有武将卡后即刻解锁对应画像,?,,,,11014801,,,,魏,五星
110149,110149,200,3,3,0,0,0,0,0,0,0,0,0,0,200184,100020,0,0,0,1,0,0,0,0,0,0,0,500,0,0,0,0,0,1,4,0,1,0,1,0,0,0,0,3,5,庭前吟雪,,·可解锁@【蜀·黄月英·步】@武将卡的@庭前吟雪@画像\n·可在对应武将卡的外观界面更换画像\n·获得画像后，若暂无对应武将卡，将在拥有武将卡后即刻解锁对应画像,?,,,,11014901,,,,汉,五星
110150,110150,200,3,3,0,0,0,0,0,0,0,0,0,0,200184,100016,0,0,0,1,0,0,0,0,0,0,0,600,0,0,0,0,0,3,4,0,1,0,1,0,0,0,0,3,5,国泰民安,,·可解锁@【蜀·刘备·步】@武将卡的@国泰民安@画像\n·可在对应武将卡的外观界面更换画像\n·获得画像后，若暂无对应武将卡，将在拥有武将卡后即刻解锁对应画像,?,,,,11015001,,,,蜀,五星
110151,110151,200,3,3,0,0,0,0,0,0,0,0,0,0,200184,100451,0,0,4,1,0,0,0,0,0,0,0,600,0,0,0,0,0,3,4,0,1,0,1,0,0,0,0,3,5,马到成功,,·可解锁@【蜀·关羽·骑】@武将卡的@马到成功@画像\n·可在对应武将卡的外观界面更换画像\n·获得画像后，若暂无对应武将卡，将在拥有武将卡后即刻解锁对应画像,?,,,,11015101,,,,蜀,五星
110152,110152,200,3,3,0,0,0,0,0,0,0,0,0,0,200184,100022,0,0,0,1,0,0,0,0,0,0,0,600,0,0,0,0,0,3,4,0,1,0,1,0,0,0,0,3,5,扛鼎抃牛,,·可解锁@【蜀·张飞·骑】@武将卡的@扛鼎抃牛@画像\n·可在对应武将卡的外观界面更换画像\n·获得画像后，若暂无对应武将卡，将在拥有武将卡后即刻解锁对应画像,?,,,,11015201,,,,蜀,五星
110153,110153,200,3,3,0,0,0,0,0,0,0,0,0,0,200184,100072,0,0,0,1,0,0,0,0,0,0,0,600,0,0,0,0,0,3,4,0,1,0,1,0,0,0,0,3,5,红裳醉人,,·可解锁@【蜀·关银屏·步】@武将卡的@红裳醉人@画像\n·可在对应武将卡的外观界面更换画像\n·获得画像后，若暂无对应武将卡，将在拥有武将卡后即刻解锁对应画像,?,,,,11015301,,,,蜀,五星
110154,110154,200,3,3,0,0,0,0,0,0,0,0,0,0,200184,100653,0,0,4,1,0,0,0,0,0,0,0,600,0,0,0,0,0,3,4,0,1,0,1,0,0,0,0,3,5,双龙戏珠,,·可解锁@【蜀·关兴&张苞·步】@武将卡的@双龙戏珠@画像\n·可在对应武将卡的外观界面更换画像\n·获得画像后，若暂无对应武将卡，将在拥有武将卡后即刻解锁对应画像,?,,,,"11015401,11015402",,,,蜀,五星
110155,110155,200,3,3,0,0,0,0,0,0,0,0,0,0,200184,100034,0,0,0,1,0,0,0,0,0,0,0,500,0,0,0,0,0,4,4,0,1,0,1,0,0,0,0,3,5,挺身陷阵,,·可解锁@【吴·甘宁·步】@武将卡的@挺身陷阵@画像\n·可在对应武将卡的外观界面更换画像\n·获得画像后，若暂无对应武将卡，将在拥有武将卡后即刻解锁对应画像,?,,,,11015501,,,,吴,五星
110156,110156,200,3,3,0,0,0,0,0,0,0,0,0,0,200184,100008,0,0,0,1,0,0,0,0,0,0,0,500,0,0,0,0,0,1,4,0,1,0,1,0,0,0,0,3,5,苍天已死,,·可解锁@【群·张角·骑】、【群·张角·骑·SP】@武将卡的@苍天已死@画像\n·可在对应武将卡的外观界面更换画像\n·获得画像后，若暂无对应武将卡，将在拥有武将卡后即刻解锁对应画像,?,,,,11015601,,,,汉,五星
110157,110157,200,3,3,0,0,0,0,0,0,0,0,0,0,200184,100009,0,0,0,1,0,0,0,0,0,0,0,500,0,0,0,0,0,5,4,0,1,0,1,0,0,0,0,3,5,一雷惊蛰,,·可解锁@【群·董卓·骑】@武将卡的@一雷惊蛰@画像\n·可在对应武将卡的外观界面更换画像\n·获得画像后，若暂无对应武将卡，将在拥有武将卡后即刻解锁对应画像,?,,,,11015701,,,,群,五星
110158,110158,200,3,3,0,0,0,0,0,0,0,0,0,0,200184,100032,0,0,0,1,0,0,0,0,0,0,0,500,0,0,0,0,0,1,4,0,1,0,1,0,0,0,0,3,5,见柳思浓,,·可解锁@【吴·周姬·弓】、【吴·周姬·步·SP】@武将卡的@见柳思浓@画像\n·可在对应武将卡的外观界面更换画像\n·获得画像后，若暂无对应武将卡，将在拥有武将卡后即刻解锁对应画像,?,,,,11015801,,,,汉,五星
110159,110159,200,3,3,0,0,0,0,0,0,0,0,0,0,200184,100035,0,0,0,0,0,0,0,0,0,0,0,900,0,0,0,0,0,1,4,0,1,0,1,1,0,0,0,3,5,白衣破浪,,·可解锁@【吴·吕蒙·弓】@武将卡的@白衣破浪@画像\n·可在对应武将卡的外观界面更换画像\n·获得画像后，若暂无对应武将卡，将在拥有武将卡后即刻解锁对应画像\n·获得画像后，即刻解锁@白衣破浪@专属头像及头像框，可在内政界面使用\n·获得画像后，即刻解锁@白衣破浪@登录主题，可在登录界面设置,?,,,,11015901,,,,汉,五星
110160,110160,200,3,3,0,0,0,0,0,0,0,0,0,0,200184,100630,0,0,4,1,0,0,0,0,0,0,0,500,0,0,0,0,0,1,4,0,1,0,1,0,0,0,0,3,5,攻坚折枯,,·可解锁@【汉·皇甫嵩·步】@武将卡的@攻坚折枯@画像\n·可在对应武将卡的外观界面更换画像\n·获得画像后，若暂无对应武将卡，将在拥有武将卡后即刻解锁对应画像,?,,,,11016001,,,,汉,五星
110161,110161,200,3,3,0,0,0,0,0,0,0,0,0,0,200184,100671,0,0,0,1,0,0,0,0,0,0,0,500,0,0,0,0,0,4,4,0,1,0,1,0,0,0,0,3,5,奋威破浪,,·可解锁@【吴·蒋钦·弓】@武将卡的@奋威破浪@画像\n·可在对应武将卡的外观界面更换画像\n·获得画像后，若暂无对应武将卡，将在拥有武将卡后即刻解锁对应画像,?,,,,11016101,,,,吴,五星
110162,110162,200,3,3,0,0,0,0,0,0,0,0,0,0,200184,100449,0,0,4,1,0,0,0,0,0,0,0,500,0,0,0,0,0,2,4,0,1,0,1,0,0,0,0,3,5,孤月独明,,·可解锁@【魏·夏侯惇·骑】@武将卡的@孤月独明@画像\n·可在对应武将卡的外观界面更换画像\n·获得画像后，若暂无对应武将卡，将在拥有武将卡后即刻解锁对应画像,?,,,,11016201,,,,魏,五星
110163,110163,200,3,3,0,0,0,0,0,0,0,0,0,0,200184,100478,0,0,2,1,0,0,0,0,0,0,0,500,0,0,0,0,0,4,4,0,1,0,1,0,0,0,0,3,5,燕颔书生,,·可解锁@【吴·陆逊·步】@武将卡的@燕颔书生@画像\n·可在对应武将卡的外观界面更换画像\n·获得画像后，若暂无对应武将卡，将在拥有武将卡后即刻解锁对应画像,?,,,,11016301,,,,吴,五星
110164,110164,200,3,3,0,0,0,0,0,0,0,0,0,0,200184,100036,0,0,0,1,0,0,0,0,0,0,0,500,0,0,0,0,0,4,4,0,1,0,1,0,0,0,0,3,5,荷露烹茶,,·可解锁@【吴·孙尚香·弓】、【蜀·孙尚香·弓·SP】@武将卡的@荷露烹茶@画像\n·可在对应武将卡的外观界面更换画像\n·获得画像后，若暂无对应武将卡，将在拥有武将卡后即刻解锁对应画像,?,,,,11016401,,,,吴,五星
110165,110165,200,3,3,0,0,0,0,0,0,0,0,0,0,200184,100029,0,0,0,1,0,0,0,0,0,0,0,500,0,0,0,0,0,2,4,0,1,0,1,0,0,0,0,3,5,柳颦梅笑,,·可解锁@【魏·张春华·弓】@武将卡的@柳颦梅笑@画像\n·可在对应武将卡的外观界面更换画像\n·获得画像后，若暂无对应武将卡，将在拥有武将卡后即刻解锁对应画像,?,,,,11016501,,,,魏,五星
110166,110166,200,3,3,0,0,0,0,0,0,0,0,0,0,200184,100023,0,0,0,0,0,0,0,0,0,0,0,900,0,0,0,0,0,2,4,0,1,0,1,1,0,0,0,3,5,天下归心,,·可解锁@【魏·曹操·骑】@武将卡的@天下归心@画像\n·可在对应武将卡的外观界面更换画像\n·获得画像后，若暂无对应武将卡，将在拥有武将卡后即刻解锁对应画像\n·获得画像后，即刻解锁@天下归心@专属头像及头像框，可在内政界面使用\n·获得画像后，即刻解锁@天下归心@登录主题，可在登录界面设置,?,,,,11016601,,,,魏,五星
110167,110167,200,3,3,0,0,0,0,0,0,0,0,0,0,200184,100027,0,0,0,1,0,0,0,0,0,0,0,500,0,0,0,0,0,2,4,0,1,0,1,0,0,0,0,3,5,古之召虎,,·可解锁@【魏·张辽·骑】@武将卡的@古之召虎@画像\n·可在对应武将卡的外观界面更换画像\n·获得画像后，若暂无对应武将卡，将在拥有武将卡后即刻解锁对应画像,?,,,,11016701,,,,魏,五星
110168,110168,200,3,3,0,0,0,0,0,0,0,0,0,0,200184,100480,0,0,2,1,0,0,0,0,0,0,0,500,0,0,0,0,0,1,4,0,1,0,1,0,0,0,0,3,5,劫夺国柄,,·可解锁@【汉·董卓·步】@武将卡的@劫夺国柄@画像\n·可在对应武将卡的外观界面更换画像\n·获得画像后，若暂无对应武将卡，将在拥有武将卡后即刻解锁对应画像,?,,,,11016801,,,,汉,五星
110169,110169,200,3,3,0,0,0,0,0,0,0,0,0,0,200184,100101,0,0,0,1,0,0,0,0,0,0,0,500,0,0,0,0,0,1,4,0,1,0,1,0,0,0,0,3,5,操权持衡,,·可解锁@【汉·灵帝·弓】@武将卡的@操权持衡@画像\n·可在对应武将卡的外观界面更换画像\n·获得画像后，若暂无对应武将卡，将在拥有武将卡后即刻解锁对应画像,?,,,,11016901,,,,汉,五星
110170,110170,200,3,3,0,0,0,0,0,0,0,0,0,0,200184,100649,0,0,0,1,0,0,0,0,0,0,0,500,0,0,0,0,0,3,4,0,1,0,1,0,0,0,0,3,5,汉中镇远,,·可解锁@【蜀·魏延·步】@武将卡的@汉中镇远@画像\n·可在对应武将卡的外观界面更换画像\n·获得画像后，若暂无对应武将卡，将在拥有武将卡后即刻解锁对应画像,?,,,,11017001,,,,蜀,五星
110171,110171,200,3,3,0,0,0,0,0,0,0,0,0,0,200184,100526,0,0,0,1,0,0,0,0,0,0,0,500,0,0,0,0,0,1,4,0,1,0,1,0,0,0,0,3,5,杏林送暑,,·可解锁@【汉·张机·弓】@武将卡的@杏林送暑@画像\n·可在对应武将卡的外观界面更换画像\n·获得画像后，若暂无对应武将卡，将在拥有武将卡后即刻解锁对应画像,?,,,,11017101,,,,汉,五星
110172,110172,200,3,3,0,0,0,0,0,0,0,0,0,0,200184,100630,0,0,4,1,0,0,0,0,0,0,0,500,0,0,0,0,0,1,4,0,1,0,1,0,0,0,0,3,5,柳营敬秋,,·可解锁@【汉·皇甫嵩·步】@武将卡的@柳营敬秋@画像\n·可在对应武将卡的外观界面更换画像\n·获得画像后，若暂无对应武将卡，将在拥有武将卡后即刻解锁对应画像,?,,,,11017201,,,,汉,五星
110173,110173,200,3,3,0,0,0,0,0,0,0,0,0,0,200184,100033,0,0,0,1,0,0,0,0,0,0,0,600,0,0,0,0,0,4,4,0,1,0,1,0,0,0,0,3,5,八方同庆,,·可解锁@【吴·孙坚·步】@武将卡的@八方同庆@画像\n·可在对应武将卡的外观界面更换画像\n·获得画像后，若暂无对应武将卡，将在拥有武将卡后即刻解锁对应画像,?,,,,11017301,,,,吴,五星
110174,110174,200,3,3,0,0,0,0,0,0,0,0,0,0,200184,100450,0,0,4,1,0,0,0,0,0,0,0,600,0,0,0,0,0,4,4,0,1,0,1,0,0,0,0,3,5,虎威祝酒,,·可解锁@【吴·孙策·骑】@武将卡的@虎威祝酒@画像\n·可在对应武将卡的外观界面更换画像\n·获得画像后，若暂无对应武将卡，将在拥有武将卡后即刻解锁对应画像,?,,,,11017401,,,,吴,五星
110175,110175,200,3,3,0,0,0,0,0,0,0,0,0,0,200184,100030,0,0,0,1,0,0,0,0,0,0,0,600,0,0,0,0,0,4,4,0,1,0,1,0,0,0,0,3,5,四海升平,,·可解锁@【吴·孙权·弓】@武将卡的@四海升平@画像\n·可在对应武将卡的外观界面更换画像\n·获得画像后，若暂无对应武将卡，将在拥有武将卡后即刻解锁对应画像,?,,,,11017501,,,,吴,五星
110176,110176,200,3,3,0,0,0,0,0,0,0,0,0,0,200184,100036,0,0,0,1,0,0,0,0,0,0,0,600,0,0,0,0,0,4,4,0,1,0,1,0,0,0,0,3,5,逸姿华梦,,·可解锁@【吴·孙尚香·弓】、【蜀·孙尚香·弓·SP】@武将卡的@逸姿华梦@画像\n·可在对应武将卡的外观界面更换画像\n·获得画像后，若暂无对应武将卡，将在拥有武将卡后即刻解锁对应画像,?,,,,11017601,,,,吴,五星
110177,110177,200,3,3,0,0,0,0,0,0,0,0,0,0,200184,100688,0,0,0,1,0,0,0,0,0,0,0,0,0,0,0,0,0,5,4,0,1,0,1,0,0,0,0,3,5,新春侍女,,壬寅新春，祝各位主公平安喜乐，福禄长久！,?,,,,10068801,,,,群,五星
110178,110178,200,3,3,0,0,0,0,0,0,0,0,0,0,200184,100688,0,0,0,1,0,0,0,0,0,0,0,0,0,0,0,0,0,5,4,0,1,0,1,0,0,0,0,3,5,新春侍女,,壬寅新春，祝各位主公平安喜乐，福禄长久！,?,,,,10068801,,,,群,五星
110179,110179,200,3,3,0,0,0,0,0,0,0,0,0,0,200184,100688,0,0,0,1,0,0,0,0,0,0,0,0,0,0,0,0,0,5,4,0,1,0,1,0,0,0,0,3,5,新春侍女,,壬寅新春，祝各位主公平安喜乐，福禄长久！,?,,,,10068801,,,,群,五星
110180,110180,200,3,3,0,0,0,0,0,0,0,0,0,0,200184,100688,0,0,0,1,0,0,0,0,0,0,0,0,0,0,0,0,0,5,4,0,1,0,1,0,0,0,0,3,5,新春侍女,,壬寅新春，祝各位主公平安喜乐，福禄长久！,?,,,,10068801,,,,群,五星
110181,110181,200,3,3,0,0,0,0,0,0,0,0,0,0,200184,100688,0,0,0,1,0,0,0,0,0,0,0,0,0,0,0,0,0,5,4,0,1,0,1,0,0,0,0,3,5,新春侍女,,壬寅新春，祝各位主公平安喜乐，福禄长久！,?,,,,10068801,,,,群,五星
110182,110182,200,3,3,0,0,0,0,0,0,0,0,0,0,200184,100688,0,0,0,1,0,0,0,0,0,0,0,0,0,0,0,0,0,5,4,0,1,0,1,0,0,0,0,3,5,新春侍女,,壬寅新春，祝各位主公平安喜乐，福禄长久！,?,,,,10068801,,,,群,五星
110183,110183,200,3,3,0,0,0,0,0,0,0,0,0,0,200184,100688,0,0,0,1,0,0,0,0,0,0,0,0,0,0,0,0,0,5,4,0,1,0,1,0,0,0,0,3,5,新春侍女,,壬寅新春，祝各位主公平安喜乐，福禄长久！,?,,,,10068801,,,,群,五星
110184,110184,200,3,3,0,0,0,0,0,0,0,0,0,0,200184,100688,0,0,0,1,0,0,0,0,0,0,0,0,0,0,0,0,0,5,4,0,1,0,1,0,0,0,0,3,5,新春侍女,,壬寅新春，祝各位主公平安喜乐，福禄长久！,?,,,,10068801,,,,群,五星
110185,110185,200,3,3,0,0,0,0,0,0,0,0,0,0,200184,100496,0,0,3,1,0,0,0,0,0,0,0,500,0,0,0,0,0,3,4,0,1,0,1,0,0,0,0,3,5,青林风暖,,·可解锁@【蜀·诸葛亮·弓】@武将卡的@青林风暖@画像\n·可在对应武将卡的外观界面更换画像\n·获得画像后，若暂无对应武将卡，将在拥有武将卡后即刻解锁对应画像,?,,,,11018501,,,,蜀,五星
110186,110186,200,3,3,0,0,0,0,0,0,0,0,0,0,200184,100474,0,0,0,1,0,0,0,0,0,0,0,500,0,0,0,0,0,5,4,0,1,0,1,0,0,0,0,3,5,团花岁寒,,·可解锁@【群·张宁·步】@武将卡的@团花岁寒@画像\n·可在对应武将卡的外观界面更换画像\n·获得画像后，若暂无对应武将卡，将在拥有武将卡后即刻解锁对应画像,?,,,,11018601,,,,群,五星
110187,110187,200,3,3,0,0,0,0,0,0,0,0,0,0,200184,100474,0,0,0,0,0,0,0,0,0,0,0,900,0,0,0,0,0,5,4,0,1,0,1,1,0,0,0,3,5,莲心捍道,,·可解锁@【群·张宁·步】@武将卡的@莲心捍道@画像\n·可在对应武将卡的外观界面更换画像\n·获得画像后，若暂无对应武将卡，将在拥有武将卡后即刻解锁对应画像\n·获得画像后，即刻解锁@莲心捍道@专属头像及头像框，可在内政界面使用\n·获得画像后，即刻解锁@莲心捍道@登录主题，可在登录界面设置,?,,,,11018701,,,,群,五星
110188,110188,200,3,3,0,0,0,0,0,0,0,0,0,0,200184,100585,0,0,0,1,0,0,0,0,0,0,0,500,0,0,0,0,0,2,4,0,1,0,1,0,0,0,0,3,5,征南雄威,,·可解锁@【魏·曹仁·步·SP】@武将卡的@征南雄威@画像\n·可在对应武将卡的外观界面更换画像\n·获得画像后，若暂无对应武将卡，将在拥有武将卡后即刻解锁对应画像,?,,,,11018801,,,,魏,五星
110189,110189,200,3,3,0,0,0,0,0,0,0,0,0,0,200184,100369,0,0,0,1,0,0,0,0,0,0,0,500,0,0,0,0,0,1,4,0,1,0,1,0,0,0,0,3,5,五禽化清,,·可解锁@【汉·华佗·步】@武将卡的@五禽化清@画像\n·可在对应武将卡的外观界面更换画像\n·获得画像后，若暂无对应武将卡，将在拥有武将卡后即刻解锁对应画像,?,,,,11018901,,,,汉,五星
110190,110190,200,3,3,0,0,0,0,0,0,0,0,0,0,200184,100013,0,0,0,1,0,0,0,0,0,0,0,500,0,0,0,0,0,5,4,0,1,0,1,0,0,0,0,3,5,迎风纵马,,·可解锁@【群·马超·骑】@武将卡的@迎风纵马@画像\n·可在对应武将卡的外观界面更换画像\n·获得画像后，若暂无对应武将卡，将在拥有武将卡后即刻解锁对应画像,?,,,,11019001,,,,群,五星
110191,110191,200,3,3,0,0,0,0,0,0,0,0,0,0,200184,100019,0,0,0,1,0,0,0,0,0,0,0,500,0,0,0,0,0,3,4,0,1,0,1,0,0,0,0,3,5,落雨听花,,·可解锁@【蜀·马云禄·骑】@武将卡的@落雨听花@画像\n·可在对应武将卡的外观界面更换画像\n·获得画像后，若暂无对应武将卡，将在拥有武将卡后即刻解锁对应画像,?,,,,11019101,,,,蜀,五星
110192,110192,200,3,3,0,0,0,0,0,0,0,0,0,0,200184,100031,0,0,0,1,0,0,0,0,0,0,0,500,0,0,0,0,0,4,4,0,1,0,1,0,0,0,0,3,5,鸣琴致远,,·可解锁@【吴·周瑜·弓】@武将卡的@鸣琴致远@画像\n·可在对应武将卡的外观界面更换画像\n·获得画像后，若暂无对应武将卡，将在拥有武将卡后即刻解锁对应画像,?,,,,11019201,,,,吴,五星
110193,110193,200,3,3,0,0,0,0,0,0,0,0,0,0,200184,100687,0,0,0,1,0,0,0,0,0,0,0,500,0,0,0,0,0,4,4,0,1,0,1,0,0,0,0,3,5,临榭听风,,·可解锁@【吴·小乔·弓】@武将卡的@临榭听风@画像\n·可在对应武将卡的外观界面更换画像\n·获得画像后，若暂无对应武将卡，将在拥有武将卡后即刻解锁对应画像,?,,,,11019301,,,,吴,五星
110194,110194,200,3,3,0,0,0,0,0,0,0,0,0,0,200184,100022,0,0,0,0,0,0,0,0,0,0,0,900,0,0,0,0,0,3,4,0,1,0,1,1,0,0,0,3,5,醉临江关,,·可解锁@【蜀·张飞·骑】@武将卡的@醉临江关@画像\n·可在对应武将卡的外观界面更换画像\n·获得画像后，若暂无对应武将卡，将在拥有武将卡后即刻解锁对应画像\n·获得画像后，即刻解锁@醉临江关@专属头像及头像框，可在内政界面使用\n·获得画像后，即刻解锁@醉临江关@登录主题，可在登录界面设置,?,,,,11019401,,,,蜀,五星
110195,110195,200,3,3,0,0,0,0,0,0,0,0,0,0,200184,100672,0,0,0,1,0,0,0,0,0,0,0,500,0,0,0,0,0,2,4,0,1,0,1,0,0,0,0,3,5,虚室泉香,,·可解锁@【魏·曹植·骑】@武将卡的@虚室泉香@画像\n·可在对应武将卡的外观界面更换画像\n·获得画像后，若暂无对应武将卡，将在拥有武将卡后即刻解锁对应画像,?,,,,11019501,,,,魏,五星
110196,110196,200,3,3,0,0,0,0,0,0,0,0,0,0,200184,100004,0,0,0,1,0,0,0,0,0,0,0,500,0,0,0,0,0,1,4,0,1,0,1,0,0,0,0,3,5,闲庭日晚,,·可解锁@【汉·蔡文姬·骑】、【汉·蔡文姬·步·SP】@武将卡的@闲庭日晚@画像\n·可在对应武将卡的外观界面更换画像\n·获得画像后，若暂无对应武将卡，将在拥有武将卡后即刻解锁对应画像,?,,,,11019601,,,,汉,五星
110197,110197,200,3,3,0,0,0,0,0,0,0,0,0,0,200184,100494,0,0,0,0,0,0,0,0,0,0,0,900,0,0,0,0,0,5,4,0,1,0,1,1,0,0,0,3,5,骁野英姿,,·可解锁@【群·祝融夫人·骑】@、@【蜀·祝融夫人·骑·SP】@武将卡的@骁野英姿@画像\n·可在对应武将卡的外观界面更换画像\n·获得画像后，若暂无对应武将卡，将在拥有武将卡后即刻解锁对应画像\n·获得画像后，即刻解锁@骁野英姿@专属头像及头像框，可在内政界面使用\n·获得画像后，即刻解锁@骁野英姿@登录主题，可在登录界面设置,?,,,,11019701,,,,群,五星
110198,110198,200,3,3,0,0,0,0,0,0,0,0,0,0,200184,100472,0,0,0,1,0,0,0,0,0,0,0,500,0,0,0,0,0,2,4,0,1,0,1,0,0,0,0,3,5,桐叶萧疏,,·可解锁@【魏·司马懿·步】@武将卡的@桐叶萧疏@画像\n·可在对应武将卡的外观界面更换画像\n·获得画像后，若暂无对应武将卡，将在拥有武将卡后即刻解锁对应画像,?,,,,11019801,,,,魏,五星
110199,110199,200,3,3,0,0,0,0,0,0,0,0,0,0,200184,100574,0,0,0,1,0,0,0,0,0,0,0,500,0,0,0,0,0,4,4,0,1,0,1,0,0,0,0,3,5,越鸟归飞,,·可解锁@【吴·陆抗·步】@武将卡的@越鸟归飞@画像\n·可在对应武将卡的外观界面更换画像\n·获得画像后，若暂无对应武将卡，将在拥有武将卡后即刻解锁对应画像,?,,,,11019901,,,,吴,五星
110200,110200,200,3,3,0,0,0,0,0,0,0,0,0,0,200184,100593,0,0,4,1,0,0,0,0,0,0,0,500,0,0,0,0,0,5,4,0,1,0,1,0,0,0,0,3,5,宁国中郎,,·可解锁@【群·张郃·骑】@武将卡的@宁国中郎@画像\n·可在对应武将卡的外观界面更换画像\n·获得画像后，若暂无对应武将卡，将在拥有武将卡后即刻解锁对应画像,?,,,,11020001,,,,群,五星
110201,110201,200,3,3,0,0,0,0,0,0,0,0,0,0,200184,100488,0,0,0,1,0,0,0,0,0,0,0,500,0,0,0,0,0,5,4,0,1,0,1,0,0,0,0,3,5,南中夷帅,,·可解锁@【群·孟获·步】@武将卡的@南中夷帅@画像\n·可在对应武将卡的外观界面更换画像\n·获得画像后，若暂无对应武将卡，将在拥有武将卡后即刻解锁对应画像,?,,,,11020101,,,,群,五星
110202,110202,200,3,3,0,0,0,0,0,0,0,0,0,0,200184,100023,0,0,0,1,0,0,0,0,0,0,0,600,0,0,0,0,0,2,4,0,1,0,1,0,0,0,0,3,5,龙翔碧落,,·可解锁@【魏·曹操·骑】@武将卡的@龙翔碧落@画像\n·可在对应武将卡的外观界面更换画像\n·获得画像后，若暂无对应武将卡，将在拥有武将卡后即刻解锁对应画像,?,,,,11020201,,,,魏,五星
110203,110203,200,3,3,0,0,0,0,0,0,0,0,0,0,200184,100603,0,0,0,1,0,0,0,0,0,0,0,600,0,0,0,0,0,2,4,0,1,0,1,0,0,0,0,3,5,华灯升平,,·可解锁@【魏·卞夫人·骑】@武将卡的@华灯升平@画像\n·可在对应武将卡的外观界面更换画像\n·获得画像后，若暂无对应武将卡，将在拥有武将卡后即刻解锁对应画像,?,,,,11020301,,,,魏,五星
110204,110204,200,3,3,0,0,0,0,0,0,0,0,0,0,200184,100025,0,0,0,1,0,0,0,0,0,0,0,600,0,0,0,0,0,2,4,0,1,0,1,0,0,0,0,3,5,景星庆云,,·可解锁@【魏·曹丕·弓】@武将卡的@景星庆云@画像\n·可在对应武将卡的外观界面更换画像\n·获得画像后，若暂无对应武将卡，将在拥有武将卡后即刻解锁对应画像,?,,,,11020401,,,,魏,五星
110205,110205,200,3,3,0,0,0,0,0,0,0,0,0,0,200184,100015,0,0,0,1,0,0,0,0,0,0,0,600,0,0,0,0,0,5,4,0,1,0,1,0,0,0,0,3,5,夭夭月华,,·可解锁@【群·甄洛·弓】@、@【群·甄洛·弓·SP】@武将卡的@夭夭月华@画像\n·可在对应武将卡的外观界面更换画像\n·获得画像后，若暂无对应武将卡，将在拥有武将卡后即刻解锁对应画像,?,,,,11020501,,,,群,五星
110206,110206,200,3,3,0,0,0,0,0,0,0,0,0,0,200184,100672,0,0,0,1,0,0,0,0,0,0,0,600,0,0,0,0,0,2,4,0,1,0,1,0,0,0,0,3,5,乐饮尽觞,,·可解锁@【魏·曹植·骑】@武将卡的@乐饮尽觞@画像\n·可在对应武将卡的外观界面更换画像\n·获得画像后，若暂无对应武将卡，将在拥有武将卡后即刻解锁对应画像,?,,,,11020601,,,,魏,五星
110207,110207,200,3,3,0,0,0,0,0,0,0,0,0,0,200184,100683,0,0,4,1,0,0,0,0,0,0,0,600,0,0,0,0,0,2,4,0,1,0,1,0,0,0,0,3,5,春耀飞旌,,·可解锁@【魏·曹彰·骑】@武将卡的@春耀飞旌@画像\n·可在对应武将卡的外观界面更换画像\n·获得画像后，若暂无对应武将卡，将在拥有武将卡后即刻解锁对应画像,?,,,,11020701,,,,魏,五星
110208,110208,200,3,3,0,0,0,0,0,0,0,0,0,0,200184,100475,0,0,0,0,0,0,0,0,0,0,0,900,0,0,0,0,0,2,4,0,1,0,1,1,0,0,0,3,5,坚志昭灼,,·可解锁@【魏·郝昭·步】@武将卡的@坚志昭灼@画像\n·可在对应武将卡的外观界面更换画像\n·获得画像后，若暂无对应武将卡，将在拥有武将卡后即刻解锁对应画像\n·获得画像后，即刻解锁@坚志昭灼@专属头像及头像框，可在内政界面使用\n·获得画像后，即刻解锁@坚志昭灼@登录主题，可在登录界面设置,?,,,,11020801,,,,魏,五星
110209,110209,200,3,3,0,0,0,0,0,0,0,0,0,0,200184,100615,0,0,0,1,0,0,0,0,0,0,0,500,0,0,0,0,0,3,4,0,1,0,1,0,0,0,0,3,5,雁度秋空,,·可解锁@【蜀·马岱·骑】@武将卡的@雁度秋空@画像\n·可在对应武将卡的外观界面更换画像\n·获得画像后，若暂无对应武将卡，将在拥有武将卡后即刻解锁对应画像,?,,,,11020901,,,,蜀,五星
110210,110210,200,3,3,0,0,0,0,0,0,0,0,0,0,200184,100074,0,0,0,1,0,0,0,0,0,0,0,500,0,0,0,0,0,3,4,0,1,0,1,0,0,0,0,3,5,凌霜傲雪,,·可解锁@【蜀·姜维·步】@、@【蜀·姜维·弓·SP】@武将卡的@凌霜傲雪@画像\n·可在对应武将卡的外观界面更换画像\n·获得画像后，若暂无对应武将卡，将在拥有武将卡后即刻解锁对应画像,?,,,,11021001,,,,蜀,五星
110211,110211,200,3,3,0,0,0,0,0,0,0,0,0,0,200184,100701,0,0,0,1,0,0,0,0,0,0,0,500,0,0,0,0,0,6,4,0,1,0,1,0,0,0,0,3,5,黄庭秋色,,·可解锁@【晋·司马师·骑】@武将卡的@黄庭秋色@画像\n·可在对应武将卡的外观界面更换画像\n·获得画像后，若暂无对应武将卡，将在拥有武将卡后即刻解锁对应画像,?,,,,11021101,,,,晋,五星
110212,110212,200,3,3,0,0,0,0,0,0,0,0,0,0,200184,100677,0,0,0,1,0,0,0,0,0,0,0,500,0,0,0,0,0,5,4,0,1,0,1,0,0,0,0,3,5,塞上飞雪,,·可解锁@【群·公孙瓒·骑】@武将卡的@塞上飞雪@画像\n·可在对应武将卡的外观界面更换画像\n·获得画像后，若暂无对应武将卡，将在拥有武将卡后即刻解锁对应画像,?,,,,11021201,,,,群,五星
110213,110213,200,3,3,0,0,0,0,0,0,0,0,0,0,200184,100016,0,0,0,0,0,0,0,0,0,0,0,900,0,0,0,0,0,3,4,0,1,0,1,1,0,0,0,3,5,拨云破晓,,·可解锁@【蜀·刘备·步】@武将卡的@拨云破晓@画像\n·可在对应武将卡的外观界面更换画像\n·获得画像后，若暂无对应武将卡，将在拥有武将卡后即刻解锁对应画像\n·获得画像后，即刻解锁@拨云破晓@专属头像及头像框，可在内政界面使用\n·获得画像后，即刻解锁@拨云破晓@登录主题，可在登录界面设置,?,,,,11021301,,,,蜀,五星
110214,110214,200,3,3,0,0,0,0,0,0,0,0,0,0,200184,100631,0,0,4,1,0,0,0,0,0,0,0,500,0,0,0,0,0,3,4,0,1,0,1,0,0,0,0,3,5,磐岩拒敌,,·可解锁@【蜀·严颜·骑】@武将卡的@磐岩拒敌@画像\n·可在对应武将卡的外观界面更换画像\n·获得画像后，若暂无对应武将卡，将在拥有武将卡后即刻解锁对应画像,?,,,,11021401,,,,蜀,五星
110215,110215,200,3,3,0,0,0,0,0,0,0,0,0,0,200184,100618,0,0,0,1,0,0,0,0,0,0,0,500,0,0,0,0,0,2,4,0,1,0,1,0,0,0,0,3,5,鸿影孤飞,,·可解锁@【魏·贾诩·弓】@武将卡的@鸿影孤飞@画像\n·可在对应武将卡的外观界面更换画像\n·获得画像后，若暂无对应武将卡，将在拥有武将卡后即刻解锁对应画像,?,,,,11021501,,,,魏,五星
110216,110216,200,3,3,0,0,0,0,0,0,0,0,0,0,200184,100015,0,0,0,1,0,0,0,0,0,0,0,500,0,0,0,0,0,5,4,0,1,0,1,0,0,0,0,3,5,红炉映雪,,·可解锁@【群·甄洛·弓】@、@【群·甄洛·弓·SP】@武将卡的@红炉映雪@画像\n·可在对应武将卡的外观界面更换画像\n·获得画像后，若暂无对应武将卡，将在拥有武将卡后即刻解锁对应画像,?,,,,11021601,,,,群,五星
110217,110217,200,3,3,0,0,0,0,0,0,0,0,0,0,200184,100692,0,0,4,1,0,0,0,0,0,0,0,500,0,0,0,0,0,5,4,0,1,0,1,0,0,0,0,3,5,叶动秋声,,·可解锁@【群·田丰·骑】@武将卡的@叶动秋声@画像\n·可在对应武将卡的外观界面更换画像\n·获得画像后，若暂无对应武将卡，将在拥有武将卡后即刻解锁对应画像,?,,,,11021701,,,,群,五星
110218,110218,200,3,3,0,0,0,0,0,0,0,0,0,0,200184,100101,0,0,0,0,0,0,0,0,0,0,0,900,0,0,0,0,0,1,4,0,1,0,1,1,0,0,0,3,5,威临万方,,·可解锁@【汉·灵帝·弓】@武将卡的@威临万方@画像\n·可在对应武将卡的外观界面更换画像\n·获得画像后，若暂无对应武将卡，将在拥有武将卡后即刻解锁对应画像\n·获得画像后，即刻解锁@威临万方@专属头像及头像框，可在内政界面使用\n·获得画像后，即刻解锁@威临万方@登录主题，可在登录界面设置,?,,,,11021801,,,,汉,五星
110219,110219,200,3,3,0,0,0,0,0,0,0,0,0,0,200184,100024,0,0,0,1,0,0,0,0,0,0,0,500,0,0,0,0,0,2,4,0,1,0,1,0,0,0,0,3,5,穆若清风,,·可解锁@【魏·荀彧·骑】@武将卡的@穆若清风@画像\n·可在对应武将卡的外观界面更换画像\n·获得画像后，若暂无对应武将卡，将在拥有武将卡后即刻解锁对应画像,?,,,,11021901,,,,魏,五星
110220,110220,200,3,3,0,0,0,0,0,0,0,0,0,0,200184,100620,0,0,0,1,0,0,0,0,0,0,0,500,0,0,0,0,0,5,4,0,1,0,1,0,0,0,0,3,5,悍枪烈雪,,·可解锁@【群·张绣·骑】@武将卡的@悍枪烈雪@画像\n·可在对应武将卡的外观界面更换画像\n·获得画像后，若暂无对应武将卡，将在拥有武将卡后即刻解锁对应画像,?,,,,11022001,,,,群,五星
110221,110221,200,3,3,0,0,0,0,0,0,0,0,0,0,200184,100023,0,0,0,1,0,0,0,0,0,0,0,600,0,0,0,0,0,2,4,0,1,0,1,0,0,0,0,3,5,以道御智,,·可解锁@【魏·曹操·骑】@武将卡的@以道御智@画像\n·可在对应武将卡的外观界面更换画像\n·获得画像后，若暂无对应武将卡，将在拥有武将卡后即刻解锁对应画像,?,,,,11022101,,,,魏,五星
110222,110222,200,3,3,0,0,0,0,0,0,0,0,0,0,200184,100670,0,0,0,1,0,0,0,0,0,0,0,600,0,0,0,0,0,5,4,0,1,0,1,0,0,0,0,3,5,据险兼众,,·可解锁@【群·袁绍·弓】@武将卡的@据险兼众@画像\n·可在对应武将卡的外观界面更换画像\n·获得画像后，若暂无对应武将卡，将在拥有武将卡后即刻解锁对应画像,?,,,,11022201,,,,群,五星
110223,110223,200,3,3,0,0,0,0,0,0,0,0,0,0,200184,100013,0,0,0,0,0,0,0,0,0,0,0,900,0,0,0,0,0,5,4,0,1,0,1,1,0,0,0,3,5,怒马迸流,,·可解锁@【群·马超·骑】@武将卡的@怒马迸流@画像\n·可在对应武将卡的外观界面更换画像\n·获得画像后，若暂无对应武将卡，将在拥有武将卡后即刻解锁对应画像\n·获得画像后，即刻解锁@怒马迸流@专属头像及头像框，可在内政界面使用\n·获得画像后，即刻解锁@怒马迸流@登录主题，可在登录界面设置,?,,,,11022301,,,,群,五星
110224,110224,200,3,3,0,0,0,0,0,0,0,0,0,0,200184,100037,0,0,0,1,0,0,0,0,0,0,0,500,0,0,0,0,0,1,4,0,1,0,1,0,0,0,0,3,5,千卉拥春,,·可解锁@【汉·何太后·弓】@武将卡的@千卉拥春@画像\n·可在对应武将卡的外观界面更换画像\n·获得画像后，若暂无对应武将卡，将在拥有武将卡后即刻解锁对应画像,?,,,,11022401,,,,汉,五星
110225,110225,200,3,3,0,0,0,0,0,0,0,0,0,0,200184,100028,0,0,0,1,0,0,0,0,0,0,0,500,0,0,0,0,0,2,4,0,1,0,1,0,0,0,0,3,5,烟雨微澜,,·可解锁@【魏·王异·弓】@武将卡的@烟雨微澜@画像\n·可在对应武将卡的外观界面更换画像\n·获得画像后，若暂无对应武将卡，将在拥有武将卡后即刻解锁对应画像,?,,,,11022501,,,,魏,五星
110226,110226,200,3,3,0,0,0,0,0,0,0,0,0,0,200184,100030,0,0,0,0,0,0,0,0,0,0,0,900,0,0,0,0,0,4,4,0,1,0,1,1,0,0,0,3,5,斫案惊涛,,·可解锁@【吴·孙权·弓】@武将卡的@斫案惊涛@画像\n·可在对应武将卡的外观界面更换画像\n·获得画像后，若暂无对应武将卡，将在拥有武将卡后即刻解锁对应画像\n·获得画像后，即刻解锁@斫案惊涛@专属头像及头像框，可在内政界面使用\n·获得画像后，即刻解锁@斫案惊涛@登录主题，可在登录界面设置,?,,,,11022601,,,,吴,五星
110227,110227,200,2,3,0,0,0,0,0,0,0,0,0,0,200184,100016,0,0,0,1,0,0,0,0,0,0,0,0,0,0,0,0,0,3,4,0,1,0,1,0,0,0,0,2,5,经典,,·可解锁@【蜀·刘备·步】@武将卡的经典画像\n·可在对应武将卡的外观界面更换画像\n·获得画像后，若暂无对应武将卡，将在拥有武将卡后即刻解锁对应画像,?,,,,11022701,,,,蜀,五星
110228,110228,200,3,3,0,0,0,0,0,0,0,0,0,0,200184,100023,0,0,0,1,0,0,0,0,0,0,0,0,0,0,0,0,0,2,4,0,1,0,1,0,0,0,0,3,5,经典,,·可解锁@【魏·曹操·骑】@武将卡的经典画像\n·可在对应武将卡的外观界面更换画像\n·获得画像后，若暂无对应武将卡，将在拥有武将卡后即刻解锁对应画像,?,,,,11022801,,,,魏,五星
110229,110229,200,1,3,0,0,0,0,0,0,0,0,0,0,200184,100030,0,0,0,1,0,0,0,0,0,0,0,0,0,0,0,0,0,4,4,0,1,0,1,0,0,0,0,1,5,经典,,·可解锁@【吴·孙权·弓】@武将卡的经典画像\n·可在对应武将卡的外观界面更换画像\n·获得画像后，若暂无对应武将卡，将在拥有武将卡后即刻解锁对应画像,?,,,,11022901,,,,吴,五星
110230,110230,200,3,3,0,0,0,0,0,0,0,0,0,0,200184,100451,0,0,4,1,0,0,0,0,0,0,0,600,0,0,0,0,0,3,4,0,1,0,1,0,0,0,0,3,5,风火长生,,·可解锁@【蜀·关羽·骑】@武将卡的@风火长生@画像\n·可在对应武将卡的外观界面更换画像\n·获得画像后，若暂无对应武将卡，将在拥有武将卡后即刻解锁对应画像,?,,,,11023001,,,,蜀,五星
110231,110231,200,3,3,0,0,0,0,0,0,0,0,0,0,200184,100783,0,0,0,1,0,0,0,0,0,0,0,600,0,0,0,0,0,4,4,0,1,0,1,0,0,0,0,3,5,焚舟蹈刃,,·可解锁@【吴·黄盖·步】@武将卡的@焚舟蹈刃@画像\n·可在对应武将卡的外观界面更换画像\n·获得画像后，若暂无对应武将卡，将在拥有武将卡后即刻解锁对应画像,?,,,,11023101,,,,吴,五星
110232,110232,200,3,3,0,0,0,0,0,0,0,0,0,0,200184,100741,0,0,0,1,0,0,0,0,0,0,0,600,0,0,0,0,0,4,4,0,1,0,1,0,0,0,0,3,5,横江定计,,·可解锁@【吴·鲁肃·步】@武将卡的@横江定计@画像\n·可在对应武将卡的外观界面更换画像\n·获得画像后，若暂无对应武将卡，将在拥有武将卡后即刻解锁对应画像,?,,,,11023201,,,,吴,五星
110233,110233,200,3,3,0,0,0,0,0,0,0,0,0,0,200184,100021,0,0,0,1,0,0,0,0,0,0,0,600,0,0,0,0,0,3,4,0,1,0,1,0,0,0,0,3,5,归帆竞渡,,·可解锁@【蜀·赵云·步】@、@【蜀·赵云·步·SP】@武将卡的@归帆竞渡@画像\n·可在对应武将卡的外观界面更换画像\n·获得画像后，若暂无对应武将卡，将在拥有武将卡后即刻解锁对应画像,?,,,,11023301,,,,蜀,五星
110234,110234,200,3,3,0,0,0,0,0,0,0,0,0,0,200184,100031,0,0,0,1,0,0,0,0,0,0,0,600,0,0,0,0,0,4,4,0,1,0,1,0,0,0,0,3,5,火舞龙幡,,·可解锁@【吴·周瑜·弓】@武将卡的@火舞龙幡@画像\n·可在对应武将卡的外观界面更换画像\n·获得画像后，若暂无对应武将卡，将在拥有武将卡后即刻解锁对应画像,?,,,,11023401,,,,吴,五星
110235,110235,200,3,3,0,0,0,0,0,0,0,0,0,0,200184,100496,0,0,3,1,0,0,0,0,0,0,0,600,0,0,0,0,0,3,4,0,1,0,1,0,0,0,0,3,5,剑引东风,,·可解锁@【蜀·诸葛亮·弓】@武将卡的@剑引东风@画像\n·可在对应武将卡的外观界面更换画像\n·获得画像后，若暂无对应武将卡，将在拥有武将卡后即刻解锁对应画像,?,,,,11023501,,,,蜀,五星
110236,110236,200,3,3,0,0,0,0,0,0,0,0,0,0,200184,100003,0,0,0,0,0,0,0,0,0,0,0,900,0,0,0,0,0,1,4,0,1,0,1,1,0,0,0,3,5,虎步天威,,·可解锁@【汉·吕布·骑】@武将卡的@虎步天威@画像\n·可在对应武将卡的外观界面更换画像\n·获得画像后，若暂无对应武将卡，将在拥有武将卡后即刻解锁对应画像\n·获得画像后，即刻解锁@虎步天威@专属头像及头像框，可在内政界面使用\n·获得画像后，即刻解锁@虎步天威@登录主题，可在登录界面设置,?,,,,11023601,,,,汉,五星
110237,110237,200,3,3,0,0,0,0,0,0,0,0,0,0,200184,100451,0,0,4,0,0,0,0,0,0,0,0,900,0,0,0,0,0,3,4,0,1,0,1,1,0,0,0,3,5,威震华夏,,·可解锁@【蜀·关羽·骑】@武将卡的@威震华夏@画像\n·可在对应武将卡的外观界面更换画像\n·获得画像后，若暂无对应武将卡，将在拥有武将卡后即刻解锁对应画像\n·获得画像后，即刻解锁@威震华夏@专属头像及头像框，可在内政界面使用\n·获得画像后，即刻解锁@威震华夏@登录主题，可在登录界面设置,?,,,,11023701,,,,蜀,五星
110238,110238,200,3,3,0,0,0,0,0,0,0,0,0,0,200184,100702,0,0,0,1,0,0,0,0,0,0,0,500,0,0,0,0,0,6,4,0,1,0,1,0,0,0,0,3,5,云归玉磬,,·可解锁@【晋·司马昭·骑】@武将卡的@云归玉磬@画像\n·可在对应武将卡的外观界面更换画像\n·获得画像后，若暂无对应武将卡，将在拥有武将卡后即刻解锁对应画像,?,,,,11023801,,,,晋,五星
110239,110239,200,3,3,0,0,0,0,0,0,0,0,0,0,200184,100706,0,0,0,1,0,0,0,0,0,0,0,500,0,0,0,0,0,6,4,0,1,0,1,0,0,0,0,3,5,雪簇丹英,,·可解锁@【晋·王元姬·弓】@武将卡的@雪簇丹英@画像\n·可在对应武将卡的外观界面更换画像\n·获得画像后，若暂无对应武将卡，将在拥有武将卡后即刻解锁对应画像,?,,,,11023901,,,,晋,五星
110240,110240,200,3,3,0,0,0,0,0,0,0,0,0,0,200184,100008,0,0,0,1,0,0,0,0,0,0,0,600,0,0,0,0,0,5,4,0,1,0,1,0,0,0,0,3,5,龙德在田,,·可解锁@【群·张角·骑】@、@【群·张角·骑·SP】@武将卡的@龙德在田@画像\n·可在对应武将卡的外观界面更换画像\n·获得画像后，若暂无对应武将卡，将在拥有武将卡后即刻解锁对应画像,?,,,,11024001,,,,群,五星
110241,110241,200,3,3,0,0,0,0,0,0,0,0,0,0,200184,100474,0,0,0,1,0,0,0,0,0,0,0,600,0,0,0,0,0,5,4,0,1,0,1,0,0,0,0,3,5,龙图金箓,,·可解锁@【群·张宁·步】@武将卡的@龙图金箓@画像\n·可在对应武将卡的外观界面更换画像\n·获得画像后，若暂无对应武将卡，将在拥有武将卡后即刻解锁对应画像,?,,,,11024101,,,,群,五星
110242,110242,200,3,3,0,0,0,0,0,0,0,0,0,0,200184,100785,0,0,0,1,0,0,0,0,0,0,0,600,0,0,0,0,0,5,4,0,1,0,1,0,0,0,0,3,5,龙马精神,,·可解锁@【群·马腾·骑】@武将卡的@龙马精神@画像\n·可在对应武将卡的外观界面更换画像\n·获得画像后，若暂无对应武将卡，将在拥有武将卡后即刻解锁对应画像,?,,,,11024201,,,,群,五星
110243,110243,200,3,3,0,0,0,0,0,0,0,0,0,0,200184,100013,0,0,0,1,0,0,0,0,0,0,0,600,0,0,0,0,0,5,4,0,1,0,1,0,0,0,0,3,5,龙沙马足,,·可解锁@【群·马超·骑】@武将卡的@龙沙马足@画像\n·可在对应武将卡的外观界面更换画像\n·获得画像后，若暂无对应武将卡，将在拥有武将卡后即刻解锁对应画像,?,,,,11024301,,,,群,五星
110244,110244,200,3,3,0,0,0,0,0,0,0,0,0,0,200184,100019,0,0,0,1,0,0,0,0,0,0,0,600,0,0,0,0,0,3,4,0,1,0,1,0,0,0,0,3,5,龙兴云属,,·可解锁@【蜀·马云禄·骑】@武将卡的@龙兴云属@画像\n·可在对应武将卡的外观界面更换画像\n·获得画像后，若暂无对应武将卡，将在拥有武将卡后即刻解锁对应画像,?,,,,11024401,,,,蜀,五星
110245,110245,200,3,3,0,0,0,0,0,0,0,0,0,0,200184,100479,0,0,2,1,0,0,0,0,0,0,0,600,0,0,0,0,0,5,4,0,1,0,1,0,0,0,0,3,5,龙幡虎纛,,·可解锁@【群·吕布·弓】@武将卡的@龙幡虎纛@画像\n·可在对应武将卡的外观界面更换画像\n·获得画像后，若暂无对应武将卡，将在拥有武将卡后即刻解锁对应画像,?,,,,11024501,,,,群,五星
110246,110246,200,3,3,0,0,0,0,0,0,0,0,0,0,200184,100634,0,0,0,1,0,0,0,0,0,0,0,600,0,0,0,0,0,5,4,0,1,0,1,0,0,0,0,3,5,龙驹凤雏,,·可解锁@【群·吕姬·步】@武将卡的@龙驹凤雏@画像\n·可在对应武将卡的外观界面更换画像\n·获得画像后，若暂无对应武将卡，将在拥有武将卡后即刻解锁对应画像,?,,,,11024601,,,,群,五星
110247,110247,200,3,3,0,0,0,0,0,0,0,0,0,0,200184,100023,0,0,0,0,0,0,0,0,0,0,0,900,0,0,0,0,0,2,4,0,1,0,1,1,0,0,0,3,5,横槊赋诗,,·可解锁@【魏·曹操·骑】@武将卡的@横槊赋诗@画像\n·可在对应武将卡的外观界面更换画像\n·获得画像后，若暂无对应武将卡，将在拥有武将卡后即刻解锁对应画像\n·获得画像后，即刻解锁@横槊赋诗@专属头像及头像框，可在内政界面使用\n·获得画像后，即刻解锁@横槊赋诗@登录主题，可在登录界面设置,?,,,,11024701,,,,魏,五星
110248,110248,200,3,3,0,0,0,0,0,0,0,0,0,0,200184,100707,0,0,0,1,0,0,0,0,0,0,0,500,0,0,0,0,0,6,4,0,1,0,1,0,0,0,0,3,5,霜枫醉叶,,·可解锁@【晋·卫瓘·步】@武将卡的@霜枫醉叶@画像\n·可在对应武将卡的外观界面更换画像\n·获得画像后，若暂无对应武将卡，将在拥有武将卡后即刻解锁对应画像,?,,,,11024801,,,,晋,五星
110249,110249,200,3,3,0,0,0,0,0,0,0,0,0,0,200184,100619,0,0,0,1,0,0,0,0,0,0,0,500,0,0,0,0,0,4,4,0,1,0,1,0,0,0,0,3,5,秋水伊人,,·可解锁@【吴·大乔·步】@武将卡的@秋水伊人@画像\n·可在对应武将卡的外观界面更换画像\n·获得画像后，若暂无对应武将卡，将在拥有武将卡后即刻解锁对应画像,?,,,,11024901,,,,吴,五星
110250,110250,200,2,3,0,0,0,0,0,0,0,0,0,0,200184,100703,0,0,0,1,0,0,0,0,0,0,0,500,0,0,0,0,0,6,4,0,1,0,1,0,0,0,0,2,5,春霆振剑,,·可解锁@【晋·司马炎·步】@武将卡的@春霆振剑@画像\n·可在对应武将卡的外观界面更换画像\n·获得画像后，若暂无对应武将卡，将在拥有武将卡后即刻解锁对应画像,?,,,,11025001,,,,晋,五星
110251,110251,200,2,3,0,0,0,0,0,0,0,0,0,0,200184,100310,0,0,0,1,0,0,0,0,0,0,0,500,0,0,0,0,0,2,4,0,1,0,1,0,0,0,0,2,5,朱夏农歌,,·可解锁@【魏·邓艾·步】@武将卡的@朱夏农歌@画像\n·可在对应武将卡的外观界面更换画像\n·获得画像后，若暂无对应武将卡，将在拥有武将卡后即刻解锁对应画像,?,,,,11025101,,,,魏,五星
110252,110252,200,3,3,0,0,0,0,0,0,0,0,0,0,200184,100496,0,0,3,0,0,0,0,0,0,0,0,900,0,0,0,0,0,3,4,0,1,0,1,1,0,0,0,3,5,卧龙吟,,·可解锁@【蜀·诸葛亮·弓】@武将卡的@卧龙吟@画像\n·可在对应武将卡的外观界面更换画像\n·获得画像后，若暂无对应武将卡，将在拥有武将卡后即刻解锁对应画像\n·获得画像后，即刻解锁@卧龙吟@专属头像及头像框，可在内政界面使用\n·获得画像后，即刻解锁@卧龙吟@登录主题，可在登录界面设置,?,,,,11025201,,,,蜀,五星
110253,110253,200,2,3,0,0,0,0,0,0,0,0,0,0,200184,100741,0,0,0,1,0,0,0,0,0,0,0,500,0,0,0,0,0,4,4,0,1,0,1,0,0,0,0,2,5,剧暑烹茗,,·可解锁@【吴·鲁肃·步】@武将卡的@剧暑烹茗@画像\n·可在对应武将卡的外观界面更换画像\n·获得画像后，若暂无对应武将卡，将在拥有武将卡后即刻解锁对应画像,?,,,,11025301,,,,吴,五星
110254,110254,200,3,3,0,0,0,0,0,0,0,0,0,0,200184,100615,0,0,0,1,0,0,0,0,0,0,0,500,0,0,0,0,0,3,4,0,1,0,1,0,0,0,0,3,5,旌风朔雪,,·可解锁@【蜀·马岱·骑】@武将卡的@旌风朔雪@画像\n·可在对应武将卡的外观界面更换画像\n·获得画像后，若暂无对应武将卡，将在拥有武将卡后即刻解锁对应画像,?,,,,11025401,,,,蜀,五星
110255,110255,200,3,3,0,0,0,0,0,0,0,0,0,0,200184,100534,0,0,3,1,0,0,0,0,0,0,0,500,0,0,0,0,0,3,4,0,1,0,1,0,0,0,0,3,5,寒溪渔隐,,·可解锁@【蜀·徐庶·骑·SP】@武将卡的@寒溪渔隐@画像\n·可在对应武将卡的外观界面更换画像\n·获得画像后，若暂无对应武将卡，将在拥有武将卡后即刻解锁对应画像,?,,,,11025501,,,,蜀,五星
110256,110256,200,3,3,0,0,0,0,0,0,0,0,0,0,200184,100029,0,0,0,1,0,0,0,0,0,0,0,500,0,0,0,0,0,2,4,0,1,0,1,0,0,0,0,3,5,春至飞鸢,,·可解锁@【魏·张春华·弓】@武将卡的@春至飞鸢@画像\n·可在对应武将卡的外观界面更换画像\n·获得画像后，若暂无对应武将卡，将在拥有武将卡后即刻解锁对应画像,?,,,,11025601,,,,魏,五星
110257,110257,200,3,3,0,0,0,0,0,0,0,0,0,0,200184,100670,0,0,0,1,0,0,0,0,0,0,0,500,0,0,0,0,0,5,4,0,1,0,1,0,0,0,0,3,5,帐宴秋风,,·可解锁@【群·袁绍·弓】@武将卡的@帐宴秋风@画像\n·可在对应武将卡的外观界面更换画像\n·获得画像后，若暂无对应武将卡，将在拥有武将卡后即刻解锁对应画像,?,,,,11025701,,,,群,五星
110258,110258,200,3,3,0,0,0,0,0,0,0,0,0,0,200184,100672,0,0,0,1,0,0,0,0,0,0,0,500,0,0,0,0,0,2,4,0,1,0,1,0,0,0,0,3,5,凌寒才笔,,·可解锁@【魏·曹植·骑】@武将卡的@凌寒才笔@画像\n·可在对应武将卡的外观界面更换画像\n·获得画像后，若暂无对应武将卡，将在拥有武将卡后即刻解锁对应画像,?,,,,11025801,,,,魏,五星
110259,110259,200,3,3,0,0,0,0,0,0,0,0,0,0,200184,100009,0,0,0,0,0,0,0,0,0,0,0,900,0,0,0,0,0,5,4,0,1,0,1,1,0,0,0,3,5,折箭攒锋,,·可解锁@【群·董卓·骑】@武将卡的@折箭攒锋@画像\n·可在对应武将卡的外观界面更换画像\n·获得画像后，若暂无对应武将卡，将在拥有武将卡后即刻解锁对应画像\n·获得画像后，即刻解锁@折箭攒锋@专属头像及头像框，可在内政界面使用\n·获得画像后，即刻解锁@折箭攒锋@登录主题，可在登录界面设置,?,,,,11025901,,,,群,五星
110260,110260,200,3,3,0,0,0,0,0,0,0,0,0,0,200184,100003,0,0,0,1,0,0,0,0,0,0,0,500,0,0,0,0,0,1,4,0,1,0,1,0,0,0,0,3,5,锋芒小试,,·可解锁@【汉·吕布·骑】@武将卡的@锋芒小试@画像\n·可在对应武将卡的外观界面更换画像\n·获得画像后，若暂无对应武将卡，将在拥有武将卡后即刻解锁对应画像,?,,,,11026001,,,,汉,五星
110261,110261,200,3,3,0,0,0,0,0,0,0,0,0,0,200184,100582,0,0,0,1,0,0,0,0,0,0,0,500,0,0,0,0,0,3,4,0,1,0,1,0,0,0,0,3,5,麦满偷闲,,·可解锁@【蜀·法正·骑】@武将卡的@麦满偷闲@画像\n·可在对应武将卡的外观界面更换画像\n·获得画像后，若暂无对应武将卡，将在拥有武将卡后即刻解锁对应画像,?,,,,11026101,,,,蜀,五星
110262,110262,200,3,3,0,0,0,0,0,0,0,0,0,0,200184,100478,0,0,2,0,0,0,0,0,0,0,0,900,0,0,0,0,0,4,4,0,1,0,1,1,0,0,0,3,5,书剑当风,,·可解锁@【吴·陆逊·步】@武将卡的@书剑当风@画像\n·可在对应武将卡的外观界面更换画像\n·获得画像后，若暂无对应武将卡，将在拥有武将卡后即刻解锁对应画像\n·获得画像后，即刻解锁@书剑当风@专属头像及头像框，可在内政界面使用\n·获得画像后，即刻解锁@书剑当风@登录主题，可在登录界面设置,?,,,,11026201,,,,吴,五星
110263,110263,200,3,3,0,0,0,0,0,0,0,0,0,0,200184,100030,0,0,0,1,0,0,0,0,0,0,0,500,0,0,0,0,0,1,4,0,1,0,1,0,0,0,0,3,5,荷田夏色,,·可解锁@【吴·孙权·弓】@武将卡的@荷田夏色@画像\n·可在对应武将卡的外观界面更换画像\n·获得画像后，若暂无对应武将卡，将在拥有武将卡后即刻解锁对应画像,?,,,,11026301,,,,汉,五星
110264,110264,200,3,3,0,0,0,0,0,0,0,0,0,0,200184,100036,0,0,0,1,0,0,0,0,0,0,0,500,0,0,0,0,0,3,4,0,1,0,1,0,0,0,0,3,5,香妍万芳,,·可解锁@【吴·孙尚香·弓】@、@【蜀·孙尚香·弓·SP】@武将卡的@香妍万芳@画像\n·可在对应武将卡的外观界面更换画像\n·获得画像后，若暂无对应武将卡，将在拥有武将卡后即刻解锁对应画像,?,,,,11026401,,,,蜀,五星
110265,110265,200,3,3,0,0,0,0,0,0,0,0,0,0,200184,100016,0,0,0,1,0,0,0,0,0,0,0,600,0,0,0,0,0,3,4,0,1,0,1,0,0,0,0,3,5,章武兴师,,·可解锁@【蜀·刘备·步】@武将卡的@章武兴师@画像\n·可在对应武将卡的外观界面更换画像\n·获得画像后，若暂无对应武将卡，将在拥有武将卡后即刻解锁对应画像,?,,,,11026501,,,,蜀,五星
110266,110266,200,3,3,0,0,0,0,0,0,0,0,0,0,200184,100524,0,0,0,1,0,0,0,0,0,0,0,600,0,0,0,0,0,3,4,0,1,0,1,0,0,0,0,3,5,箭驭蛮风,,·可解锁@【蜀·沙摩柯·弓】@武将卡的@箭驭蛮风@画像\n·可在对应武将卡的外观界面更换画像\n·获得画像后，若暂无对应武将卡，将在拥有武将卡后即刻解锁对应画像,?,,,,11026601,,,,蜀,五星
110267,110267,200,3,3,0,0,0,0,0,0,0,0,0,0,200184,100653,0,0,4,1,0,0,0,0,0,0,0,600,0,0,0,0,0,3,4,0,1,0,1,0,0,0,0,3,5,金兰再契,,·可解锁@【蜀·关兴&张苞·步】@武将卡的@金兰再契@画像\n·可在对应武将卡的外观界面更换画像\n·获得画像后，若暂无对应武将卡，将在拥有武将卡后即刻解锁对应画像,?,,,,"11026701,11026702",,,,蜀,五星
110268,110268,200,3,3,0,0,0,0,0,0,0,0,0,0,200184,100478,0,0,2,1,0,0,0,0,0,0,0,600,0,0,0,0,0,4,4,0,1,0,1,0,0,0,0,3,5,洞见兵势,,·可解锁@【吴·陆逊·步】@武将卡的@洞见兵势@画像\n·可在对应武将卡的外观界面更换画像\n·获得画像后，若暂无对应武将卡，将在拥有武将卡后即刻解锁对应画像,?,,,,11026801,,,,吴,五星
110269,110269,200,3,3,0,0,0,0,0,0,0,0,0,0,200184,100589,0,0,0,1,0,0,0,0,0,0,0,600,0,0,0,0,0,4,4,0,1,0,1,0,0,0,0,3,5,奋威蹈厉,,·可解锁@【吴·周泰·步】@武将卡的@奋威蹈厉@画像\n·可在对应武将卡的外观界面更换画像\n·获得画像后，若暂无对应武将卡，将在拥有武将卡后即刻解锁对应画像,?,,,,11026901,,,,吴,五星
110270,110270,200,3,3,0,0,0,0,0,0,0,0,0,0,200184,100034,0,0,0,1,0,0,0,0,0,0,0,600,0,0,0,0,0,4,4,0,1,0,1,0,0,0,0,3,5,决命争强,,·可解锁@【吴·甘宁·步】@武将卡的@决命争强@画像\n·可在对应武将卡的外观界面更换画像\n·获得画像后，若暂无对应武将卡，将在拥有武将卡后即刻解锁对应画像,?,,,,11027001,,,,吴,五星
110271,110271,200,3,3,0,0,0,0,0,0,0,0,0,0,200184,100603,0,0,0,1,0,0,0,0,0,0,0,500,0,0,0,0,0,3,4,0,1,0,1,0,0,0,0,3,5,仲夏萤光,,·可解锁@【魏·卞夫人·骑】@武将卡的@仲夏萤光@画像\n·可在对应武将卡的外观界面更换画像\n·获得画像后，若暂无对应武将卡，将在拥有武将卡后即刻解锁对应画像,?,,,,11027101,,,,蜀,五星
110272,110272,200,3,3,0,0,0,0,0,0,0,0,0,0,200184,100020,0,0,0,1,0,0,0,0,0,0,0,500,0,0,0,0,0,3,4,0,1,0,1,0,0,0,0,3,5,谷雨撷茶,,·可解锁@【蜀·黄月英·步】@武将卡的@谷雨撷茶@画像\n·可在对应武将卡的外观界面更换画像\n·获得画像后，若暂无对应武将卡，将在拥有武将卡后即刻解锁对应画像,?,,,,11027201,,,,蜀,五星
110273,110273,200,3,3,0,0,0,0,0,0,0,0,0,0,200184,100017,0,0,0,1,0,0,0,0,0,0,0,600,0,0,0,0,0,3,4,0,1,0,1,0,0,0,0,3,5,躬耕南阳,,·可解锁@【蜀·诸葛亮·步】@武将卡的@躬耕南阳@画像\n·可在对应武将卡的外观界面更换画像\n·获得画像后，若暂无对应武将卡，将在拥有武将卡后即刻解锁对应画像,?,,,,11027301,,,,蜀,五星
110274,110274,200,3,3,0,0,0,0,0,0,0,0,0,0,200184,100074,0,0,0,1,0,0,0,0,0,0,0,600,0,0,0,0,0,3,4,0,1,0,1,0,0,0,0,3,5,沓中刈麦,,·可解锁@【蜀·姜维·步】@、@【蜀·姜维·弓·SP】@武将卡的@沓中刈麦@画像\n·可在对应武将卡的外观界面更换画像\n·获得画像后，若暂无对应武将卡，将在拥有武将卡后即刻解锁对应画像,?,,,,11027401,,,,蜀,五星
110275,110275,200,3,3,0,0,0,0,0,0,0,0,0,0,200184,100008,0,0,0,1,0,0,0,0,0,0,0,600,0,0,0,0,0,5,4,0,1,0,1,0,0,0,0,3,5,天公为民,,·可解锁@【群·张角·骑】@、@【群·张角·骑·SP】@武将卡的@天公为民@画像\n·可在对应武将卡的外观界面更换画像\n·获得画像后，若暂无对应武将卡，将在拥有武将卡后即刻解锁对应画像,?,,,,11027501,,,,群,五星
110276,110276,200,3,3,0,0,0,0,0,0,0,0,0,0,200184,100472,0,0,0,1,0,0,0,0,0,0,0,600,0,0,0,0,0,2,4,0,1,0,1,0,0,0,0,3,5,伏虎避仕,,·可解锁@【魏·司马懿·步】@武将卡的@伏虎避仕@画像\n·可在对应武将卡的外观界面更换画像\n·获得画像后，若暂无对应武将卡，将在拥有武将卡后即刻解锁对应画像,?,,,,11027601,,,,魏,五星
110277,110277,200,2,3,0,0,0,0,0,0,0,0,0,0,200184,100310,0,0,0,1,0,0,0,0,0,0,0,600,0,0,0,0,0,2,4,0,1,0,1,0,0,0,0,2,5,军民并丰,,·可解锁@【魏·邓艾·步】@武将卡的@军民并丰@画像\n·可在对应武将卡的外观界面更换画像\n·获得画像后，若暂无对应武将卡，将在拥有武将卡后即刻解锁对应画像,?,,,,11027701,,,,魏,五星
110278,110278,200,3,3,0,0,0,0,0,0,0,0,0,0,200184,100021,0,0,0,0,0,0,0,0,0,0,0,900,0,0,0,0,0,3,4,0,1,0,1,1,0,0,0,3,5,义胆龙威,,·可解锁@【蜀·赵云·步】@、@【蜀·赵云·步·SP】@武将卡的@义胆龙威@画像\n·可在对应武将卡的外观界面更换画像\n·获得画像后，若暂无对应武将卡，将在拥有武将卡后即刻解锁对应画像\n·获得画像后，即刻解锁@义胆龙威@专属头像及头像框，可在内政界面使用\n·获得画像后，即刻解锁@义胆龙威@登录主题，可在登录界面设置,?,,,,11027801,,,,蜀,五星
110279,110279,200,3,3,0,0,0,0,0,0,0,0,0,0,200184,100526,0,0,0,0,0,0,0,0,0,0,0,900,0,0,0,0,0,1,4,0,1,0,1,1,0,0,0,3,5,万世医宗,,·可解锁@【汉·张机·弓】@武将卡的@万世医宗@画像\n·可在对应武将卡的外观界面更换画像\n·获得画像后，若暂无对应武将卡，将在拥有武将卡后即刻解锁对应画像\n·获得画像后，即刻解锁@万世医宗@专属头像及头像框，可在内政界面使用\n·获得画像后，即刻解锁@万世医宗@登录主题，可在登录界面设置,?,,,,11027901,,,,汉,五星
110280,110280,200,3,3,0,0,0,0,0,0,0,0,0,0,200184,100024,0,0,0,1,0,0,0,0,0,0,0,600,0,0,0,0,0,2,4,0,1,0,1,0,0,0,0,3,5,奉主从望,,·可解锁@【魏·荀彧·骑】@武将卡的@奉主从望@画像\n·可在对应武将卡的外观界面更换画像\n·获得画像后，若暂无对应武将卡，将在拥有武将卡后即刻解锁对应画像,?,,,,11028001,,,,魏,五星
110281,110281,200,3,3,0,0,0,0,0,0,0,0,0,0,200184,100771,0,0,0,1,0,0,0,0,0,0,0,600,0,0,0,0,0,5,4,0,1,0,1,0,0,0,0,3,5,协帝令臣,,·可解锁@【群·沮授·步】@武将卡的@协帝令臣@画像\n·可在对应武将卡的外观界面更换画像\n·获得画像后，若暂无对应武将卡，将在拥有武将卡后即刻解锁对应画像,?,,,,11028101,,,,群,五星
110282,110282,200,3,3,0,0,0,0,0,0,0,0,0,0,200184,100034,0,0,0,1,0,0,0,0,0,0,0,500,0,0,0,0,0,4,4,0,1,0,1,0,0,0,0,3,5,悠游江湖,,·可解锁@【吴·甘宁·步】@武将卡的@悠游江湖@画像\n·可在对应武将卡的外观界面更换画像\n·获得画像后，若暂无对应武将卡，将在拥有武将卡后即刻解锁对应画像,?,,,,11028201,,,,吴,五星
110283,110283,200,3,3,0,0,0,0,0,0,0,0,0,0,200184,100494,0,0,0,1,0,0,0,0,0,0,0,500,0,0,0,0,0,5,4,0,1,0,1,0,0,0,0,3,5,倾波辞暑,,·可解锁@【群·祝融夫人·骑】@、@【蜀·祝融夫人·骑·SP】@武将卡的@倾波辞暑@画像\n·可在对应武将卡的外观界面更换画像\n·获得画像后，若暂无对应武将卡，将在拥有武将卡后即刻解锁对应画像,?,,,,11028301,,,,群,五星
110284,110284,200,3,3,0,0,0,0,0,0,0,0,0,0,200184,100101,0,0,0,1,0,0,0,0,0,0,0,500,0,0,0,0,0,5,4,0,1,0,1,0,0,0,0,3,5,宏词贺岁,,·可解锁@【汉·灵帝·弓】@武将卡的@宏词贺岁@画像\n·可在对应武将卡的外观界面更换画像\n·获得画像后，若暂无对应武将卡，将在拥有武将卡后即刻解锁对应画像,?,,,,11028401,,,,群,五星
110285,110285,200,3,3,0,0,0,0,0,0,0,0,0,0,200184,100037,0,0,0,1,0,0,0,0,0,0,0,500,0,0,0,0,0,5,4,0,1,0,1,0,0,0,0,3,5,永安映喜,,·可解锁@【汉·何太后·弓】@武将卡的@永安映喜@画像\n·可在对应武将卡的外观界面更换画像\n·获得画像后，若暂无对应武将卡，将在拥有武将卡后即刻解锁对应画像,?,,,,11028501,,,,群,五星
110286,110286,200,3,3,0,0,0,0,0,0,0,0,0,0,200184,100004,0,0,0,1,0,0,0,0,0,0,0,500,0,0,0,0,0,5,4,0,1,0,1,0,0,0,0,3,5,文姬挥翰,,·可解锁@【汉·蔡文姬·骑】@、@【汉·蔡文姬· 步·SP】@武将卡的@文姬挥翰@画像\n·可在对应武将卡的外观界面更换画像\n·获得画像后，若暂无对应武将卡，将在拥有武将卡后即刻解锁对应画像,?,,,,11028601,,,,群,五星
110287,110287,200,3,3,0,0,0,0,0,0,0,0,0,0,200184,100553,0,0,0,1,0,0,0,0,0,0,0,500,0,0,0,0,0,5,4,0,1,0,1,0,0,0,0,3,5,俊采飞狮,,·可解锁@【汉·朱儁·弓·SP】@武将卡的@俊采飞狮@画像\n·可在对应武将卡的外观界面更换画像\n·获得画像后，若暂无对应武将卡，将在拥有武将卡后即刻解锁对应画像,?,,,,11028701,,,,群,五星
110288,110288,200,3,3,0,0,0,0,0,0,0,0,0,0,200184,100630,0,0,0,1,0,0,0,0,0,0,0,500,0,0,0,0,0,5,4,0,1,0,1,0,0,0,0,3,5,崧高维岳,,·可解锁@【汉·皇甫嵩·步】@武将卡的@崧高维岳@画像\n·可在对应武将卡的外观界面更换画像\n·获得画像后，若暂无对应武将卡，将在拥有武将卡后即刻解锁对应画像,?,,,,11028801,,,,群,五星
110289,110289,200,3,3,0,0,0,0,0,0,0,0,0,0,200184,100015,0,0,0,0,0,0,0,0,0,0,0,900,0,0,0,0,0,1,4,0,1,0,1,1,0,0,0,3,5,芙蕖碧波,,·可解锁@【群·甄洛·弓】@、@【群·甄洛·弓·SP】@武将卡的@芙蕖碧波@画像\n·可在对应武将卡的外观界面更换画像\n·获得画像后，若暂无对应武将卡，将在拥有武将卡后即刻解锁对应画像\n·获得画像后，即刻解锁@芙蕖碧波@专属头像及头像框，可在内政界面使用\n·获得画像后，即刻解锁@芙蕖碧波@登录主题，可在登录界面设置,?,,,,11028901,,,,汉,五星
110290,110290,200,3,3,0,0,0,0,0,0,0,0,0,0,200184,100618,0,0,0,1,0,0,0,0,0,0,0,500,0,0,0,0,0,2,4,0,1,0,1,0,0,0,0,3,5,露寒金秋,,·可解锁@【魏·贾诩·弓】@武将卡的@露寒金秋@画像\n·可在对应武将卡的外观界面更换画像\n·获得画像后，若暂无对应武将卡，将在拥有武将卡后即刻解锁对应画像,?,,,,11029001,,,,魏,五星
110291,110291,200,3,3,0,0,0,0,0,0,0,0,0,0,200184,100647,0,0,4,1,0,0,0,0,0,0,0,500,0,0,0,0,0,5,4,0,1,0,1,0,0,0,0,3,5,惬隐汤泉,,·可解锁@【群·华雄·骑】@武将卡的@惬隐汤泉@画像\n·可在对应武将卡的外观界面更换画像\n·获得画像后，若暂无对应武将卡，将在拥有武将卡后即刻解锁对应画像,?,,,,11029101,,,,群,五星
110292,110292,200,3,3,0,0,0,0,0,0,0,0,0,0,200184,100604,0,0,4,1,0,0,0,0,0,0,0,500,0,0,0,0,0,5,4,0,1,0,1,0,0,0,0,3,5,焚章阅雪,,·可解锁@【群·李儒·弓】@武将卡的@焚章阅雪@画像\n·可在对应武将卡的外观界面更换画像\n·获得画像后，若暂无对应武将卡，将在拥有武将卡后即刻解锁对应画像,?,,,,11029201,,,,群,五星
110293,110293,200,3,3,0,0,0,0,0,0,0,0,0,0,200184,100534,0,0,3,0,0,0,0,0,0,0,0,900,0,0,0,0,0,3,4,0,1,0,1,1,0,0,0,3,5,雪隐青锋,,·可解锁@【蜀·徐庶·骑·SP】@武将卡的@雪隐青锋@画像\n·可在对应武将卡的外观界面更换画像\n·获得画像后，若暂无对应武将卡，将在拥有武将卡后即刻解锁对应画像\n·获得画像后，即刻解锁@雪隐青锋@专属头像及头像框，可在内政界面使用\n·获得画像后，即刻解锁@雪隐青锋@登录主题，可在登录界面设置,?,,,,11029301,,,,蜀,五星
110294,110294,200,3,3,0,0,0,0,0,0,0,0,0,0,200184,100631,0,0,4,1,0,0,0,0,0,0,0,500,0,0,0,0,0,3,4,0,1,0,1,0,0,0,0,3,5,雪岭雄风,,·可解锁@【蜀·严颜·骑】@武将卡的@雪岭雄风@画像\n·可在对应武将卡的外观界面更换画像\n·获得画像后，若暂无对应武将卡，将在拥有武将卡后即刻解锁对应画像,?,,,,11029401,,,,蜀,五星
110295,110295,200,3,3,0,0,0,0,0,0,0,0,0,0,200184,100013,0,0,0,1,0,0,0,0,0,0,0,500,0,0,0,0,0,5,4,0,1,0,1,0,0,0,0,3,5,独钓冰河,,·可解锁@【群·马超·骑】@武将卡的@独钓冰河@画像\n·可在对应武将卡的外观界面更换画像\n·获得画像后，若暂无对应武将卡，将在拥有武将卡后即刻解锁对应画像,?,,,,11029501,,,,群,五星
110296,110296,200,3,3,0,0,0,0,0,0,0,0,0,0,200184,100443,0,0,0,1,0,0,0,0,0,0,0,500,0,0,0,0,0,5,4,0,1,0,1,0,0,0,0,3,5,祁寒陌路,,·可解锁@【群·陈宫·弓】@武将卡的@祁寒陌路@画像\n·可在对应武将卡的外观界面更换画像\n·获得画像后，若暂无对应武将卡，将在拥有武将卡后即刻解锁对应画像,?,,,,11029601,,,,群,五星
110297,110297,200,3,3,0,0,0,0,0,0,0,0,0,0,200184,100648,0,0,4,1,0,0,0,0,0,0,0,500,0,0,0,0,0,4,4,0,1,0,1,0,0,0,0,3,5,端严师道,,·可解锁@【吴·张昭·弓】@武将卡的@端严师道@画像\n·可在对应武将卡的外观界面更换画像\n·获得画像后，若暂无对应武将卡，将在拥有武将卡后即刻解锁对应画像,?,,,,11029701,,,,吴,五星
110298,110298,200,3,3,0,0,0,0,0,0,0,0,0,0,200184,100024,0,0,0,0,0,0,0,0,0,0,0,900,0,0,0,0,0,2,4,0,1,0,1,1,0,0,0,3,5,奉身蹈道,,·可解锁@【魏·荀彧·骑】@武将卡的@奉身蹈道@画像\n·可在对应武将卡的外观界面更换画像\n·获得画像后，若暂无对应武将卡，将在拥有武将卡后即刻解锁对应画像\n·获得画像后，即刻解锁@奉身蹈道@专属头像及头像框，可在内政界面使用\n·获得画像后，即刻解锁@奉身蹈道@登录主题，可在登录界面设置,?,,,,11029801,,,,魏,五星
110299,110299,200,3,3,0,0,0,0,0,0,0,0,0,0,200184,100630,0,0,4,0,0,0,0,0,0,0,0,900,0,0,0,0,0,2,4,0,1,0,1,1,0,0,0,3,5,秉钺临戎,,·可解锁@【汉·皇甫嵩·步】@武将卡的@秉钺临戎@画像\n·可在对应武将卡的外观界面更换画像\n·获得画像后，若暂无对应武将卡，将在拥有武将卡后即刻解锁对应画像\n·获得画像后，即刻解锁@秉钺临戎@专属头像及头像框，可在内政界面使用\n·获得画像后，即刻解锁@秉钺临戎@登录主题，可在登录界面设置,?,,,,11029901,,,,魏,五星
110300,110300,200,3,3,0,0,0,0,0,0,0,0,0,0,200184,100008,0,0,0,1,0,0,0,0,0,0,0,500,0,0,0,0,0,5,4,0,1,0,1,0,0,0,0,3,5,博施济众,,·可解锁@【群·张角·骑】、【群·张角·骑·SP】@武将卡的@博施济众@画像\n·可在对应武将卡的外观界面更换画像\n·获得画像后，若暂无对应武将卡，将在拥有武将卡后即刻解锁对应画像,?,,,,11030001,,,,群,五星
110301,110301,200,3,3,0,0,0,0,0,0,0,0,0,0,200184,100478,0,0,2,1,0,0,0,0,0,0,0,500,0,0,0,0,0,4,4,0,1,0,1,0,0,0,0,3,5,雅酌霜英,,·可解锁@【吴·陆逊·步】@武将卡的@雅酌霜英@画像\n·可在对应武将卡的外观界面更换画像\n·获得画像后，若暂无对应武将卡，将在拥有武将卡后即刻解锁对应画像,?,,,,11030101,,,,吴,五星
110302,110302,200,3,3,0,0,0,0,0,0,0,0,0,0,200184,100424,0,0,0,1,0,0,0,0,0,0,0,500,0,0,0,0,0,4,4,0,1,0,1,0,0,0,0,3,5,春庭娇语,,·可解锁@【吴·小乔&大乔·步】@武将卡的@春庭娇语@画像\n·可在对应武将卡的外观界面更换画像\n·获得画像后，若暂无对应武将卡，将在拥有武将卡后即刻解锁对应画像,?,,,,"11030201,11030202",,,,吴,五星
110303,110303,200,3,3,0,0,0,0,0,0,0,0,0,0,200184,100074,0,0,0,1,0,0,0,0,0,0,0,500,0,0,0,0,0,3,4,0,1,0,1,0,0,0,0,3,5,祥麟崭角,,·可解锁@【蜀·姜维·步】@、@【蜀·姜维·弓·SP】@武将卡的@祥麟崭角@画像\n·可在对应武将卡的外观界面更换画像\n·获得画像后，若暂无对应武将卡，将在拥有武将卡后即刻解锁对应画像,?,,,,11030301,,,,蜀,五星
110304,110304,200,3,3,0,0,0,0,0,0,0,0,0,0,200184,100649,0,0,0,1,0,0,0,0,0,0,0,500,0,0,0,0,0,3,4,0,1,0,1,0,0,0,0,3,5,奇谋子午,,·可解锁@【蜀·魏延·步】@武将卡的@奇谋子午@画像\n·可在对应武将卡的外观界面更换画像\n·获得画像后，若暂无对应武将卡，将在拥有武将卡后即刻解锁对应画像,?,,,,11030401,,,,蜀,五星
110305,110305,200,3,3,0,0,0,0,0,0,0,0,0,0,200184,100021,0,0,0,1,0,0,0,0,0,0,0,500,0,0,0,0,0,3,4,0,1,0,1,0,0,0,0,3,5,暮云箕谷,,·可解锁@【蜀·赵云·步】@、@【蜀·赵云·步·SP】@武将卡的@暮云箕谷@画像\n·可在对应武将卡的外观界面更换画像\n·获得画像后，若暂无对应武将卡，将在拥有武将卡后即刻解锁对应画像,?,,,,11030501,,,,蜀,五星
110306,110306,200,3,3,0,0,0,0,0,0,0,0,0,0,200184,100496,0,0,3,1,0,0,0,0,0,0,0,500,0,0,0,0,0,3,4,0,1,0,1,0,0,0,0,3,5,宣命出师,,·可解锁@【蜀·诸葛亮·弓】@武将卡的@宣命出师@画像\n·可在对应武将卡的外观界面更换画像\n·获得画像后，若暂无对应武将卡，将在拥有武将卡后即刻解锁对应画像,?,,,,11030601,,,,蜀,五星
110307,110307,200,3,3,0,0,0,0,0,0,0,0,0,0,200184,100449,0,0,4,1,0,0,0,0,0,0,0,500,0,0,0,0,0,2,4,0,1,0,1,0,0,0,0,3,5,耕云犁雨,,·可解锁@【魏·夏侯惇·骑】@武将卡的@耕云犁雨@画像\n·可在对应武将卡的外观界面更换画像\n·获得画像后，若暂无对应武将卡，将在拥有武将卡后即刻解锁对应画像,?,,,,11030701,,,,魏,五星
110308,110308,200,3,3,0,0,0,0,0,0,0,0,0,0,200184,100705,0,0,0,1,0,0,0,0,0,0,0,500,0,0,0,0,0,6,4,0,1,0,1,0,0,0,0,3,5,踏古寻春,,·可解锁@【晋·杜预·弓】@武将卡的@踏古寻春@画像\n·可在对应武将卡的外观界面更换画像\n·获得画像后，若暂无对应武将卡，将在拥有武将卡后即刻解锁对应画像,?,,,,11030801,,,,晋,五星
110309,110309,200,3,3,0,0,0,0,0,0,0,0,0,0,200184,100615,0,0,0,0,0,0,0,0,0,0,0,900,0,0,0,0,0,3,4,0,1,0,1,1,0,0,0,3,5,岳峙关河,,·可解锁@【蜀·马岱·骑】@武将卡的@岳峙关河@画像\n·可在对应武将卡的外观界面更换画像\n·获得画像后，若暂无对应武将卡，将在拥有武将卡后即刻解锁对应画像\n·获得画像后，即刻解锁@岳峙关河@专属头像及头像框，可在内政界面使用\n·获得画像后，即刻解锁@岳峙关河@登录主题，可在登录界面设置,?,,,,11030901,,,,蜀,五星
110310,110310,200,3,3,0,0,0,0,0,0,0,0,0,0,200184,100032,0,0,0,1,0,0,0,0,0,0,0,500,0,0,0,0,0,4,4,0,1,0,1,0,0,0,0,3,5,车汲青野,,·可解锁@【吴·周姬·弓】、【吴·周姬·步·SP】@武将卡的@车汲青野@画像\n·可在对应武将卡的外观界面更换画像\n·获得画像后，若暂无对应武将卡，将在拥有武将卡后即刻解锁对应画像,?,,,,11031001,,,,吴,五星
110311,110311,100,1,3,800,800,800,800,800,8,8,8,8,8,200108,0,110311,0,0,0,0,0,0,0,0,0,0,0,0,0,0,0,0,1,3,0,0,0,1,0,0,0,0,1,,侍卫,,适合作为素材卡使用！,?,,,,11031101,,,,汉,四星
110312,110312,100,2,3,800,800,800,800,800,8,8,8,8,8,200108,0,110311,0,0,0,0,0,0,0,0,0,0,0,0,0,0,0,0,1,3,0,0,0,1,0,0,0,0,2,,侍卫,,适合作为素材卡使用！,?,,,,11031101,,,,汉,四星
110313,110313,100,3,3,800,800,800,800,800,8,8,8,8,8,200108,0,110311,0,0,0,0,0,0,0,0,0,0,0,0,0,0,0,0,1,3,0,0,0,1,0,0,0,0,3,,侍卫,,适合作为素材卡使用！,?,,,,11031101,,,,汉,四星
110321,110321,100,1,3,800,800,800,800,800,8,8,8,8,8,200108,0,110311,0,0,0,0,0,0,0,0,0,0,0,0,0,0,0,0,2,3,0,0,0,1,0,0,0,0,1,,侍卫,,适合作为素材卡使用！,?,,,,11031101,,,,魏,四星
110322,110322,100,2,3,800,800,800,800,800,8,8,8,8,8,200108,0,110311,0,0,0,0,0,0,0,0,0,0,0,0,0,0,0,0,2,3,0,0,0,1,0,0,0,0,2,,侍卫,,适合作为素材卡使用！,?,,,,11031101,,,,魏,四星
110323,110323,100,3,3,800,800,800,800,800,8,8,8,8,8,200108,0,110311,0,0,0,0,0,0,0,0,0,0,0,0,0,0,0,0,2,3,0,0,0,1,0,0,0,0,3,,侍卫,,适合作为素材卡使用！,?,,,,11031101,,,,魏,四星
110331,110331,100,1,3,800,800,800,800,800,8,8,8,8,8,200108,0,110311,0,0,0,0,0,0,0,0,0,0,0,0,0,0,0,0,3,3,0,0,0,1,0,0,0,0,1,,侍卫,,适合作为素材卡使用！,?,,,,11031101,,,,蜀,四星
110332,110332,100,2,3,800,800,800,800,800,8,8,8,8,8,200108,0,110311,0,0,0,0,0,0,0,0,0,0,0,0,0,0,0,0,3,3,0,0,0,1,0,0,0,0,2,,侍卫,,适合作为素材卡使用！,?,,,,11031101,,,,蜀,四星
110333,110333,100,3,3,800,800,800,800,800,8,8,8,8,8,200108,0,110311,0,0,0,0,0,0,0,0,0,0,0,0,0,0,0,0,3,3,0,0,0,1,0,0,0,0,3,,侍卫,,适合作为素材卡使用！,?,,,,11031101,,,,蜀,四星
110341,110341,100,1,3,800,800,800,800,800,8,8,8,8,8,200108,0,110311,0,0,0,0,0,0,0,0,0,0,0,0,0,0,0,0,4,3,0,0,0,1,0,0,0,0,1,,侍卫,,适合作为素材卡使用！,?,,,,11031101,,,,吴,四星
110342,110342,100,2,3,800,800,800,800,800,8,8,8,8,8,200108,0,110311,0,0,0,0,0,0,0,0,0,0,0,0,0,0,0,0,4,3,0,0,0,1,0,0,0,0,2,,侍卫,,适合作为素材卡使用！,?,,,,11031101,,,,吴,四星
110343,110343,100,3,3,800,800,800,800,800,8,8,8,8,8,200108,0,110311,0,0,0,0,0,0,0,0,0,0,0,0,0,0,0,0,4,3,0,0,0,1,0,0,0,0,3,,侍卫,,适合作为素材卡使用！,?,,,,11031101,,,,吴,四星
110351,110351,100,1,3,800,800,800,800,800,8,8,8,8,8,200108,0,110311,0,0,0,0,0,0,0,0,0,0,0,0,0,0,0,0,5,3,0,0,0,1,0,0,0,0,1,,侍卫,,适合作为素材卡使用！,?,,,,11031101,,,,群,四星
110352,110352,100,2,3,800,800,800,800,800,8,8,8,8,8,200108,0,110311,0,0,0,0,0,0,0,0,0,0,0,0,0,0,0,0,5,3,0,0,0,1,0,0,0,0,2,,侍卫,,适合作为素材卡使用！,?,,,,11031101,,,,群,四星
110353,110353,100,3,3,800,800,800,800,800,8,8,8,8,8,200108,0,110311,0,0,0,0,0,0,0,0,0,0,0,0,0,0,0,0,5,3,0,0,0,1,0,0,0,0,3,,侍卫,,适合作为素材卡使用！,?,,,,11031101,,,,群,四星
110361,110361,100,1,3,800,800,800,800,800,8,8,8,8,8,200108,0,110311,0,0,0,0,0,0,0,0,0,0,0,0,0,0,0,0,6,3,0,0,0,1,0,0,0,0,1,,侍卫,,适合作为素材卡使用！,?,,,,11031101,,,,晋,四星
110362,110362,100,2,3,800,800,800,800,800,8,8,8,8,8,200108,0,110311,0,0,0,0,0,0,0,0,0,0,0,0,0,0,0,0,6,3,0,0,0,1,0,0,0,0,2,,侍卫,,适合作为素材卡使用！,?,,,,11031101,,,,晋,四星
110363,110363,100,3,3,800,800,800,800,800,8,8,8,8,8,200108,0,110311,0,0,0,0,0,0,0,0,0,0,0,0,0,0,0,0,6,3,0,0,0,1,0,0,0,0,3,,侍卫,,适合作为素材卡使用！,?,,,,11031101,,,,晋,四星
110411,110411,100,1,3,900,900,900,900,900,9,9,9,9,9,200108,0,110411,0,0,0,0,0,0,0,0,0,0,0,0,0,0,0,0,1,4,0,0,0,1,0,0,0,0,1,,侍卫,,适合作为素材卡使用！,?,,,,11041101,,,,汉,五星
110412,110412,100,2,3,900,900,900,900,900,9,9,9,9,9,200108,0,110411,0,0,0,0,0,0,0,0,0,0,0,0,0,0,0,0,1,4,0,0,0,1,0,0,0,0,2,,侍卫,,适合作为素材卡使用！,?,,,,11041101,,,,汉,五星
110413,110413,100,3,3,900,900,900,900,900,9,9,9,9,9,200108,0,110411,0,0,0,0,0,0,0,0,0,0,0,0,0,0,0,0,1,4,0,0,0,1,0,0,0,0,3,,侍卫,,适合作为素材卡使用！,?,,,,11041101,,,,汉,五星
110421,110421,100,1,3,900,900,900,900,900,9,9,9,9,9,200108,0,110411,0,0,0,0,0,0,0,0,0,0,0,0,0,0,0,0,2,4,0,0,0,1,0,0,0,0,1,,侍卫,,适合作为素材卡使用！,?,,,,11041101,,,,魏,五星
110422,110422,100,2,3,900,900,900,900,900,9,9,9,9,9,200108,0,110411,0,0,0,0,0,0,0,0,0,0,0,0,0,0,0,0,2,4,0,0,0,1,0,0,0,0,2,,侍卫,,适合作为素材卡使用！,?,,,,11041101,,,,魏,五星
110423,110423,100,3,3,900,900,900,900,900,9,9,9,9,9,200108,0,110411,0,0,0,0,0,0,0,0,0,0,0,0,0,0,0,0,2,4,0,0,0,1,0,0,0,0,3,,侍卫,,适合作为素材卡使用！,?,,,,11041101,,,,魏,五星
110431,110431,100,1,3,900,900,900,900,900,9,9,9,9,9,200108,0,110411,0,0,0,0,0,0,0,0,0,0,0,0,0,0,0,0,3,4,0,0,0,1,0,0,0,0,1,,侍卫,,适合作为素材卡使用！,?,,,,11041101,,,,蜀,五星
110432,110432,100,2,3,900,900,900,900,900,9,9,9,9,9,200108,0,110411,0,0,0,0,0,0,0,0,0,0,0,0,0,0,0,0,3,4,0,0,0,1,0,0,0,0,2,,侍卫,,适合作为素材卡使用！,?,,,,11041101,,,,蜀,五星
110433,110433,100,3,3,900,900,900,900,900,9,9,9,9,9,200108,0,110411,0,0,0,0,0,0,0,0,0,0,0,0,0,0,0,0,3,4,0,0,0,1,0,0,0,0,3,,侍卫,,适合作为素材卡使用！,?,,,,11041101,,,,蜀,五星
110435,110435,200,3,3,0,0,0,0,0,0,0,0,0,0,200184,100435,0,0,2,0,0,0,0,0,0,0,0,850,0,0,0,0,0,2,4,0,1,0,1,0,0,0,0,3,5,魏·夏侯渊·骑,,·可解锁@【魏·夏侯渊·骑】、【魏·夏侯渊·骑·SP】@武将卡的征服限定画像\n·可在对应武将卡的外观界面更换画像\n·获得画像后，若暂无对应武将卡，将在拥有武将卡后即刻解锁对应画像,?,,,,11043501,,,,魏,五星
110441,110441,100,1,3,900,900,900,900,900,9,9,9,9,9,200108,0,110411,0,0,0,0,0,0,0,0,0,0,0,0,0,0,0,0,4,4,0,0,0,1,0,0,0,0,1,,侍卫,,适合作为素材卡使用！,?,,,,11041101,,,,吴,五星
110442,110442,100,2,3,900,900,900,900,900,9,9,9,9,9,200108,0,110411,0,0,0,0,0,0,0,0,0,0,0,0,0,0,0,0,4,4,0,0,0,1,0,0,0,0,2,,侍卫,,适合作为素材卡使用！,?,,,,11041101,,,,吴,五星
110443,110443,100,3,3,900,900,900,900,900,9,9,9,9,9,200108,0,110411,0,0,0,0,0,0,0,0,0,0,0,0,0,0,0,0,4,4,0,0,0,1,0,0,0,0,3,,侍卫,,适合作为素材卡使用！,?,,,,11041101,,,,吴,五星
110451,110451,100,1,3,900,900,900,900,900,9,9,9,9,9,200108,0,110411,0,0,0,0,0,0,0,0,0,0,0,0,0,0,0,0,5,4,0,0,0,1,0,0,0,0,1,,侍卫,,适合作为素材卡使用！,?,,,,11041101,,,,群,五星
110452,110452,100,2,3,900,900,900,900,900,9,9,9,9,9,200108,0,110411,0,0,0,0,0,0,0,0,0,0,0,0,0,0,0,0,5,4,0,0,0,1,0,0,0,0,2,,侍卫,,适合作为素材卡使用！,?,,,,11041101,,,,群,五星
110453,110453,100,3,3,900,900,900,900,900,9,9,9,9,9,200108,0,110411,0,0,0,0,0,0,0,0,0,0,0,0,0,0,0,0,5,4,0,0,0,1,0,0,0,0,3,,侍卫,,适合作为素材卡使用！,?,,,,11041101,,,,群,五星
110454,110454,25,2,2,8100,7900,7700,3200,1600,122,107,92,44,100,200184,0,110455,0,0,0,0,0,0,0,0,0,0,0,0,0,0,0,0,2,2,0,0,0,0,0,0,0,0,2,,白衣甲士,,活动武将,?,,,,11045401,,,,魏,三星
110455,110455,25,1,4,7700,8700,8800,5000,900,78,111,113,57,69,200184,0,110454,0,0,0,0,0,0,0,0,0,0,0,0,0,0,0,0,2,2,0,0,0,0,0,0,0,0,1,,白衣死士,,活动武将,?,,,,11045501,,,,魏,三星
110461,110461,100,1,3,900,900,900,900,900,9,9,9,9,9,200108,0,110411,0,0,0,0,0,0,0,0,0,0,0,0,0,0,0,0,6,4,0,0,0,1,0,0,0,0,1,,侍卫,,适合作为素材卡使用！,?,,,,11041101,,,,晋,五星
110462,110462,100,2,3,900,900,900,900,900,9,9,9,9,9,200108,0,110411,0,0,0,0,0,0,0,0,0,0,0,0,0,0,0,0,6,4,0,0,0,1,0,0,0,0,2,,侍卫,,适合作为素材卡使用！,?,,,,11041101,,,,晋,五星
110463,110463,100,3,3,900,900,900,900,900,9,9,9,9,9,200108,0,110411,0,0,0,0,0,0,0,0,0,0,0,0,0,0,0,0,6,4,0,0,0,1,0,0,0,0,3,,侍卫,,适合作为素材卡使用！,?,,,,11041101,,,,晋,五星
110479,110479,200,1,3,0,0,0,0,0,0,0,0,0,0,200184,100479,0,0,2,0,0,0,0,0,0,0,0,850,0,0,0,0,0,5,4,0,1,0,1,0,0,0,0,1,5,群·吕布·弓,,·可解锁@【群·吕布·弓】@武将卡的征服限定画像\n·可在对应武将卡的外观界面更换画像\n·获得画像后，若暂无对应武将卡，将在拥有武将卡后即刻解锁对应画像,?,,,,11047901,,,,群,五星
110500,110500,200,1,3,0,0,0,0,0,0,0,0,0,0,200784,0,0,0,0,0,0,0,0,0,0,0,0,0,0,0,0,0,0,5,4,0,1,0,1,0,0,0,0,1,1,桃园结义,,    桃园三结义是《三国演义》的第一篇第一回，历史上是否确有其事，各家纷说不一。但刘关张三人恩若兄弟，确实是毋庸置疑的。\n    东汉末年，朝政腐败，天灾人祸，民不聊生。黄巾军大乱，刘焉发榜招募义军。刘玄德素有大志，专好结交天下豪杰。及发榜时，玄德已二十有八，驻于榜前长叹。身后一八尺大汉厉声问道“大丈夫不与国家出力，何故长叹？”玄德告知，两人相谈甚欢，于是一同相约去饮酒。此时关羽入店，大喊：“快斟酒来吃，我待赶入城去投军。”刘张二人于是邀关羽同坐，三人共谈，意气相合。\n    次日，于张飞庄园后一桃园，备下乌牛白马，焚香三拜，誓告天地，结为异姓兄弟，不求同年同月同日生，只愿同年同月同日死。誓毕，拜刘备为兄，关羽次之，张飞为弟。\n    桃园一日兄和弟，俎豆千秋帝与王。此后三人同甘苦，共患难，被后世传为一段佳话。,?,,,一日兄弟，千秋帝王,0,,,,群,五星
110501,110501,200,1,3,0,0,0,0,0,0,0,0,0,0,200788,0,0,0,0,0,0,0,0,0,0,0,0,0,0,0,0,0,0,5,4,0,1,0,1,0,0,0,0,1,1,枭雄,,    中平六年，董卓欲拉拢曹操，操以董卓倒行逆施，必败，遂不就拜，逃归乡里。董卓大怒，发榜追缉之。\n    后被中牟县令陈宫所擒，不料陈宫因曹操高义弃官与其共走。途经曹操父亲旧友吕伯奢处借宿。《魏书》裴注引孙盛《杂记》载曰：“太祖闻其食器之声，以为图之，遂夜杀之。即而凄怆曰：宁我负人，毋人负我！遂行”《三国演义》中将此句改为“宁教我负天下人，休教天下人负我”。自此曹孟德为后世所诟。\n    历观古今书籍所载，对曹操为人或褒或贬。《魏书》称其为超世之杰，裴注评之酷虐变诈。且不论曹孟德为人大是大非，作为一代枭雄，曹操精兵法，善歌赋，字里行间，慷慨悲凉，胸怀天下。\n    未能审其生出本末，但道：子治世之能臣，乱世之奸雄也。,?,,,宁我负人，毋人负我,0,,,,群,五星
110502,110502,200,1,3,0,0,0,0,0,0,0,0,0,0,200789,0,0,0,0,0,0,0,0,0,0,0,0,0,0,0,0,0,0,5,4,0,1,0,1,0,0,0,0,1,1,凤仪亭,,    “凤仪亭”又名“梳妆掷戟”，讲述貂蝉吕布二人在凤仪亭私会，被董卓撞破的故事。史书中鲜有记载，因此现今流传的《凤仪亭》的故事均以《演义》为蓝本。\n    话说自古红颜多薄命。 貂蝉本是司徒王允府上一歌女，国色天香，能歌善舞。王允眼看董卓即将夺取东汉天下，遂使连环计。暗自里将貂蝉许配给吕布，明里又将貂蝉赠予董卓，间隙二人关系。\n    貂蝉既入董府，朝夕曲艺侍奉，以博奸卓欢，而挑莽布怒。一日，貂蝉，吕布二人凤仪亭私会，假意哭诉被太师霸占之苦，怨吕布负心，责其无能。吕布听罢，甚是愤恨。此时，董太师下朝归来，蓦然撞见义子与姬絮语缠绵，勃然大怒，一把夺过方天画戟，向吕布直掷。布飞身跃走，记恨于心，自此，起了叛卓而诛之之意。,?,,,巧施连环，梳妆掷戟,0,,,,群,五星
110503,110503,200,1,3,0,0,0,0,0,0,0,0,0,0,200814,0,0,0,0,0,0,0,0,0,0,0,0,0,0,0,0,0,0,5,4,0,1,0,1,0,0,0,0,1,1,汜水关,,    汜水关之战出自《三国演义》第五回，讲述的是十八路诸侯联军与董卓军战于汜水关，董卓麾下大将华雄要求与联军一对一战斗最终为关羽所斩的故事。虽《三国志》中记载斩华雄之人是孙坚，但演义中关羽温酒斩华雄的经典表现非常深入人心。\n    华雄在诸侯营外，挟先前胜孙坚之势大加嘲讽，又接连战胜联军数将。最后，时任玄德麾下马弓手的关羽自荐出战。阵前，袁绍曰：“使一弓手出战，必被华雄所笑。” 操曰：“此人仪表不俗，华雄安知他是弓手？”关公曰：“如不胜，请斩某头。”操教酾热酒一杯，与关公饮了上马。关公将酒置于一旁，出营与华雄对战，只听战场鼓声惊擂动地，关羽引马回营，随手掷下一物，正是华雄之首级，此时其酒尚温。\n    后人有诗赞之曰：\n    威镇乾坤第一功，辕门画鼓响咚咚。\n    云长停盏施英勇，酒尚温时斩华雄。,?,,,惊雷得胜，其酒尚温,0,,,,群,五星
110504,110504,200,1,3,0,0,0,0,0,0,0,0,0,0,200834,0,0,0,0,0,0,0,0,0,0,0,0,0,0,0,0,0,0,5,4,0,1,0,1,0,0,0,0,1,1,人中吕布,,    记于《三国演义》第五回，诸侯讨董之虎牢关大战，此战成就了吕布天下无双的威名，也让桃园三英首次在世人眼前集体亮相：\n    两军阵前，温侯吕布搦战，刺毙穆顺、伤武安国，又败公孙瓒，索命一戟将至之际，却听如雷怒吼“燕人张翼德在此！”两将而交，双骑对决，五十余合不分胜负。复有云长兄弟情切，上前迎战，三方若走马转灯，又三十余合不见高下。此时，玄德掣双剑加入助战。吕布以一敌三，兀自不肯退却，亦无法取得胜势。又战多时，吕布虚晃一戟，骗得玄德失据，由此破阵而出。彼时，金鼓齐鸣、号喊大阵，诸侯大军掩杀而至。\n    此一战中，吕布于虎牢关前力战三英，虽无胜，犹以勇武天下之姿，昭示“人中吕布、马中赤兔”之语。\n    曾有言赞云：\n        龙驹跳踏起天风，画戟荧煌射秋水\n        喊声震动天地翻，杀气迷漫牛斗寒。,?,,,三英齐出，温侯无双,0,,,,群,五星
110505,110505,200,1,3,0,0,0,0,0,0,0,0,0,0,200844,0,0,0,0,0,0,0,0,0,0,0,0,0,0,0,0,0,0,5,4,0,1,0,1,0,0,0,0,1,1,鼎足江东,,@【史】@建安五年（200年），孙权接亡兄孙策之位掌管江东，此时孙权只占有会稽等六郡，边远险要之地尚未完全归从，更有甚者如庐江太守李术等公开反叛。孙权临危受命，分遣诸将，讨逆平乱，三四年后叛乱逐渐平息，从此，孙权成为江东的实际统治者。\n\n^【演】^建安五年，孙策于会猎时被人偷袭，身负重伤。弥留之际，交印绶予孙权：“举江东之众，沙场驰骋，决机于两阵之间，与天下争衡，卿不如我。举贤任能，运筹于帷幄，各尽其心，以保江东，我不如卿。”并嘱咐曰：“倘内事不决，可问张昭；外事不决，可问周瑜。”\n\n孙权时年十九，承孙策遗命，掌江东之事。后鲁肃与权合榻而饮时，献策曰：“鼎足江东，以观天下之衅”，权深以为然。幸得周瑜、鲁肃、诸葛瑾、张昭等贤能辅助，大战少败，终使孙权得以鼎足江东，称雄天下。,?,,,临危受命，吴主掌事,0,,,,群,五星
110506,110506,200,1,3,0,0,0,0,0,0,0,0,0,0,200862,0,0,0,0,0,0,0,0,0,0,0,0,0,0,0,0,0,0,5,4,0,1,0,1,0,0,0,0,1,1,单骑救主,,@【史】@建安十三年（公元208年），曹操派五千虎豹骑追击刘备，曹军于当阳长坂追上刘备军。刘备不敌曹军遂撤退，其间刘备与两位夫人失散，赵云只身攻入曹营，救出甘夫人及幼子刘禅，得以相聚。三国志记载“一及先主为曹公所追於当阳长阪，弃妻子南走，云身抱弱子，即后主也，保护甘夫人，即后主母也，皆得免难”。\n\n^【演】^新野失利，曹操大怒，催动三军，漫山塞野，尽至新野下寨，兵分八路，填白河而进，直取樊城。刘备弃樊城，携民渡江，行至当阳，曹追军杀到，刘备望东逃走，诸将及老小皆不知存亡。赵云只身于曹营，刺杀夏侯恩夺青釭剑，寻至麋夫人及少主刘禅，夫人身负重伤，为保刘禅及赵云，翻身投入枯井。赵云携刘禅杀出重围，得曹操惜才，任其冲杀己阵，最终赵云怀阿斗，杀透重围，得以扶危小主。,?,,,银龙突围，七进七出,0,,,,群,五星
110507,110507,200,1,3,0,0,0,0,0,0,0,0,0,0,200888,0,0,0,0,0,0,0,0,0,0,0,0,0,0,0,0,0,0,5,4,0,1,0,1,0,0,0,0,1,1,当阳桥,,@【史】@初，刘备数败于袁术，投曹操以苟全。后生贰志，背曹公而依袁绍、刘表。曹操起军入荆，追至当阳桥，张飞使二十骑拒后，拆桥以拒之。曹操谓张飞无谋，欲击之，俄而飞横矛大叱：“身是张翼德也，可来共决死！”曹军心生惧意，众军皆退。三国志记载“飞据水断桥，瞋目横矛曰：‘身是张翼德也，可来共决死！’敌皆无敢近者，故遂得免”。\n\n^【演】^刘备败逃，曹操追至当阳，见张飞横矛立于桥头，大喝曰：“吾乃燕人张翼德，谁来与吾决一死战？”操忽忆昔日关羽曾曰：“吾三弟翼德，百万军中取上将首级，如探囊取物耳！”见张飞怒目横矛，更林间尘土大起，甚惧之。众将见曹操身经百战，今竟面有惧色，亦觉胆寒。张飞复喝曰：“战又不战，退又不退，是何道理！”打马扯缰，欲骤马飞溪状，曹将夏侯杰不胜惊吓，失足坠马而亡。曹操遂拨马以逃之，众士皆丢盔弃甲，抱头追随逃命而去。\n后有赞诗云：\n长坂桥头杀气生，横枪立马眼圆睁。\n一声好似轰雷震，独退曹家百万兵。,?,,,横矛立马，独退万兵,0,,,,群,五星
110508,110508,200,1,3,0,0,0,0,0,0,0,0,0,0,200926,0,0,0,0,0,0,0,0,0,0,0,0,0,0,0,0,0,0,5,4,0,1,0,1,0,0,0,0,1,1,威震逍遥,,@【史】@建安十九年（214年），曹操南征孙权失败，班师前留张辽、乐进、李典等七千多人防守合肥。至明年（215年），曹操出征张鲁时，派护军薛悌送函到合肥，写到“贼至乃发”。同时，孙权趁曹操远在汉中之际，于八月率大军进军合肥，讹称十万之众。张辽等便打开曹操之函，写到“若孙权至者，张、李将军出战，乐将军守；护军勿得与战。”张辽便引精锐八百人，备牛宴飨将士以备战。\n次日凌晨天色未亮之际，张辽披甲持戟，直陷敌阵；孙权军猝不及防，陈武力战至死，其军纷纷逃窜。孙权大惊，逃向附近山冢，以长戟自守。张辽在山下搦战，孙权不敢有所动。后张辽军因人数较少，被众军围困；张辽左突右冲，打开缺口，却又听到其余仍陷在阵中的军士呼喊，便再次冲入敌军解救余军；孙权军望风披靡，无人敢当，士气深受其挫。后孙权军久攻合肥不下而退军，又被张辽率军追击，大败而走，孙权几乎被擒。\n\n^【演】^演义中“威震逍遥津”的故事，正是记述的这场战役。张辽等将以八百精兵折孙权大军锐气，又凭七千之众阻吴军十万人马。孙权撤军之时，吴军被张辽率军追击，仓皇逃窜，孙权在凌统等人死战之下成功渡桥脱身。张辽则凭此战威震江东，声名大噪；江东小儿啼哭不肯止者，闻张辽之名不敢再啼。有诗云：“的庐当日跳檀溪，又见吴侯败合肥。退后着鞭驰骏骑，逍遥津上玉龙飞。”,?,,,江东小儿，不敢夜啼,0,,,,群,五星
110509,110509,200,1,3,0,0,0,0,0,0,0,0,0,0,200244,0,0,0,0,0,0,0,0,0,0,0,0,0,0,0,0,0,0,5,4,0,1,0,1,0,0,0,0,1,1,正始之变,,    魏明帝曹叡去世后，年仅八岁的曹芳继位，大将军曹爽和太尉司马懿受托孤之命辅政。曹爽把持朝权后排挤司马懿，司马懿被迫迁官为有名无权的太傅。此后，曹爽任用私人，专权乱政，逐步掌控宫中禁军，权倾朝野。司马懿被迫远离曹魏政局后，表面借故生病辞职以避曹爽，令曹爽对他放松警惕；暗中与司马师、司马昭和太尉蒋济等人谋划政变。\n    正始十年正月，少帝曹芳于高平陵拜谒魏明帝之墓，曹爽携其亲信同往。司马懿抓住机会，以郭太后之名下令关闭城门，率死士占领武库，派兵出城拒守洛水浮桥，命太仆王观领兵占据曹羲营地，一举夺下洛阳城内的控制权。同时，司马懿向魏帝禀诉曹爽罪状，遣曹爽亲信尹大目等人劝降曹爽，指洛水为誓，答应仅夺其官职。曹爽投降后，受司马懿软禁监视于府邸，不久后有司奏告曹爽谋逆，曹爽及其亲信一并入狱，最终被夷三族。\n    司马氏凭借本次政变，消灭了曹氏宗室的政治力量，实际控制了曹魏政权，为晋代魏奠定了基础。,?,,,伏隐十年，正始夺权,0,,,,群,五星
110510,110510,200,1,3,0,0,0,0,0,0,0,0,0,0,200263,0,0,0,0,0,0,0,0,0,0,0,0,0,0,0,0,0,0,5,4,0,1,0,1,0,0,0,0,1,1,火烧连营,,    蜀汉章武元年（221年），刘备为报孙权偷袭关羽之仇，起兵东征伐吴。孙权任命陆逊为大都督，率军抵抗。\n    在蜀汉军队击败吴军前锋，夺取秭归后，陆逊选择避其锋芒，坚守不战，双方相持于夷道猇亭处。蜀汉军队无法速战速决，且夏日炎热，锐气渐失，士气低落。\n    为舒缓军士酷热之苦，刘备命蜀军在山林中安营扎寨以避暑热。陆逊发现战机，在尝试小规模进攻之后，定计破敌，命士兵以火攻进攻蜀汉军营。蜀军营寨的木栅和周围的林木为易燃之物，火势迅速在各营漫延。蜀军大乱，被吴军连破四十余营。\n    在火烧连营之后，蜀汉军队损失了大量将领、士兵和辎重，刘备收拢败兵返回白帝城，而陆逊为了防备曹魏集团的袭击，并未深入追击，夷陵之战结束，东吴取得了胜利。,?,,,滔天烈焰，惊世威名,0,,,,群,五星
110511,110511,200,1,3,0,0,0,0,0,0,0,0,0,0,200293,0,0,0,0,0,0,0,0,0,0,0,0,0,0,0,0,0,0,5,4,0,1,0,1,0,0,0,0,1,1,定军山,,    建安二十四年（219年）正月，刘备为夺取汉中这一战略要地，与曹操守将夏侯渊在定军山（今陕西勉县南）展开激战。\n    在久攻阳平关不克后，刘备采纳谋士法正的计谋，率军南渡汉水，占据定军山这一有利地形。夏侯渊率军前来争夺，双方对峙于山前。夏侯渊筑围与刘备军相持，自己率轻兵守南围，命张郃守东围。刘备则派兵夜袭张郃据守的东围，并焚烧曹军营寨的防御工事“鹿角”。张郃作战不利，夏侯渊分兵一半前往救援。刘备趁夏侯渊亲自率兵救火、营寨兵力空虚之机，派讨虏将军黄忠居高临下发起突袭。夏侯渊措手不及，被黄忠阵斩，曹军大败。\n    此战蜀军在法正的谋划下，通过调动敌军、避实击虚的战术，阵斩魏军主将夏侯渊，使刘备军获得了关键胜利，打破了此前在汉中的长期对峙僵局。夏侯渊战死后，曹操虽亲率大军来援，但最终被迫撤军，刘备得以占据汉中，并在同年七月自立为汉中王，为日后蜀汉政权的建立奠定了坚实基础。,?,,,斩将擎旗，威震汉中,0,,,,群,五星
110512,110512,200,1,3,0,0,0,0,0,0,0,0,0,0,200298,0,0,0,0,0,0,0,0,0,0,0,0,0,0,0,0,0,0,5,4,0,1,0,1,0,0,0,0,1,1,七擒七纵,,七擒七纵，记于《三国演义》第八十七回至九十回。蜀汉建兴三年（225年），南中诸郡叛乱，丞相诸葛亮亲率大军南征。参军马谡进言：“用兵之道，攻心为上，攻城为下。”孔明纳之，遂定攻心之策。南蛮首领孟获，素为夷汉所服，聚众拒蜀；孔明知其勇而少谋，志在收其心，故每擒而不杀，纵之复战。孟获诈降、借瘴、乞藤甲之兵，机变百出，然屡战屡擒、屡擒屡纵。至七擒之时，获泣拜曰：“公，天威也，南人不复反矣！”遂率众永附。其后终亮之世，南方不复叛。盖七擒之功，不在斩将夺城，而在收伏人心，此正孔明“攻心”之远略也。,?,,,七擒七纵，攻心为上,0,,,,群,五星
110992,110992,100,3,3,0,0,0,0,0,0,0,0,0,0,200184,0,100533,0,0,0,0,0,0,0,0,0,0,0,0,0,0,0,0,2,4,0,0,0,0,0,0,0,0,3,,蟠龙,,,?,,,,0,,,,魏,五星
110993,110993,100,2,3,0,0,0,0,0,0,0,0,0,0,200184,0,100533,0,0,0,0,0,0,0,0,0,0,0,0,0,0,0,0,3,4,0,0,0,0,0,0,0,0,2,,蟠龙,,,?,,,,0,,,,蜀,五星
110994,110994,100,1,3,0,0,0,0,0,0,0,0,0,0,200184,0,100533,0,0,0,0,0,0,0,0,0,0,0,0,0,0,0,0,4,4,0,0,0,0,0,0,0,0,1,,蟠龙,,,?,,,,0,,,,吴,五星
110995,110995,100,3,3,0,0,0,0,0,0,0,0,0,0,200184,0,100533,0,0,0,0,0,0,0,0,0,0,0,0,0,0,0,0,5,4,0,0,0,0,0,0,0,0,3,,蟠龙,,,?,,,,0,,,,群,五星
110996,110996,100,1,3,0,0,0,0,0,0,0,0,0,0,200184,0,100533,0,0,0,0,0,0,0,0,0,0,0,0,0,0,0,0,1,4,0,0,0,0,0,0,0,0,1,,蟠龙,,,?,,,,0,,,,汉,五星
110997,110997,200,2,3,0,0,0,0,0,0,0,0,0,0,200184,0,110001,0,0,0,0,0,0,0,0,0,0,250,0,0,0,0,0,5,3,0,1,0,1,0,0,0,0,2,4,蟠龙,,,?,,,,0,,,,群,四星
110998,110998,200,2,3,0,0,0,0,0,0,0,0,0,0,200184,0,110001,0,0,0,0,0,0,0,0,0,0,0,0,0,0,0,0,5,3,0,1,0,0,0,0,0,0,2,4,蟠龙·攻,,,?,,,,0,,,,群,四星
110999,110999,200,3,3,0,0,0,0,0,0,0,0,0,0,200184,0,110001,0,0,0,0,0,0,0,0,0,0,0,0,0,0,0,0,5,3,0,1,0,0,0,0,0,0,3,4,蟠龙·谋,,,?,,,,0,,,,群,四星
111001,111001,200,3,3,0,0,0,0,0,0,0,0,0,0,200184,100784,0,0,4,1,0,0,0,0,0,0,0,500,0,0,0,0,0,4,4,0,1,0,1,0,0,0,0,3,5,宵灯夜雪,,·可解锁@【吴·周瑜·步】@武将卡的@宵灯夜雪@画像\n·可在对应武将卡的外观界面更换画像\n·获得画像后，若暂无对应武将卡，将在拥有武将卡后即刻解锁对应画像,?,,,,11100101,,,,吴,五星
111002,111002,200,3,3,0,0,0,0,0,0,0,0,0,0,200184,100020,0,0,0,1,0,0,0,0,0,0,0,500,0,0,0,0,0,3,4,0,1,0,1,0,0,0,0,3,5,预窥天命,,·可解锁@【蜀·黄月英·步】@武将卡的@预窥天命@画像\n·可在对应武将卡的外观界面更换画像\n·获得画像后，若暂无对应武将卡，将在拥有武将卡后即刻解锁对应画像,?,,,,11100201,,,,蜀,五星
111003,111003,200,3,3,0,0,0,0,0,0,0,0,0,0,200184,100037,0,0,0,1,0,0,0,0,0,0,0,500,0,0,0,0,0,1,4,0,1,0,1,0,0,0,0,3,5,诡秘巫魇,,·可解锁@【汉·何太后·弓】@武将卡的@诡秘巫魇@画像\n·可在对应武将卡的外观界面更换画像\n·获得画像后，若暂无对应武将卡，将在拥有武将卡后即刻解锁对应画像,?,,,,11100301,,,,汉,五星
111004,111004,200,3,3,0,0,0,0,0,0,0,0,0,0,200184,100003,0,0,0,1,0,0,0,0,0,0,0,500,0,0,0,0,0,1,4,0,1,0,1,0,0,0,0,3,5,赤霄翎骑,,·可解锁@【汉·吕布·骑】@武将卡的@赤霄翎骑@画像\n·可在对应武将卡的外观界面更换画像\n·获得画像后，若暂无对应武将卡，将在拥有武将卡后即刻解锁对应画像,?,,,,11100401,,,,汉,五星
111005,111005,200,3,3,0,0,0,0,0,0,0,0,0,0,200184,100009,0,0,0,1,0,0,0,0,0,0,0,500,0,0,0,0,0,5,4,0,1,0,1,0,0,0,0,3,5,狼噬汉祚,,·可解锁@【群·董卓·骑】@武将卡的@狼噬汉祚@画像\n·可在对应武将卡的外观界面更换画像\n·获得画像后，若暂无对应武将卡，将在拥有武将卡后即刻解锁对应画像,?,,,,11100501,,,,群,五星
111006,111006,200,3,3,0,0,0,0,0,0,0,0,0,0,200184,100034,0,0,0,0,0,0,0,0,0,0,0,900,0,0,0,0,0,4,4,0,1,0,1,1,0,0,0,3,5,折冲江海,,·可解锁@【吴·甘宁·步】@武将卡的@折冲江海@画像\n·可在对应武将卡的外观界面更换画像\n·获得画像后，若暂无对应武将卡，将在拥有武将卡后即刻解锁对应画像\n·获得画像后，即刻解锁@折冲江海@专属头像及头像框，可在内政界面使用\n·获得画像后，即刻解锁@折冲江海@登录主题，可在登录界面设置,?,,,,11100601,,,,吴,五星
111007,111007,200,3,3,0,0,0,0,0,0,0,0,0,0,200184,100704,0,0,0,1,0,0,0,0,0,0,0,500,0,0,0,0,0,6,4,0,1,0,1,0,0,0,0,3,5,秋社夯歌,,·可解锁@【晋·文鸯·骑】@武将卡的@秋社夯歌@画像\n·可在对应武将卡的外观界面更换画像\n·获得画像后，若暂无对应武将卡，将在拥有武将卡后即刻解锁对应画像,?,,,,11100701,,,,晋,五星
111008,111008,200,3,3,0,0,0,0,0,0,0,0,0,0,200184,100452,0,0,0,1,0,0,0,0,0,0,0,500,0,0,0,0,0,5,4,0,1,0,1,0,0,0,0,3,5,祀动蛰雷,,·可解锁@【群·木鹿大王·骑】@武将卡的@祀动蛰雷@画像\n·可在对应武将卡的外观界面更换画像\n·获得画像后，若暂无对应武将卡，将在拥有武将卡后即刻解锁对应画像,?,,,,11100801,,,,群,五星
111009,111009,200,3,3,0,0,0,0,0,0,0,0,0,0,200184,100787,0,0,4,1,0,0,0,0,0,0,0,500,0,0,0,0,0,2,4,0,1,0,1,0,0,0,0,3,5,盈禾计亩,,·可解锁@【魏·程昱·弓】@武将卡的@盈禾计亩@画像\n·可在对应武将卡的外观界面更换画像\n·获得画像后，若暂无对应武将卡，将在拥有武将卡后即刻解锁对应画像,?,,,,11100901,,,,魏,五星
111010,111010,200,3,3,0,0,0,0,0,0,0,0,0,0,200184,100451,0,0,4,1,0,0,0,0,0,0,0,500,0,0,0,0,0,3,4,0,1,0,1,0,0,0,0,3,5,关羽擒将,,·可解锁@【蜀·关羽·骑】@武将卡的@关羽擒将@画像\n·可在对应武将卡的外观界面更换画像\n·获得画像后，若暂无对应武将卡，将在拥有武将卡后即刻解锁对应画像,?,,,,11101001,,,,蜀,五星
111011,111011,200,3,3,0,0,0,0,0,0,0,0,0,0,200184,100015,0,0,0,1,0,0,0,0,0,0,0,500,0,0,0,0,0,5,4,0,1,0,1,0,0,0,0,3,5,洛神赋,,·可解锁@【群·甄洛·弓】@、@【群·甄洛·弓·SP】@武将卡的@洛神赋@画像\n·可在对应武将卡的外观界面更换画像\n·获得画像后，若暂无对应武将卡，将在拥有武将卡后即刻解锁对应画像,?,,,,11101101,,,,群,五星
111012,111012,200,3,3,0,0,0,0,0,0,0,0,0,0,200184,100589,0,0,0,0,0,0,0,0,0,0,0,900,0,0,0,0,0,4,4,0,1,0,1,1,0,0,0,3,5,芳菲虎臣,,·可解锁@【吴·周泰·步】@武将卡的@芳菲虎臣@画像\n·可在对应武将卡的外观界面更换画像\n·获得画像后，若暂无对应武将卡，将在拥有武将卡后即刻解锁对应画像\n·获得画像后，即刻解锁@芳菲虎臣@专属头像及头像框，可在内政界面使用\n·获得画像后，即刻解锁@芳菲虎臣@登录主题，可在登录界面设置,?,,,,11101201,,,,吴,五星
111014,111014,200,3,3,0,0,0,0,0,0,0,0,0,0,200184,100006,0,0,0,1,0,0,0,0,0,0,0,500,0,0,0,0,0,3,4,0,1,0,1,0,0,0,0,3,5,剑指许都,,·可解锁@【汉·袁绍·步】@武将卡的@剑指许都@画像\n·可在对应武将卡的外观界面更换画像\n·获得画像后，若暂无对应武将卡，将在拥有武将卡后即刻解锁对应画像,?,,,,11101401,,,,蜀,五星
111015,111015,200,3,3,0,0,0,0,0,0,0,0,0,0,200184,100023,0,0,0,1,0,0,0,0,0,0,0,500,0,0,0,0,0,3,4,0,1,0,1,0,0,0,0,3,5,山河建麾,,·可解锁@【魏·曹操·骑】@、~【汉·曹操·骑】~武将卡的@山河建麾@画像\n·可在对应武将卡的外观界面更换画像\n·获得画像后，若暂无对应武将卡，将在拥有武将卡后即刻解锁对应画像,?,,,,11101501,,100042,,蜀,五星
111016,111016,200,3,3,0,0,0,0,0,0,0,0,0,0,200184,100795,0,0,4,1,0,0,0,0,0,0,0,500,0,0,0,0,0,3,4,0,1,0,1,0,0,0,0,3,5,龙困于渊,,·可解锁@【汉·献帝·骑】@、~【汉·献帝·弓】~武将卡的@龙困于渊@画像\n·可在对应武将卡的外观界面更换画像\n·获得画像后，若暂无对应武将卡，将在拥有武将卡后即刻解锁对应画像,?,,,,11101601,,100001,,蜀,五星
111017,111017,200,3,3,0,0,0,0,0,0,0,0,0,0,200184,100477,0,0,2,1,0,0,0,0,0,0,0,500,0,0,0,0,0,3,4,0,1,0,1,0,0,0,0,3,5,烟岚雨笠,,·可解锁@【蜀·庞统·步】@武将卡的@烟岚雨笠@画像\n·可在对应武将卡的外观界面更换画像\n·获得画像后，若暂无对应武将卡，将在拥有武将卡后即刻解锁对应画像,?,,,,11101701,,,,蜀,五星
111018,111018,200,3,3,0,0,0,0,0,0,0,0,0,0,200184,100072,0,0,0,1,0,0,0,0,0,0,0,500,0,0,0,0,0,3,4,0,1,0,1,0,0,0,0,3,5,嬉怡新夏,,·可解锁@【蜀·关银屏·步】@武将卡的@嬉怡新夏@画像\n·可在对应武将卡的外观界面更换画像\n·获得画像后，若暂无对应武将卡，将在拥有武将卡后即刻解锁对应画像,?,,,,11101801,,,,蜀,五星
111019,111019,200,3,3,0,0,0,0,0,0,0,0,0,0,200184,100337,0,0,0,0,0,0,0,0,0,0,0,900,0,0,0,0,0,5,4,0,1,0,1,1,0,0,0,3,5,霓裳魅影,,·可解锁@【群·貂蝉·步】@武将卡的@霓裳魅影@画像\n·可在对应武将卡的外观界面更换画像\n·获得画像后，若暂无对应武将卡，将在拥有武将卡后即刻解锁对应画像\n·获得画像后，即刻解锁@霓裳魅影@专属头像及头像框，可在内政界面使用\n·获得画像后，即刻解锁@霓裳魅影@登录主题，可在登录界面设置,?,,,,11101901,,,,群,五星
111020,111020,200,3,3,0,0,0,0,0,0,0,0,0,0,200184,100337,0,0,0,6,0,0,0,0,0,0,0,900,0,0,0,0,0,5,4,0,1,0,1,1,0,0,0,3,5,霓裳魅影·摇光,,·可解锁@【群·貂蝉·步】@武将卡的@霓裳魅影·摇光@画像\n·可在对应武将卡的外观界面更换画像\n·获得画像后，若暂无对应武将卡，将在拥有武将卡后即刻解锁对应画像\n·获得画像后，即刻解锁@霓裳魅影·摇光@专属头像及头像框，可在内政界面使用\n·获得画像后，即刻解锁@霓裳魅影·摇光@登录主题，可在登录界面设置,?,,,,11102001,,,,群,五星
111021,111021,200,3,3,0,0,0,0,0,0,0,0,0,0,200184,100498,0,0,3,1,0,0,0,0,0,0,0,500,0,0,0,0,0,2,4,0,1,0,1,0,0,0,0,3,5,霜露凝威,,·可解锁@【魏·曹纯·骑】@武将卡的@霜露凝威@画像\n·可在对应武将卡的外观界面更换画像\n·获得画像后，若暂无对应武将卡，将在拥有武将卡后即刻解锁对应画像,?,,,,11102101,,,,魏,五星
111022,111022,200,3,3,0,0,0,0,0,0,0,0,0,0,200184,100649,0,0,0,1,0,0,0,0,0,0,0,500,0,0,0,0,0,3,4,0,1,0,1,0,0,0,0,3,5,金风烹蟹,,·可解锁@【蜀·魏延·步】@武将卡的@金风烹蟹@画像\n·可在对应武将卡的外观界面更换画像\n·获得画像后，若暂无对应武将卡，将在拥有武将卡后即刻解锁对应画像,?,,,,11102201,,,,蜀,五星
111023,111023,200,3,3,0,0,0,0,0,0,0,0,0,0,200184,100016,0,0,0,0,0,0,0,0,0,0,0,900,0,0,0,0,0,3,4,0,1,0,1,1,0,0,0,3,5,穗安天下,,·可解锁@【蜀·刘备·步】@武将卡的@穗安天下@画像\n·可在对应武将卡的外观界面更换画像\n·获得画像后，若暂无对应武将卡，将在拥有武将卡后即刻解锁对应画像\n·获得画像后，即刻解锁@穗安天下@专属头像及头像框，可在内政界面使用\n·获得画像后，即刻解锁@穗安天下@登录主题，可在登录界面设置,?,,,,11102301,,,,蜀,五星
111024,111024,200,3,3,0,0,0,0,0,0,0,0,0,0,200184,100620,0,0,0,1,0,0,0,0,0,0,0,500,0,0,0,0,0,5,4,0,1,0,1,0,0,0,0,3,5,莲塘休夏,,·可解锁@【群·张绣·骑】@武将卡的@莲塘休夏@画像\n·可在对应武将卡的外观界面更换画像\n·获得画像后，若暂无对应武将卡，将在拥有武将卡后即刻解锁对应画像,?,,,,11102401,,,,群,五星
111025,111025,200,3,3,0,0,0,0,0,0,0,0,0,0,200184,100687,0,0,0,1,0,0,0,0,0,0,0,500,0,0,0,0,0,4,4,0,1,0,1,0,0,0,0,3,5,寒窗孤影,,·可解锁@【吴·小乔·弓】@武将卡的@寒窗孤影@画像\n·可在对应武将卡的外观界面更换画像\n·获得画像后，若暂无对应武将卡，将在拥有武将卡后即刻解锁对应画像,?,,,,11102501,,,,吴,五星
111026,111026,200,3,3,0,0,0,0,0,0,0,0,0,0,200184,100618,0,0,0,0,0,0,0,0,0,0,0,900,0,0,0,0,0,2,4,0,1,0,1,1,0,0,0,3,5,观时任数,,·可解锁@【魏·贾诩·弓】@武将卡的@观时任数@画像\n·可在对应武将卡的外观界面更换画像\n·获得画像后，若暂无对应武将卡，将在拥有武将卡后即刻解锁对应画像\n·获得画像后，即刻解锁@观时任数@专属头像及头像框，可在内政界面使用\n·获得画像后，即刻解锁@观时任数@登录主题，可在登录界面设置,?,,,,11102601,,,,魏,五星
111027,111027,200,3,3,0,0,0,0,0,0,0,0,0,0,200184,100619,0,0,0,0,0,0,0,0,0,0,0,900,0,0,0,0,0,4,4,0,1,0,1,1,0,0,0,3,5,飞天梦华·经典,,·可解锁@【吴·大乔·步】@武将卡的@飞天梦华·经典@画像\n·可在对应武将卡的外观界面更换画像\n·获得画像后，若暂无对应武将卡，将在拥有武将卡后即刻解锁对应画像\n·获得画像后，即刻解锁@飞天梦华·经典@专属头像及头像框，可在内政界面使用\n·获得画像后，即刻解锁@飞天梦华·经典@登录主题，可在登录界面设置,?,,,,11102701,,,,吴,五星
111028,111028,200,3,3,0,0,0,0,0,0,0,0,0,0,200184,100619,0,0,0,6,0,0,0,0,0,0,0,900,0,0,0,0,0,4,4,0,1,0,1,1,0,0,0,3,5,飞天梦华,,·可解锁@【吴·大乔·步】@武将卡的@飞天梦华@画像\n·可在对应武将卡的外观界面更换画像\n·获得画像后，若暂无对应武将卡，将在拥有武将卡后即刻解锁对应画像\n·获得画像后，即刻解锁@飞天梦华@专属头像及头像框，可在内政界面使用\n·获得画像后，即刻解锁@飞天梦华@登录主题，可在登录界面设置,?,,,,11102801,,,,吴,五星
111029,111029,200,3,3,0,0,0,0,0,0,0,0,0,0,200184,100025,0,0,0,1,0,0,0,0,0,0,0,500,0,0,0,0,0,5,4,0,1,0,1,0,0,0,0,3,5,西戎即叙,,·可解锁@【魏·曹丕·弓】@武将卡的@西戎即叙@画像\n·可在对应武将卡的外观界面更换画像\n·获得画像后，若暂无对应武将卡，将在拥有武将卡后即刻解锁对应画像,?,,,,11102901,,,,群,五星
111030,111030,200,3,3,0,0,0,0,0,0,0,0,0,0,200184,100703,0,0,0,1,0,0,0,0,0,0,0,500,0,0,0,0,0,5,4,0,1,0,1,0,0,0,0,3,5,丹陛迎春,,·可解锁@【晋·司马炎·步】@武将卡的@丹陛迎春@画像\n·可在对应武将卡的外观界面更换画像\n·获得画像后，若暂无对应武将卡，将在拥有武将卡后即刻解锁对应画像,?,,,,11103001,,,,群,五星
111031,111031,200,3,3,0,0,0,0,0,0,0,0,0,0,200184,100705,0,0,0,1,0,0,0,0,0,0,0,500,0,0,0,0,0,5,4,0,1,0,1,0,0,0,0,3,5,金马衔春,,·可解锁@【晋·杜预·弓】@武将卡的@金马衔春@画像\n·可在对应武将卡的外观界面更换画像\n·获得画像后，若暂无对应武将卡，将在拥有武将卡后即刻解锁对应画像,?,,,,11103101,,,,群,五星
111032,111032,200,3,3,0,0,0,0,0,0,0,0,0,0,200184,100709,0,0,4,1,0,0,0,0,0,0,0,500,0,0,0,0,0,5,4,0,1,0,1,0,0,0,0,3,5,宴乐春溪,,·可解锁@【晋·羊祜·步】@武将卡的@宴乐春溪@画像\n·可在对应武将卡的外观界面更换画像\n·获得画像后，若暂无对应武将卡，将在拥有武将卡后即刻解锁对应画像,?,,,,11103201,,,,群,五星
111033,111033,200,3,3,0,0,0,0,0,0,0,0,0,0,200184,100704,0,0,0,1,0,0,0,0,0,0,0,500,0,0,0,0,0,5,4,0,1,0,1,0,0,0,0,3,5,飞檐醉月,,·可解锁@【晋·文鸯·骑】@武将卡的@飞檐醉月@画像\n·可在对应武将卡的外观界面更换画像\n·获得画像后，若暂无对应武将卡，将在拥有武将卡后即刻解锁对应画像,?,,,,11103301,,,,群,五星
111034,111034,200,3,3,0,0,0,0,0,0,0,0,0,0,200184,100101,0,0,0,1,0,0,0,0,0,0,0,500,0,0,0,0,0,1,4,0,1,0,1,0,0,0,0,3,5,杨广,,·可解锁@【汉·灵帝·弓】@武将卡的@杨广@画像\n·可在对应武将卡的外观界面更换画像\n·获得画像后，若暂无对应武将卡，将在拥有武将卡后即刻解锁对应画像,?,,,,11103401,,,,汉,五星
111035,111035,200,3,3,0,0,0,0,0,0,0,0,0,0,200184,100021,0,0,0,1,0,0,0,0,0,0,0,600,0,0,0,0,0,3,4,0,1,0,1,0,0,0,0,3,5,刀马,,·可解锁@【蜀·赵云·步】@、@【蜀·赵云·步·SP】@武将卡的@刀马@画像\n·可在对应武将卡的外观界面更换画像\n·获得画像后，若暂无对应武将卡，将在拥有武将卡后即刻解锁对应画像,?,,,,11103501,,,,蜀,五星
111036,111036,200,3,3,0,0,0,0,0,0,0,0,0,0,200184,100476,0,0,2,1,0,0,0,0,0,0,0,600,0,0,0,0,0,2,4,0,1,0,1,0,0,0,0,3,5,知世郎,,·可解锁@【魏·郭嘉·骑】@武将卡的@知世郎@画像\n·可在对应武将卡的外观界面更换画像\n·获得画像后，若暂无对应武将卡，将在拥有武将卡后即刻解锁对应画像,?,,,,11103601,,,,魏,五星
111037,111037,200,3,3,0,0,0,0,0,0,0,0,0,0,200184,100019,0,0,0,1,0,0,0,0,0,0,0,600,0,0,0,0,0,3,4,0,1,0,1,0,0,0,0,3,5,阿育娅,,·可解锁@【蜀·马云禄·骑】@武将卡的@阿育娅@画像\n·可在对应武将卡的外观界面更换画像\n·获得画像后，若暂无对应武将卡，将在拥有武将卡后即刻解锁对应画像,?,,,,11103701,,,,蜀,五星
111038,111038,200,3,3,0,0,0,0,0,0,0,0,0,0,200184,100494,0,0,0,1,0,0,0,0,0,0,0,600,0,0,0,0,0,5,4,0,1,0,1,0,0,0,0,3,5,燕子娘,,·可解锁@【群·祝融夫人·骑】@、@【蜀·祝融夫人·骑·SP】@武将卡的@燕子娘@画像\n·可在对应武将卡的外观界面更换画像\n·获得画像后，若暂无对应武将卡，将在拥有武将卡后即刻解锁对应画像,?,,,,11103801,,,,群,五星
111039,111039,200,3,3,0,0,0,0,0,0,0,0,0,0,200184,100029,0,0,0,1,0,0,0,0,0,0,0,500,0,0,0,0,0,2,4,0,1,0,1,0,0,0,0,3,5,金带拥春,,·可解锁@【魏·张春华·弓】@武将卡的@金带拥春@画像\n·可在对应武将卡的外观界面更换画像\n·获得画像后，若暂无对应武将卡，将在拥有武将卡后即刻解锁对应画像,?,,,,11103901,,,,魏,五星
111040,111040,200,3,3,0,0,0,0,0,0,0,0,0,0,200184,100790,0,0,0,1,0,0,0,0,0,0,0,500,0,0,0,0,0,5,4,0,1,0,1,0,0,0,0,3,5,一阳来复,,·可解锁@【群·袁术·步】@武将卡的@一阳来复@画像\n·可在对应武将卡的外观界面更换画像\n·获得画像后，若暂无对应武将卡，将在拥有武将卡后即刻解锁对应画像,?,,,,11104001,,,,群,五星
111041,111041,200,3,3,0,0,0,0,0,0,0,0,0,0,200184,100030,0,0,0,0,0,0,0,0,0,0,0,900,0,0,0,0,0,4,4,0,1,0,1,1,0,0,0,3,5,一箭摧斑,,·可解锁@【吴·孙权·弓】@武将卡的@一箭摧斑@画像\n·可在对应武将卡的外观界面更换画像\n·获得画像后，若暂无对应武将卡，将在拥有武将卡后即刻解锁对应画像\n·获得画像后，即刻解锁@一箭摧斑@专属头像及头像框，可在内政界面使用\n·获得画像后，即刻解锁@一箭摧斑@登录主题，可在登录界面设置,?,,,,11104101,,,,吴,五星
111042,111042,200,3,3,0,0,0,0,0,0,0,0,0,0,200184,100685,0,0,0,0,0,0,0,0,0,0,0,900,0,0,0,0,0,2,4,0,1,0,1,1,0,0,0,3,5,克城先登,,·可解锁@【魏·乐进·步】@武将卡的@克城先登@画像\n·可在对应武将卡的外观界面更换画像\n·获得画像后，若暂无对应武将卡，将在拥有武将卡后即刻解锁对应画像\n·获得画像后，即刻解锁@克城先登@专属头像及头像框，可在内政界面使用\n·获得画像后，即刻解锁@克城先登@登录主题，可在登录界面设置,?,,,,11104201,,,,魏,五星
111043,111043,200,3,3,0,0,0,0,0,0,0,0,0,0,200184,100021,0,0,0,1,0,0,0,0,0,0,0,600,0,0,0,0,0,3,4,0,1,0,1,0,0,0,0,3,5,永安救驾,,·可解锁@【蜀·赵云·步】@、@【蜀·赵云·步·SP】@武将卡的@永安救驾@画像\n·可在对应武将卡的外观界面更换画像\n·获得画像后，若暂无对应武将卡，将在拥有武将卡后即刻解锁对应画像,?,,,,11104301,,,,蜀,五星
111044,111044,200,3,3,0,0,0,0,0,0,0,0,0,0,200184,100479,0,0,2,0,0,0,0,0,0,0,0,900,0,0,0,0,0,2,4,0,1,0,1,1,0,0,0,3,5,鬼神无双,,·可解锁@【群·吕布·弓】@武将卡的@鬼神无双@画像\n·可在对应武将卡的外观界面更换画像\n·获得画像后，若暂无对应武将卡，将在拥有武将卡后即刻解锁对应画像\n·获得画像后，即刻解锁@鬼神无双@专属头像及头像框，可在内政界面使用\n·获得画像后，即刻解锁@鬼神无双@登录主题，可在登录界面设置,?,,,,11104401,,,,魏,五星
111045,111045,200,3,3,0,0,0,0,0,0,0,0,0,0,200184,100492,0,0,2,0,0,0,0,0,0,0,0,0,0,0,0,0,0,2,4,0,1,0,1,1,0,0,0,3,5,MC阿会喃,,mc联动守军皮肤,?,,,,11104501,,,,魏,五星
111046,111046,200,3,3,0,0,0,0,0,0,0,0,0,0,200184,100490,0,0,2,0,0,0,0,0,0,0,0,0,0,0,0,0,0,2,4,0,1,0,1,1,0,0,0,3,5,MC带来洞主,,mc联动守军皮肤,?,,,,11104601,,,,魏,五星
111047,111047,200,3,3,0,0,0,0,0,0,0,0,0,0,200184,100759,0,0,2,0,0,0,0,0,0,0,0,0,0,0,0,0,0,2,4,0,1,0,1,1,0,0,0,3,5,MC邓茂,,mc联动守军皮肤,?,,,,11104701,,,,魏,五星
111048,111048,200,3,3,0,0,0,0,0,0,0,0,0,0,200184,100146,0,0,2,0,0,0,0,0,0,0,0,0,0,0,0,0,0,2,4,0,1,0,1,1,0,0,0,3,5,MC邓忠,,mc联动守军皮肤,?,,,,11104801,,,,魏,五星
111049,111049,200,3,3,0,0,0,0,0,0,0,0,0,0,200184,100046,0,0,2,0,0,0,0,0,0,0,0,0,0,0,0,0,0,2,4,0,1,0,1,1,0,0,0,3,5,MC董姬,,mc联动守军皮肤,?,,,,11104901,,,,魏,五星
111050,111050,200,3,3,0,0,0,0,0,0,0,0,0,0,200184,100052,0,0,2,0,0,0,0,0,0,0,0,0,0,0,0,0,0,2,4,0,1,0,1,1,0,0,0,3,5,MC管亥,,mc联动守军皮肤,?,,,,11105001,,,,魏,五星
111051,111051,200,3,3,0,0,0,0,0,0,0,0,0,0,200184,100265,0,0,2,0,0,0,0,0,0,0,0,0,0,0,0,0,0,2,4,0,1,0,1,1,0,0,0,3,5,MC侯成,,mc联动守军皮肤,?,,,,11105101,,,,魏,五星
111052,111052,200,3,3,0,0,0,0,0,0,0,0,0,0,200184,100128,0,0,2,0,0,0,0,0,0,0,0,0,0,0,0,0,0,2,4,0,1,0,1,1,0,0,0,3,5,MC精兵,,mc联动守军皮肤,?,,,,11105201,,,,魏,五星
111053,111053,200,3,3,0,0,0,0,0,0,0,0,0,0,200184,100469,0,0,2,0,0,0,0,0,0,0,0,0,0,0,0,0,0,2,4,0,1,0,1,1,0,0,0,3,5,MC流寇,,mc联动守军皮肤,?,,,,11105301,,,,魏,五星
111054,111054,200,3,3,0,0,0,0,0,0,0,0,0,0,200184,100010,0,0,2,0,0,0,0,0,0,0,0,0,0,0,0,0,0,2,4,0,1,0,1,1,0,0,0,3,5,MC吕布,,mc联动守军皮肤,?,,,,11105401,,,,魏,五星
111055,111055,200,3,3,0,0,0,0,0,0,0,0,0,0,200184,100467,0,0,2,0,0,0,0,0,0,0,0,0,0,0,0,0,0,2,4,0,1,0,1,1,0,0,0,3,5,MC马贼,,mc联动守军皮肤,?,,,,11105501,,,,魏,五星
111056,111056,200,3,3,0,0,0,0,0,0,0,0,0,0,200184,100338,0,0,2,0,0,0,0,0,0,0,0,0,0,0,0,0,0,2,4,0,1,0,1,1,0,0,0,3,5,MC宋宪,,mc联动守军皮肤,?,,,,11105601,,,,魏,五星
111057,111057,200,3,3,0,0,0,0,0,0,0,0,0,0,200184,100792,0,0,4,1,0,0,0,0,0,0,0,500,0,0,0,0,0,3,4,0,1,0,1,0,0,0,0,3,5,春辉宣令,,·可解锁@【蜀·马良·步】@武将卡的@春辉宣令@画像\n·可在对应武将卡的外观界面更换画像\n·获得画像后，若暂无对应武将卡，将在拥有武将卡后即刻解锁对应画像,?,,,,11105701,,,,蜀,五星
111058,111058,200,3,3,0,0,0,0,0,0,0,0,0,0,200184,100337,0,0,0,1,0,0,0,0,0,0,0,500,0,0,0,0,0,5,4,0,1,0,1,0,0,0,0,3,5,莲步荷香,,·可解锁@【群·貂蝉·步】@武将卡的@莲步荷香@画像\n·可在对应武将卡的外观界面更换画像\n·获得画像后，若暂无对应武将卡，将在拥有武将卡后即刻解锁对应画像,?,,,,11105801,,,,群,五星
111059,111059,200,3,3,0,0,0,0,0,0,0,0,0,0,200184,100358,0,0,0,1,0,0,0,0,0,0,0,500,0,0,0,0,0,3,4,0,1,0,1,0,0,0,0,3,5,灼灼夭桃,,·可解锁@【蜀·张姬·弓】@武将卡的@灼灼夭桃@画像\n·可在对应武将卡的外观界面更换画像\n·获得画像后，若暂无对应武将卡，将在拥有武将卡后即刻解锁对应画像,?,,,,11105901,,,,蜀,五星
111060,111060,200,3,3,0,0,0,0,0,0,0,0,0,0,200184,100498,0,0,3,0,0,0,0,0,0,0,0,900,0,0,0,0,0,2,4,0,1,0,1,1,0,0,0,3,5,龙骧虎骑,,·可解锁@【魏·曹纯·骑】@武将卡的@龙骧虎骑@画像\n·可在对应武将卡的外观界面更换画像\n·获得画像后，若暂无对应武将卡，将在拥有武将卡后即刻解锁对应画像\n·获得画像后，即刻解锁@龙骧虎骑@专属头像及头像框，可在内政界面使用\n·获得画像后，即刻解锁@龙骧虎骑@登录主题，可在登录界面设置,?,,,,11106001,,,,魏,五星
111061,111061,200,3,3,0,0,0,0,0,0,0,0,0,0,200184,100496,0,0,3,0,0,0,0,0,0,0,0,900,0,0,0,0,0,3,4,0,1,0,1,1,0,0,0,3,5,出师表,,·可解锁@【蜀·诸葛亮·弓】@武将卡的@出师表@画像\n·可在对应武将卡的外观界面更换画像\n·获得画像后，若暂无对应武将卡，将在拥有武将卡后即刻解锁对应画像\n·获得画像后，即刻解锁@出师表@专属头像及头像框，可在内政界面使用\n·获得画像后，即刻解锁@出师表@登录主题，可在登录界面设置,?,,,,11106101,,,,蜀,五星
111066,111066,200,3,3,0,0,0,0,0,0,0,0,0,0,200184,100016,0,0,0,1,0,0,0,0,0,0,0,500,0,0,0,0,0,3,4,0,1,0,1,0,0,0,0,3,5,踏雪求贤,,·可解锁@【蜀·刘备·步】@武将卡的@踏雪求贤@画像\n·可在对应武将卡的外观界面更换画像\n·获得画像后，若暂无对应武将卡，将在拥有武将卡后即刻解锁对应画像,?,,,,11106601,,,,蜀,五星
111067,111067,200,3,3,0,0,0,0,0,0,0,0,0,0,200184,100799,0,0,4,1,0,0,0,0,0,0,0,500,0,0,0,0,0,3,4,0,1,0,1,0,0,0,0,3,5,画策参军,,·可解锁@【蜀·马谡·骑】@武将卡的@画策参军@画像\n·可在对应武将卡的外观界面更换画像\n·获得画像后，若暂无对应武将卡，将在拥有武将卡后即刻解锁对应画像,?,,,,11106701,,,,蜀,五星
111068,111068,200,3,3,0,0,0,0,0,0,0,0,0,0,200184,100553,0,0,0,1,0,0,0,0,0,0,0,500,0,0,0,0,0,1,4,0,1,0,1,0,0,0,0,3,5,金风送雁,,·可解锁@【汉·朱儁·弓】@武将卡的@金风送雁@画像\n·可在对应武将卡的外观界面更换画像\n·获得画像后，若暂无对应武将卡，将在拥有武将卡后即刻解锁对应画像,?,,,,11106801,,,,汉,五星
120003,120003,200,3,3,0,0,0,0,0,0,0,0,0,0,200100,100003,100003,0,4,0,0,0,124283,0,0,0,0,0,0,0,0,0,0,1,3,0,1,1,1,0,0,0,0,3,10,汉·吕布·骑,,,?,,,,0,,,,汉,四星
120005,120005,200,1,3,0,0,0,0,0,0,0,0,0,0,270005,100005,100005,0,4,0,0,0,0,0,0,0,0,0,0,0,0,0,0,1,3,0,1,1,1,0,0,0,0,1,6,汉·貂蝉·弓,,,?,,,,0,,,,汉,四星
120006,120006,200,2,3,0,0,0,0,0,0,0,0,0,0,270006,100006,100006,0,4,0,0,0,0,0,0,0,0,0,0,0,0,0,0,1,3,0,1,1,1,0,0,0,0,2,6,汉·袁绍·步,,,?,,,,0,,,,汉,四星
120009,120009,200,3,3,0,0,0,0,0,0,0,0,0,0,270009,100009,100009,0,4,0,0,0,0,0,0,0,0,0,0,0,0,0,0,5,3,0,1,1,1,0,0,0,0,3,6,群·董卓·骑,,,?,,,,0,,,,群,四星
120011,120011,200,2,3,0,0,0,0,0,0,0,0,0,0,270011,100011,100011,0,4,0,0,0,0,0,0,0,0,0,0,0,0,0,0,5,3,0,1,1,1,0,0,0,0,2,6,群·贾诩·步,,,?,,,,0,,,,群,四星
120016,120016,200,2,3,0,0,0,0,0,0,0,0,0,0,270016,100016,100016,0,4,0,0,0,0,0,0,0,0,0,0,0,0,0,0,3,3,0,1,1,1,0,0,0,0,2,6,蜀·刘备·步,,,?,,,,0,,,,蜀,四星
120017,120017,200,2,3,0,0,0,0,0,0,0,0,0,0,270017,100017,100017,0,4,0,0,0,0,0,0,0,0,0,0,0,0,0,0,3,3,0,1,1,1,0,0,0,0,2,6,蜀·诸葛亮·步,,,?,,,,0,,,,蜀,四星
120019,120019,200,3,3,0,0,0,0,0,0,0,0,0,0,270019,100019,100019,0,4,0,0,0,0,0,0,0,0,0,0,0,0,0,0,3,3,0,1,1,1,0,0,0,0,3,6,蜀·马云禄·骑,,,?,,,,0,,,,蜀,四星
120022,120022,200,3,3,0,0,0,0,0,0,0,0,0,0,270022,100022,100022,0,4,0,0,0,0,0,0,0,0,0,0,0,0,0,0,3,3,0,1,1,1,0,0,0,0,3,6,蜀·张飞·骑,,,?,,,,0,,,,蜀,四星
120023,120023,200,3,3,0,0,0,0,0,0,0,0,0,0,270023,100023,100023,0,4,0,0,0,0,0,0,0,0,0,0,0,0,0,0,2,3,0,1,1,1,0,0,0,0,3,6,魏·曹操·骑,,,?,,,,0,,,,魏,四星
120024,120024,200,3,3,0,0,0,0,0,0,0,0,0,0,270024,100024,100024,0,4,0,0,0,0,0,0,0,0,0,0,0,0,0,0,2,3,0,1,1,1,0,0,0,0,3,6,魏·荀彧·骑,,,?,,,,0,,,,魏,四星
120033,120033,200,2,3,0,0,0,0,0,0,0,0,0,0,270033,100033,100033,0,4,0,0,0,0,0,0,0,0,0,0,0,0,0,0,4,3,0,1,1,1,0,0,0,0,2,6,吴·孙坚·步,,,?,,,,0,,,,吴,四星
120036,120036,200,1,3,0,0,0,0,0,0,0,0,0,0,270035,100036,100036,0,4,0,0,0,0,0,0,0,0,0,0,0,0,0,0,4,3,0,1,1,1,0,0,0,0,1,6,吴·孙尚香·弓,,,?,,,,0,,,,吴,四星
120074,120074,200,2,3,0,0,0,0,0,0,0,0,0,0,270072,100074,100074,0,4,0,0,0,0,0,0,0,0,0,0,0,0,0,0,3,3,0,1,1,1,0,0,0,0,2,6,蜀·姜维·步,,,?,,,,0,,,,蜀,四星
120090,120090,200,1,3,0,0,0,0,0,0,0,0,0,0,200100,100090,100090,0,4,0,0,0,124279,0,0,0,0,0,0,0,0,0,0,4,3,0,1,1,1,0,0,0,0,1,10,吴·太史慈·弓,,,?,,,,0,,,,吴,四星
120310,120310,200,2,3,0,0,0,0,0,0,0,0,0,0,270677,100310,100310,0,4,0,0,0,0,0,0,0,0,0,0,0,0,0,0,2,3,0,1,1,1,0,0,0,0,2,6,魏·邓艾·步,,,?,,,,0,,,,魏,四星
120337,120337,200,2,3,0,0,0,0,0,0,0,0,0,0,270603,100337,100337,0,4,0,0,0,0,0,0,0,0,0,0,0,0,0,0,5,3,0,1,1,1,0,0,0,0,2,6,群·貂蝉·步,,,?,,,,0,,,,群,四星
120369,120369,200,2,3,0,0,0,0,0,0,0,0,0,0,270732,100369,100369,0,4,0,0,0,0,0,0,0,0,0,0,0,0,0,0,1,3,0,1,1,1,0,0,0,0,2,6,汉·华佗·步,,,?,,,,0,,,,汉,四星
120435,120435,200,3,3,0,0,0,0,0,0,0,0,0,0,200100,100435,100435,0,4,0,0,0,124281,0,0,0,0,0,0,0,0,0,0,2,3,0,1,1,1,0,0,0,0,3,10,魏·夏侯渊·骑,,,?,,,,0,,,,魏,四星
120442,120442,200,2,3,0,0,0,0,0,0,0,0,0,0,270680,100442,100442,0,4,0,0,0,0,0,0,0,0,0,0,0,0,0,0,3,3,0,1,1,1,0,0,0,0,2,6,蜀·黄忠·步,,,?,,,,0,,,,蜀,四星
120450,120450,200,3,3,0,0,0,0,0,0,0,0,0,0,270771,100450,100450,0,4,0,0,0,0,0,0,0,0,0,0,0,0,0,0,4,3,0,1,1,1,0,0,0,0,3,6,吴·孙策·骑,,,?,,,,0,,,,吴,四星
120472,120472,200,2,3,0,0,0,0,0,0,0,0,0,0,270080,100472,100472,0,4,0,0,0,0,0,0,0,0,0,0,0,0,0,0,2,3,0,1,1,1,0,0,0,0,2,6,魏·司马懿·步,,,?,,,,0,,,,魏,四星
120473,120473,200,2,3,0,0,0,0,0,0,0,0,0,0,270681,100473,100473,0,4,0,0,0,0,0,0,0,0,0,0,0,0,0,0,2,3,0,1,1,1,0,0,0,0,2,6,魏·许褚·步,,,?,,,,0,,,,魏,四星
120475,120475,200,2,3,0,0,0,0,0,0,0,0,0,0,270689,100475,100475,0,4,0,0,0,0,0,0,0,0,0,0,0,0,0,0,2,3,0,1,1,1,0,0,0,0,2,6,魏·郝昭·步,,,?,,,,0,,,,魏,四星
120479,120479,200,3,3,0,0,0,0,0,0,0,0,0,0,270012,100479,100479,0,4,0,0,0,0,0,0,0,0,0,0,0,0,0,0,5,3,0,1,1,1,0,0,0,0,3,6,群·吕布·弓,,,?,,,,0,,,,群,四星
120488,120488,200,2,3,0,0,0,0,0,0,0,0,0,0,270723,100488,100488,0,4,0,0,0,0,0,0,0,0,0,0,0,0,0,0,5,3,0,1,1,1,0,0,0,0,2,6,群·孟获·步,,,?,,,,0,,,,群,四星
120519,120519,200,2,3,0,0,0,0,0,0,0,0,0,0,270756,100519,100519,0,4,0,0,0,0,0,0,0,0,0,0,0,0,0,0,5,3,0,1,1,1,0,0,0,0,2,6,群·兀突骨·步,,,?,,,,0,,,,群,四星
120524,120524,200,1,3,0,0,0,0,0,0,0,0,0,0,270764,100524,100524,0,4,0,0,0,0,0,0,0,0,0,0,0,0,0,0,3,3,0,1,1,1,0,0,0,0,1,6,蜀·沙摩柯·弓,,,?,,,,0,,,,蜀,四星
120526,120526,200,1,3,0,0,0,0,0,0,0,0,0,0,200100,100526,100526,0,4,0,0,0,120326,0,0,0,0,0,0,0,0,0,0,1,3,0,1,1,1,0,0,0,0,1,10,汉·张机·弓,,,?,,,,0,,,,汉,四星
120534,120534,200,3,3,0,0,0,0,0,0,0,0,0,0,200100,100534,100534,0,4,0,0,0,224099,0,0,0,0,0,0,0,0,0,0,3,3,0,1,1,1,0,0,0,0,3,10,蜀·徐庶·骑,,,?,,,,0,,,,蜀,四星
120575,120575,200,2,3,0,0,0,0,0,0,0,0,0,0,270825,100575,100575,0,4,0,0,0,0,0,0,0,0,0,0,0,0,0,0,2,3,0,1,1,1,0,0,0,0,2,6,魏·典韦·步,,,?,,,,0,,,,魏,四星
120582,120582,200,3,3,0,0,0,0,0,0,0,0,0,0,270828,100582,100582,0,4,0,0,0,0,0,0,0,0,0,0,0,0,0,0,3,3,0,1,1,1,0,0,0,0,3,6,蜀·法正·骑,,,?,,,,0,,,,蜀,四星
120592,120592,200,1,3,0,0,0,0,0,0,0,0,0,0,270848,100592,100592,0,4,0,0,0,0,0,0,0,0,0,0,0,0,0,0,5,3,0,1,1,1,0,0,0,0,1,6,群·董白·弓,,,?,,,,0,,,,群,四星
120593,120593,200,3,3,0,0,0,0,0,0,0,0,0,0,270849,100593,100593,0,4,0,0,0,0,0,0,0,0,0,0,0,0,0,0,5,3,0,1,1,1,0,0,0,0,3,6,群·张郃·骑,,,?,,,,0,,,,群,四星
120604,120604,200,2,3,0,0,0,0,0,0,0,0,0,0,270857,100604,100604,0,4,0,0,0,0,0,0,0,0,0,0,0,0,0,0,5,3,0,1,1,1,0,0,0,0,2,6,群·李儒·弓,,,?,,,,0,,,,群,四星
120620,120620,200,3,3,0,0,0,0,0,0,0,0,0,0,270885,100620,100620,0,4,0,0,0,0,0,0,0,0,0,0,0,0,0,0,5,3,0,1,1,1,0,0,0,0,3,6,群·张绣·骑,,,?,,,,0,,,,群,四星
120645,120645,200,3,3,0,0,0,0,0,0,0,0,0,0,270915,100645,100645,0,4,0,0,0,0,0,0,0,0,0,0,0,0,0,0,2,3,0,1,1,1,0,0,0,0,3,6,魏·徐晃·骑,,,?,,,,0,,,,魏,四星
120647,120647,200,3,3,0,0,0,0,0,0,0,0,0,0,270927,100647,100647,0,4,0,0,0,0,0,0,0,0,0,0,0,0,0,0,5,3,0,1,1,1,0,0,0,0,3,6,群·华雄·骑,,,?,,,,0,,,,群,四星
120656,120656,200,3,3,0,0,0,0,0,0,0,0,0,0,270939,100656,100656,0,4,0,0,0,0,0,0,0,0,0,0,0,0,0,0,5,3,0,1,1,1,0,0,0,0,3,6,群·高顺·骑,,,?,,,,0,,,,群,四星
120670,120670,200,1,3,0,0,0,0,0,0,0,0,0,0,270947,100670,100670,0,4,0,0,0,0,0,0,0,0,0,0,0,0,0,0,5,3,0,1,1,1,0,0,0,0,1,6,群·袁绍·弓,,,?,,,,0,,,,群,四星
120677,120677,200,3,3,0,0,0,0,0,0,0,0,0,0,200100,100677,100677,0,4,0,0,0,124280,0,0,0,0,0,0,0,0,0,0,5,3,0,1,1,1,0,0,0,0,3,10,群·公孙瓒·骑,,,?,,,,0,,,,群,四星
120708,120708,200,2,3,0,0,0,0,0,0,0,0,0,0,200100,100708,100708,0,4,0,0,0,424027,0,0,0,0,0,0,0,0,0,0,6,3,0,1,1,1,0,0,0,0,2,10,晋·贾充·步,,,?,,,,0,,,,晋,四星
120795,120795,200,3,3,0,0,0,0,0,0,0,0,0,0,270270,100795,100795,0,4,0,0,0,0,0,0,0,0,0,0,0,0,0,0,1,3,0,1,1,1,0,0,0,0,3,6,汉·献帝·骑,,,?,,,,0,,,,汉,四星
121001,121001,200,2,3,0,0,0,0,0,0,0,0,0,0,280001,0,0,0,4,0,0,0,0,0,0,0,0,0,0,0,0,0,0,3,3,0,1,1,1,0,0,0,0,2,6,统率提升,,,?,,,,0,,,,蜀,四星
121005,121005,200,1,3,0,0,0,0,0,0,0,0,0,0,200100,100005,100005,0,4,0,0,0,124282,0,0,0,0,0,0,0,0,0,0,1,3,0,1,1,1,0,0,0,0,1,10,汉·貂蝉·弓,,,?,,,,0,,,,汉,四星
121435,121435,200,3,3,0,0,0,0,0,0,0,0,0,0,270655,100435,100435,0,4,0,0,0,0,0,0,0,0,0,0,0,0,0,0,2,3,0,1,1,1,0,0,0,0,3,6,魏·夏侯渊·骑,,,?,,,,0,,,,魏,四星
121442,121442,200,2,3,0,0,0,0,0,0,0,0,0,0,270680,100442,100442,0,4,0,0,0,0,0,0,0,0,0,0,0,0,0,0,3,3,0,1,1,1,0,0,0,0,2,6,蜀·黄忠·步,,,?,,,,0,,,,蜀,四星
121534,121534,200,3,3,0,0,0,0,0,0,0,0,0,0,270785,100534,100534,0,4,0,0,0,0,0,0,0,0,0,0,0,0,0,0,3,3,0,1,1,1,0,0,0,0,3,6,蜀·徐庶·骑,,,?,,,,0,,,,蜀,四星
130002,130002,55,1,4,7300,7400,8200,7800,900,184,186,205,103,104,200002,100002,100002,0,10003,0,0,0,413007,100002,0,0,0,0,0,0,0,0,0,1,4,0,0,1,1,0,0,0,0,"1,11,21",,十常侍,,@【史】@汉灵帝时的宦官集团。张让、赵忠、夏恽、郭胜、孙璋、毕岚、栗嵩、段珪、高望、张恭、韩悝、宋典十二个宦官，他们推动了汉朝的灭亡，是引发了汉末时局大动荡的主要原因。\n^【演】^张让、赵忠、夏恽、郭胜、孙璋、毕岚、栗嵩、段珪、高望、张恭、韩悝、宋典等十二个宦官朋比为奸，号为“十常侍”。,?,,0,宦官乱政除异已#颠倒黑白乱天下,10000201,,,,汉,五星
130003,130003,35,3,3,9900,10000,3000,10000,300,230,189,30,202,26,200003,100003,100003,0,0,0,0,0,110001,100003,0,0,0,0,0,0,0,0,0,1,4,0,0,1,1,0,0,0,0,"3,23,33",,吕布,,@【史】@吕布以勇武闻名，号称“飞将”，时有“人中吕布，马中赤兔”之说。原为丁原部将，被唆使谋害丁原归附董卓，与董卓誓为父子，后又被司徒王允唆使诛灭董卓。旋即被董卓旧部李傕等击败，依附袁绍，又被袁绍猜忌，依附张杨。兴平元年（194年），吕布趁曹操攻打陶谦时与陈宫等叛乱，占据濮阳，但两年间被曹操击败转而去依附徐州刘备，又趁刘备与袁术作战时袭取了徐州，与刘备和好一阵又相互攻伐。\n期间，以辕门射戟化解刘备与纪灵的争斗。建安三年（198年），吕布先后击败刘备与夏侯惇后，曹操亲自出马征讨吕布，水淹下邳，吕布被部下叛变，城破被俘，被处死。\n^【演】^吕布是骁勇善战的汉末诸侯，先后跟随丁原、董卓作战，并最终谋害了丁原和董卓。成为独立势力后，吕布与曹操为敌，和刘备、袁术等诸侯时敌时友，最终不敌曹操和刘备的联军，兵败人亡。吕布虽然勇猛，但是少有计策，为人反复无常，唯利是图。在演义中，吕布是天下无双的超一流武将，曾在虎牢关大战刘备、关羽、张飞，曾一人独斗曹操军六员大将，武艺可谓公认的演义第一。,?-199,奉先,0,龙驹跳踏起天风#画戟荧煌射秋水,10000301,,,,汉,五星
130004,130004,20,3,2,6100,7200,9000,8500,200,82,80,131,95,14,200004,100004,100004,0,0,0,0,0,210008,100004,0,0,0,0,0,0,0,0,0,1,4,1,0,1,1,0,0,0,0,"3,23,33",,蔡文姬,,@【史】@东汉末才女，博学多才且精通音律。匈奴入侵时，被匈奴掳走。十二年后，曹操统一北方，用重金将蔡文姬赎回，并将其嫁给董祀。,?,昭姬,0,去时怀土心无绪#来时别儿思漫漫,10000401,,,,汉,五星
130005,130005,25,1,2,7900,7400,8800,6800,1000,124,107,160,107,72,200005,100005,100005,0,0,0,0,0,110002,100005,0,0,0,0,0,0,0,0,0,1,4,1,0,1,1,0,0,0,0,"1,21,31",,貂蝉,,^【演】^中国古代四大美女之一。其善歌舞，色伎俱佳，凭借自己的美貌智慧在诸侯争霸的战乱年代，辗转于各诸侯之间。她通过王允的安排成为了吕布的妾室，巧施连环计成功诱使吕布诛灭了董卓。,176-?,,0,三战虎牢徒费力#凯歌却奏凤仪亭,10000501,,,,汉,五星
130006,130006,30,2,2,8200,8800,8000,3600,2500,130,163,105,57,196,200006,100006,100006,0,0,0,0,0,210001,100006,0,0,0,0,0,0,0,0,0,1,4,0,0,1,1,0,0,0,0,"2,12,32",,袁绍,,@【史】@东汉末年军阀，汉末群雄之一。在汉末群雄割据的过程中，袁绍先占据冀州，又先后夺青、并二州，并于建安四年（199年）的易京之战中击败了割据幽州的军阀公孙瓒，统一河北，势力达到顶点。但在建安五年（200年）的官渡之战中大败于曹操。建安七年（202年），袁绍在平定冀州叛乱之后病逝。\n^【演】^在《三国演义》中，袁绍初为何进党羽。何进被害后，与袁术等共同诛灭宦官。董卓夺权之后，残暴不仁，涂炭生灵。袁绍奔冀州组成十七路诸侯反董卓联合。董卓迁都长安后，袁绍便引诱公孙瓒进攻冀州，并胁迫韩馥控制冀州。随后袁绍为扩大势力范围而相继占领青州、并州。\n袁绍歼灭公孙瓒，平定幽州之后，在河北建立起庞大的势力。为了与曹操一决雌雄，袁绍遣七十万兵越过黄河，却于官渡之战中被火烧乌巢，惨遭落败。最终，袁绍与曹操在仓亭决战，败归后不久病死。,?-202,本初,0,少年意气自纵横#漫有英雄百万兵,10000601,,,,汉,五星
130007,130007,30,3,1,10800,13200,12300,8900,700,75,132,82,153,67,200007,100007,100007,0,0,0,0,0,110003,100007,0,0,0,0,0,0,0,0,0,1,4,0,0,1,1,0,0,0,0,"3,32,13",,卢植,,@【史】@东汉名臣，刘备和公孙瓒之师。黄巾起义时为北中郎将，率军与张角交战，后被诬陷下狱，皇甫嵩平定黄巾后力救卢植，于是复任为尚书。后因上谏激怒董卓被免官，隐居在上谷军都山，被袁绍请为军师。\n^【演】^在《三国演义》中，卢植为汉末大儒，名望远闻于时。刘备曾经从师于他。黄巾起义，卢植奉命镇压，以三万精锐，包围了广宗城张角的十五万人马，未见胜负，因拒绝黄门左丰索要贿赂，而被诬陷罢职问罪。何进招董卓进京诛宦臣。卢植力谏，何进不听。于是辞官而去。董卓得政后，卢植又复职，谏阻董卓废少帝立陈留王。,139-192,子干,0,未似马家亲子婿#终身不踏绛纱庭,10000701,,,,汉,五星
130008,130008,25,3,2,2100,6700,9300,8500,300,29,92,215,157,25,200008,100008,100008,0,0,0,0,0,110004,100008,0,0,0,0,0,0,0,0,0,5,4,0,0,1,1,0,0,0,0,"3,31,23",,张角,,@【史】@东汉末农民起义领袖。汉灵帝时期在各地传播“太平道”，发展部众至几十万，遍及青、徐、幽、冀、荆、扬、兖、豫八州。184年二月，张角发动起义，打出了“苍天已死，黄天当立”的口号，矛头直指东汉政府，史称“黄巾起义”，影响遍及全国，极大地动摇了东汉政府的统治。同年十月，张角病死，不久其直接领导的黄巾军被镇压，但其后各地起义不断，最终导致东汉灭亡。\n^【演】^在《三国演义》中，张角原是个不第的秀才，在山中采药时遇南华老仙，得天书三卷，名为《太平要术》。张角依此书所传道术，开始散施符水，为人治病，徒众发展到数十万。张角遂起了夺取天下的野心，与兄弟张宝、张梁一起发兵起义，声势浩大，但最终被朝廷和各路豪杰镇压。张角病死，黄巾军主力随即覆灭，但仍有很多残党在各地活动。,?-184,,0,苍天已死，黄天当立#岁在甲子，天下大吉,10000801,,,,群,五星
130009,130009,30,3,3,8800,9100,6800,8100,1000,207,230,79,164,101,200009,100009,100009,0,0,0,0,0,410012,100009,0,0,0,0,0,0,0,0,0,5,4,0,0,1,1,0,0,0,0,"3,13,43",,董卓,,@【史】@中平六年（189年），受大将军何进、司隶校尉袁绍所召，率军进京讨伐十常侍，却借何进被害之机，得以掌握朝政。他随后废除汉少帝，改立献帝。关东诸侯联盟讨伐董卓，董卓放弃洛阳，移都长安。董卓生性残虐，当权后横征暴敛，激起了民愤，最后被王允和吕布所诛。\n^【演】^原为汉河东太守，征讨黄巾不利，却因贿赂十常侍官至西凉刺史。董卓借何进被害之机，得以掌握朝政，又赠赤兔马给吕布，诱其投降并谋害丁原，从此不可一世。董卓废汉少帝，立汉献帝，朝臣敢怒不敢言；董卓生性残暴，经常纵兵掠民，百姓皆恨。后来，司徒王允利用貂蝉巧使连环计，使董卓为吕布所诛。,?-192,仲颖,0,郿坞追魂凭李肃#宫门取命有温侯,10000901,,,,群,五星
130011,130011,30,2,3,5200,8100,9800,3400,1300,96,164,248,45,144,200011,100011,100011,0,0,0,0,0,110164,100011,0,0,0,0,0,0,0,0,0,5,4,0,0,1,0,0,0,0,0,"2,31,12",,贾诩,,@【史】@东汉末年至三国初年著名谋士、军事战略家，曹魏开国功臣。原为董卓部将，董卓死后，献计李傕、郭汜反攻长安。李傕等人失败后，辗转成为张绣的谋士。张绣曾用他的计策两次打败曹操，官渡之战前他劝张绣归降曹操。曹操与关中联军相持渭南时，贾诩献离间计瓦解马超、韩遂，使得曹操一举平定关中。\n^【演】^在《三国演义》中，贾诩的生平大体与正史相符。其形象突出，计无不中，甚至曾令善于用兵的曹操几度败绩。其所从属势力颇多，先随李傕，再随张绣，最后事曹操曹丕两代。加上他曾助曹丕篡汉，其形象不算十分正面。可是即使贾诩曾助李傕、曹魏这些在《三国演义》形象比较负面的势力，他的才能仍备受肯定。而且不论是李傕、张绣，还是曹操、曹丕，都将贾诩视为心腹。可见其人善于交际，亦深晓乱世自保之术。,147-223,文和,0,生平筹策算无遗#经达权变真奇人,10001101,,,,群,五星
130013,130013,30,3,3,9700,9100,4500,9200,400,278,184,52,154,41,200013,100013,100013,0,0,0,0,0,110011,100013,0,0,0,0,0,0,0,0,0,5,4,0,0,1,1,0,0,0,0,"3,23,153",,马超,,@【史】@马腾之子，少年成名，曹操曾多次征召马超入京为官，但都被马超拒绝。建安十六年（211年），曹操治兵关中，马超联合关中诸侯韩遂等抵抗曹操，曾一度对曹操造成了极大的威胁，但被曹操用离间计击败退走，而后聚拢部队再次攻取陇上诸郡，失败后依附汉中张鲁。刘备攻打刘璋时，马超投降刘备，与刘备军合围成都，汉中之战后联名上书尊刘备为汉中王。蜀汉建立后，马超官至骠骑将军、斄乡侯。\n^【演】^在《三国演义》中，马超被称为“锦马超”，羌人将其奉为“神威天将军”。出场时十七岁，在长安连破之前逐走吕布的董卓部将王方、李蒙。曹操诱诛马腾后，马超为报父仇，起兵反曹，在潼关击败大将张郃，数合枪挑李通，逼得曹操割须弃袍。而后大战虎痴许褚，被贾诩用离间计击败，败走凉州。\n不久马超卷土重来，占领冀城，虽然非常勇猛，战场上阵斩杨阜七位兄弟，但仍被夏侯渊、杨阜等人联合击退。投奔汉中张鲁后，在葭萌关前大战张飞，被劝降归附刘备，随即引兵迫降刘璋，并活跃于汉中之战。蜀汉建立后马超镇守西平关，令伐蜀五路兵的羌兵不战自退。,176-223,孟起,0,威震西凉立大功#渭桥六战最英雄,10001301,,,,群,五星
130015,130015,20,1,3,6500,7500,9000,4200,1000,131,129,88,85,94,200015,100015,100015,0,0,0,0,0,210002,100015,0,0,0,0,0,0,0,0,0,5,4,1,0,1,1,0,0,0,0,"1,11,21",,甄洛,,@【史】@魏文帝曹丕的妻子，魏明帝曹叡的生母。黄初二年（221年），曹丕称帝以后甄夫人被赐死，曹叡即位后追尊甄氏为文昭皇后。\n^【演】^在《三国演义》中，甄氏生平与正史大体相当。初期嫁与袁绍次子袁熙，袁熙带兵出外征战，留下甄氏独身照顾婆婆，袁氏败亡后，曹操之子曹丕见其美艳动人，便纳为己有。黄初年间，魏文帝曹丕登基后，郭贵妃以巫蛊之术陷害甄氏。文帝曹丕大怒，将甄氏赐死。,183-221,,0,体迅飞凫，飘忽若神#凌波微步，罗袜生尘,10001501,,,,群,五星
130016,130016,35,2,3,8000,8100,8000,3800,1800,154,183,128,92,173,200016,100016,100016,0,0,0,0,0,110006,100016,0,0,0,0,0,0,0,0,0,3,4,0,0,1,1,0,0,0,0,"2,12,32",,刘备,,@【史】@西汉中山靖王刘胜之后，三国时期蜀汉开国皇帝、政治家，史家又称他为先主。刘备早年颠沛流离，备尝艰辛，投靠过多个诸侯。赤壁之战时，与孙权联盟击败曹操，趁势夺取荆州。而后进取益州。于章武元年（221年）在成都称帝，国号汉，史称蜀或蜀汉。《三国志》评刘备的机权干略不及曹操，但其弘毅宽厚，知人待士，百折不挠，终成帝业。刘备也称自己做事“每与操反，事乃成尔”。\n^【演】^在《三国演义》中，刘备的事迹基本与正史相符。书中将其塑造成一位胸襟开阔的，十足的明主形象。并重点突出其几个性格特点：一是亲贤爱士，善待人才；二是生性善良，爱民如子；三是待人宽厚，不求全责备；四是偶有权谋，颇有心计。,161-223,玄德,0,贤矣昭烈，宽厚弘毅#崎岖立国，仗信履义,10001601,,,,蜀,五星
130017,130017,30,2,2,4900,9500,10800,2200,2100,79,167,286,39,201,200017,100017,100017,0,0,0,0,0,210003,100017,0,0,0,0,0,0,0,0,0,3,4,0,0,1,1,0,0,0,0,"2,21,12",,诸葛亮,,@【史】@政治家、军事家，被誉为“千古良相”的典范。策动孙、刘联盟，于赤壁之战中大破曹操，奠定三国鼎立的基础。蜀汉建立，拜为丞相。刘备伐吴失败，受托孤于永安，辅佐幼主，外联东吴，内修政理，南征平叛，北抗强魏。为完成统一中原，兴复汉室的大业，先后五次进攻魏国。在治国、治军等方面发挥了非凡的才能。最后一次北伐时采取分兵屯田之策，与司马懿大军相持百余日，但不幸因积劳成疾而逝世，享年五十四岁，谥曰忠武侯。\n^【演】^在《三国演义》中，人称卧龙先生，有经天纬地之才，鬼神不测之机。刘皇叔三顾茅庐，遂允出山相助。曾舌战群儒、借东风、智算华容、三气周瑜，辅佐刘备于赤壁之战大败曹操，更取得荆州为基本。后奉命率军入川，于定军山智激老黄忠，斩夏侯渊，败走曹操，夺取汉中。刘备伐吴失败，受遗诏托孤，安居平五路，七纵平蛮，六出祁山，鞠躬尽瘁，死而后已。其手摇羽扇，运筹帷幄的潇洒形象，千百年来已成为人们心中“智慧”的代名词。,181-234,孔明,0,出师一表真名世#千载谁堪伯仲间,10001701,,,,蜀,五星
130019,130019,25,3,3,8900,7800,5500,8800,300,156,114,57,142,24,200019,100019,100019,0,0,0,0,0,110007,100019,0,0,0,0,0,0,0,0,0,3,4,1,0,1,1,0,0,0,0,"3,23,43",,马云禄,,是民国作家周大荒小说《反三国演义》中的虚构人物。马超之妹，自幼习武，女中无双。在为马腾复仇的战事中跟随马超来到中原，与赵云一见钟情。\n之后嫁于赵云，与丈夫和兄长并肩作战。,?,,0,柳腰束胄覆青纱#霜枪玉剑破万军,10001901,,,,蜀,五星
130020,130020,25,2,2,3300,7000,9400,2900,1600,53,113,190,47,181,200020,100020,100020,0,0,0,0,0,310042,100020,0,0,0,0,0,0,0,0,0,3,4,1,0,1,1,0,0,0,0,"2,12,22",,黄月英,,@【史】@诸葛亮之妻，本名不详。其长相丑陋，黄头发，黑皮肤，但才华却与诸葛亮相当。诸葛亮发明木牛流马，相传就是从黄月英的传授的技巧上发展出来。\n^【演】^诸葛瞻之母，容貌甚丑，而有奇才。上通天文，下察地理，韬略近于诸书无所不晓，诸葛亮在南阳时闻其贤，迎娶黄月英。诸葛亮所学，很多是由黄月英所授。诸葛亮死后，黄月英也很快病逝，临终以“忠孝”勉励其子诸葛瞻。而正史上没有提及诸葛瞻是何人所生。,?,,0,黄氏奇女闺中待#奇械巧工胜诸葛,10002001,,,,蜀,五星
130021,130021,35,2,3,10100,9200,7800,6500,1300,227,223,112,114,138,200021,100021,100021,0,0,0,0,0,110174,100021,0,0,0,0,0,0,0,0,0,3,4,0,0,1,1,0,0,0,0,"2,22,32",,赵云,,@【史】@三国时期蜀汉名将。赵云跟随刘备将近三十年，先后参加过博望坡之战、长坂坡之战、江南平定战，独自指挥过入川之战、汉水之战、箕谷之战，都取得了非常好的战果。除了四处征战，赵云还先后以偏将军任桂阳太守，以留营司马留守公安，以翊军将军督江州。除此之外，赵云于平定益州时引霍去病故事劝谏刘备将田宅归还百姓，又于关羽张飞被害之后劝谏刘备不要伐吴，被后世赞为有大臣局量的儒将，甚至被认为是三国时期的完美人物。\n^【演】^在《三国演义》中，赵云一登场即和河北名将文丑大战，救了公孙瓒。曾和多名三国名将对战，冲锋陷阵罕见败绩。长坂坡救阿斗时，连续阵斩曹营名将五十余员。智取桂阳时，更是展现了他过人的机智和出众的谋略。随诸葛亮吊祭周瑜时，因赵云带剑相随，吴将无人敢动诸葛亮。汉水救黄忠时，让魏国名将张郃、徐晃心惊胆战，不敢迎敌。\n刘备去世之后，曹魏五路犯蜀，赵云把守阳平关，一将当关，万夫莫开。七十几岁时仍为蜀汉先锋，阵前力斩被作者称为“有万夫不当之勇”的西凉大将韩德一门五将。,?-229,子龙,0,古来冲阵扶危主#只有常山赵子龙,10002101,,,,蜀,五星
130022,130022,30,3,2,10300,8700,4500,7100,1000,267,168,50,113,96,200022,100022,100022,0,0,0,0,0,110175,100022,0,0,0,0,0,0,0,0,0,3,4,0,0,1,1,0,0,0,0,"3,13,23",,张飞,,@【史】@三国时期蜀汉名将。刘备长坂坡败退，张飞仅率二十骑断后，据水断桥，曹军没人敢逼近；与诸葛亮、赵云扫荡西川时，于江州义释严颜；汉中之战时又于宕渠击败张郃，对蜀汉贡献极大，官至车骑将军、领司隶校尉，封西乡侯，后被范强、张达所刺。后主时代追谥为“桓侯”。\n^【演】^在《三国演义》中，张飞是位重情重义嫉恶如仇，肤色黝黑的壮汉，同时又武力过人，曾多次主动挑战号称天下第一的吕布，吕布竟曾一度忌惮张飞，嗓门大更是人物一大亮点，是蜀汉大臣中少有的个性鲜明的武将。,?-221,益德,0,虎牢关上声先震#长坂桥边水逆流,10002201,,,,蜀,五星
130023,130023,35,3,2,8000,10700,9000,8800,600,128,295,159,126,40,200023,100023,100023,0,0,0,0,0,110008,100023,0,0,0,0,0,0,0,0,0,2,4,0,0,1,1,0,0,0,0,"3,13,43",,曹操,,@【史】@三国中曹魏政权的奠基人。其人文武精通，可谓非常之人，超世之杰。以汉天子的名义征讨四方，对内消灭二袁、吕布、刘表、马超、韩遂等割据势力，对外降服南匈奴、乌桓、鲜卑等，统一了中国北方，并实行一系列政策恢复经济生产和社会秩序，奠定了曹魏立国的基础。\n^【演】^在《三国演义》中，曹操的事迹基本与正史相符。主要将其塑造成一个“奸雄”形象，并且更突出“奸”的一面。,155-220,孟德,0,山不厌高，海不厌深#周公吐哺，天下归心,10002301,,,,魏,五星
130024,130024,30,3,2,4700,8900,9600,8500,500,55,156,225,149,44,200024,100024,100024,0,0,0,0,0,310002,100024,0,0,0,0,0,0,0,0,0,2,4,0,0,1,1,0,0,0,0,"3,13,23",,荀彧,,@【史】@东汉末年著名政治家、战略家，曹操统一北方的首席谋臣和功臣。荀彧早年被称为“王佐之才”，初举孝廉，任守宫令。后弃官归乡，又率宗族避难冀州，被袁绍待为上宾。其后投奔曹操。官至侍中，守尚书令，封万岁亭侯。因其任尚书令，居中持重达十数年，处理军国事务，被人敬称为“荀令君”。后因反对曹操称魏公而受曹操所忌，调离中枢，在寿春忧郁成病而亡，年五十。获谥敬侯，后追赠太尉。\n^【演】^在《三国演义》中，荀彧旧从袁绍，因知袁绍终不能成大事遂与其侄荀攸投奔曹操。荀彧为曹操出过很多重要的战略谋划，如以兖州为基地、二虎竞食和驱虎吞狼、迎汉献帝往许都、开玄武湖练水军等等，立有大功。荀彧后为汉侍中、尚书令，参与国家大事並经常留守许都。后来董昭劝曹操称魏公，荀彧表示反对，曹操深感不满，遂将其招入军中，从征孙权。荀彧因病留于寿春，不久在曹操的暗示下服毒自尽。,163-212,文若,0,颍上文若王佐才#名齐五岳震三台,10002401,,,,魏,五星
130025,130025,25,1,4,8300,7800,8300,4500,1100,145,126,145,79,97,200025,100025,100025,0,0,0,0,0,410002,100025,0,0,0,0,0,0,0,0,0,2,4,0,0,1,1,0,0,0,0,"1,11,31",,曹丕,,@【史】@曹操与卞夫人的长子。其文武双全，八岁能提笔为文，善骑射，好击剑，博览古今经传，通晓诸子百家学说。曹操去世后，曹丕继任丞相、魏王。之后逼献帝禅让成为文帝，以魏代汉，结束了汉朝四百多年的统治。在位期间，平定边患。击退鲜卑，和匈奴、氐、羌等外夷修好，恢复汉朝在西域的设置。并执行了多个优良政策，重用贤臣，使魏国安定。但时年四十岁，病逝。\n^【演】^在继承权问题上处心积虑，战胜了文才更胜一筹的曹植，被立为王世子。曹操逝世后，曹丕继位成为魏王，以不参加葬礼之罪逼弟弟曹植写下七步诗，险些将其所害，又顺利夺下弟弟曹彰的兵权，坐稳魏王之位。不久，曹丕逼汉献帝让位，代汉称帝，为魏国开国皇帝。\n刘备伐吴时，曹丕看出刘备要失败，但不听谋士之言，偏要坐山观虎斗，事后又起兵伐吴，结果被徐盛火攻击败。回洛阳后，曹丕大病，临终前托付曹叡给曹真、司马懿等人，终年四十岁。,187-226,子桓,0,飞鸧晨鸣声可怜#留连顾怀不能存,10002501,,,,魏,五星
130026,130026,30,3,1,10200,8600,6200,9000,300,240,177,62,131,27,200026,100026,100026,0,0,0,0,0,110010,100026,0,0,0,0,0,0,0,0,0,2,4,0,0,1,1,0,0,0,0,"3,13,23",,关羽,,@【史】@蜀汉名将，是刘备、张飞的结义兄弟。早期跟随刘备辗转各地，曾被曹操生擒，于白马坡阵斩袁绍大将颜良，与张飞一同被称为万人敌。赤壁之战后，刘备助东吴周瑜攻打南郡曹仁，别遣关羽绝北道，阻挡曹操援军，曹仁退走后，关羽被刘备任命为襄阳太守。刘备入益州，关羽留守荆州。建安二十四年，关羽围襄樊，擒获于禁，阵斩庞德，威震华夏，曹操曾想迁都以避其锐。后曹操派徐晃前来增援，东吴吕蒙又偷袭荆州，关羽腹背受敌，兵败身亡。\n^【演】^与刘备、张飞桃园结义，羽居其次。使八十二斤青龙偃月刀随刘备东征西讨。汜水关温酒斩华雄，屯土山降汉不降曹。为报恩斩颜良、诛文丑，解曹操白马之围。后得知刘备音信，过五关斩六将，千里寻兄。刘备平定益州后，封关羽为五虎大将之首，督荆州事。羽起军攻曹，放水淹七军，威震华夏。围樊城右臂中箭，幸得华佗医治，刮骨疗伤。但未曾提防东吴袭荆州，关羽父子败走麦城，突围中被捕，不屈遭害。,?-220,云长,0,马骑赤兔行千里#刀偃青龙出五关,10002601,,,,魏,五星
130027,130027,35,3,3,9100,9400,8300,10500,300,221,227,105,272,29,200027,100027,100027,0,0,0,0,0,110014,100027,0,0,0,0,0,0,0,0,0,2,4,0,0,1,1,0,0,0,0,"3,13,23",,张辽,,@【史】@汉末三国时期曹魏名将。曾从属丁原、董卓、吕布。吕布下邳败亡后，归顺曹操。此后随曹操四处征讨，战功累累。张辽为历代推崇，并成为古今六十四名将之一。曹丕登基后，仍令张辽守御孙权。黄初二年（221年），张辽屯驻雍丘，染病。张辽大病期间，孙权依旧对其非常忌惮。黄初三年（222年），张辽不负众望，抱病击破吴将吕范。同年在江都病逝，谥刚侯，享年五十四岁。\n^【演】^在《三国演义》中，他先为吕布部将，多番令曹军陷于苦战，其武勇连关羽亦甚称道。后来吕布战败遭擒，曹操下令绞死吕布后，刘备、关羽为张辽求情，曹操便待张辽以上宾之礼。张辽感其恩情，于是投降，自此成为曹操将领。后来，张辽随曹丕以大船征伐江东，军队被徐盛所击败。曹丕登岸逃亡时，吴将丁奉从岸边袭来，张辽为保护曹丕上前迎敌，却被丁奉以箭射其腰，回营后不治身亡，曹丕厚葬之。,169-222,文远,0,格斩蹋顿破乌桓#吓煞江南众小儿,10002701,,,,魏,五星
130028,130028,25,1,4,8800,5200,9000,5300,900,142,84,170,86,72,200028,100028,100028,0,0,0,0,0,310038,100028,0,0,0,0,0,0,0,0,0,2,4,1,0,1,1,0,0,0,0,"1,11,21",,王异,,@【史】@益州刺史赵伟璋妻，后为羌道令赵昂妻。赵英、赵月之母。马超作乱凉州时，王异协助丈夫守城，多有功勋，自马超攻冀城至祁山坚守，赵昂曾出奇计九条，王异皆有参与。\n^【演】^在《三国演义》中，作者不载其名，只称“王氏”。赵昂与杨阜、姜叙、尹奉等密谋起兵对抗强攻冀城的马超，赵昂因顾虑儿子赵月而回家跟妻子王氏商量，王氏听罢便怒道：“雪君父之大耻，虽丧身亦不惜，何况一子乎！君若顾子而不行，吾当先死矣！”令赵昂下定决心协助杨阜。王氏更将自己的首饰资帛，亲自往祁山军中赏劳军士，亦因此而避过马超后来的屠戮。,?,,0,九出奇计好巾帼#三分贤妇青史铭,10002801,,,,魏,五星
130029,130029,25,1,3,7700,5600,8200,5500,900,124,75,155,104,102,200029,100029,100029,0,0,0,0,0,210004,100029,0,0,0,0,0,0,0,0,0,2,4,1,0,1,1,0,0,0,0,"1,11,21",,张春华,,@【史】@曹魏粟邑令张汪之女，晋宣帝司马懿之妻，晋景帝司马师和晋文帝司马昭的母亲。正始八年（247年），张春华去世，时年五十九岁，葬于洛阳高原陵，追赠广平县君。咸熙元年（264年），追谥为宣穆妃。泰始元年（265年），张春华之孙晋武帝司马炎登基，追谥她为宣穆皇后。,189-247,,0,宣穆阅礼配潜鳞#母仪天下育真龙,10002901,,,,魏,五星
130030,130030,30,1,4,7600,8800,8500,5800,1000,122,128,162,111,113,200030,100030,100030,0,0,0,0,0,410003,100030,0,0,0,0,0,0,0,0,0,4,4,0,0,1,1,0,0,0,0,"1,11,31",,孙权,,@【史】@孙坚之子，孙策之弟。东汉建安五年，兄孙策遇刺身亡，孙权继位吴侯、讨逆将军，领会稽太守，开始统领江东。他击败了黄祖。后东吴联合刘备，于赤壁击溃了曹操军。东吴后来又和曹操军在合肥附近鏖战，并从刘备手中夺回荆州、擒关羽、大破刘备的讨伐军。曹丕称帝后孙权先向北方称臣，后自己建吴称帝，迁都建业。孙权病逝后谥号大皇帝，史称东吴大帝。\n^【演】^在《三国演义》中，孙权19岁就继承了其兄孙策之位，力据江东，击败了黄祖。后东吴联合刘备，在赤壁大战击溃了曹操军。东吴后来又和曹操军在合肥附近鏖战，并从刘备手中夺回荆州、擒关羽、大破刘备的讨伐军。曹丕称帝后孙权先向北方称臣，后自己建吴称帝，迁都建业。,182-252,仲谋,0,二十四年兴大业#龙盘虎踞在江东,10003001,,,,吴,五星
130031,130031,30,1,4,7000,9200,9800,5300,1200,123,134,230,93,105,200031,100031,100031,0,0,0,0,0,410004,100031,0,0,0,0,0,0,0,0,0,4,4,0,0,1,1,0,0,0,0,"1,11,21",,周瑜,,@【史】@东汉末年名将。洛阳令周异之子，堂祖父周景、堂叔周忠，都官至太尉。长壮有姿貌、精音律，江东有“曲有误，周郎顾”之语。周瑜少与孙策交好，21岁起随孙策奔赴战场平定江东，后孙策遇刺身亡，孙权继任，周瑜将兵赴丧，以中护军的身份与长史张昭共掌众事。\n建安十三年 （208年），周瑜率军与刘备联合，于赤壁之战中大败曹军，由此奠定了“三分天下”的基础。建安十四年（209年），拜偏将军领南郡太守。建安十五年（210年）病逝于巴丘，年仅36岁。\n^【演】^在《三国演义》中，为了凸显诸葛亮的智慧，对历史上的周瑜形象做了较大的改动，并虚构了较多的情节，如赤壁之战，周瑜的主张不太明确，是战是和踌躇不定，诸葛亮借曹操修筑铜雀台欲夺小乔之事，智激周瑜，坚定周瑜抗曹的决心。\n曹操命周瑜同窗好友蒋干劝降周瑜，周瑜设下计策，假装友善，伪造了曹操水军都督蔡瑁、张允写给周瑜的降书让蒋干发现，上演了一出“蒋干盗书”的好戏，为赤壁之战的成功奠定了基础。,175-210,公瑾,0,世间豪杰英雄士#江左风流美丈夫,10003101,,,,吴,五星
130032,130032,25,1,3,2700,5000,8500,3700,1200,36,94,172,50,96,200032,100032,100032,0,0,0,0,0,210051,100032,0,0,0,0,0,0,0,0,0,4,4,1,0,1,1,0,0,0,0,"1,21,31",,周姬,,@【史】@周瑜之女，母疑为汉末美女小乔，兄长为周循和周胤。\n^【演】^在《三国演义》中，提及周瑜去世后留下二子一女，孙权对他们很关照。周瑜的女儿日后嫁给了太子。,?,,0,佳人箜篌忆先父#玉指抚弦奏遗志,10003201,,,,吴,五星
130033,130033,35,2,3,9000,10000,7200,3600,2000,189,209,80,57,211,200033,100033,100033,0,0,0,0,0,110009,100033,0,0,0,0,0,0,0,0,0,4,4,0,0,1,1,0,0,0,0,"2,12,32",,孙坚,,@【史】@县吏出身，因勇敢又有谋略被官府赏识，提拔为军官。曾参与讨伐黄巾军的战役以及讨伐董卓的战役。后与刘表作战时阵亡。孙坚的儿子孙策、孙权后来创建了东吴政权。\n^【演】^在《三国演义》中，孙坚由于征讨黄巾有功，被封为长沙太守。在董卓乱政期间，孙坚作为诸侯联军的先锋，表现得十分活跃，但因袁术存在私心，拒不发粮，而被董卓将华雄击败。后来董卓迁都长安，孙坚进驻洛阳，意外发现传国玉玺，并藏匿返回。不料事情泄漏，与袁绍、刘表结仇。不久，孙坚在与刘表手下黄祖的交战中，中埋伏而死。,155-191,文台,0,争教不霸江山得#日月征曾入梦来,10003301,,,,吴,五星
130034,130034,30,2,2,9600,8700,6700,4600,1400,211,192,78,67,135,200034,100034,100034,0,0,0,0,0,110015,100034,0,0,0,0,0,0,0,0,0,4,4,0,0,1,1,0,0,0,0,"2,12,22",,甘宁,,@【史】@吴国猛将。性格粗暴，年轻时经常为非作歹，行为举止旁若无人。后来熟读诸子而被感化，投靠刘表和黄祖，但均未被重用。于是甘宁率部众投奔孙权，破黄祖据楚关，攻曹仁取夷陵，镇益阳拒关羽，守西陵获朱光，率骑袭曹营，战功赫赫。孙权曾说：“孟德有张辽，孤有甘兴霸，足相敌也。”他为人仗义疏财，深得士卒拥戴，被陈寿盛赞为“江表之虎臣”。\n^【演】^在《三国演义》中，描写的甘宁事迹与史书记载基本相同。小说中甘宁参与了夷陵之战，被蜀国蛮将沙摩柯一箭射中额头，此后逃到一棵大树下坐着死去。,?-220,兴霸,0,百翎直贯曹家寨#尽说甘宁虎将才,10003401,,,,吴,五星
130035,130035,35,1,4,8600,9200,9300,5400,900,166,223,164,87,87,200648,100035,100035,0,0,0,0,0,310039,100035,0,0,0,0,0,0,0,0,0,4,4,0,0,1,1,0,0,0,0,"1,11,31",,吕蒙,,@【史】@孙吴重臣。早年果敢有胆，后折节读书，识见精博，终成大将，有“士别三日，刮目相待”之语。少年时依附姊夫邓当，随孙策为将。孙权统事后，渐受重用。破黄祖作先登，封横野中郎将。围曹仁于南郡，破朱光于皖城，累功拜庐江太守。后进占荆南三郡，计擒郝普，在逍遥津之战中奋勇抵抗张辽军追袭，并于濡须数御魏军，以功除左护军、虎威将军。鲁肃去世后，代守陆口，设计袭取荆州，击败蜀汉名将关羽，使东吴国土面积大增。\n^【演】^在《三国演义》中，吕蒙和正史的形象大体相当。但小说中则将夺荆州的功劳归于陆逊。吕蒙听说荆州早有防备，害怕无法实现目标因此称病躲避主公。直到孙权派来的陆逊来献出白衣渡江之计。历史上这则是吕蒙和孙权的计谋。第七十七回《玉泉山关公显圣》吕蒙的死法也较为荒诞，竟被关羽魂魄索命而死。另外，小说中未有提及吕蒙年轻时奋进及其由武转文的学习经历。,179-220,子明,0,白衣摇橹真奇计#一举荆襄取次休,10003501,,,,吴,五星
130036,130036,25,1,4,9000,7700,6200,5900,900,170,135,57,79,72,200035,100036,100036,0,0,0,0,0,210006,100036,0,0,0,0,0,0,0,0,0,4,4,1,0,1,1,0,0,0,0,"1,11,31",,孙尚香,,@【史】@孙权之妹，名字不详。刘备定荆州时，孙权对其十分畏惮，于是进妹予刘备为夫人，重固盟好。孙夫人才捷刚猛，有诸兄之风，身边侍婢百余人，皆亲自执刀侍立，刘备每入，心内常觉凛然惊惧。后刘备入益州，使赵云领留营司马，留守荆州。\n此时孙夫人自以孙权之妹的身份，骄妄豪强，常带着一群东吴吏兵，在荆州纵横不法。既尔孙权闻知刘备西征，于是大遣舟船以迎孙夫人，而夫人带着后主刘禅回吴，幸得赵云与张飞勒兵截江，方重夺刘禅。\n^【演】^在《三国演义》中，名为孙尚香。孙夫人才捷刚猛，有诸兄之风，身边侍婢百余人，皆亲自执刀侍立。不料在诸葛亮的锦囊妙计安排下，假婚成真姻；后来夫人更助刘备返蜀，于路上怒斥追袭的吴将。后刘备入益州，使赵云领留营司马，留守荆州。\n此时孙权闻知刘备西征，于是遣周善引领舟船以迎孙夫人，而夫人带着后主刘禅回吴，幸得赵云与张飞勒兵截江，方重夺刘禅。彝陵之战，刘备战败，有讹言传入吴中，道刘备已死，孙夫人伤心不已，望西痛哭，投江而死。,?-222,,0,江东侍婢迎郎日#犹记刀光满洞房,10003601,,,,吴,五星
130037,130037,25,1,3,6800,7700,8100,5300,1000,82,140,137,64,72,200037,100037,100037,0,0,0,0,0,210007,100037,0,0,0,0,0,0,0,0,0,1,4,1,0,1,1,0,0,0,0,"1,11,32",,何太后,,@【史】@何氏出身于屠户家庭，后选入掖庭，得到汉灵帝临幸，生下皇子刘辩，并受封贵人。光和三年（180年），立为皇后。中平六年（189年），汉灵帝去世，刘辩继位，尊何氏为皇太后。董卓进京，废黜刘辩，不久毒死刘辩及何氏。\n^【演】^在《三国演义》中，何太后生平基本与正史相符。不过并非被董卓毒死。董卓当权后，废少帝辩为弘农王，何太后还政。后董卓欲灭口，太后大骂：“董贼逼我母子，皇天不佑！汝等助恶，必当灭族！”李儒大怒，双手扯住太后，直撺下楼。,?-189,,0,家本屠者，选入掖庭#酖毒美人，威慑后宫,10003701,,,,汉,五星
130072,130072,30,2,2,8000,8400,6300,3300,1500,152,185,63,43,117,200070,100072,100072,0,0,0,0,0,210009,100072,0,0,0,0,0,0,0,0,0,3,4,1,0,1,1,0,0,0,0,"2,12,32",,关银屏,,@【史】@关羽之女。史书里未载关羽女儿名字。后人编造名字为关银屏和关凤等。因在关羽的四个子女中排行第三，故又被称作“关三小姐”、“关氏三姐”或“关羽三小姐”。在传说中她是赵云的弟子、并随同诸葛亮平定南蛮，嫁给蜀国名臣李恢之子李遗，最终也在建宁俞元（今云南澄江）去世，现澄江存有夫妻二人的合墓。\n^【演】^关羽之女，孙权曾欲为子娶之，但被关羽以“虎女安嫁犬子”拒绝。,?,,0,翩若惊鸿舞刀剑#云袖沙阵染朱红,10007201,,,,蜀,五星
130074,130074,25,2,2,9200,8900,9100,2900,1900,161,168,121,39,136,200072,100074,100074,0,0,0,0,0,310003,100074,0,0,0,0,0,0,0,0,0,3,4,0,0,1,1,0,0,0,0,"2,12,32",,姜维,,@【史】@三国时蜀汉名将，官至大将军。曾为魏中郎将，诸葛亮北伐时，姜维被怀疑有异心，姜维不得已投降蜀汉。因他忠勤时事、思虑精密、敏于军事、既有胆义，又兼心存汉室，故深得诸葛亮器重。诸葛亮去世后姜维在蜀汉开始崭露头角，费祎死后姜维开始独掌军权，继续率领蜀汉军队北伐曹魏。\n后因蜀中大臣多反对北伐，而宦官黄皓弄权，姜维只得在沓中屯田避祸。后司马昭五道伐蜀，姜维据守剑阁，阻挡钟会大军，却被邓艾从阴平偷袭成都，刘禅投降。后姜维假意投降魏将钟会，打算利用钟会反叛曹魏以实现恢复汉室的愿望，但最终反叛失败，与钟会一同被魏军所害。\n^【演】^在《三国演义》中，姜维生平与正史相似。在描写姜维降蜀时，在天水中识破设伏的赵云，并劫了诸葛亮的寨。诸葛亮视其为接班人，用计令夏侯楙和马遵误以姜维降蜀，最终使得姜维走投无路而降蜀。,202-264,伯约,0,阴平穷寇非难御#如此江山空负人,10007401,,,,蜀,五星
130083,130083,25,2,2,9100,9500,8000,6000,1800,159,153,96,88,144,200081,100083,100083,0,0,0,0,0,110018,100083,0,0,0,0,0,0,0,0,0,2,4,0,0,1,0,0,0,0,0,"2,12,23",,张郃,,@【史】@征西车骑将军。先从韩馥，后投袁绍，在与公孙瓒的交战中多有功劳。官渡之战时，张郃受郭图陷害，率众投降于曹操，得以重用，随曹操平定北方，远征乌桓，平马超，斩宋建，灭张鲁，多有战功。后来，张郃随夏侯渊驻守汉中，在夏侯渊被害后暂代主帅，维持败兵。\n魏明帝时诸葛亮第一次北伐，张郃奉命救援陇右，在街亭大败蜀将马谡，导致诸葛亮撤兵；诸葛亮第四次时，张郃随司马懿前往相拒。后诸葛亮粮尽退兵，张郃追至木门，与诸葛亮军交战，被飞矢射中右膝而亡。\n^【演】^在《三国演义》中，张郃原为袁绍手下名将，官渡之战时，受郭图陷害，无奈投降于曹操，从此被曹操重用，跟随曹操南征北战，平马超，灭张鲁，多有战功。诸葛亮一出祁山时，张郃任司马懿先锋，跟随司马懿在街亭击败蜀将马谡，使诸葛亮撤兵。此后，在诸葛亮的多次北伐中，张郃先后随曹真、司马懿前往对抗，多有表现，连诸葛亮也叹其勇猛。诸葛亮五出祁山撤退时，于在剑阁设计埋伏，张郃前往追击，中埋伏被乱箭射死。,?-231,儁乂,0,儁乂官渡投明主#屈指一算料敌先,10008301,,,,魏,五星
130090,130090,25,1,5,9800,8900,6700,6500,800,198,180,62,105,57,200088,100090,100090,0,0,0,0,0,110017,100090,0,0,0,0,0,0,0,0,0,4,4,0,0,1,1,0,0,0,0,"1,21,33",,太史慈,,@【史】@东汉末年名将，官至建昌都尉。弓马熟练，箭法精良。原为刘繇部下，后被孙策收降，自此太史慈为孙氏大将，助其扫荡江东。孙权统事后，因太史慈能制刘磐，便将管理南方的要务委托给他。建安十一年（206年）太史慈逝世。\n^【演】^在《三国演义》中，初登场为第十一回“刘皇叔北海救孔融，吕温侯濮阳破曹操”，后来表现与《三国志》中没有太大分别，但其死亡时间却往后调了数年。于群英会、赤壁之战中，太史慈也有登场，先在群英会上为周瑜担任监酒官，于赤壁战中则负责绕到曹军背后，断绝来自合肥的曹军援兵。\n后来太史慈更于合肥之战一役中大战魏将张辽，可惜其所献的“里应外合”之计被张辽悉破，张辽更将计就计，安排伏兵，袭击进入合肥城的太史慈，令太史慈身中数箭，回营后伤重身亡。,166-206,子义,0,矢志忠孝太史公#临终壮言千古嗟,10009001,,,,吴,五星
130101,130101,35,1,4,8500,9100,8400,6500,1300,148,185,159,94,112,200607,100101,100101,0,0,0,0,0,410005,100101,0,0,0,0,0,0,0,0,0,1,4,0,0,1,1,0,0,0,0,"1,21,31",,灵帝,,@【史】@汉灵帝，刘宏。在位期间，大部分时间施行党锢及宦官政治，又设置西园，巧立名目搜刮钱财，甚至卖官鬻爵以用于自己享乐，在位晚期爆发了黄巾起义，而凉州等地也陷入持续动乱之中。\n^【演】^在《三国演义》中，刘宏的生平与正史基本相同。为人昏庸无能，对政治毫不关心，实权全部掌握在十常侍的手里。刘宏死后，由于其生前没有选定继承人，故而使得刘辩和刘协之间争夺皇位。,157-189,,0,榜悬金价鬻官荣#千万为公五百卿,10010101,,,,汉,五星
130310,130310,30,2,2,9200,8700,8900,6000,2400,161,153,115,87,188,200677,100310,100310,0,0,0,0,0,210052,100310,0,0,0,0,0,0,0,0,0,2,4,0,0,1,1,0,0,0,0,"2,12,22",,邓艾,,@【史】@魏国名将。其人文武全才，深谙兵法，对内政也颇有建树。被推崇为古今六十四名将之一。邓艾多年在曹魏西边战线防备蜀汉姜维。公元263年他与钟会分别率军攻打蜀汉，最后他率先进入成都，使得蜀汉灭亡。后因遭到钟会的污蔑和陷害，被司马昭猜忌而被收押，最后与其子邓忠一起被卫瓘派遣的武将田续所害。\n^【演】^在《三国演义》中，邓艾资性敏捷、善识地理，司马懿以为奇才。其生平基本与正史相同。,197-264,士载,0,五丁破路应难及#三国论功合让先,10031001,,,,魏,五星
130337,130337,25,2,2,7500,7200,8800,5800,1700,127,133,163,71,173,200603,100337,100337,0,0,0,0,0,110165,100337,0,0,0,0,0,0,0,0,0,5,4,1,0,1,1,0,0,0,0,"2,12,32",,貂蝉,,^【演】^中国古代四大美女之一。其善歌舞，色伎俱佳，凭借自己的美貌智慧在诸侯争霸的战乱年代，辗转于各诸侯之间。她通过王允的安排成为了吕布的妾室，巧施连环计成功诱使吕布诛灭了董卓。,?,,0,三战虎牢徒费力#凯歌却奏凤仪亭,10033701,,,,群,五星
130358,130358,25,1,3,9400,8100,4200,5300,700,177,142,39,86,45,200094,100358,100358,0,0,0,0,0,210013,100358,0,0,0,0,0,0,0,0,0,3,4,1,0,1,1,0,0,0,0,"1,11,31",,张姬,,@【史】@张皇后，张飞次女，刘禅之妻。其姊敬哀皇后死后，于238年正月立为皇后。蜀汉灭亡后，随刘禅到洛阳。,?,,0,姊妹椒房堪继美#册仪宣命左将军,10035801,,,,蜀,五星
130369,130369,30,2,2,2000,6500,8700,3500,1200,24,77,161,56,124,200732,100369,100369,0,0,0,0,0,110027,100369,0,0,0,0,0,0,0,0,0,1,4,0,0,1,0,0,0,0,0,"2,12,22",,华佗,,@【史】@华佗与董奉、张仲景并称为“建安三神医”。其人医术全面，尤其擅长外科，精于手术，钻研医术而不求仕途。晚年因遭曹操怀疑，下狱被拷问致死。\n^【演】^人称神医，传有百岁。以麻沸散为麻醉药施行手术。曾经救重伤的周泰、为关羽刮骨疗毒。后被怀疑有谋害曹操的企图，死在狱中。托付给狱吏的医学书《青囊书》也被毁掉。 ,145-208,元化,0,饥饱无度则伤脾#思虑过度则伤心,10036901,,,,汉,五星
130372,130372,30,2,2,7000,7600,8700,5600,1500,141,153,176,75,135,200790,100372,100372,0,0,0,0,0,410006,100372,0,0,0,0,0,0,0,0,0,5,4,1,0,1,1,0,0,0,0,"2,12,22",,妲己,,中国古代四大妖姬之一。殷朝末期祸乱纣王的妖姬，是难得一见的绝世美女。纣王沉迷于妲己的美色，荒理朝政，对她言听计从，到了“妲己之所誉贵之，妲己之所憎诛之”的地步，使商朝灭亡，最后被周武王所诛。,?,,0,妲己配纣，惑乱是修#纣既无道，遂败牧野,10037201,,,,群,五星
130374,130374,20,3,2,6000,6500,8000,9000,300,94,121,149,141,26,200936,100374,100374,0,0,0,0,0,210014,100374,0,0,0,0,0,0,0,0,0,5,4,1,0,1,1,0,0,0,0,"3,13,23",,妺喜,,@【史】@夏朝最后一位君主夏桀的王后。夏桀在位时，发动大军攻打有施氏，有施兵败求和，并得到妺喜。夏桀得到妺喜后，更加荒淫无度。妺喜有三个癖好：一是笑看人们在规模大到可以划船的酒池里饮酒；二是笑听撕裂绢帛的声音；三是喜欢穿戴男人的官帽。,?,,0,恶来妺喜其猖獗#众皆狐媚以贪婪,10037401,,,,群,五星
130376,130376,25,3,2,6200,5800,7600,8000,600,125,107,153,110,78,200887,100376,100376,0,0,0,0,0,110022,100376,0,0,0,0,0,0,0,0,0,5,4,1,0,1,1,0,0,0,0,"3,13,23",,褒姒,,@【史】@中国古代四大妖姬之一，周幽王攻打褒国，褒国兵败，献出褒姒乞降。周幽王爱之如掌上明珠，之后更是废黜申后，而立褒姒为王后；褒姒冷艳少笑，周幽王为博其一笑，烽火戏诸侯。最终西周灭亡，褒姒亦遭劫掳，从此下落不明。,?,,0,只知一笑倾人国#不觉胡尘满玉楼,10037601,,,,群,五星
130377,130377,35,1,3,8400,8300,5500,6200,700,186,168,70,91,109,200851,100377,100377,0,0,0,0,0,110021,100377,0,0,0,0,0,0,0,0,0,5,4,1,0,1,1,0,0,0,0,"1,11,21",,骊姬,,"@【史】@春秋时代骊戎国君的女儿，有姿色，攻心计。被晋献公虏入晋国，成为晋献公的妃子。她使计离间了献公与申生、重耳、夷吾父子兄弟之间的感情，并设计害死了太子申生，制造了""骊姬倾晋""的事件。",?,,0,毛嫱丽姬，人之所美#鱼见深入，鸟见高飞,10037701,,,,群,五星
130424,130424,35,2,2,8000,5000,8800,3100,3000,114,88,155,50,288,200652,100424,100424,0,0,0,0,0,210010,100424,0,0,0,0,0,0,0,0,0,4,4,1,0,1,1,0,0,0,0,"2,22,32",,小乔＆大乔,,@【史】@小乔、大乔分别为周瑜、孙策之妾。两人并称为“江东二乔”，是三国时期世人皆知的绝色美女，均受到世人的追捧。\n^【演】^在《三国演义》中，诸葛亮谎称曹操南下的目的之一就是小乔与大乔，以此激怒周瑜同意联刘抗曹。,?,,0,乔家二女双芙蓉#一代国色江之东,"10042401,10042402",,,,吴,五星
130435,130435,30,3,3,9100,9000,6600,10000,1000,200,185,76,204,69,200655,100435,100435,0,0,0,0,0,110020,100435,0,0,0,0,0,0,0,0,0,2,4,0,0,1,1,0,0,0,0,"3,23,33",,夏侯渊,,@【史】@东汉末年名将，擅长千里奔袭作战，官至征西将军，封博昌亭侯。初期随曹操征伐，官渡之战为曹操督运粮草，又督诸将先后平定昌豨、徐和、雷绪、商曜等叛乱。后率军驻凉州，逐马超、破韩遂、灭宋建、横扫羌、氐，虎步关右。张鲁降曹操后夏侯渊留守汉中，与刘备相拒逾年，于定军山被刘备部将黄忠所袭，战死，谥曰愍侯。\n^【演】^在《三国演义》中，夏侯渊是夏侯婴之后、大将军惇族弟。自曹操陈留起兵起，便跟随征伐，历任陈留、颍川太守。官渡之战后，夏侯渊负责粮草补给，保证了曹操平定北方。而后夏侯渊又率兵四处征讨叛乱，破昌豨、徐和、雷绪、商曜等，战功卓著。而后夏侯渊督张郃、徐晃等留守汉中，与前来取汉中的刘备大军交战，为刘备将黄忠所袭，不幸战死。谥曰愍侯。魏齐王正始四年从祀曹操庙庭。,?-219,妙才,0,五出平叛，奔逸绝尘#虎步关右，所向无前,10043501,,,,魏,五星
130442,130442,30,2,1,9400,9900,5600,4200,2000,179,232,56,74,174,200680,100442,100442,0,0,0,0,0,210012,100442,0,0,0,0,0,0,0,0,0,3,4,0,0,1,1,0,0,0,0,"2,12,32",,黄忠,,@【史】@本为刘表部下，后归刘备，并助刘备攻益州刘璋。在定军山一战中阵斩曹操部下名将夏侯渊。黄忠在后世多以勇猛的老将形象出现于各类文学艺术作品中。\n^【演】^在《三国演义》中，刘备称汉中王后将其封为五虎上将之一。初为刘表部下，后事韩玄；虽年近六旬，却有万夫不当之勇。关羽攻长沙时，关羽用拖刀计将黄忠击败，但不忍害之。次日，黄忠计诱关羽，为报关羽之恩，用弓箭只射关羽盔缨，但韩玄却因此怀疑黄忠有二心，想将黄忠斩首，但遭魏延劫场，韩玄被诛，黄忠与魏延一同降蜀。\n黄忠入蜀后，战功赫赫。先与严颜败张郃，后更于定军山亲斩夏侯渊。刘备称帝后伐吴，黄忠不顾年迈，请令担任先锋，为吴将马忠偷袭射中，回营后不治而亡。,?-220,汉升,0,将军气概与天参#白发犹然困汉南,10044201,,,,蜀,五星
130443,130443,30,1,4,6000,8200,9500,6000,900,90,180,240,101,72,200805,100443,100443,0,0,0,0,0,114039,100443,0,0,0,0,0,0,0,0,0,5,4,0,0,1,1,0,0,0,0,"1,11,21",,陈宫,,@【史】@为人性格刚直烈壮，少与海内知名之士皆相连结。初随曹操，后因曹操谋害边让而与曹操反目，弃曹投靠吕布。吕布战败后，随吕布等一同被曹操所擒，陈宫求即就戮，从容赴死。\n^【演】^在《三国演义》中，陈宫曾被刘晔评价为“陈宫多计”；荀攸评其“有谋而迟”。在下邳吕布战败后，陈宫亦于下邳城南门被曹操部将徐晃擒获。白门楼前，曹操劝降陈宫，陈宫不肯屈降，曹操忍痛下令斩首处决陈宫。,?-199,公台,0,白门楼下公台死#致令今人发叹嗟,10044301,,,,群,五星
130449,130449,30,3,1,9400,9800,6700,9000,300,206,230,67,158,24,200770,100449,100449,0,0,0,0,0,114168,100449,0,0,0,0,0,0,0,0,0,2,4,0,0,1,1,0,0,0,0,"3,13,43",,夏侯惇,,@【史】@汉末年三国时期曹魏名将，西汉开国元勋夏侯婴的后代。少年时以勇气闻名于乡里。曹操起兵，夏侯惇是其最早的将领之一。与吕布军交战时，曾一度被擒为人质，又被流矢射瞎左眼。多次为曹操镇守后方，曾率军民阻断太寿河水，筑陂塘灌溉农田，使百姓受益，功勋卓著。历任折冲校尉、济阴太守、建武将军，官至大将军，封高安乡侯，追谥忠侯。青龙元年（233年），得以配享太祖（曹操）庙庭。\n^【演】^在《三国演义》中，夏侯惇在徐州攻防战时迎战吕布部将高顺，高顺败逃，夏侯惇从后追赶，不料遭另一名敌将曹性射箭偷袭。夏侯惇左眼被射中，痛得怒吼一声便匆忙用手拔箭，却不慎连着眼珠子拔了出来。夏侯惇立即大喊：“父精母血，不可弃也！”便把眼睛塞进嘴巴吞咽下去；然后又挺枪纵马，上前斩了曹性报回一箭之仇。,?-220,元让,0,孤月独明勘比伦#至今功迹照乾坤,10044901,,,,魏,五星
130450,130450,30,3,2,9600,9200,7200,8200,600,225,175,83,144,53,200771,100450,100450,0,0,0,0,0,314040,100450,0,0,0,0,0,0,0,0,0,4,4,0,0,1,1,0,0,0,0,"3,13,23",,孙策,,@【史】@三国时期孙吴的奠基者之一，孙坚长子、吴大帝孙权长兄。其人有智有勇，英姿勃发，其治军严整，军纪严明，被称为“江东小霸王”。初为继承父亲孙坚的遗业而屈事袁术，征战时屡获大胜。袁术僭越称帝后，孙策与袁术决裂，曹操下诏书给孙策，要孙策讨伐袁术。之后孙策统一江东，但在一次狩猎中为刺客所伤，不久后身亡。其弟孙权接掌孙策势力。\n^【演】^在《三国演义》中，孙策的事迹基本与正史相符。而在描写孙策被刺后，引入了孙策斩道士于吉而受其诅咒，伤重而亡的情节。,175-200,伯符,0,玉貌英雄千古少#笑他操备是蒹葭,10045001,,,,吴,五星
130451,130451,30,3,2,10200,9000,8300,9500,500,254,158,108,181,44,200769,100451,100451,0,0,0,0,0,114044,100451,0,0,0,0,0,0,0,0,0,3,4,0,0,1,1,0,0,0,0,"3,23,43",,关羽,,@【史】@蜀汉名将，是刘备、张飞的结义兄弟。早期跟随刘备辗转各地，曾被曹操生擒，于白马坡斩袁绍大将颜良，与张飞一同被称为万人敌。赤壁之战后，刘备助东吴周瑜攻打南郡曹仁，别遣关羽绝北道，阻挡曹操援军，曹仁退走后，关羽被刘备任命为襄阳太守。刘备入益州，关羽留守荆州。建安二十四年，关羽围襄樊，擒于禁，斩庞德，威震华夏，曹操曾想迁都以避其锐。后曹操派徐晃前来增援，东吴吕蒙又偷袭荆州，关羽腹背受敌，兵败身亡。\n^【演】^与刘备、张飞桃园结义，羽居其次。使八十二斤青龙偃月刀随刘备东征西讨。汜水关温酒斩华雄，屯土山降汉不降曹。为报恩斩颜良、诛文丑，解曹操白马之围。后得知刘备音信，过五关斩六将，千里寻兄。刘备平定益州后，封关羽为五虎大将之首，督荆州事。羽起军攻曹，放水淹七军，威震华夏。围樊城右臂中箭，幸得华佗医治，刮骨疗伤。但未曾提防东吴袭荆州，关羽父子败走麦城，突围中被捕，不屈遭害。,?-220,云长,0,马骑赤兔行千里#刀偃青龙出五关,10045101,,,,蜀,五星
130452,130452,30,3,3,8200,8500,8300,7500,1600,180,186,182,164,144,200772,100452,100452,0,0,0,0,0,114041,100452,0,0,0,0,0,0,0,0,0,5,4,0,0,1,1,0,0,0,0,"3,52,53",,木鹿大王,,^【演】^《三国演义》中的虚构人物，八纳洞主，孟获盟友。擅魔法，能改变天气，控制动物并指挥它们作战。在法术帮助下最初对蜀军取得一些胜利，但在诸葛亮的喷火木兽将他的动物吓跑后战败，最后死于乱军之中。,?-225,,0,骑象披金腰悬刀#呼风唤雨驱虎豹,10045201,,,,群,五星
130472,130472,30,2,3,7200,9700,9800,3000,1800,94,185,230,39,141,200080,100472,100472,0,0,0,0,0,110166,100472,0,0,0,0,0,0,0,0,0,2,4,0,0,1,1,0,0,0,0,"2,12,32",,司马懿,,@【史】@三国时期魏国杰出的政治家、军事家、战略家，西晋王朝的奠基人。是辅佐了魏国三代的托孤辅政之重臣，后期成为掌控魏国朝政的权臣。善谋奇策，多次征伐有功，其中最显著的功绩是两次率大军成功抵御诸葛亮北伐和远征平定辽东。对屯田、水利等农耕经济发展有重要贡献。\n^【演】^在《三国演义》中，司马懿的生平基本与正史相符。而在小说中，则将其塑造成“奸诈”的负面形象。,179-251,仲达,0,魁杰雄特，秉心平直#威严允惮，风行草靡,10047201,,,,魏,五星
130473,130473,30,2,2,9700,7200,4500,3900,1700,242,137,45,51,148,200681,100473,100473,0,0,0,0,0,110023,100473,0,0,0,0,0,0,0,0,0,2,4,0,0,1,0,0,0,0,0,"2,12,22",,许褚,,@【史】@主要负责曹操的护卫工作。官渡之战时发现欲谋害曹操者，将刺客全部消灭。渭南之战时在身披重甲的情况下左手掩面，右手控船桨令曹操安然成功渡河，上岸才发现早已身中数箭。相随曹操会面马超、韩遂时，许褚怒视马超，令其放弃袭击曹操的想法。当曹操去世时许褚哭至吐血，曹丕迁其作武卫将军，负责宫中安全。曹叡继位时封其为牟乡侯，不久去世，谥曰壮侯。\n^【演】^在《三国演义》中，许褚是曹操帐下数一数二的猛将。曹操讨伐黄劭、何仪时，许褚生擒何仪以及黄巾数百骑，典韦要人，许褚与典韦大战两次，不分胜败，为曹操赏识，收之用为护卫，从此为曹操征战四方。官渡破袁绍后，因谋士许攸辱骂，怒而斩之。许褚向来目光呆滞，征战英勇，人称“虎痴”，曾裸衣恶斗马超。汉中之战，许褚护粮，因酒醉为张飞所败，幸得众将相救。,?,仲康,0,只因孟起军前见#天下从兹播虎侯,10047301,,,,魏,五星
130474,130474,30,2,2,3700,7200,8800,4700,1400,88,170,238,71,126,200685,100474,100474,0,0,0,0,0,210015,100474,0,0,0,0,0,0,0,0,0,5,4,1,0,1,1,0,0,0,0,"2,21,12",,张宁,,张宁在《三国志》，《三国演义》均未有提及，是东汉末年大贤良师张角的女儿，虚拟人物。,176-?,,0,贤师身殒太平消#茕茕朱符黄天道,10047401,,,,群,五星
130475,130475,30,2,2,8300,9200,8200,3100,1500,158,229,119,31,117,200689,100475,100475,0,0,0,0,0,110005,100475,0,0,0,0,0,0,0,0,0,2,4,0,0,1,1,0,0,0,0,"2,12,32",,郝昭,,@【史】@曹魏初年著名将领。郝昭少年从军，屡立战功，后受曹真的推荐镇守陈仓，防御蜀汉。太和二年（228年），诸葛亮率军北伐，为郝昭所阻，劝降不成，昼夜相攻二十余日后被迫退军。\n^【演】^在《三国演义》中，郝昭生平与正史大体相当。身长九尺，猿臂善射，深有谋略。诸葛亮第三次北伐前探知郝昭病重，赶在张郃换防前出兵。郝昭呻吟之间忽听报蜀军到城下，急令人上城把守。但当时各门上火起，城中大乱。郝昭听知惊死，陈仓终被破。事后诸葛亮怜郝昭之死，令其妻小扶灵柩回魏国，以表其忠。,?,伯道,0,陈仓守阁拒诸葛#不减墨翟制公输,10047501,,,,魏,五星
130476,130476,30,3,2,4000,8700,10000,7800,200,76,179,235,125,16,200692,100476,100476,0,2,0,0,0,112032,100476,0,0,0,0,0,0,0,0,0,2,4,0,0,1,1,0,0,0,0,"3,31,23",,郭嘉,,@【史】@曹操帐下著名谋士。原为袁绍部下，后转投曹操，为曹操统一中国北方立下了功勋，官至军师祭酒，封洧阳亭侯。在曹操征伐乌丸时病逝，年仅三十八岁。史书上称他“才策谋略，世之奇士”。曹操称赞他见识过人，是自己的“奇佐”。\n^【演】^在《三国演义》中，郭嘉生平与三国志基本相同，前期由荀彧推荐给曹操，再让程昱加以肯定与推举；是曹操麾下洞察力敏锐的谋士，深得信赖，自身也曾经推举过参谋刘晔。增加遗计定辽东的剧情，成功让公孙康诛灭二袁并降曹，使曹操不费一兵一卒兼领辽东（史书未载定辽东之策为郭嘉所出）。,170-207,奉孝,0,若是当时存奉孝#难容西蜀与东吴,10047601,,,,魏,五星
130477,130477,30,2,3,7100,9100,9800,4200,2000,135,183,215,61,174,200693,100477,100477,0,2,0,0,0,112033,100477,0,0,0,0,0,0,0,0,0,3,4,0,0,1,1,0,0,0,0,"2,21,12",,庞统,,@【史】@号凤雏，刘备帐下重要谋士，与诸葛亮同拜为军师中郎将。与刘备一同入川，于刘备与刘璋决裂之际，献上上中下三条计策，刘备用其中计。进围雒县时，庞统率众攻城，不幸中流矢而亡，年仅三十六岁。后来庞统所葬之处遂名为落凤坡。\n^【演】^被称为凤雏，与诸葛亮齐名。赤壁之战时，庞统避乱江东，鲁肃将其荐于周瑜，入曹营献连环计，助周瑜大败曹军。周瑜死后，诸葛亮前往吊孝，因而得见庞统。当时鲁肃亦引荐庞统给孙权，但因其外貌丑陋，而不被起用。庞统于是投靠刘备，但亦因其貌丑陋而不被重用。\n庞统到任后，不理政事，于是刘备遣张飞前往问责，张飞因赏识庞统之才，遂拜其为副军师中郎将，与诸葛亮共赞方略，教练军士。后庞统随刘备取蜀，设计斩杨怀、高沛，得涪水关。攻雒城时，因疑诸葛亮欲争功，而不听从劝阻，进至落凤坡，中张任埋伏，为乱箭射死。,179-214,士元,0,献计连环展鸿才#从此凤鸣天下知,10047701,,,,蜀,五星
130478,130478,30,2,2,6300,9500,9500,4000,1700,130,209,209,46,133,200694,100478,100478,0,2,0,0,0,112034,100478,0,0,0,0,0,0,0,0,0,4,4,0,0,1,1,0,0,0,0,"2,12,22",,陆逊,,@【史】@三国时期吴国政治家、军事家。建安二十四年（219年），陆逊参与袭取荆州。章武二年（222年），孙权以陆逊为大都督，在夷陵火烧连营击败刘备，一战成名。黄武七年（228年），陆逊取得石亭之战的胜利。黄龙元年（229年），孙权称帝后，以陆逊为上大将军、辅佐太子孙登并掌管陪都武昌事宜，后卷入立嗣之争。\n赤乌七年（244年）拜为丞相，总领三公事务，领武昌事。陆逊跟随孙权四十余年，统领吴国军政十余年，深得孙权器重。深谋远虑，忠诚耿直。一生出将入相，被赞为“社稷之臣”。\n^【演】^在《三国演义》中，称其“身长八尺，面如美玉，体如凝酥”。孙权统事后，陆逊投奔入孙权门下。陆逊、董袭作为第五队参与了赤壁之战。合肥之战时陆逊董袭又救出重伤的太史慈；樊城之战前吕蒙因为想不出对付关羽的办法装病躲避。陆逊向孙权进言猜测是诈病，后又献夺荆州计谋。孙权遂以陆逊代吕蒙守陆口。后孙权力排众议，拜陆逊为大都督。,183-245,伯言,0,一旦威名惊蜀魏#吴王宁不敬书生,10047801,,,,吴,五星
130479,130479,35,1,4,10100,7200,2900,7700,900,301,187,37,142,89,200012,100479,100479,0,2,0,0,0,112031,100479,0,0,0,0,0,0,0,0,0,5,4,0,0,1,1,0,0,0,0,"1,11,31",,吕布,,@【史】@吕布以勇武闻名，号称“飞将”，时有“人中吕布，马中赤兔”之说。原为丁原部将，被唆使谋害丁原归附董卓，与董卓誓为父子，后又被司徒王允唆使诛灭董卓。旋即被董卓旧部李傕等击败，依附袁绍，又被袁绍猜忌，依附张杨。兴平元年（194年），吕布趁曹操攻打陶谦时与陈宫等叛乱，占据濮阳，但两年间被曹操击败转而去依附徐州刘备，又趁刘备与袁术作战时袭取了徐州，与刘备和好一阵又相互攻伐。\n期间，以辕门射戟化解刘备与纪灵的争斗。建安三年（198年），吕布先后击败刘备与夏侯惇后，曹操亲自出马征讨吕布，水淹下邳，吕布被部下叛变，城破被俘，被处死。\n^【演】^吕布是骁勇善战的汉末诸侯，先后跟随丁原、董卓作战，并最终谋害了丁原和董卓。成为独立势力后，吕布与曹操为敌，和刘备、袁术等诸侯时敌时友，最终不敌曹操和刘备的联军，兵败人亡。吕布虽然勇猛，但是少有计策，为人反复无常，唯利是图。在演义中，吕布是天下无双的超一流武将，曾在虎牢关大战刘备、关羽、张飞，曾一人独斗曹操军六员大将，武艺可谓公认的演义第一。,?-199,奉先,0,龙驹跳踏起天风#画戟荧煌射秋水,10047901,,,,群,五星
130480,130480,30,2,4,9100,10000,7000,5200,2200,181,211,101,54,173,200014,100480,100480,0,2,0,0,0,410001,100480,0,0,0,0,0,0,0,0,0,1,4,0,0,1,1,0,0,0,0,"2,12,32",,董卓,,@【史】@中平六年（189年），受大将军何进、司隶校尉袁绍所召，率军进京讨伐十常侍，却借何进被害之机，得以掌握朝政。他随后废除汉少帝，改立献帝。关东诸侯联盟讨伐董卓，董卓放弃洛阳，移都长安。董卓生性残虐，当权后横征暴敛，激起了民愤，最后被王允和吕布诛灭。\n^【演】^原为汉河东太守，征讨黄巾不利，却因贿赂十常侍官至西凉刺史。董卓借何进被害之机，得以掌握朝政，又赠赤兔马给吕布，诱其投降并谋害丁原，从此不可一世。董卓废汉少帝，立汉献帝，朝臣敢怒不敢言；董卓生性残暴，经常纵兵掠民，百姓皆恨。后来，司徒王允利用貂蝉巧使连环计，使董卓为吕布所诛。,?-192,仲颖,0,郿坞追魂凭李肃#宫门取命有温侯,10048001,,,,汉,五星
130486,130486,30,3,2,8900,8000,4200,8500,300,141,115,44,134,24,200719,100486,100486,0,0,0,0,0,110024,100486,0,0,0,0,0,0,0,0,0,1,4,0,0,1,1,0,0,0,0,"3,13,23",,潘凤,,^【演】^《三国演义》中的虚构人物，冀州牧韩馥属下，善使大斧，于诸侯讨董之汜水关战中，遭华雄击败而被斩。韩馥经典语曰：吾有上将潘凤，可斩华雄。,?,,0,吾有上将潘凤#可斩华雄,10048601,,,,汉,五星
130488,130488,30,2,3,8600,8800,3400,3200,1400,188,162,40,48,126,200723,100488,100488,0,0,0,0,0,110025,100488,0,0,0,0,0,0,0,0,0,5,4,0,0,1,0,0,0,0,0,"2,12,52",,孟获,,@【史】@三国时期南中地区少数民族的首领，公元225年起兵反叛蜀汉，被诸葛亮率领大军七擒七纵后降服，此后不再叛乱。《三国志》本传中未记载孟获事迹，史书《汉晋春秋》和《襄阳记》有记载。\n^【演】^在《三国演义》中，则详细讲述了七擒孟获的故事。孟获为人骁勇善战，但不善于用兵。曾起兵反叛蜀汉，后诸葛亮依马谡“攻心为上”之策，对其进行七擒七纵，终于使得孟获心悦诚服，立誓永不再反叛蜀国。,?,,0,七擒七纵终服蜀#南蛮亦知忠义信,10048801,,,,群,五星
130494,130494,25,3,3,8800,8100,3000,7300,300,191,124,32,101,25,200730,100494,100494,0,0,0,0,0,110026,100494,0,0,0,0,0,0,0,0,0,5,4,1,0,1,1,0,0,0,0,"3,52,23",,祝融夫人,,^【演】^在《三国演义》中，为火神祝融氏后裔，南蛮王孟获之妻，带来洞主之姐。武艺高强，善使飞刀，百发百中。曾与孟获一起抵抗蜀军，在两军阵前被赵云活捉，在诸葛亮七擒七纵孟获之后，随孟获归顺蜀汉。祝融夫人为虚构人物，不见于正史记载。,?,,0,性如烈火红海棠#执戟金戈好女杰,10049401,,,,群,五星
130495,130495,40,3,3,9800,8800,3900,8500,200,257,195,54,118,20,200736,100495,100495,0,3,0,0,0,113037,100495,0,0,0,0,0,0,0,0,0,5,4,0,0,1,1,0,0,0,0,"3,12,13",,颜良＆文丑,,@【史】@颜良与文丑一起作为袁绍军队的勇将而闻名，孔融曾称赞二人勇冠三军，并以二人作为袁绍军队的武将代表劝谏曹操小心他们。\n^【演】^在《三国演义》中，于讨董战役的汜水关之战中第一次被提及姓名，当时颜良、文丑催军未回，使袁绍颇为华雄的猖狂而叹息。袁绍计逼韩馥，夺取冀州之时，关纯行刺袁绍，被文丑所斩。磐河一战，文丑策马挺枪，直冲上桥，十余合大败公孙瓒，平定河北。\n曹、袁交兵，先锋颜良攻白马被斩，文丑领军为其报仇，据延津挑战曹操，却中饵敌之计而军乱，文丑挺身独战，射退张辽，与徐晃大战三十合不分胜败，追击中正遇关羽，战不三合，心怯欲走，被关羽赶上斩于马下。,?,,0,河北双雄谁敌手#勇冠三军龙虎腾,"10049501,10049502",,,,群,五星
130496,130496,30,1,3,4900,9500,10800,5500,1200,79,152,286,72,105,200737,100496,100496,0,3,0,0,0,213020,100496,0,0,0,0,0,0,0,0,0,3,4,0,0,1,1,0,0,0,0,"1,11,21",,诸葛亮,,@【史】@政治家、军事家，被誉为“千古良相”的典范。策动孙、刘联盟，于赤壁之战中大破曹操，奠定三国鼎立的基础。蜀汉建立，拜为丞相。刘备伐吴失败，受托孤于永安，辅佐幼主，外联东吴，内修政理，南征平叛，北抗强魏。为完成统一中原，兴复汉室的大业，先后五次进攻魏国。在治国、治军等方面发挥了非凡的才能。最后一次北伐时采取分兵屯田之策，与司马懿大军相持百余日，但不幸因积劳成疾而逝世，享年五十四岁，谥曰忠武侯。\n^【演】^在《三国演义》中，人称卧龙先生，有经天纬地之才，鬼神不测之机。刘皇叔三顾茅庐，遂允出山相助。曾舌战群儒、借东风、智算华容、三气周瑜，辅佐刘备于赤壁之战大败曹操，更取得荆州为基本。后奉命率军入川，于定军山智激老黄忠，斩夏侯渊，败走曹操，夺取汉中。刘备伐吴失败，受遗诏托孤，安居平五路，七纵平蛮，六出祁山，鞠躬尽瘁，死而后已。其手摇羽扇，运筹帷幄的潇洒形象，千百年来已成为人们心中“智慧”的代名词。,181-234,孔明,0,出师一表真名世#千载谁堪伯仲间,10049601,,,,蜀,五星
130497,130497,25,2,2,7000,7800,8800,3600,2000,122,126,154,43,143,200738,100497,100497,0,3,0,0,0,213021,100497,0,0,0,0,0,0,0,0,0,4,4,1,0,1,1,0,0,0,0,"2,22,32",,步皇后,,@【史】@步练师，与吴国丞相步骘同族，吴大帝孙权的宠妃。步练师在孙权众嫔妃中最受孙权宠爱，生有二女：即全公主孙鲁班和朱公主孙鲁育。,?-238,,0,虔恭夙夜伴君侧#宽容慈惠有淑德 ,10049701,,,,吴,五星
130498,130498,30,3,3,9600,8500,6800,8800,300,197,175,99,141,24,200739,100498,100498,0,3,0,0,0,113038,100498,0,0,0,0,0,0,0,0,0,2,4,0,0,1,1,0,0,0,0,"3,23,43",,曹纯,,@【史】@曹操麾下将领，曹仁之弟。为人擅战，甚得人心，为人重纲纪，不失理智。是曹操部下精锐部队“虎豹骑”的统领者之一，因在平定北方的战役中颇有功绩，被加封为高陵亭侯。\n^【演】^在《三国演义》中，曹纯作为曹仁的部将跟随曹仁一起防守南郡，受派遣，与牛金一起去救援曹洪，成功将吴将甘宁围困在彝陵，直至周瑜亲自前来解围。后来，曹仁全军偷袭周瑜大营，曹纯与曹洪同为合后，中计兵败，接应曹仁弃城而逃。,170-210,子和,0,统领虎豹锐无当#斩谭俘胡震宇内,10049801,,,,魏,五星
130519,130519,35,2,2,8400,12800,3000,3200,1500,201,187,38,53,149,200756,100519,100519,0,0,0,0,0,112172,100519,0,0,0,0,0,0,0,0,0,5,4,0,0,1,1,0,0,0,0,"2,52,42",,兀突骨,,^【演】^在三国演义中，兀突骨是虚构人物。南蛮乌戈国之主，是身长十二尺的巨汉。孟获遭到六擒六纵之后向兀突骨求援，兀突骨亲自带领两名兵长土安、奚泥及三万藤甲兵去攻蜀。在连胜魏延十五阵之后，追击至蟠蛇谷，被诸葛亮埋伏，以火攻反击之，兀突骨及其三万部下全部战死。,?-225,,0,生蛇恶兽以为食#统御藤甲势破竹,10051901,,,,群,五星
130522,130522,30,1,3,5800,8800,9000,5000,1000,102,194,171,73,87,200762,100522,100522,0,0,0,0,0,212027,100522,0,0,0,0,0,0,0,0,0,4,4,0,0,1,1,0,0,0,0,"1,11,31",,诸葛恪,,@【史】@诸葛瑾的长子，从小就以才思敏捷、善于应对著称，曾任丹杨太守，为吴国征得大量兵源。孙亮继位后，诸葛恪掌握了吴国大权，率军抵挡了魏国三路进攻，在东兴大胜魏军。此后，诸葛恪开始轻敌，率大军伐魏，围攻新城不下，士卒因疾病死伤惨重，回军后为掩饰过失，更加独断专权。不久，诸葛恪被孙峻联合吴主孙亮设计所诛，被夷灭三族。\n^【演】^在《三国演义》中，诸葛恪曾为吴太子孙登的太子左辅。孙亮继位后，诸葛恪掌握了吴国大权，率军抵挡了魏国三路进攻，在东兴大胜魏军。此后，诸葛恪开始轻敌，率军二十万伐魏，围攻新城不下，被魏国援军大败，回军后为掩饰过失，更加独断专权。不久，诸葛恪被孙峻联合吴主孙亮设计所诛，被满门抄斩。,203-253,元逊,0,蓝田生玉，添字得驴#刚愎自用，恃才取祸,10052201,,,,吴,五星
130524,130524,35,1,3,9500,9000,3600,7100,900,261,189,40,137,78,200764,100524,100524,0,0,0,0,0,112064,100524,0,0,0,0,0,0,0,0,0,3,4,0,0,1,1,0,0,0,0,"1,31,52",,沙摩柯,,@【史】@三国时期五溪蛮首领。为报关羽被东吴所害之仇，刘备亲自领兵攻孙权，以金锦爵赏诱沙摩柯助战。沙摩柯率一万余人响应蜀军，表现活跃。章武二年（222年），吴大都督陆逊以火攻破刘备，率诸军齐击，蜀军四十多个营寨被攻破，沙摩柯在大乱中匹马奔逃，死于乱军。\n^【演】^为刘备伐吴的援军。生得面如噀血，碧眼突出，使一个铁蒺藜骨朵，腰带两张弓，威风抖擞。伐吴期间，曾一箭射死东吴猛将甘宁。后刘备兵败，沙摩柯被东吴大将周泰所害。,?-222,,0,面如噀血碧眼突#番将能为汉死节,10052401,,,,蜀,五星
130526,130526,30,1,3,8100,9000,8800,5500,1200,117,179,163,87,85,200773,100526,100526,0,0,0,0,0,110173,100526,0,0,0,0,0,0,0,0,0,1,4,0,0,1,1,0,0,0,0,"1,11,21",,张机,,@【史】@名机，字仲景，南阳郡人。以表字行施于世，即汉末著名医学家“张仲景”。早年学医于同郡张伯祖，尽得其真传。初举孝廉，相传于建安年间任长沙太守，时大疫流行，乃钻研《内经》《难经》等古医书，博采众方，撰写《伤寒杂病论》，与华佗、董奉齐名，并称“建安三神医”，后世尊其为“医圣”。其著作辗转流散，经后人编次校勘，分别整理为《伤寒论》和《金匮要略》二书，流传至今。,150-215,仲景,0,及时行疫气之法#皆当按斗历占之,10052601,,,,汉,五星
130534,130534,30,3,1,8000,9000,9700,8800,400,115,158,213,128,28,200785,100067,100534,0,10003,0,0,0,213022,100534,0,0,0,0,0,0,0,0,0,3,4,0,0,1,1,0,1,0,0,"3,13,23",,徐庶,,@【史】@东汉末年刘备帐下谋士，后归曹操，并仕于曹魏。徐庶本名徐福，为寒门子弟。早年为人报仇，获救后改名徐庶，求学于儒舍。后与同郡石广元避难于荆州，与司马徽、诸葛亮、崔州平等道友来往密切。刘备屯驻新野时，徐庶前往投奔，并向刘备推荐诸葛亮。徐庶南下时因母亲被曹操所掳获，徐庶不得已辞别刘备，进入曹营。魏文帝时，徐庶官至右中郎将、御史中丞。\n^【演】^在《三国演义》中，徐庶化名单福。刘备在新野时，投效于刘备，被拜为军师。徐庶为刘备出谋划策，击败曹将吕旷、吕翔，斗阵胜曹仁，并计取樊城。不久曹操手下谋士程昱识破了徐庶的身份，称徐庶之才十倍于己。曹操欲拉拢徐庶，于是程昱取来徐庶老母，用伪书赚徐庶来降。徐庶临走前向刘备“走马荐诸葛”，并立誓在曹营“终身不设一谋”。后徐庶跟随曹操参加赤壁之战，在庞统建议下，主动请命去散关防守马腾、韩遂，逃过赤壁大火。,?,元直,0,豫州军败信途穷#徐庶推能荐卧龙,10053401,,,,蜀,五星
130550,130550,30,3,2,8900,8400,5200,8500,400,195,170,87,172,28,200804,100550,100550,0,4,0,0,0,114040,100550,0,0,0,0,0,0,0,0,0,5,4,0,0,1,0,0,0,0,0,"3,13,33",,轲比能,,@【史】@汉末三国时期鲜卑民族的首领，由于他作战勇敢，执法公平，不贪财物，所以被鲜卑民众推举为大人。自曹操北征后向曹氏进贡表示效忠。后来在轲比能进行部落统一战争时，受到魏国干涉，并遭到沉重打击。于是轲比能对魏怀有二心，并献书魏帝表忠以麻痹魏庭使之放松警惕。轲比能的势力得以强盛，控弦十馀万骑，为害魏国边境。深感威胁的魏国便派刺客将其谋害，其政权立刻崩溃，鲜卑民族再次陷入混战。\n^【演】^在《三国演义》中，轲比能于第八十五回《刘先主遗诏托孤儿 诸葛亮安居平五路》登场。轲比能呼应曹丕五路进攻蜀汉的计划，与羌兵一同出征。知道对手是令异族闻风丧胆的“神威将军”马超后，便不战而自行逃回。,?-235,,0,小种鲜卑御群狄#称雄漠南附义王,10055001,,,,群,五星
130553,130553,30,1,4,8900,8800,7700,5200,1200,177,175,111,75,85,200791,100040,100553,0,10001,0,0,0,114169,100553,0,0,0,0,0,0,0,0,0,1,4,0,0,1,1,0,1,0,0,"1,11,21",,朱儁,,@【史】@东汉末年名将。光和七年（184年），黄巾起义爆发，朱儁担任右中郎将、持节。平定三郡之地后，被皇甫嵩上表推功，进封西乡侯，迁任镇贼中郎将。又率军讨平南阳黄巾。董卓秉政时，想任朱儁为副手，遭其婉拒。其后出逃荆州，更屯军中牟，徐州刺史陶谦等欲推举他为太师，并传檄各州牧伯，相邀讨伐李傕、奉迎天子。但朱儁却奉诏入京任太仆。兴平二年（195年），李傕、郭汜相攻时，郭汜扣留朱儁为人质，朱儁性格刚烈，同日即发病而死。\n^【演】^在《三国演义》中，朱儁形象与正史相似。是汉车骑将军。黄巾起义时，为中郎将，引军讨伐。屡立功绩，迁车骑将军，河南尹。后董卓余党李傕、郭汜乱政，掠夺公卿，朱儁对汉室衰微的状况感到悲哀，归家后即病逝。,?-195,公伟,0,将军乱世国所赖#忠义守节不辱名,10055301,,,,汉,五星
130557,130557,30,2,2,8100,8500,5500,3200,1600,177,200,73,54,111,200795,100051,100557,0,10001,0,0,0,114171,100557,0,0,0,0,0,0,0,0,0,5,4,0,0,1,1,0,1,0,0,"2,12,22",,张梁,,@【史】@东汉末农民起义首领。张角、张宝的弟弟。熹平年间，张角创太平道，梁与角同在河北一带传教，秘密进行组织工作。中平元年（184）黄巾起义时，号称“人公将军”，协同张角击败卢植、董卓进攻。角病死，东汉政府增调左中郎将皇甫嵩往攻，梁坚守广宗，英勇反击而获胜。后因麻痹轻敌，于广宗被皇甫嵩击败身亡。\n^【演】^在《三国演义》中，张梁同兄弟一起发动黄巾起义，在曲阳被皇甫嵩和曹操围攻，连败七阵身亡。,?-184,,0,人公将军知将略#能守广宗破义真,10055701,,,,群,五星
130562,130562,25,1,4,6900,7800,8000,5000,900,80,131,188,75,91,200796,100430,100562,0,10001,0,0,0,114170,100562,0,0,0,0,0,0,0,0,0,5,4,0,0,1,1,0,1,0,0,"1,11,21",,张宝,,@【史】@张角之弟，张梁之兄，中平元年（184）二月，同兄弟一起发动黄巾起义，号地公将军。同年十一月于下曲阳（今河北晋州）遭到左中郎将皇甫嵩、钜鹿太守郭典的围攻，兵败被斩。\n^【演】^在《三国演义》中，张宝同兄弟一起发动黄巾起义，于阳城与朱儁军对抗。后刘备兄弟率军前来，帮助朱儁与张宝交战，张宝使用妖术，一度获胜，但不久就被破解，张宝被刘备射伤，逃入阳城坚守。朱儁等加紧围攻，张宝的部下严政斩了张宝，献首投降。,?-184,,0,地公将军善左道#使得妖术乱千军,10056201,,,,群,五星
130574,130574,30,2,2,8200,9300,9300,4300,1600,107,177,205,56,140,200824,100574,100574,0,0,0,0,0,314008,100574,0,0,0,0,0,0,0,0,0,4,4,0,0,1,1,0,0,0,0,"2,12,22",,陆抗,,@【史】@三国时期吴国名将，丞相陆逊次子。陆抗袭父爵为江陵侯，为建武校尉，领其父众五千人。后迁立节中郎将、镇军将军等。孙皓为帝，任镇军大将军、都督西陵、信陵、夷道、乐乡、公安诸军事，驻乐乡。凤凰元年，击退晋将羊祜进攻，并击败叛将西陵督步阐。与陆逊皆是吴国的中流砥柱，并称“逊抗”，被誉为吴国最后的名将。\n^【演】^陆抗足智多谋，率众平定了西陵步阐的叛乱。又奉命屯兵江口，以图襄阳。晋派羊祜镇守襄阳，陆抗与羊祜英雄相惜，自守疆界，不动干戈。又上疏说：“晋不可伐，劝君主实施仁德，修养生息。”来回复君主孙皓攻打襄阳的计划。孙皓大怒，以为陆抗与敌人私通，削去了他的兵权，令孙冀代替他。这时羊祜上表劝晋主伐吴，几年后陆抗死去。,226-274,幼节,0,校胜於握帷幄中#兴吴事业父子谋,10057401,,,,吴,五星
130575,130575,30,2,2,9600,9700,3300,3500,1800,197,243,33,51,173,200825,100575,100575,0,4,0,0,0,114167,100575,0,0,0,0,0,0,0,0,0,2,4,0,0,1,0,0,0,0,0,"2,12,32",,典韦,,@【史】@曹操部将，相貌魁梧，膂力过人。本属张邈，后归曹操。曹操征讨吕布时被募为陷阵，表现英勇，被拜为校尉，宿卫曹操。后曹操于宛城时，张绣先降而复反，急迫曹操本营；典韦守着大门，殊死恶斗，破敌甚众，最终因敌人太多而战死。 \n^【演】^在《三国演义》中，因其悍武，曹操称其为“古之恶来”。张绣背叛时，先令胡车儿暗盗韦双戟，再引军急迫曹操本营。典韦守大门，殊死恶斗，破敌甚众，刀坏了竟双手各提一人为武器迎敌。群贼不敢近，只远远以箭射之，箭如骤雨，典韦犹死拒寨门。,?-197,,0,典韦救主传天下#勇猛当先第一人,10057501,,,,魏,五星
130582,130582,30,3,2,6000,8500,9900,9100,400,78,136,218,146,32,200828,100582,100582,0,0,0,0,0,110028,100582,0,0,0,0,0,0,0,0,0,3,4,0,0,1,1,0,0,0,0,"3,23,43",,法正,,@【史】@原为刘璋部下，刘备围成都时劝说刘璋投降，而后又与刘备进取汉中，献计将曹操大将夏侯渊斩首。法正善奇谋，深受刘备信任和敬重，被陈寿称赞为可比魏国的程昱和郭嘉。\n^【演】^在《三国演义》中，法正的生平事迹与正史大体相当。原为刘璋部属，与张松、孟达合谋献益州给刘备。在涪城大会上，与庞统一起策划谋害刘璋的计划。伐蜀成功后，曾与诸葛亮讨论治法之事。后来任蜀郡太守时公报私仇，听闻诸葛亮向他人的解释后有所收敛。曹刘争汉中时，说服刘备亲征，又受诸葛亮之命助黄忠斩夏侯渊。,176-220,孝直,0,谁是孔明西道主#敢将东客罪西人,10058201,,,,蜀,五星
130583,130583,30,2,2,4500,8300,9800,3200,1900,52,146,216,47,166,200835,100150,100583,0,0,0,0,0,110029,100583,0,0,0,0,0,0,0,0,0,2,4,0,0,1,0,0,1,0,0,"2,12,22",,荀攸,,@【史】@荀彧之侄，东汉末年谋士。曹操迎天子入许都之后，荀攸成为曹操的军师。 曹操征伐吕布时荀攸劝阻了曹操退兵，并献奇计水淹下邳城，活捉吕布。官渡之战荀攸献计声东击西，斩颜良和文丑。又策奇兵，派徐晃烧袁绍粮草，同时力主曹操接纳许攸，画策乌巢，立下大功。\n平定河北期间，荀攸力排众议，主张曹操消灭袁绍诸子，被曹操上奏朝廷封为陵树亭侯。荀攸行事周密低调，计谋百出，深受曹操称赞。建安十九年（214年），荀攸在曹操伐吴途中去世。\n^【演】^在《三国演义》中，荀攸初仕大将军何进，后弃官还乡。曹操在兖州，攸同从叔彧共来投之，为曹操重用。曹操迎天子都许，拜为军师。荀攸随讨吕布，定河北，及官渡、赤壁之战，屡出奇谋。及魏国建立，以荀攸为尚书令。曹操进爵魏王，荀攸认为曹操叛汉，曹操大怒，荀攸忧愤成疾，旋即去世。,157-214,公达,0,公达运筹比良平#大贤功振三分国,10058301,,,,魏,五星
130585,130585,30,2,2,8800,9600,7400,5700,1300,181,226,74,83,102,200836,100085,100585,0,10001,0,0,0,314007,100585,0,0,0,0,0,0,0,0,0,2,4,0,0,1,1,0,1,0,0,"2,12,32",,曹仁,,@【史】@曹操从弟。三国曹魏名将。从曹操多年，为魏朝立下汗马功劳。破袁术，曹仁所斩获颇多，大破陶谦军及陶谦部将吕由，攻克句阳，生擒吕布的部将刘何，官渡之战中，在隐强打败刘备军、鸡落山之战又战胜袁绍军。\n^【演】^在《三国演义》中，曹仁于曹操起兵时与曹洪一同前来投奔，并随曹操一同参与讨董战役。后从征袁术、吕布、张绣，参加官渡之战，多立功勋。曹操平定北方后决意南征，曹仁率军先攻刘备，并列八门金锁阵以敌刘备，但阵法却被徐庶所破。赤壁之战后，周瑜乘胜进取荆州，与镇守南郡的曹仁大战，曹仁用曹操遗计诈败引周瑜入城，随命放箭，周瑜中箭败退。然此后反中东吴军士诈降之计，被周瑜击败。,168-223,子孝,0,入毗皇家，帝之股肱#出作侯伯，实抚东夏,10058501,,,,魏,五星
130586,130586,30,3,3,9400,8600,7000,9000,300,222,203,69,135,24,200837,100586,100586,0,0,0,0,0,114048,100586,0,0,0,0,0,0,0,0,0,5,4,0,0,1,1,0,0,0,0,"3,23,43",,庞德,,@【史】@初为马腾部下，在平定羌民的征伐中屡立战功。建安年间，庞德跟随马超征战，每次出征常冲锋陷阵，勇冠凉州三军。后几经辗转，随张鲁归降于曹操麾下。219年，庞德协助曹仁抵御关羽。时值汉水暴溢，他率诸将与关羽殊死搏斗，箭镞尽，又短兵相接。\n而他格斗益怒，胆气愈壮，力战多时后因小舟被洪水打翻为关羽军所擒。关羽敬重他的刚毅威武，以封将劝降，但他却怒目不跪，怒斥关羽，最终殒身殉节。\n^【演】^在《三国演义》中，曹操进攻汉中时，庞德被曹操所擒，且因张鲁的不仁而转投曹操。此后，庞德屡立战功，濡须口之战斩东吴名将陈武，汉中之战中击败蜀汉名将魏延，救出曹操。后来曹仁被关羽包围在樊城，庞德随于禁引军赴救。其时诸将皆以庞德兄长庞柔、故主马超均在蜀，都怀疑庞德有二心；\n庞德抬棺决死，遂力斗关羽父子，又箭射关羽，深为关羽所忌惮。然而于禁惧其立功，加以掣肘。魏军战败，庞德被周仓在水中擒获，誓死不降，为关羽所害。曹操闻知此事甚为伤悲，为之流涕。,?-219,令明,0,白马将军大丈夫#忠烈美名昭千载,10058601,,,,群,五星
130587,130587,30,2,2,8500,9300,6700,3500,1800,149,233,67,41,206,200838,100439,100587,0,10004,0,0,0,314011,100587,0,0,0,0,0,0,0,0,0,4,4,0,0,1,0,0,1,0,0,"2,12,32",,黄盖,,@【史】@孙吴名将。历仕孙坚、孙策、孙权三任君主。为人严肃，善于训练士卒，每每征讨，他的部队皆勇猛善战。赤壁之战时，黄盖前往曹营诈降，并趁机以火攻大破曹操的军队，是赤壁之战主要功臣之一。\n^【演】^在《三国演义》中，黄盖以铁鞭为兵器。曹操军来犯之际，黄盖向周瑜提议火攻破敌，周瑜要他行苦肉计，黄盖一口答应。黄盖故意提出投降曹操，周瑜假意下令斩首，后改为杖打五十，打得皮开肉绽。黄盖向曹操献降书，曹操起初识破诈降，但有两细作回报黄盖遭刑的事，曹操才相信。但苦肉计并无正史记载，赤壁之战时候黄盖只是“建策火攻”而已。,?,公覆,0,老骥伏枥设苦计#赤壁火光映白首,10058701,,,,吴,五星
130589,130589,30,2,2,9000,10200,6100,3500,1500,171,225,61,51,131,200843,100589,100589,0,0,0,0,0,210016,100589,0,0,0,0,0,0,0,0,0,4,4,0,0,1,1,0,0,0,0,"2,12,22",,周泰,,@【史】@三国时期吴国武将。孙策平定江东时与同郡蒋钦一起加入孙策军，随孙策左右，后孙权爱其为人，向孙策请求让周泰跟随自己。周泰多次于战乱当中保护孙权的安危，身上受的伤多达几十处，就像在皮肤上雕画一样，吴将朱然、徐盛等因此对其拜服。后来孙权为了表彰周泰为了东吴出生入死的功绩，而赐给他青罗伞盖。官至汉中太守、奋威将军，封陵阳侯。死于黄武中年，有子周邵，亦数有战功，死于黄龙二年，周邵的弟弟周承继承了兵权和爵位。\n^【演】^在《三国演义》中，跟正史差不多，最初和蒋钦一同在江中劫掠为生，后归顺孙策，并助孙策攻刘繇营寨。孙策攻取吴郡之时，周泰与孙权镇守宣城，期间山贼前来攻城，周泰为保护孙权而被刺12枪，身受重伤，幸得名医华佗救治才得以保全一命。,?,幼平,0,遍体疮痍犹痛饮#血痕残酒满征衣,10058901,,,,吴,五星
130590,130590,25,1,3,7000,9100,9500,6000,1000,76,143,196,57,57,200845,100472,100590,0,0,0,0,0,210017,100590,0,0,0,0,0,0,0,0,0,1,4,0,0,1,0,0,1,0,0,"1,11,21",,司马懿,,@【史】@三国时期魏国杰出的政治家、军事家、战略家，西晋王朝的奠基人。是辅佐了魏国三代的托孤辅政之重臣，后期成为掌控魏国朝政的权臣。善谋奇策，多次征伐有功，其中最显著的功绩是两次率大军成功抵御诸葛亮北伐和远征平定辽东。对屯田、水利等农耕经济发展有重要贡献。\n^【演】^在《三国演义》中，司马懿的生平基本与正史相符。而在小说中，则将其塑造成“奸诈”的负面形象。,179-251,仲达,0,魁杰雄特，秉心平直#威严允惮，风行草靡,10059001,,,,汉,五星
130591,130591,30,1,3,8500,8700,9100,5500,1100,124,140,201,72,66,200846,100591,100591,0,0,0,0,0,210018,100591,0,0,0,0,0,0,0,0,0,2,4,0,0,1,0,0,0,0,0,"1,21,32",,钟会,,@【史】@魏晋时期重要的策臣与谋士、制定伐蜀计划并参与灭蜀之战的智将。自幼才华横溢，上至皇帝、下至群臣都对他非常赏识。在征讨毌丘俭、诸葛诞期间，钟会屡出奇谋。被人比作西汉谋士张良，又曾为司马昭献策阻止了曹髦的夺权企图，钟会得以成为司马氏的亲信。\n景元年间，钟会独力支持司马昭的伐蜀计划，从而发动伐蜀之战。灭蜀后，钟会大力结交西蜀名士，打击邓艾等人，打算自立政权，但由于手下官兵不支持钟会的行动而发动兵变，钟会与姜维等人皆死于兵乱之中。\n^【演】^在《三国演义》中，钟会少有异才，受众人赏识，夏侯霸降蜀后预言其终究成为吴蜀之大患。毌丘俭叛乱后，钟会说服司马师亲征。司马师病死后，钟会又帮助司马昭保住兵权。诸葛诞叛乱期间，钟会多次献策助司马昭平叛。\n伐蜀期间，钟会为严军法，处死名将许禇的儿子许仪，又攻下阳安关，因为在阳安城中受诸葛亮托梦，于是对百姓秋毫无犯，但在追击姜维时与邓艾交恶。灭蜀后，钟会打压邓艾，又准备与姜维策划谋反，但事情败露，被士兵乱箭射死。,225-264,士季,0,子房智勇裁如此#不悟诛秦灭项人,10059101,,,,魏,五星
130592,130592,25,1,3,4800,8300,8600,6200,1000,51,140,159,76,111,200848,100592,100592,0,0,0,0,0,214023,100592,0,0,0,0,0,0,0,0,0,5,4,1,0,1,1,0,0,0,0,"1,21,31",,董白,,@【史】@董白，东汉末年县君，陇西临洮（今甘肃省岷县）人，董卓之孙女，尚未及笄就被封渭阳君。董卓被诛，灭三族时被处死。,?,,0,芙蓉未出清清水#轻罗小伞遮暗香,10059201,,,,群,五星
130593,130593,30,3,2,9300,8800,6800,8800,500,188,178,102,132,35,200849,100593,100593,0,40003,0,0,0,114047,100593,0,0,0,0,0,0,0,0,0,5,4,0,0,1,1,0,0,0,0,"3,23,43",,张郃,,@【史】@征西车骑将军。先从韩馥，后投袁绍，在与公孙瓒的交战中多有功劳。官渡之战时，张郃受郭图陷害，率众投降于曹操，得以重用，随曹操平定北方，远征乌桓，平马超，斩宋建，灭张鲁，多有战功。后来，张郃随夏侯渊驻守汉中，在夏侯渊被害后暂代主帅，维持败兵。\n魏明帝时诸葛亮第一次北伐，张郃奉命救援陇右，在街亭大败蜀将马谡，导致诸葛亮撤兵；诸葛亮第四次时，张郃随司马懿前往相拒。后诸葛亮粮尽退兵，张郃追至木门，与诸葛亮军交战，被飞矢射中右膝而亡。\n^【演】^在《三国演义》中，张郃原为袁绍手下名将，官渡之战时，受郭图陷害，无奈投降于曹操，从此被曹操重用，跟随曹操南征北战，平马超，灭张鲁，多有战功。诸葛亮一出祁山时，张郃任司马懿先锋，跟随司马懿在街亭击败蜀将马谡，使诸葛亮撤兵。此后，在诸葛亮的多次北伐中，张郃先后随曹真、司马懿前往对抗，多有表现，连诸葛亮也叹其勇猛。诸葛亮五出祁山撤退时，于在剑阁设计埋伏，张郃前往追击，中埋伏被乱箭射死。,?-231,儁乂,0,儁乂官渡投明主#屈指一算料敌先,10059301,,,,群,五星
130603,130603,20,3,2,3500,7800,8700,8800,400,44,97,141,109,30,200852,100603,100603,0,0,0,0,0,210019,100603,0,0,0,0,0,0,0,0,0,2,4,1,0,1,1,0,0,0,0,"3,13,23",,卞夫人,,@【史】@魏武帝曹操的正妻（继室），魏文帝曹丕、任城威王曹彰、陈思王曹植、萧怀王曹熊的母亲。原本是倡家，即汉代专门从事音乐歌舞的乐人家庭，后来与曹操成婚，建安初年，原配丁夫人被废，卞夫人成为曹操的正妻。曹丕继位后尊其为皇太后，曹叡继位后尊其为太皇太后。卞后在太和四年去世，与魏武帝曹操合葬高陵。,159-230,,0,去奢即俭，旷世作显#慎终如始，蹈和履贞,10060301,,,,魏,五星
130604,130604,25,1,3,4200,8200,9400,5900,1200,45,152,219,91,99,200857,100604,100604,0,40003,0,0,0,214025,100604,0,0,0,0,0,0,0,0,0,5,4,0,0,1,1,0,0,0,0,"1,11,21",,李儒,,@【史】@董卓专政时担任弘农王郎中令，奉董卓之命，入宫毒死汉少帝。董卓死后，李傕攻进长安，控制朝政，李傕推举博士李儒为侍中，但被汉献帝拒绝。\n^【演】^董卓的谋士，董卓的大小事宜均与之参谋，堪称智囊。董卓趁乱进京、说降吕布、废立皇帝、迁都长安等举动，均离不开李儒的参谋之功。汉少帝刘辩被废后不满，李儒奉董卓之命，亲自带人入宫，毒死刘辩。后王允使“连环计”离间董卓、吕布，李儒劝董卓放弃貂蝉而换取吕布的效忠，董卓最终没有听从，死于吕布之手。董卓死时，李儒卧病在家，被家仆捆绑献出，处斩于市曹之中。,?-192,文优,0,识破孟德献刀计#毒鸩少帝狼子心,10060401,,,,群,五星
130615,130615,30,3,3,9200,8600,7200,8800,600,203,177,94,141,47,200865,100615,100615,0,0,0,0,0,114050,100615,0,0,0,0,0,0,0,0,0,3,4,0,0,1,1,0,0,0,0,"3,23,43",,马岱,,@【史】@三国时期蜀汉将领，马超的从弟。早年追随马超大战曹操，反攻陇上，围攻成都，汉中之战等。后在诸葛亮病逝后受杨仪派遣斩了蜀将魏延。曾率领军队出师北伐，被魏将牛金击败而退还。官至平北将军，陈仓侯。\n^【演】^在《三国演义》中，马岱初次登场随马腾入许昌。后来马腾和其余诸子尽皆被害，马岱乔装逃出。马超起兵，马岱随之周旋。曾在潼关前打败钟繇。建安十九年，马岱随马超救援刘璋，曾与张飞大战十余合败北，旋即随马超归降刘备。刘禅登基后，跟随丞相诸葛亮南征孟获和北伐曹魏。马岱久经沙场、多负辛劳，作战冷静而勇猛，深得诸葛亮信任。诸葛亮临终授命于马岱，袭斩魏延。,?,,0,得遇明主展宏图#袭斩逆臣安蜀汉,10061501,,,,蜀,五星
130616,130616,30,1,3,8500,9400,7000,6200,1200,175,207,91,90,105,200864,100616,100616,0,0,0,0,0,314010,100616,0,0,0,0,0,0,0,0,0,4,4,0,0,1,1,0,0,0,0,"1,11,21",,凌统,,@【史】@吴国名将。凌操之子，少有名盛，为人有国士之风，多次战役中表现出色，官至偏将军。被陈寿盛赞为“江表之虎臣”\n^【演】^在《三国演义》中，凌统因父亲凌操被甘宁所害而一直仇视甘宁，但在濡须口与乐进交战时得甘宁所救，从此便尽释前嫌，与甘宁结为生死之交。其他事迹与正史大致相同。,189-237,公绩,0,蜮视曹瞒，霆扫锋猬#翼蔽仲谋，脱危虎尾,10061601,,,,吴,五星
130618,130618,30,1,4,4800,9300,10100,4000,1200,77,177,238,70,105,200882,100618,100618,0,0,0,0,0,310041,100618,0,0,0,0,0,0,0,0,0,2,4,0,0,1,1,0,0,0,0,"1,11,21",,贾诩,,@【史】@东汉末年至三国初年著名谋士、军事战略家，曹魏开国功臣。原为董卓部将，董卓死后，献计李傕、郭汜反攻长安。李傕等人失败后，辗转成为张绣的谋士。张绣曾用他的计策两次打败曹操，官渡之战前他劝张绣归降曹操。曹操与关中联军相持渭南时，贾诩献离间计瓦解马超、韩遂，使得曹操一举平定关中。\n^【演】^在《三国演义》中，贾诩的生平大体与正史相符。其形象突出，计无不中，甚至曾令善于用兵的曹操几度败绩。其所从属势力颇多，先随李傕，再随张绣，最后事曹操曹丕两代。加上他曾助曹丕篡汉，其形象不算十分正面。可是即使贾诩曾助李傕、曹魏这些在《三国演义》形象比较负面的势力，他的才能仍备受肯定。而且不论是李傕、张绣，还是曹操、曹丕，都将贾诩视为心腹。可见其人善于交际，亦深晓乱世自保之术。,147-223,文和,0,生平筹策算无遗#经达权变真奇人,10061801,,,,魏,五星
130619,130619,25,2,3,4400,6800,6900,4600,1700,59,186,200,68,164,200884,100619,100619,0,0,0,0,0,314012,100619,0,0,0,0,0,0,0,0,0,4,4,1,0,1,1,0,0,0,0,"2,22,32",,大乔,,@【史】@吴国乔公长女，孙策之妾、小乔之姊。大乔国色流离、资貌绝伦。建安三年，孙策攻皖，拔之。纳大乔。后人谓英雄美女，天作之合。\n^【演】^在《三国演义》中，大乔唯一一次登场在二十九回中，孙策去世时，留下遗言命她孝顺吴夫人。孔明智激周瑜时，暗示曹操打仗是为了二乔，并将她们放到铜雀台中，引得小乔之夫周瑜暴怒，最终同意联刘抗曹。,180-?,,0,香闺搦管记何书#并蔕芙蓉按花谱,10061901,,,,吴,五星
130620,130620,30,3,1,9000,8500,6800,8500,200,213,172,79,142,23,200885,100620,100620,0,0,0,0,0,114046,100620,0,0,0,0,0,0,0,0,0,5,4,0,0,1,1,0,0,0,0,"3,13,23",,张绣,,@【史】@骠骑将军张济的从子。东汉末年割据宛城的军阀，汉末群雄之一。初随张济征伐，张济死后与刘表联合。后降曹操，因不满其言行而突袭曹操，复与刘表联合。官渡之战前夕，听从贾诩的建议再次投降曹操，参加官渡之战，官至破羌将军，封宣威侯。在北征乌桓（207年）途中去世（一说为曹丕逼死），谥定侯。\n^【演】^在《三国演义》中，张绣是骠骑将军张济的侄子。建安元年，张济因军中缺粮，自关中引兵入荆州界，与刘表交战，攻穰城，中流矢而死。建安二年，曹操南征，部队到达淯水，张绣率众投降。曹操纳了张济的遗孀邹夫人，张绣因此怀恨曹操。后来，张绣偷袭曹操，曹操战败，长子曹昂，侄子曹安民被害，猛将典韦战死。\n张绣引兵追击，被曹操击退，于是张绣退回防守穰城，再次与刘表联盟。建安四年，张绣听从贾诩的建议，再次向曹操投降。张绣到达后，曹操牵着张绣的手，一起参加宴会，为自己的儿子曹均娶了张绣的女儿，并封张绣为扬武将军。,?-207,,0,破敌立威败曹瞒#得结旧怨效英主,10062001,,,,群,五星
130630,130630,30,2,3,9200,7500,8800,4700,1600,183,119,175,62,139,200898,100630,100630,0,40003,0,0,0,114051,100630,0,0,0,0,0,0,0,0,0,1,4,0,0,1,1,0,0,0,0,"2,22,32",,皇甫嵩,,@【史】@为人仁爱谨慎，尽忠职守，有谋略，有胆识。于黄巾起义时，以中郎将身份讨伐黄巾，用火攻大破张梁、张宝，拜左车骑将军。后因拒绝贿赂宦官而被免职。董卓掌权时，征皇甫嵩入朝为城门校尉，因私怨被其陷害下狱，经其子皇甫坚寿求情才得以保全。\n^【演】^在《三国演义》中，皇甫嵩形象与正史相似。于黄巾起义时，大破张梁、张宝。后接替董卓进攻张梁，连胜七阵。掘张角墓，拜左车骑将军、冀州牧，因拒绝贿赂宦官而被免职。董卓死，王允命其与吕布等共至郿坞抄籍董卓家产、人口，皇甫嵩将坞中所藏良家子女，尽行释放。,?-195,义真,0,母不保子妻失夫#赖得皇甫复安居,10063001,,,,汉,五星
130631,130631,30,3,2,8300,9700,6800,8400,500,171,214,89,147,39,200899,100631,100631,0,40003,0,0,0,114049,100631,0,0,0,0,0,0,0,0,0,3,4,0,0,1,1,0,0,0,0,"3,13,23",,严颜,,@【史】@东汉末年武将，初为刘璋部下，担任巴郡太守。建安十九年，刘备进攻江州，严颜战败被俘，张飞对严颜说：“大军至，何以不降而敢拒战？”，严颜回答说：“卿等无状，侵夺我州，我州但有断头将军，无降将军也！”，张飞生气，命左右将严颜牵去砍头，严颜表情不变地说：“砍头便砍头，何为怒邪！”张飞敬佩严颜的勇气，遂释放严颜并以严颜为宾客，之后的事迹不在正史中出现。\n^【演】^在《三国演义》中，严颜在刘备攻取成都，径取汉川中登场。擅使硬弓和大刀，有万夫莫敌之勇。据守巴郡，与张飞交战，后为张飞用计俘虏。张飞质问：“大将在这里，为什么不投降，而敢率军拒敌？”颜宁死不屈，张飞壮而释之，引为上宾，严颜感概张飞的恩义而归降。,?,,0,军中生死何足怪#乘胜使气可若何,10063101,,,,蜀,五星
130634,130634,30,2,2,8500,7400,5100,3500,1200,186,149,59,53,121,200902,100634,100634,0,0,0,0,0,210028,100634,0,0,0,0,0,0,0,0,0,5,4,1,0,1,1,0,0,0,0,"2,12,22",,吕姬,,@【史】@吕布与严氏之女，生卒年不详。下邳战役时吕布遭曹操围困，作为派出援军条件，吕姬与袁术之子有政治婚姻，但因出嫁途中被刘备与曹操拦截因而返回。吕布死后随母亲发往许昌，后不知所终。,?,,0,遥忆当时合纵约#而今只余方天烈,10063401,,,,群,五星
130645,130645,30,3,2,9500,8400,8900,9500,400,209,173,116,195,39,200915,100645,100645,0,40003,0,0,0,114055,100645,0,0,0,0,0,0,0,0,0,2,4,0,0,1,1,0,0,0,0,"3,13,23",,徐晃,,@【史】@三国时期曹魏名将。本为杨奉帐下骑都尉，杨奉被曹操击败后转投曹操，在曹操手下多立功勋，参与官渡、赤壁、关中征伐、汉中征伐等几次重大战役。樊城之战中徐晃作为曹仁的援军击败关羽，因于此役中治军严整而被曹操称赞“有周亚夫之风”。曹丕称帝后，徐晃被加为右将军，于公元227年病逝，谥曰壮侯。\n^【演】^在《三国演义》中，徐晃的生平与正史大体相当。,?-227,公明,0,徐晃为将，处事精当#飞矢城中，既降不妄,10064501,,,,魏,五星
130646,130646,30,1,2,4000,8800,9400,4500,1000,46,178,222,76,111,200916,100646,100646,0,4,0,0,0,114053,100646,0,0,0,0,0,0,0,0,0,5,4,0,0,1,0,0,0,0,0,"1,11,21",,于吉,,@【史】@东汉末年黄老道代表人物之一，史书有两种说法：（1）认为其即《太平经》作者。《后汉书·襄楷传》：“顺帝时，琅邪宫崇诣阙，上其师干吉于曲阳泉水上所得神书百七十卷，皆缥白素朱介青首朱目，号《太平青领书》。”（2）认为其乃三国时道士，《三国志·孙策传》注引《江表传》：“时有道士琅邪于吉，先寓居东方，往来吴会，立精舍，烧香读道书，制作符水以治病，吴会人多事之。”后为孙策所诛。\n^【演】^在《三国演义》中，于吉在吴郡、会稽一带为百姓治病，深得人心。孙策以蛊惑人心为由诛之。后策常受吉咒，死。,?-200,,0,平气去来，兆候贤圣#功行种民，定法本起,10064601,,,,群,五星
130647,130647,35,3,2,9300,8600,4200,7700,300,242,191,62,156,30,200927,100647,100647,0,40003,0,0,0,314013,100647,0,0,0,0,0,0,0,0,0,5,4,0,0,1,1,0,0,0,0,"3,23,43",,华雄,,@【史】@东汉末年为董卓帐下都督。袁绍等起兵讨伐董卓时，孙坚大破董卓军，华雄在此战中被孙坚一军所斩。\n^【演】^在《三国演义》中华雄的相关故事与史实差距较大。华雄被描述为身长九尺、虎体狼腰、豹头猿臂的猛将。在第五回中，华雄自告奋勇在汜水关抵挡十八路诸侯联军的进攻，并偷袭了孙坚的营寨，大败孙坚军，并斩了孙坚部将祖茂。后来诸侯们先后派出俞涉、潘凤两员大将与华雄交战，但二人均被华雄所斩。\n正当诸侯们手足无措之时，当时名不见经传的关羽自告奋勇出战华雄，并且在曹操为他斟的热酒尚温之时，便斩了华雄得胜归来。此段故事也被称作“温酒斩华雄”。,?-191,,0,汜水关前马上行#战遍诸侯死亦得,10064701,,,,群,五星
130648,130648,30,1,3,3500,9600,9900,6500,1000,35,183,218,95,60,200928,100648,100648,0,40003,0,0,0,214024,100648,0,0,0,0,0,0,0,0,0,4,4,0,0,1,1,0,0,0,0,"1,11,21",,张昭,,@【史】@少时好学，博览群书。二十岁时拒绝应试孝廉而与名士王朗等人讨论时事，深受陈琳赏识。东汉末年张昭避乱扬州。孙策举事时，张昭出任长史、抚军中郎将。孙策器重张昭，有关文武之事均由张昭办理。 孙策死时将孙权托付给张昭，张昭则尽力辅佐孙权，迅速稳定了民心士气。\n张昭敢于直言谏议，曾因违背孙权意愿而一度不让他朝见。孙权称帝之后，张昭因年老多病而辞官，著有《春秋左氏传》解和《论语》注。嘉禾五年，张昭去世。孙权素服吊唁并赠谥号文侯。 \n^【演】^在《三国演义》中，张昭好学善书，是当时的著名人物，于汉末避乱江东。孙策在江东创业时，辟张昭为长史，以管仲视之。孙策临终时，将孙权托付于张昭、周瑜，遗言“内事托子布，外事全赖公瑾”。张昭性格严肃，对孙权多有直谏。赤壁之战之际，张昭主降，孙权深感失望。孙权称帝后，张昭被封为娄侯，数年后病逝。,156-236,子布,0,君看末命尤奇特#指顾张昭为托孤,10064801,,,,吴,五星
130649,130649,30,2,2,9300,9000,6900,5000,1400,191,171,111,80,110,200930,100649,100649,0,0,0,0,0,110065,100649,0,0,0,0,0,0,0,0,0,3,4,0,0,1,1,0,0,0,0,"2,31,22",,魏延,,@【史】@刘备入川时魏延因数有战功被任命为牙门将军，刘备攻下汉中后又将其破格提拔为镇远将军，领汉中太守，镇守汉中，成为独当一方的大将。魏延镇守汉中近十年，之后又屡次随诸葛亮北伐，功绩显著。期间魏延多次请诸葛亮给他统领一万兵，另走一路攻关中，最后与诸葛亮会师于潼关，如同韩信的例子，但诸葛亮一直不许，因而认为自己无法完全发挥才能，心怀不满。\n与长史杨仪不和，诸葛亮死后，两人矛盾激化，相互争权，魏延败逃，为马岱所追斩，并被夷灭三族。\n^【演】^在《三国演义》中，刘备率军入蜀，魏延随军前往。刘备逝世后，魏延随诸葛亮平定“南蛮王”孟获的叛乱。于诸葛亮北伐时献“子午谷奇谋”之策，但未被诸葛亮采纳；因此在奉命进攻箕谷时无视诸葛亮的军令，险些败北。于诸葛亮向天祈祷延命时进帐报告敌军入侵的消息，不慎碰倒主灯，导致诸葛亮的祈祷失败。\n诸葛亮临终前遗命杨仪统兵，魏延对此不满，于诸葛亮病逝后率军反攻杨仪，而杨仪则根据诸葛亮的遗计挑衅魏延，魏延最终被马岱所斩。,?-234,文长,0,文长刚粗，临难受命#折冲外御，镇保国境,10064901,,,,蜀,五星
130652,130652,25,1,3,8000,8000,9600,6000,1000,107,129,207,105,72,200934,100652,100652,0,4,0,0,0,214026,100652,0,0,0,0,0,0,0,0,0,2,4,0,0,1,1,0,0,0,0,"1,11,21",,王朗,,@【史】@汉末至三国曹魏时期重臣、经学家。王朗早年师从太尉杨赐，因通晓经籍而被拜为郎中。徐州刺史陶谦又举其为茂才，拜治中从事。迁任会稽太守，任内获百姓爱戴。建安元年（196年）孙策攻会稽时，王朗举兵抵抗，为孙策所败。王朗在逃亡失败后投降，孙策敬重王朗而未加害。后为曹操所征，因战乱辗转数年后才抵达，被拜为谏议大夫、参司空军事。魏国建立，王朗以军祭酒身份领魏郡太守，又任少府、奉常、大理等职。\n^【演】^在《三国演义》中，王朗以会稽太守的身份初次登场。在孙策打败吴郡的严白虎之后节节进逼，基于唇亡齿寒的原因，力排众议接纳了逃亡的严白虎，但遭到虞翻的反对。之后派遣大将周昕与孙策作战失败，自知不敌孙策而向中原逃亡。逃亡至中原后，受到曹操的赏识在朝中任职。在此之后则成为极力帮助曹操夺权的得力助手，与华歆等人联手，使曹操得以晋升至魏公、魏王的位子。曹操死后则威逼汉献帝禅让帝位与曹丕，成为魏国建立的一大功臣。,?-228,景兴,0,英辨博通，见传异庆#躬行节俭，鸿儒硕学,10065201,,,,魏,五星
130653,130653,40,2,3,10100,9200,5500,3000,2300,231,194,66,58,191,200933,100653,100653,0,4,0,0,0,114052,100653,0,0,0,0,0,0,0,0,0,3,4,0,0,1,1,0,0,0,0,"2,12,22",,关兴＆张苞,,@【史】@关兴为关羽次子，蜀汉后期重要将领，在诸葛亮第六次北伐之前病逝。张苞为张飞长子，早夭。\n^【演】^在《三国演义》中，关兴和张苞是关系很好的结拜兄弟，两人并称“小关张”。在蜀军中的表现相当活跃。,?,,0,父析子荷，良弓无改#薪火若继，曹魏何患,"10065301,10065302",,,,蜀,五星
130654,130654,30,1,4,7000,8200,8700,6800,800,102,144,153,109,70,200937,100654,100654,0,0,0,0,0,210053,100654,0,0,0,0,0,0,0,0,0,4,4,1,0,1,1,0,0,0,0,"1,11,31",,孙鲁班,,@【史】@孙权与步练师之女，曾嫁于周瑜之子，后改嫁全琮，故又称全公主。凭借孙权的宠爱，介入吴国继任者之争，为权谋斗争致死胞妹，曾与情夫孙峻凭借外戚关系把持朝政。孙峻死后，在政治斗争中失败被流放豫章，不知所终。,?,,0,红袖翩翩朝堂舞#弄权驭术蛇蝎妇,10065401,,,,吴,五星
130655,130655,25,1,3,6100,7700,9200,7200,1200,65,135,161,96,86,200940,100655,100655,0,0,0,0,0,314014,100655,0,0,0,0,0,0,0,0,0,2,4,1,0,1,1,0,0,0,0,"1,11,21",,郭皇后,,@【史】@曹魏王朝第一位皇后，曹丕之妻。其祖上世代为郡县官吏，但早失二亲。曹操为魏公时，入曹丕东宫。曹丕即王位，封为夫人（位次王后），同年魏受禅，进为贵嫔（位次皇后）。黄初三年（222年），册立为皇后。\n^【演】^在《三国演义》第九十一回短暂提及郭后 ，于曹丕称帝后，聘为贵妃，姿貌艳丽，颇有城府。郭贵妃欲谋为后，与宠臣张韬商议，谎称甄夫人以魇镇之术谋害天子。曹丕遂将甄夫人赐死，立郭贵妃为皇后。因郭后无出，养曹叡为子，虽甚爱之，不立为嗣。,184-235,女王,0,蝉鬓蛾眉皆国色#阴谋终让女中王,10065501,,,,魏,五星
130656,130656,30,3,2,9200,8700,5600,9100,800,202,176,84,152,72,200939,100656,100656,0,40003,0,0,0,114054,100656,0,0,0,0,0,0,0,0,0,5,4,0,0,1,1,0,0,0,0,"3,13,23",,高顺,,@【史】@吕布帐下中郎将。高顺为人清白有威严，不好饮酒，所统率的部队精锐非常，号称“陷阵营”。屡进忠言于吕布，吕布虽知其忠而不能用。曹操击破吕布后，高顺被曹操所斩。\n^【演】^在《三国演义》的第十八章提到，高顺军在下邳城外与夏侯惇军交战时曾与其单挑。双方大战了四五十个回合夏侯惇击败了高顺，高顺欲退回城内，夏侯惇则令其战马追赶。夏侯惇在追赶高顺途中，被高顺的部下曹性用弓箭射中眼睛，最后，高顺部队反攻夏侯惇的部队而获胜。,?-199,,0,生性脩洁有威严#攻无不破陷阵营,10065601,,,,群,五星
130657,130657,35,1,3,8400,8500,6500,5400,900,202,189,95,100,89,200942,100657,100657,0,0,0,0,0,0,100657,0,0,0,0,0,0,0,0,0,5,4,0,0,1,1,0,0,0,0,"1,21,33",,董卓,,@【史】@中平六年（189年），受大将军何进、司隶校尉袁绍所召，率军进京讨伐十常侍，却借何进被害之机，得以掌握朝政。他随后废除汉少帝，改立献帝。关东诸侯联盟讨伐董卓，董卓放弃洛阳，移都长安。董卓生性残虐，当权后横征暴敛，激起了民愤，最后被王允和吕布诛灭。\n^【演】^原为汉河东太守，征讨黄巾不利，却因贿赂十常侍官至西凉刺史。董卓借何进被害之机，得以掌握朝政，又赠赤兔马给吕布，诱其投降并谋害丁原，从此不可一世。董卓废汉少帝，立汉献帝，朝臣敢怒不敢言；董卓生性残暴，经常纵兵掠民，百姓皆恨。后来，司徒王允利用貂蝉巧使连环计，使董卓为吕布所诛。,?-192,仲颖,0,郿坞追魂凭李肃#宫门取命有温侯,10065701,,,,群,五星
130658,130658,30,1,4,2400,6500,9000,5000,1000,36,98,228,84,90,200943,100658,100658,0,0,0,0,0,0,100658,0,0,0,0,0,0,0,0,0,5,4,0,0,1,1,0,0,0,0,"1,11,21",,董旻,,@【史】@董卓之弟。昭宁元年（189年）八月，中常侍张让等人谋害大将军何进，何进部将吴匡为其报仇，攻打宫门。吴匡认为车骑将军何苗与何进不共同剿灭宦官，导致何进被害，故转向攻击何苗。董旻时任奉车都尉，与吴匡联手击败何苗，斩之。初平二年（191年），雒阳被孙坚攻破，董卓也率军进入长安，封董旻为左将军。初平三年，吕布诛灭董卓，王允专权，派皇甫嵩率军攻打郿坞，将董卓族人包括董旻全部诛灭。\n^【演】^三国演义第三回登场，随董卓趁乱进京，被任命为左将军，封鄠侯。董卓被诛后，董旻等宗族成员皆被斩首号令。,?-192,叔颖,0,燕雀乘风上九天#扶摇既退何所依,10065801,,,,群,五星
130659,130659,30,3,2,8500,8100,8200,7500,300,201,150,109,151,27,200944,100659,100659,0,0,0,0,0,0,100659,0,0,0,0,0,0,0,0,0,5,4,0,0,1,1,0,0,0,0,"3,13,23",,徐荣,,@【史】@东汉末年将领。本为中郎将，曾向董卓推举同郡出身的公孙度出任辽东太守。于汴水之战中击败曹操的独立追击军，以及在梁东之战中击败孙坚的部队。在董卓死后，受司徒王允的命令与李傕、郭汜交战，因部将胡轸投降，寡不敌众，于新丰之战被击败，战死在乱军之中。\n^【演】^在《三国演义》中，徐荣是一个被夏侯惇交马数回，斩于马下的三流将领，但演义和历史往往是有出入的。历史上的徐荣，可谓是一位名动一时的猛人。他的战绩足以令人瞠目结舌。 他的记载虽然很少，却足以令他跻身三国一线大将行列。,?-192,,0,东拒曹孙谁敌手#末将岂是无名辈,10065901,,,,群,五星
130660,130660,25,3,2,8200,7600,3500,8200,300,152,129,43,152,25,200945,100660,100660,0,0,0,0,0,0,100660,0,0,0,0,0,0,0,0,0,5,4,0,0,1,1,0,0,0,0,"3,13,23",,牛辅,,@【史】@董卓的女婿，曾任中郎将，征讨白波军，不能取胜。董卓被诛后，徐荣、段煨、胡轸投降，牛辅诛灭董越，尽收董卓部队，成了凉州兵新的首领。吕布派李肃前去征讨牛辅，被牛辅击败。但牛辅怯懦多疑，害怕军队兵变，最后抛弃部队逃亡，被随从所诛。\n^【演】^三国演义第4回登场，于董卓进京之际留守陕西。董卓被诛后，牛辅伙同李傕、郭汜等袭往长安，欲为董卓报仇。牛辅为西凉军前驱，大败李肃。进而与吕布交战，被吕布大败而回。牛辅于是收拾金银珠宝，趁夜弃军而逃，随从胡赤儿欲谋取金银珠宝，诛灭牛辅，将头献予吕布。,?-192,,0,携余威以领董军#斗温侯兵败身死,10066001,,,,群,五星
130661,130661,40,3,3,10800,9200,2800,10000,300,395,242,39,242,33,200010,100661,100010,0,0,0,0,0,0,100661,0,0,0,0,0,0,0,0,0,5,4,0,0,1,1,0,0,0,0,"3,33,43",,吕布,,@【史】@吕布以勇武闻名，号称“飞将”，时有“人中吕布，马中赤兔”之说。原为丁原部将，被唆使谋害丁原归附董卓，与董卓誓为父子，后又被司徒王允唆使诛灭董卓。旋即被董卓旧部李傕等击败，依附袁绍，又被袁绍猜忌，依附张杨。兴平元年（194年），吕布趁曹操攻打陶谦时与陈宫等叛乱，占据濮阳，但两年间被曹操击败转而去依附徐州刘备，又趁刘备与袁术作战时袭取了徐州，与刘备和好一阵又相互攻伐。\n期间，以辕门射戟化解刘备与纪灵的争斗。建安三年（198年），吕布先后击败刘备与夏侯惇后，曹操亲自出马征讨吕布，水淹下邳，吕布被部下叛变，城破被俘，被处死。\n^【演】^吕布是骁勇善战的汉末诸侯，先后跟随丁原、董卓作战，并最终谋害了丁原和董卓。成为独立势力后，吕布与曹操为敌，和刘备、袁术等诸侯时敌时友，最终不敌曹操和刘备的联军，兵败人亡。吕布虽然勇猛，但是少有计策，为人反复无常，唯利是图。在演义中，吕布是天下无双的超一流武将，曾在虎牢关大战刘备、关羽、张飞，曾一人独斗曹操军六员大将，武艺可谓公认的演义第一。,?-199,奉先,0,龙驹跳踏起天风#画戟荧煌射秋水,10001001,,,,群,五星
130662,130662,25,3,2,8000,7800,5200,8500,400,161,144,80,157,37,200946,100662,100662,0,0,0,0,0,0,100662,0,0,0,0,0,0,0,0,0,5,4,0,0,1,1,0,0,0,0,"3,13,23",,郭汜,,@【史】@董卓部下。董卓被诛后，归无所依，于是采用贾诩之谋，联兵将攻向长安。击败吕布，害死王允等人，占领长安，挟持汉献帝，拜为扬烈将军。\n^【演】^在《三国演义》中，郭汜生平与正史大体相当。,?-197,,0,凶逆携威乱汉室#逞勇少谋终归无,10066201,,,,群,五星
130663,130663,30,2,3,9300,9500,6600,5000,2200,188,175,111,92,243,200891,100663,100624,0,0,0,0,0,0,100663,0,0,0,0,0,0,0,0,0,5,4,0,0,1,1,0,0,0,0,"2,12,32",,李傕,,@【史】@原为董卓部下。董卓被诛后，采用贾诩之谋，联兵将攻向长安，击败吕布，害死王允等人，占领长安，把持朝廷大权。\n^【演】^在《三国演义》中，生平与正史大体相同。李傕是董卓手下排名第一的凉州系心腹大将，统领董卓的西凉精锐部队“飞熊军”。,?,,0,贾诩筹算固能谋#李傕凶恶亦善算,10062401,,,,群,五星
130670,130670,35,1,3,8800,7900,8300,6700,1100,179,115,153,123,97,200947,100670,100670,0,0,0,0,0,114057,100670,0,0,0,0,0,0,0,0,0,5,4,0,0,1,1,0,0,0,0,"1,11,21",,袁绍,,@【史】@东汉末年军阀，汉末群雄之一。在汉末群雄割据的过程中，袁绍先占据冀州，又先后夺青、并二州，并于建安四年（199年）的易京之战中击败了割据幽州的军阀公孙瓒，统一河北，势力达到顶点。但在建安五年（200年）的官渡之战中大败于曹操。建安七年（202年），袁绍在平定冀州叛乱之后病逝。\n^【演】^在《三国演义》中，袁绍初为何进党羽。何进被害后，与袁术等共同诛灭宦官。董卓夺权之后，残暴不仁，涂炭生灵。袁绍奔冀州组成十七路诸侯反董卓联合。董卓迁都长安后，袁绍便引诱公孙瓒进攻冀州，并胁迫韩馥控制冀州。随后袁绍为扩大势力范围而相继占领青州、并州。\n袁绍歼灭公孙瓒，平定幽州之后，在河北建立起庞大的势力。为了与曹操一决雌雄，袁绍遣七十万兵越过黄河，却于官渡之战中被火烧乌巢，惨遭落败。最终，袁绍与曹操在仓亭决战，败归后不久病死。,?-202,本初,0,称雄河外，擅强南夏#窥图讯鼎，禋天类社,10067001,,,,群,五星
130671,130671,30,1,4,8900,8200,6000,6900,900,183,169,96,111,63,200948,100671,100671,0,0,0,0,0,114056,100671,0,0,0,0,0,0,0,0,0,4,4,0,0,1,1,0,0,0,0,"1,11,21",,蒋钦,,@【史】@汉末东吴名将，其人贵守约，性豁达。早年随孙策平定丹阳、吴郡、会稽和豫章四郡。平盗贼，迁西部都尉。讨会稽贼吕合、秦狼等，徙讨越中郎将。又与贺齐并力讨平黟贼。从征合肥，因功迁荡寇将军，被陈寿盛赞为“江表之虎臣”。孙权讨伐关羽时，蒋钦率领水军入沔水。回军途中病逝。\n^【演】^在《三国演义》中，蒋钦是擅长弓术的将领。与周泰原为江贼，孙策下江东自立门户时，和周泰一起率众投靠。孙策攻刘繇，并引出城中麾下的陈横、薛礼、张英三名将领，陈横被蒋钦一箭射死。曾在赤壁之战与周泰，还有擅使长枪的韩当率领水军在三江口踏江破敌。南郡之战请命攻曹仁，但却被曹仁和牛金击退，周瑜打算怒斩蒋钦，众将求情劝免，其后故事与《三国志》基本相同。,?-220,公奕,0,轻赐尚义，所行可迹#并作国士，不亦休乎,10067101,,,,吴,五星
130672,130672,25,3,3,4600,8000,9400,7600,600,55,151,203,112,38,200950,100672,100672,0,0,0,0,0,210030,100672,0,0,0,0,0,0,0,0,0,2,4,0,0,1,1,0,0,0,0,"3,23,43",,曹植,,@【史】@曹操的三子。曹植很有才学，早年被曹操宠爱，几乎被立为太子，后失宠。魏文帝时，他受兄长曹丕的猜忌和迫害，屡遭贬爵和改换封地。曹植为建安文学中成就最高者，其诗以笔力雄健和词采画眉见长，留有集三十卷，已佚，今存《曹子建集》为宋人所编。\n^【演】^在《三国演义》中，曹操一度想立他为世子，但疑其乖巧，而不如曹丕心诚，最终听信贾诩的建议，立曹丕为嗣。曹操去世后，曹丕继位，以曹植不来奔丧为由问罪。曹丕发兵将曹植捉来，让其“七步成诗”，继而又让其立即成诗，曹植均能做到。之后，曹丕迫于太后的压力，放过曹植，对其只做贬爵处罚。,192-232,子建,0,名编壮士籍，不得中顾私#捐躯赴国难，视死忽如归,10067201,,,,魏,五星
130674,130674,30,2,2,8800,8700,6800,4500,1700,181,179,99,66,133,200951,100674,100674,0,4,0,0,0,114059,100674,0,0,0,0,0,0,0,0,0,3,4,0,0,1,0,0,0,0,0,"2,22,32",,夏侯霸,,@【史】@三国时期魏国和蜀汉后期的重要将领，夏侯渊次子。在魏国官至右将军、讨蜀护军，封爵博昌亭侯，屯驻陇西；在蜀汉时为主要北伐将领，多次参加御蜀和伐魏战争。嘉平元年（249年），司马懿发动政变，诛灭曹爽。征西将军夏侯玄被调入朝，由雍州刺史郭淮接任征西将军。夏侯玄是夏侯霸的堂侄、曹爽的表弟。夏侯霸从前得到曹爽的厚待，与郭淮不和。曹爽被司马懿所害后，他心中不安，投奔蜀汉，被任命为车骑将军，曾随姜维伐魏。\n^【演】^在《三国演义》中，为夏侯渊的长子而非次子。夏侯霸弓马娴熟，由曹爽推举的心腹部将，多次抵御蜀汉的侵扰。在征伐辽东公孙渊时，不到数回合砍掉辽东大将军卑衍，辽东军大乱。后来司马懿政变，曹爽被害，夏侯玄被调离，夏侯霸看出司马懿的野心，遂起兵造反，却被郭淮击败。走投无路不得已降蜀，夏侯霸投蜀时已经是一个年华老去的将领。夏侯霸在蜀时追随姜维北伐，曾不到十回合打败郭淮救出姜维，最终却在洮阳之战中邓艾伏击被射死。,?-262,仲权,0,六十甲子侍二主#乱世忠义两难全,10067401,,,,蜀,五星
130675,130675,30,1,3,6800,8600,8800,5800,1000,98,171,187,76,71,200952,100675,100675,0,4,0,0,0,314016,100675,0,0,0,0,0,0,0,0,0,1,4,0,0,1,1,0,0,0,0,"1,11,21",,刘表,,@【史】@其人身长八尺余，姿貌温厚伟壮，少时知名于世，名列“八俊”。在荆州期间，刘表远交袁绍，近结张绣，内纳刘备，据地数千里，带甲十余万，称雄荆江，先破孙坚，后又常抗曹操。然而刘表为人性多疑忌，好于坐谈，立意自守，而无四方之志，后更宠溺后妻蔡氏，使妻族蔡瑁等得权。刘表死后，蔡瑁等人废长立幼，奉表次子刘琮为主；曹操南征，刘琮举州投降，荆州遂没。\n^【演】^在《三国演义》中，刘表生平基本与正史相符。,142-208,景升,0,一杯遥酹襄江上#爱汝名高俊及中,10067501,,,,汉,五星
130676,130676,25,3,2,4500,7900,9300,7500,400,60,134,158,99,26,200954,100676,100676,0,0,0,0,0,310018,100676,0,0,0,0,0,0,0,0,0,1,4,1,0,1,1,0,0,0,0,"3,13,23",,王昭君,,@【史】@西汉民女，南郡首选入掖庭。匈奴单于入朝求亲时，被汉元帝赐予单于，元帝临辞召见昭君，见其丰容靓饰，光明汉宫，顾景裴回，竦动左右。元帝意欲留之，而难于失信，遂与匈奴。从此“昭君出塞”被世人盛传。,?,,0,翩翩之燕，远集西羌#高山峨峨，河水泱泱,10067601,,,,汉,五星
130677,130677,30,3,3,9300,8500,4600,10000,300,220,186,69,202,27,200955,100677,100677,0,0,0,0,0,110066,100677,0,0,0,0,0,0,0,0,0,5,4,0,0,1,1,0,0,0,0,"3,23,33",,公孙瓒,,@【史】@汉末群雄之一。依靠自己的才能逐步做到中郎将，以强硬的态度对抗北方少数民族，作战勇猛，威震边疆。公孙瓒好战，与主张以怀柔政策对待胡人的刘虞不和，后来公孙瓒诛灭刘虞，并挟持朝廷使者，得到了总督北方四州的授权，成为北方最强大的诸侯之一。他与袁绍多次相争，初期占据优势，但在龙凑之战后，公孙瓒锐气顿减，采取自保战略，逐渐失去了部下信任，被袁绍击败。最终困于高楼，引火自焚。\n^【演】^在《三国演义》中，公孙瓒犹如刘备恩人一般的存在。在黄巾起义和讨伐董卓时，公孙瓒均有举荐刘备。刘备在徐州抵御为报父仇而兴兵的曹操后，几乎没有与公孙瓒有任何联系。最终由曹操麾下的满宠告知刘备，公孙瓒已败于袁绍之手，死于易京的消息。,?-199,伯珪,0,伯珪疏犷，武才趫猛#虞好无终，绍势难并,10067701,,,,群,五星
130683,130683,30,3,2,9800,9100,6500,9600,600,216,187,65,168,42,200957,100683,100683,0,40003,0,0,1620786600,114058,100683,0,0,0,0,0,0,0,0,0,2,4,0,0,1,1,0,0,0,0,"3,23,43",,曹彰,,@【史】@曹操之子。其胡须黄色，被曹操称为“黄须儿”。弱冠前喜搏猛虎，臂力过人、不善文章。代北乌桓无（能）臣氐等造反，曹彰引军往讨，大捷而归。后又降服辽东鲜卑大人轲比能。曹丕即位后，曹彰与诸侯就国。\n^【演】^在《三国演义》中，曹彰的生平与正史大体相同。在阳平为曹操助战，曹彰使一条长戟，大败刘封，斩蜀将吴兰。后来曹操逝世，世子曹丕继位；曹彰得知父亲病逝，便自长安引十万大军到洛阳；然而却被贾逵以片言折服，入宫交割军马后，便回鄢陵自守。\n\n@本武将设计建议来自：@\n@【48区（兵渡沪水）玩家：法承汇俊】@,?-223,子文,0,矫矫元戎，雷动雨徂#横行燕代，威慑北胡,10068301,,,,魏,五星
130684,130684,30,2,2,8500,9000,8300,4300,1300,124,212,133,56,137,200958,100684,100684,0,4,0,0,1619577000,314015,100684,0,0,0,0,0,0,0,0,0,4,4,0,0,1,1,0,0,0,0,"2,12,32",,程普,,@【史】@历仕孙坚、孙策、孙权三任君主。是吴国最年长的将军，人们都敬称其为“程公”。他曾跟随孙坚讨伐过黄巾、董卓，又助孙策平定江东。孙策死后，他与张昭等人共同辅佐孙权，并讨伐江东境内的山贼，功勋卓著。\n^【演】^在《三国演义》中，使用武器为铁脊蛇矛，为孙坚最早的部下。斩华雄手下胡轸，也是为孙坚提出计谋的将领。孙坚发现玉玺后，提议孙坚回家的计策。当孙坚和袁绍对立时，与黄盖，韩当一起和袁绍手下大将颜良、文丑对峙 。,?-210,德谋,0,江表虎臣，鏖兵卫主#攻坚轧敌，兴王定覇,10068401,,,,吴,五星
130685,130685,30,2,2,9600,8700,6700,4600,1400,213,195,73,64,121,200961,100685,100685,0,0,0,0,1627437600,110163,100685,0,0,0,0,0,0,0,0,0,2,4,0,0,1,1,0,0,0,0,"2,12,32",,乐进,,@【史】@曹魏名将。以胆识英烈而从曹操，随军多年，南征北讨，战功无数。从击袁绍于官渡，奋勇力战，斩袁绍部将淳于琼。又从击袁谭、袁尚于黎阳，斩其大将严敬。不久乐进别击黄巾、雍奴、管承，皆大破之。从平荆州，留屯襄阳，进击关羽、苏飞等人，击退其众，南郡诸郡的山谷蛮夷都前往乐进处投降。后世将其与张辽、张郃、于禁、徐晃并称为曹魏“五子良将”。\n^【演】^在《三国演义》中，乐进是曹操招贤时最早投靠的武将，可惜在小说整体表现并不出色，常与另一魏将李典共同登场。赤壁之战后，曹操留乐进与张辽、李典屯于合肥，以当孙权。其时孙权入寇，双方对阵，乐进忽施突袭，一骑马一口刀，如一道电光，折贾华、宋谦之双戟，几乎擒得孙权。后来与吴将凌统鏖战，得曹休之助，本可取胜，却被吴将甘宁发箭所伤，退入军中调治伤势。,?-218,文谦,0,每临战攻，常为督率#奋强突固，无坚不陷,10068501,,,,魏,五星
130687,130687,25,1,2,3600,6000,9000,5000,1100,73,121,164,67,70,200960,100687,100687,0,0,0,0,1634868000,410013,100687,0,0,0,0,0,0,0,0,0,4,4,1,0,1,1,0,0,0,0,"1,11,21",,小乔,,@【史】@东汉末年时期的美女，庐江皖县（今安徽潜山）人。乔公的次女，汉末名将周瑜之妾。\n^【演】^在《三国演义》中，她是庐江皖县乔国老次女，秀美绝伦，貌压群芳，又琴棋书画无所不通。周瑜攻取皖城，迎娶小乔为妻。周郎小乔英雄美女、郎才女貌 ，被流传为千古佳话。,?,,0,国色双花相闰栽#周郎分得小枝来,10068701,,,,吴,五星
130689,130689,25,2,2,5100,7400,8300,3200,1800,69,151,129,56,125,200962,100689,100689,0,0,0,0,1643853600,210054,100689,0,0,0,0,0,0,0,0,0,3,4,0,0,1,1,0,0,0,0,"2,12,32",,刘禅,,@【史】@刘备之子。建安二十四年，刘备为汉中王，立刘禅为王太子。章武三年四月刘备崩逝于永安宫，四月刘禅袭位于成都，拜诸葛亮为相父，继续支持北伐。诸葛亮逝世后，继续重用蒋琬、费祎、董允，支持姜维进行北伐。后宠幸宦官黄皓，多有怠政。景耀六年，兴师出兵，邓艾率部进军成都，刘禅自请受降，移居洛阳，受封为安乐县公。西晋泰始七年，在洛阳去世，晋谥其为思公。\n^【演】^在《三国演义》中，据传刘禅之母甘夫人因夜梦仰吞北斗而怀孕，故称小名为阿斗。幼时遭受战乱，幸得重将维护，曾在长坂坡被赵云七进七出救出敌阵。国亡投降后，移居洛阳，曾被司马昭试探是否仍思念蜀国，答道“此间乐，不思蜀也”。,207-271,公嗣,0,既以幼冲继大统#岂无长志讨凶逆,10068901,,,,蜀,五星
130690,130690,20,1,2,4500,7800,7100,4300,900,56,112,164,76,92,200963,100690,100690,0,0,0,0,1643508000,310043,100690,0,0,0,0,0,0,0,0,0,5,4,1,0,1,1,0,0,0,0,"1,11,31",,西施,,@【史】@春秋时期越国民女，中国四大美女之一，相传浣纱时鱼因感其美貌而忘记游水，沉于水底，后世称其有“沉鱼”之美。春秋吴越之争时，越王将她献于吴王，以惑其心，乱其谋。吴王沉湎于西施美色，兴建姑苏台，日日玩乐而荒废政事，最终被越王灭国。,?,,0,悲莫悲兮生别离#姑苏台上谁人知,10069001,,,,群,五星
130691,130691,30,2,2,8900,8800,7300,4800,1700,181,180,89,77,132,200965,100691,100691,0,4,0,0,0,114176,100691,0,0,0,0,0,0,0,0,0,3,4,0,0,1,1,0,0,0,0,"2,12,22",,周仓,,^【演】^在《三国演义》中，周仓为身材高大、黑面虬髯的关西大汉，黄巾军出身。关羽千里寻兄之时请求跟随，自此对关羽忠心不二；在听说关羽兵败被害后，周仓也自刎而死。,?-219,元福,0,执鞭随蹬鞍马前#一生侍奉武圣边,10069101,,,,蜀,五星
130692,130692,30,3,2,5900,8700,9500,9200,400,68,155,223,152,31,200966,100692,100692,0,40003,0,0,0,214055,100692,0,0,0,0,0,0,0,0,0,5,4,0,0,1,1,0,0,0,0,"3,13,23",,田丰,,@【史】@东汉末年袁绍部下谋臣，官至冀州别驾。其为人刚直，曾多次向袁绍进言而不被采纳，曹操部下谋臣荀彧曾评价他“刚而犯上”。后因谏阻袁绍征伐曹操而被袁绍下令监禁。官渡之战后，田丰被袁绍所害。\n^【演】^在《三国演义》中，田丰博览多识，权略多奇，曾在朝中任侍御史，因不满宦官专权，弃官归家。袁绍起兵讨伐董卓，应其邀请，出任别驾，以图匡救王室之志。后袁绍用田丰谋略，消灭公孙瓒，平定河北，虎据四州。官渡之战，田丰建议据险固守，分兵抄掠的疲敌策略，乃至强谏，被袁绍以为沮众，械系牢狱。建安五年，袁绍官渡战败，因羞见田丰而害。,?-200,元皓,0,天姿瑰杰尽忠言#权略多奇难回天,10069201,,,,群,五星
130693,130693,25,1,3,8100,9400,9300,5800,1300,91,133,197,82,72,200968,100693,100693,0,0,0,0,0,110190,100693,0,0,0,0,0,0,0,0,0,1,4,0,0,1,1,0,0,0,0,"1,11,21",,王允,,@【史】@东汉末年大臣。王允出身官宦世家。他十九岁就开始任公职，壮年时任豫州刺史。因为在和中常侍张让的斗争中失败，王允被迫去官隐居，在中平六年，何进掌权之后重新出仕，历任从事中郎和河南尹。在何进被宦官所害，董卓掌权时，他已经代替杨彪成为了司徒兼尚书令。\n身为地方官勤政爱民，由于朝廷腐败而被迫在此为官，从而密谋诛灭董卓。董卓死后，王允与吕布共执朝政，但是董卓余党李傕、郭汜、樊稠等率军攻破长安，吕布出逃，王允被处死，时年56岁。\n^【演】^在《三国演义》中，他是貂蝉的义父，貂蝉是造成吕布和董卓反目，以致于吕布最终诛灭了董卓的主要原因。,137-192,子师,0,心怀家国恨#眉锁庙堂忧,10069301,,,,汉,五星
130701,130701,30,3,2,7800,9000,9400,8500,500,117,166,222,142,45,200983,100701,100701,0,0,0,0,0,110195,100701,0,0,0,0,0,0,0,0,0,6,4,0,0,1,1,0,0,0,0,"3,13,23",,司马师,,@【史】@司马懿和张春华之长子，司马昭之兄，司马炎之伯父。文雅风度，雄才大略，遇事沉着冷静。\n曹芳时期，担任散骑常侍、中护军，严格选拔官员。在高平陵之变中，司马师阴养三千死士，为司马懿战胜曹爽立下大功。司马懿死后，任大将军，都督中外诸军、录尚书事，独揽军政大权，成为曹魏最大权臣。\n在朝堂行废立之事，立高贵乡公曹髦为帝。平定毌丘俭、文钦叛乱，返回途中病故。是西晋王朝的奠基人，死时年仅四十八岁，谥号忠武。后被追尊为晋景王。西晋时被追尊为晋景帝，庙号世宗。\n^【演】^在《三国演义》中，司马师多次随司马懿共同参与讨伐孟达、防守诸葛亮北伐、火烧上方谷等事件。其余事迹与正史相似。,208-255,子元,0,垂翼暗藏三千羽#只等好风上青云,10070101,,,,晋,五星
130702,130702,30,3,2,8200,8300,9100,9200,500,123,168,199,154,45,200984,100702,100702,0,0,0,0,0,110196,100702,0,0,0,0,0,0,0,0,0,6,4,0,0,1,1,0,0,0,0,"3,13,23",,司马昭,,@【史】@司马师之弟，司马炎之父。三国时期曹魏权臣，西晋王朝的奠基人之一。司马昭早年随父亲司马懿抗击蜀汉，嘉平四年进为都督，与吴国大战于东关。司马师病逝后司马昭继其兄位，大权独揽，并率军镇压诸葛诞的反叛。魏甘露五年，魏帝曹髦愤而言左右称“司马昭之心，路人皆知也”，亲率宫人迎战司马昭。弑帝后的司马昭掌握实权，立曹奂为魏元帝后成功灭蜀。\n^【演】^在《三国演义》中，司马昭随司马懿、司马师共同参与讨伐孟达、防守诸葛亮北伐、火烧上方谷等事件。因为觉得曹髦不甘成为傀儡，司马昭担心不早处理会生变故，故授意贾充将其杀害。,211-265,子上,0,移天换日无愧色#三代群策筹晋图,10070201,,,,晋,五星
130703,130703,35,2,3,6900,8900,8800,4200,1500,101,198,212,86,131,200985,100703,100703,0,0,0,0,0,110197,100703,0,0,0,0,0,0,0,0,0,6,4,0,0,1,1,0,0,0,0,"2,12,32",,司马炎,,@【史】@司马懿之孙，司马昭与王元姬的嫡长子，晋朝开国皇帝，成功统一三国，谥号武皇帝。\n最初以父勋入仕，封为北平亭侯。后担任中抚军，封新昌乡侯，又拜为抚军大将军、晋世子。后来逼迫魏元帝曹奂禅让，即位为帝，定国号为晋，史称西晋。即位之后，司马炎推行无为而治的宽容政治方略，使饱受战乱以及曹魏苛政的百姓得以休养生息，社会得以繁荣发展，史称“太康之治”。\n^【演】^在《三国演义》中，司马炎继承父亲司马昭的政治遗产后逼迫曹奂禅位，并发兵讨吴，一统三国，其余事迹与正史相似。,236-290,安世,0,太康盛世同天下#兄弟阋墙埋祸根,10070301,,,,晋,五星
130704,130704,35,3,3,10500,8500,2500,9900,300,248,205,38,200,27,200986,100704,100704,0,0,0,0,0,110198,100704,0,0,0,0,0,0,0,0,0,6,4,0,0,1,1,0,0,0,0,"3,23,43",,文鸯,,@【史】@本名文俶，小名阿鸯，以文鸯之名流传于世。文钦之子，文虎之兄，是魏晋时期的名将。\n文鸯武艺非凡，在司马师行废立之事后，随父亲文钦与毌丘俭一同在淮南起兵反叛司马氏。曾以少量兵力冲击司马师大营，引发司马师病情加重，间接加速了司马师死亡。\n兵败后逃往吴国，随父亲文钦率军支援诸葛诞的反叛。因诸葛诞杀害文钦，文鸯与文虎重新归顺司马昭。\n西晋时期，任平虏护军，曾督凉秦雍三州军事，大破鲜卑首领秃发树机能，名闻天下。\n后迁东夷校尉，假节，上任前被晋武帝司马炎借口免官。又因诸葛诞外孙东安公司马繇诬陷文鸯谋反，被夷三族，年仅五十四岁。\n^【演】^在《三国演义》中，文鸯本名为文淑。文鸯在毌丘俭、文钦叛乱和诸葛诞叛乱中登场，具体事迹与正史相似。,238-291,次骞,0,独退雄兵胆气高#摧锋陷阵显英豪,10070401,,,,晋,五星
130705,130705,35,1,3,8400,8600,9500,5000,600,155,158,229,92,53,200987,100705,100705,0,0,0,0,0,110199,100705,0,0,0,0,0,0,0,0,0,6,4,0,0,1,1,0,0,0,0,"1,11,21",,杜预,,@【史】@三国魏晋时期军事家、经学家、律学家。\n曹魏尚书仆射杜畿之孙、散骑常侍杜恕之子，因杜恕与司马懿不和，故而杜预久未得用。司马昭掌权期间，娶高陆公主，拜尚书郎，袭祖爵丰乐亭侯。\n后转参相府军事，历任镇西长史、河南尹、安西军司、秦州刺史、东羌校尉、轻车将军等职，假节，之后又担任度支尚书。\n积极支持司马炎的灭吴战略，羊祜去世前推荐杜预接替，于是杜预又担任镇南大将军、都督荆州诸军事，是灭吴之战的统帅之一，以功封当阳县侯。又任司隶校尉，加位特进，卒于任上。\n杜预博学多才，与贾充一起修《晋律》，并进行注解；所撰《春秋左氏经传集解》流传至今；兴修水利，勤于讲武，被称为“杜父”。又因精通多才，被誉为“杜武库”。同时也因最喜欢左传，自称“左传癖”。\n是明朝之前唯一一位同时进入文庙和武庙之人。\n^【演】^在《三国演义》中，杜预登场于最后一回，受羊祜病危之时的举荐，担任镇南大将军参与伐吴，击败孙歆、陆景、伍延，并上表司马炎劝其继续进军，使司马炎下定决心，下令征进。最终吴主孙皓投降，三分归一统。,222-285,元凯,0,后世无叛由杜翁#孰识智名与勇功,10070501,,,,晋,五星
130706,130706,25,1,3,6900,6700,8900,6600,1100,84,103,165,91,112,200988,100706,100706,0,0,0,0,0,210063,100706,0,0,0,0,0,0,0,0,0,6,4,1,0,1,1,0,0,0,0,"1,11,31",,王元姬,,@【史】@文明王皇后，讳元姬。西晋时期皇后，是曹魏司徒王朗的孙女、中领军王肃的女儿。\n嫁给洛阳中郎将司马昭，生下司马炎与司马攸。其人颇有远见，预言钟会谋反之事。\n晋武帝司马炎即位后，尊为皇太后，居住于崇化宫。身处太后之位，提倡节俭，身体力行，作为后宫表率。\n泰始四年（268年），王元姬崩逝，终年五十二岁，谥号文明，与晋文帝司马昭合葬于崇阳陵。\n^【演】^在《三国演义》中，王元姬仅作为为王肃之女、司马昭之妻、司马炎和司马攸之母出场一次，没有任何事迹。,217-268,,0,谧静明行兴晋道#俭嘉忧民结赤心,10070601,,,,晋,五星
130707,130707,30,2,2,8800,8400,8500,5200,1500,162,155,157,78,135,200989,100707,100707,0,0,0,0,0,110200,100707,0,0,0,0,0,0,0,0,0,6,4,0,0,1,1,0,0,0,0,"2,12,22",,卫瓘,,@【史】@魏晋时期重臣、书法家。早年担任曹魏尚书郎，历任散骑常侍、侍中、廷尉。在魏灭蜀之战中，以镇西军司的身份，持节监军，蜀汉灭亡后，受命逮捕邓艾，之后平定钟会、姜维的叛乱，并命令田续杀害邓艾父子，因此被名将杜预批评。以功封镇东将军，都督徐州诸军事，封菑阳侯。西晋时期，进爵为公，累迁征东将军、征东大将军、征北大将军，历任青州刺史、青州牧、幽州刺史，在青州、幽州颇有建树。后徵拜尚书令，加侍中，历任司空、太子少傅、太保，录尚书事，在朝堂有巨大影响力。在贾南风发动的政变中，不肯对抗矫诏的楚王司马玮，满门遇害。卫瓘擅长草书，与索靖并称「一台二妙」，书法影响极为深远。\n^【演】^在《三国演义》中，卫瓘生平与正史相似，在魏灭蜀之战中以监军身份登场，劝阻钟会斩杀诸葛绪，然后奉司马昭之命，逮捕邓艾，随后在钟会叛乱时，率领众将击败钟会、姜维，并因为害怕邓艾报复，派遣田续谋害了邓艾父子，之后留守成都，再未出场。,220-291,伯玉,0,托醉直言惜龙座#就戮曲心留忠名,10070701,,,,晋,五星
130708,130708,25,2,3,4300,8100,9700,3800,1600,59,150,210,59,117,200990,100708,100708,0,4,0,0,0,414015,100708,0,0,0,0,0,0,0,0,0,6,4,0,0,1,1,0,0,0,0,"2,12,32",,贾充,,@【史】@三国魏晋时期重臣，贾逵晚年之子，西晋开国功臣。参与平定毌丘俭、文钦叛乱，并献计平定诸葛诞叛乱。在魏帝曹髦进攻司马昭之时，指使太子舍人成济当众杀害曹髦。晋朝时，累迁车骑将军、散骑常侍、尚书仆射、司空、太尉，被封为鲁郡公。两个女儿分别嫁给司马攸与司马衷，深受司马氏信任。在平吴之战担任大都督、假黄钺。负责晋国法律的制定，卓有成效。死后追赠太宰，礼官建议谥号为荒，被司马炎否定后，重新建议谥号为武。\n^【演】^在《三国演义》中，贾充生平与正史相似，试探诸葛诞并献计平定诸葛诞叛乱，而且更加明目张胆的下令让成济杀害曹髦，还因此被投降的吴主孙皓出言讥讽。,217-282,公闾,0,未必有愧前朝事#能把宫门做龙门,10070801,,,,晋,五星
130709,130709,30,2,2,5100,8500,8100,3500,1800,103,186,201,65,143,200991,100709,100709,0,4,0,0,0,214064,100709,0,0,0,0,0,0,0,0,0,6,4,0,0,1,1,0,0,0,0,"2,12,22",,羊祜,,@【史】@泰山名门羊氏之后，早年在曹魏政权中担任中书郎等职。高平陵事变前，曾拒绝曹爽的征辟，进而避免卷入政变之中。\n晋代魏之后，出任车骑将军，都督荆州军事，与东吴名将陆抗对峙荆州。在西陵之战中，被陆抗绝其粮道，败于陆抗。战败后，羊祜认识到平吴不宜操之过急，于是采用怀柔以及逐步蚕食的策略。在荆州任职期间，屯田兴学，以德怀柔，深得晋吴边境军民之心，其与陆抗交好的事迹被后世称为“羊陆之交”。\n羊祜去世时，向晋武帝献计伐吴，并推荐杜预作为接班人，晋武帝依其计策灭吴，完成一统。\n^【演】^在《三国演义》中，羊祜生平与正史相似。在前线都督时提倡信义，并与东吴将领陆抗彼此交好。年老以病辞归后，向晋主司马炎献上灭吴之策，并推荐了杜预。司马炎依计完成了平吴大业，一统三国。,221-278,叔子,0,谋局韬光堪十年#遗策平吴一载间,10070901,,,,晋,五星
130731,130731,30,1,3,8500,8700,9100,5500,1100,124,140,201,72,66,200846,100591,100591,0,0,0,0,0,210018,100731,0,0,0,0,0,0,0,0,0,6,4,0,0,1,0,0,1,0,0,"1,21,32",,钟会,,@【史】@魏晋时期重要的策臣与谋士、制定伐蜀计划并参与灭蜀之战的智将。自幼才华横溢，上至皇帝、下至群臣都对他非常赏识。在征讨毌丘俭、诸葛诞期间，钟会屡出奇谋。被人比作西汉谋士张良，又曾为司马昭献策阻止了曹髦的夺权企图，钟会得以成为司马氏的亲信。\n景元年间，钟会独力支持司马昭的伐蜀计划，从而发动伐蜀之战。灭蜀后，钟会大力结交西蜀名士，打击邓艾等人，打算自立政权，但由于手下官兵不支持钟会的行动而发动兵变，钟会与姜维等人皆死于兵乱之中。\n^【演】^在《三国演义》中，钟会少有异才，受众人赏识，夏侯霸降蜀后预言其终究成为吴蜀之大患。毌丘俭叛乱后，钟会说服司马师亲征。司马师病死后，钟会又帮助司马昭保住兵权。诸葛诞叛乱期间，钟会多次献策助司马昭平叛。\n伐蜀期间，钟会为严军法，处死名将许禇的儿子许仪，又攻下阳安关，因为在阳安城中受诸葛亮托梦，于是对百姓秋毫无犯，但在追击姜维时与邓艾交恶。灭蜀后，钟会打压邓艾，又准备与姜维策划谋反，但事情败露，被士兵乱箭射死。,225-264,士季,0,子房智勇裁如此#不悟诛秦灭项人,10059101,,,,晋,五星
130741,130741,30,2,2,7800,9100,9000,4200,1800,103,176,209,53,170,201006,100741,100741,0,0,0,0,1674525600,210073,100741,0,0,0,0,0,0,0,0,0,4,4,0,0,1,1,0,0,0,0,"2,12,22",,鲁肃,,@【史】@东吴名臣，战略家、外交家。仗义疏财，性格豪爽，曾慷慨将一囷粮食送给周瑜，并与之结为好友。后投奔孙权，为其提出鼎足江东的战略规划，因此得到孙权的赏识。建安十三年，曹操率大军南下。孙权部下多主降，而鲁肃与周瑜力排众议，坚决主战。鲁肃主张联合刘备共同抗曹，并与刘备成功结为盟友。在赤壁之战中，孙刘联军大破曹军，三国鼎立之势已成。在刘备请求都督荆州时，鲁肃力主分荆州土地给刘备，曹操得知后惊讶的把笔掉在了地上。周瑜死后，鲁肃接任并统领其兵马。后孙刘联盟多次摩擦，鲁肃从中周旋，与关羽各自单刀赴会，毫无惧色，争论荆州归属。在湘水划界后，继续维持孙刘联盟。\n^【演】^在《三国演义》中，鲁肃是以一个老实人的形象出现，孙权继位后为周瑜推荐，仕于孙权，为孙权谋划战略，深受器重。赤壁之战时，鲁肃力主抗曹，出使联合刘备，并协助诸葛亮、周瑜说服孙权。鲁肃为人忠厚老实，不忍周瑜陷害诸葛亮，多次协助诸葛亮脱险。赤壁战后，鲁肃在诸葛亮的设计下，成为保人，将荆州“借”予刘备，此后多次讨要不成，处于两难的境地。周瑜去世后，鲁肃代周瑜成为水军都督。,172-217,子敬,0,将相江东美，英风压上流#鲁公最忠烈，慷慨借荆州,10074101,,,,吴,五星
130742,130742,25,1,3,5000,7400,8300,4400,900,73,139,148,66,68,201007,100742,100742,0,0,0,0,1674270000,310051,100742,0,0,0,0,0,0,0,0,0,1,4,1,0,1,1,0,0,0,0,"1,11,32",,阴丽华,,@【史】@汉光武帝刘秀的原配妻子，东汉第二任皇后。南阳新野人，以美貌知名，刘秀对其一见钟情，曾叹曰：“娶妻当得阴丽华”。更始元年（公元23年）6月，刘秀在宛城迎娶阴丽华。\n刘秀称帝后，封阴丽华为贵人。因为阴丽华雅性宽仁，想要立其为皇后。阴丽华以另一名贵人郭圣通有子为由，坚决推辞，最终郭氏成为皇后，一定程度上稳定了朝中局势。\n建武十七年（公元41年），刘秀废除郭皇后，立阴丽华为皇后。永平七年（公元64年）去世，与刘秀合葬于原陵，共在位二十四年，谥曰“光烈”。,5-64,,0,仕宦当作执金吾#娶妻当得阴丽华,10074201,,,,汉,五星
130769,130769,30,2,1,10200,9700,3300,3500,1800,250,200,33,51,173,200993,100769,100769,0,0,0,0,1681873200,110284,100769,0,0,0,0,0,0,0,0,0,2,4,0,0,1,1,0,0,0,0,"2,22,32",,典韦,,@【史】@曹操部将，相貌魁梧，膂力过人。本属张邈，后归曹操。曹操征讨吕布时被募为陷阵，表现英勇，被拜为校尉，宿卫曹操。后曹操于宛城时，张绣先降而复反，急迫曹操本营；典韦守着大门，殊死恶斗，破敌无算，最终因敌人太多而战死。 \n^【演】^在《三国演义》中，因其悍武，曹操称其为“古之恶来”。张绣背叛时，先令胡车儿暗盗韦双戟，再引军急迫曹操本营。典韦守大门，殊死恶斗，破敌无算，刀坏了竟双手各提一人为武器迎敌。群贼不敢近，只远远以箭射之，箭如骤雨，典韦犹死拒寨门。,?-197,,0,典韦救主传天下#勇猛当先第一人,10076901,,,,魏,五星
130770,130770,25,1,3,6100,8800,8600,5500,1200,62,140,180,88,60,200242,100770,100770,0,0,0,0,1684548000,110219,100770,0,0,0,0,0,0,0,0,0,1,4,0,0,1,1,0,0,0,0,"1,11,31",,许劭,,@【史】@东汉末年著名人物评论家。许劭与其兄许靖都声名在外，每月会品评乡党人物，是为“月旦评”。经过其评品的人物皆显名于世，曾评价曹操“清平之奸贼，乱世之英雄”（孙盛《异同杂语》记载为“治世之能臣，乱世之奸雄”）。许劭早年为汝南郡功曹，后以“小人道长，王室将乱”为由拒绝朝廷征召，前往南方投奔扬州刺史刘繇避祸，后病逝。\n^【演】^在《三国演义》中，许劭仅出场一次，评价曹操“治世之能臣，乱世之奸雄”，之后再无出场。,150-195,子将,0,汝南月旦第一评#褒贬士人论公卿,10077001,,,,汉,五星
130771,130771,30,2,2,5200,8000,9500,3500,1200,101,160,233,44,139,200246,100771,100771,0,0,0,0,1690340400,210080,100771,0,0,0,0,0,0,0,0,0,5,4,0,0,1,1,0,0,0,0,"2,12,22",,沮授,,@【史】@袁绍帐下谋士。史载他“少有大志，擅于谋略”。袁绍占据冀州后任用沮授为从事。沮授经常对袁绍提出良策，但很多时候袁绍并不听从。官渡之战时袁绍大败，沮授未及逃走，被曹操所获，因拒降被曹操处死。\n^【演】^在《三国演义》中，沮授生平与正史大体相当。官渡之战，沮授夜观天象，知乌巢屯粮有险，连夜求见，促速遣精兵巡哨，袁绍以其妄言惑众，更人监押。袁军战败，沮授急走不脱，为曹军所获，不降而盗马欲归，曹操怒而斩之。,?-200,,0,凝眸知阵法，仰面识天文#至死心如铁，临危气似云,10077101,,,,群,五星
130783,130783,30,2,2,8600,8000,7000,5100,1800,180,216,149,61,119,200251,100783,100783,0,0,0,0,1697680800,110235,100783,0,0,0,0,0,0,0,0,0,4,4,0,0,1,1,0,0,0,0,"2,31,22",,黄盖,,@【史】@孙吴名将。历仕孙坚、孙策、孙权三任君主。为人严肃，善于训练士卒，每每征讨，他的部队皆勇猛善战。赤壁之战时，黄盖前往曹营诈降，并趁机以火攻大破曹操的军队，是赤壁之战主要功臣之一。\n^【演】^在《三国演义》中，黄盖以铁鞭为兵器。曹操军来犯之际，黄盖向周瑜提议火攻破敌，周瑜要他行苦肉计，黄盖一口答应。黄盖故意提出投降曹操，周瑜假意下令斩首，后改为杖打五十，打得皮开肉绽。黄盖向曹操献降书，曹操起初识破诈降，但有两细作回报黄盖遭刑的事，曹操才相信。但苦肉计并无正史记载，赤壁之战时候黄盖只是“建策火攻”而已。,?,公覆,0,老骥伏枥设苦计#赤壁火光映白首,10078301,,,,吴,五星
130784,130784,35,2,2,6700,8600,10700,5000,1600,98,207,248,44,170,200254,100784,100784,0,4,0,0,1700013600,114251,100784,0,0,0,0,0,0,0,0,0,4,4,0,0,1,1,0,0,0,0,"2,12,22",,周瑜,,@【史】@东汉末年名将。洛阳令周异之子，堂祖父周景、堂叔周忠，都官至太尉。长壮有姿貌、精音律，江东有“曲有误，周郎顾”之语。周瑜少与孙策交好，21岁起随孙策奔赴战场平定江东，后孙策遇刺身亡，孙权继任，周瑜将兵赴丧，以中护军的身份与长史张昭共掌众事。\n建安十三年 （208年），周瑜率军与刘备联合，于赤壁之战中大败曹军，由此奠定了“三分天下”的基础。建安十四年（209年），拜偏将军领南郡太守。建安十五年（210年）病逝于巴丘，年仅36岁。\n^【演】^在《三国演义》中，为了凸显诸葛亮的智慧，对历史上的周瑜形象做了较大的改动，并虚构了较多的情节，如赤壁之战，周瑜的主张不太明确，是战是和踌躇不定，诸葛亮借曹操修筑铜雀台欲夺小乔之事，智激周瑜，坚定周瑜抗曹的决心。\n曹操命周瑜同窗好友蒋干劝降周瑜，周瑜设下计策，假装友善，伪造了曹操水军都督蔡瑁、张允写给周瑜的降书让蒋干发现，上演了一出“蒋干盗书”的好戏，为赤壁之战的成功奠定了基础。,175-210,公瑾,0,世间豪杰英雄士#江左风流美丈夫,10078401,,,,吴,五星
130785,130785,30,3,2,8000,9400,6200,9500,400,190,180,72,156,40,200255,100785,100785,0,0,0,0,1707703200,110252,100785,0,0,0,0,0,0,0,0,0,5,4,0,0,1,1,0,0,0,0,"3,23,43",,马腾,,@【史】@东汉末年割据凉州一带的军阀，马超、马休、马铁之父。马腾身长八尺余，身体洪大，面鼻雄异，性格贤良忠厚，受众人尊敬。兴平元年（194年），马腾企图连结种邵等诛灭权臣李傕、郭汜，但为其所败，只得回到凉州。后与韩遂不和，互相攻击。\n之后，马腾听从张既的建议，入朝担任卫尉。建安十六年（211年），其子马超起兵抗拒曹操。次年，马腾与其二子皆为曹操所害，夷灭三族。\n^【演】^在《三国演义》中，马腾被写成对汉室十分忠诚的忠臣。董卓乱政时，马腾为西凉太守，起兵应诏，为十八路诸侯之一。董卓败亡后，其余党李傕、郭汜秉政，马腾受献帝诏，同韩遂讨伐李傕、郭汜，因缺粮为其所败，退还西凉。曹操将汉献帝迁往许都后，马腾入朝，参与刘备和董承等人谋诛专权的曹操的计划，因事情败露而逃回凉州。\n后曹操用荀攸计，假诏召马腾入京，他为了达成多年心愿，和黄奎欲讨伐曹操，但事情还是败露了，马腾和儿子马休、马铁全部被害。马腾的死讯传出后，马超和韩遂为了替他报仇，于是在西凉起兵反叛。,?-212,寿成,0,征鞍处处诉功苦#羌管声声向庙堂,10078501,,,,群,五星
130786,130786,25,2,3,6800,7600,8500,3800,2200,91,148,175,42,152,200256,100786,100786,0,0,0,0,1707273000,110253,100786,0,0,0,0,0,0,0,0,0,1,4,1,0,1,1,0,0,0,0,"2,12,32",,卫子夫,,@【史】@西汉河东平阳人，汉武帝皇后。本为平阳公主家讴者，为武帝所纳，元朔元年生太子刘据，被立为皇后。其弟卫青官至大司马大将军，姊子霍去病亦官至大司马骠骑将军。巫蛊之祸起，据起兵诛江充，兵败自杀。武帝以策收皇后玺绶，遂自杀。宣帝立，追谥思。,?-前91年,子夫,0,生男无喜，生女无怒#独不见卫子夫霸天下,10078601,,,,汉,五星
130787,130787,30,1,3,6000,9600,9500,4500,1000,94,192,221,83,72,200257,100787,100787,0,4,0,0,1711508400,314091,100787,0,0,0,0,0,0,0,0,0,2,4,0,0,1,1,0,0,0,0,"1,11,31",,程昱,,@【史】@东汉后期至三国时期曹魏谋士、名臣。本名程立，因梦中在泰山捧日，更名程昱。曾于东阿率领民众抗击黄巾。初平三年，被曹操征辟为寿张令，从此为其出谋献策、征战四方。曹操征徐州时，程昱与荀彧留守后方，阻吕布、陈宫大军，保住三城。\n^【演】^在《三国演义》中，程昱初在山中读书，经荀彧荐仕曹操。曾于徐州用计迫降关羽；曹操征河北，昱举羽以敌颜良，又於仓亭献十面埋伏之计，大胜袁绍。后与刘备战，昱计挟亲赚徐庶，使庶来投。从南征，昱谏曹操以防火攻，又识黄盖粮船之伪，免大寨遭创，曹操亦因此逃逸得及。后又于濡须劝曹操班师。魏国既建，以昱为卫尉。,141-220,仲德,0,明断军机兼智勇#捧日泰山托腹心,10078701,,,,魏,五星
130788,130788,30,2,3,9300,8000,6000,5200,1700,195,158,102,70,150,200258,100788,100788,0,4,0,0,1711508400,114337,100788,0,0,0,0,0,0,0,0,0,4,4,0,0,1,1,0,0,0,0,"2,12,22",,丁奉,,@【史】@吴国重要将领。年少时以骁勇为小将，经常奋勇破敌，屡立功勋。在东兴之战中“雪中奋短兵”，大破进犯东吴的魏军。丁奉一生征战，与北方政权从曹操时代打到司马炎时代，侍奉了孙权到孙皓四位吴国君主，见证了三国的盛衰兴亡。\n^【演】^在《三国演义》中的丁奉事迹较史书记载简略，主要描述了他在东兴之战中“雪中奋短兵”的事迹以及诛灭孙綝时的表现。同时还增加了曹丕伐吴，张辽保护曹丕撤退时，丁奉用箭射中了张辽腰部，使张辽回营后旧伤迸发、不治而亡的情节。,?-271,承渊,0,短兵振奋东兴雪#骁将挥拂帝阙云,10078801,,,,吴,五星
130789,130789,25,1,3,5800,6700,8700,6000,1000,56,129,175,82,83,200266,100789,100789,0,0,0,0,1716170400,110342,100789,0,0,0,0,0,0,0,0,0,4,4,0,0,1,1,0,0,0,0,"1,11,21",,陆绩,,@【史】@吴郡吴县人，庐江太守陆康之子，东吴名将陆逊的从叔，但年纪比陆逊更小。六岁时曾随父前往九江见袁术，袁术用桔子招待客人，陆绩将三个桔子放入怀中，但在告别时掉落，被发现后，陆绩说要带给母亲吃，令袁术非常惊叹。孙策进攻庐江时，陆康将儿子陆绩和从孙陆逊送回吴郡避难，后成为孙策宾客。孙权继承东吴基业后，任命陆绩为奏曹掾，以直言正道令人敬畏，后担任郁林太守、偏将军。\n^【演】^在《三国演义》中，作为诸葛亮舌战群儒的配角出场，因怀桔遗亲的往事被诸葛亮调侃为“袁术座间怀桔之陆郎”，之后并未出场。,188-219,公纪,0,驽马逸足多学识#万象天道恨未知,10078901,,,,吴,五星
130790,130790,35,2,2,6800,9800,5000,3800,1600,135,212,67,88,142,200262,100790,100790,0,0,0,0,1718159400,110350,100790,0,0,0,0,0,0,0,0,0,5,4,0,0,1,1,0,0,0,0,"2,12,32",,袁术,,@【史】@袁逢之嫡次子，袁基、袁绍之弟。初为虎贲中郎将。董卓进京后以袁术为后将军，袁术因畏祸而出奔南阳。初平元年（190年）与袁绍、曹操等同时起兵，共讨董卓。后与袁绍对立，被袁绍、曹操击败，率馀众奔九江，割据扬州。建安二年（197年）称帝，建号仲氏 ，但未受人承认。此后袁术奢侈荒淫，横征暴敛，使江淮地区残破不堪，民多饥死，部众离心，先后为吕布、曹操所破，元气大伤，后于建安四年（199年）呕血而死。\n^【演】^在《三国演义》中，他的家族四代中有五人位居三公，是当世的大豪族。因董卓祸国，十八路诸侯聚讨董卓，袁术以第一镇诸侯的身份参与。同盟解散后，袁术为了除掉刘备，派遣使者想和吕布结亲，吕布将使者送给曹操斩首。得知吕布送斩他的使者，就发兵攻打他，却反被吕布所破。曹操又会合吕布、刘备、孙策等讨伐袁术，袁术大败。,?-199,公路,0,不思累世为公相#便欲孤身作帝王,10079001,,,,群,五星
130791,130791,30,1,4,8500,8200,9600,5500,1300,113,224,211,90,113,200264,100791,100791,0,4,0,0,1722393000,114357,100791,0,0,0,0,0,0,0,0,0,4,4,0,0,1,1,0,0,0,0,"1,11,21",,陆逊,,@【史】@三国时期吴国政治家、军事家。建安二十四年（219年），陆逊参与袭取荆州。章武二年（222年），孙权以陆逊为大都督，在夷陵火烧连营击败刘备，一战成名。黄武七年（228年），陆逊取得石亭之战的胜利。黄龙元年（229年），孙权称帝后，以陆逊为上大将军、辅佐太子孙登并掌管陪都武昌事宜，后卷入立嗣之争。\n赤乌七年（244年）拜为丞相，总领三公事务，领武昌事。陆逊跟随孙权四十余年，统领吴国军政十余年，深得孙权器重。深谋远虑，忠诚耿直。一生出将入相，被赞为“社稷之臣”。\n^【演】^在《三国演义》中，称其“身长八尺，面如美玉，体如凝酥”。孙权统事后，陆逊投奔入孙权门下。陆逊、董袭作为第五队参与了赤壁之战。合肥之战时陆逊董袭又救出重伤的太史慈；樊城之战前吕蒙因为想不出对付关羽的办法装病躲避。陆逊向孙权进言猜测是诈病，后又献夺荆州计谋。孙权遂以陆逊代吕蒙守陆口。后孙权力排众议，拜陆逊为大都督。,183-245,伯言,0,一旦威名惊蜀魏#吴王宁不敬书生,10079101,,,,吴,五星
130792,130792,25,2,2,4600,8000,8700,4000,1600,76,170,171,57,139,200265,100792,100792,0,4,0,0,1722393000,114358,100792,0,0,0,0,0,0,0,0,0,3,4,0,0,1,1,0,0,0,0,"2,12,22",,马良,,@【史】@蜀汉官员，马谡之兄。马良兄弟五人都有才华名气，而马良又在五人中最为出色，因此有“马氏五常，白眉最良”的赞誉。建安十四年（209年），刘备担任荆州牧，征召马良为州从事。马良与诸葛亮关系友善，曾奉命出使东吴，受到孙权恭敬的接待。章武元年（221年），刘备称帝，建立蜀汉政权，任命马良为侍中。刘备东征东吴时，派马良招纳五溪少数民族。同年，刘备在夷陵之战中兵败，马良也遇害身亡。\n^【演】^在《三国演义》中，关羽讨魏时，以马良、伊籍为参谋，一同征进。关羽臂中毒箭，名医华佗为其刮骨，关羽与马良弈棋。后荆州失守，关羽遣马良、伊籍、赍文三道，星夜赴成都求救。夷陵之战中，刘备因报仇心切，起兵伐吴，并任马良、陈震掌理文书，马良劝阻，但刘备不听，孙权拜陆逊为都督，马良劝刘备需要提防，但刘备又不听。吴军坚守不出，马良认为吴军必定在等待蜀军的变化而作出行动。期间，马良曾携地理图本前往请教诸葛亮。,187-222,季常,0,武陵蛮溪开烟瘴#马氏五常白眉良,10079201,,,,蜀,五星
130793,130793,30,2,2,8600,7000,8600,4100,1300,236,175,120,74,112,200268,100793,100793,0,0,0,0,1729562400,110361,100793,0,0,0,0,0,0,0,0,0,3,4,0,0,1,1,0,0,0,0,"2,32,102",,陈到,,@【史】@陈到，字叔至，豫州汝南人，三国时期蜀汉将领。刘备在豫州时期，陈到开始追随刘备，名位常亚于赵云，以忠勇著称。先后担任护军、征西将军，在建兴四年接替李严担任永安都督，封亭侯。负责统率和管理白毦兵，在永安任上去世。,?,叔至,0,藏身青史最深处#为报使君知遇情,10079301,,,,蜀,五星
130794,130794,35,2,2,4200,8500,9900,4600,1700,53,182,255,48,148,200269,100794,100794,0,4,0,0,1735612200,114363,100794,0,0,0,0,0,0,0,0,0,1,4,0,0,1,1,0,0,0,0,"2,12,32",,荀彧,,@【史】@东汉末年著名政治家、战略家，曹操统一北方的首席谋臣和功臣。荀彧早年被称为“王佐之才”，初举孝廉，任守宫令。后弃官归乡，又率宗族避难冀州，被袁绍待为上宾。其后投奔曹操。官至侍中，守尚书令，封万岁亭侯。因其任尚书令，居中持重达十数年，处理军国事务，被人敬称为“荀令君”。后因反对曹操称魏公而受曹操所忌，调离中枢，在寿春忧郁成病而亡，年五十。获谥敬侯，后追赠太尉。\n^【演】^在《三国演义》中，荀彧旧从袁绍，因知袁绍终不能成大事遂与其侄荀攸投奔曹操。荀彧为曹操出过很多重要的战略谋划，如以兖州为基地、二虎竞食和驱虎吞狼、迎汉献帝往许都、开玄武湖练水军等等，立有大功。荀彧后为汉侍中、尚书令，参与国家大事並经常留守许都。后来董昭劝曹操称魏公，荀彧表示反对，曹操深感不满，遂将其招入军中，从征孙权。荀彧因病留于寿春，不久在曹操的暗示下服毒自尽。,163-212,文若,0,颍上文若王佐才#名齐五岳震三台,10079401,,,,汉,五星
130795,130795,25,3,2,3800,8800,8000,7700,500,48,137,133,127,35,200270,100795,100795,0,4,0,0,1735612200,114364,100795,0,0,0,0,0,0,0,0,0,1,4,0,0,1,1,0,0,0,0,"3,32,43",,献帝,,@【史】@东汉最后一任皇帝，公元189年－220年在位。因被董太后抚养，故称“董侯”，初封渤海王，后改封陈留王。公元189年，董卓废汉少帝刘辩，立刘协为皇帝。董卓被王允和吕布诛灭后，董卓部将李傕等攻入长安，再次挟持了他，后来逃出长安。公元196年，曹操控制了刘协，并迁都许县，挟天子以令诸侯。公元220年，曹操病死，刘协被曹丕控制，随后被迫禅让于曹丕。公元234年，刘协寿终正寝，享年54岁。\n^【演】^在《三国演义》中，他是汉灵帝中子。汉中平九月甲戌，即皇帝位，年九岁。后为董卓、曹操接连要挟，成为傀儡。建安二十五年冬十月乙卯，帝逊位，丕称天子。奉帝为山阳公。传言帝遇害，汉中王刘备闻知，痛哭终日，下令百官挂孝，遥望设祭，上尊谥曰“孝愍皇帝”。,181-234,,0,真龙天资中兴主#崎岖难觅腹心臣,10079501,,,,汉,五星
130796,130796,30,2,2,8500,9000,6200,4300,2000,200,210,80,58,140,200272,100796,100796,0,0,0,0,1738288800,310099,100796,0,0,0,0,0,0,0,0,0,2,4,0,0,1,1,0,0,0,0,"2,12,22",,于禁,,@【史】@三国时期魏国武将。本为鲍信部将，后属曹操，曾于张绣造反时讨伐不守军纪的青州兵，同时为迎击敌军而固守营垒，因此曹操称赞他可与古代名将相比。然而在建安二十四年（219年）的襄樊之战中，于禁在败给关羽后投降，致使晚节不保。关羽败亡后，于禁从荆州获释到了吴国。黄初二年（公元221年），孙权遣还于禁回魏，同年去世，谥曰厉侯，有一子于圭。\n^【演】^在《三国演义》中，于禁于曹操招贤之时前来投奔。后随曹操参与官渡之战、赤壁之战。赤壁兵败之后，于禁随曹操征讨马超、韩遂，于阵前不敌马超而败北。关羽率军攻樊城时，于禁、庞德奉命前往援救镇守樊城的曹仁终被关羽以水攻大败。战后于禁被俘，向关羽乞降，被押解往荆州。吕蒙攻陷荆州后于禁被送往吴国，孙权降魏后将其释放返魏，奉命守护曹操陵墓。曹丕遣人将于禁战败乞降等事画于陵壁，于禁看后惭愧发病而死。,?-221,文则,0,奉法行令总无情#当锋拒后争功名,10079601,,,,魏,五星
130797,130797,30,2,2,7500,7000,7100,4000,1700,119,123,103,50,120,200273,100797,100797,0,0,0,0,1738029600,410031,100797,0,0,0,0,0,0,0,0,0,6,4,1,0,1,1,0,0,0,0,"2,22,32",,胡芳,,@【史】@晋镇军大将军胡奋之女，晋武帝司马炎的贵嫔。泰始九年，晋武帝选择良家女充实后宫，胡芳被选中，拜为贵嫔。胡芳性格直率，言辞直接，曾经在与晋武帝玩“摴蒲”（一种古代游戏，类似掷骰子）时，伤到晋武帝手指，惹得晋武帝大骂“就是个武将的孩子！”胡芳回答“（我父亲跟你祖父都）北伐公孙，西距诸葛，可不就是武将的孩子嘛。”让晋武帝非常惭愧。\n深得晋武帝宠爱，侍御服饰仅次于皇后，以至于后来皇后杨艳病重，担心晋武帝会因宠爱胡芳而立其为后，威胁太子地位，因此杨艳临终时请求晋武帝立自己妹妹杨芷为后，得到晋武帝的同意。\n为司马炎诞下一女武安公主。,?,,0,惟愿此生愚且鲁#无灾无难乐一生,10079701,,,,晋,五星
130799,130799,30,3,2,5500,8800,9000,9200,400,65,119,179,148,38,200275,100799,100799,0,4,0,0,1749004200,114389,100799,0,0,0,0,0,0,0,0,0,3,4,0,0,1,1,0,0,0,0,"3,23,43",,马谡,,@【史】@字幼常，襄阳宜城人。以荆州从事随刘备入蜀，先后担任绵竹令、成都令、越巂太守。才器过人，好论军计，但刘备认为他“言过其实，不可大用”，不过诸葛亮仍然重用马谡，以其为参军。建兴三年，诸葛亮征南中，马谡献“攻心为上，攻城为下，心战为上，兵战为下”之策，诸葛亮纳之，赦孟获而服南方。建兴六年，诸葛亮军出祁山，不听众人建议，拔马谡为先锋。与魏将张郃战于街亭，违背诸葛亮的安排，为张郃所破，导致街亭失守。\n^【演】^在《三国演义》中的马谡，事迹与正史中大致相同，唯有随诸葛亮南征孟获、献计离间司马懿与魏明帝曹叡等情节，为小说虚构。,190-228,幼常,0,兵书满腹志凌云#险隘临机欲建勋,10079901,,,,蜀,五星
130800,130800,30,2,3,7700,9200,9700,3900,1500,82,153,208,95,152,200277,100800,100800,0,4,0,0,1749004200,214127,100800,0,0,0,0,0,0,0,0,0,3,4,0,0,1,1,0,0,0,0,"2,12,22",,蒋琬,,@【史】@字公琰，零陵湘乡人 三国时蜀汉执政大臣，与诸葛亮、董允、费祎并称“四相”。弱冠知名，初以书佐随刘备入蜀，任广都长，为政以安民为本，刘备以为蒋琬荒怠政事，怒欲处置，因诸葛亮劝解而得免。后受诸葛亮器重，被评为“社稷之器”，历任什邡令、丞相府东曹掾等职。刘禅建兴中，诸葛亮驻汉中，以琬为丞相长史，统理府事，常足食足兵以相供给。建兴十二年（234年），诸葛亮卒，蒋琬代为执政。延熙初，屯军汉中，受命开府，加大司马。总揽蜀汉军政。曾制定由水路进攻曹魏的计划，但因其健康状况恶化，以及群臣反对而未能成行。\n^【演】^在《三国演义》中，蒋琬形象与正史相似。在荆州时成为刘备属下，在内政方面发挥才能。北伐之时在后方支援大军。诸葛亮死后，刘禅依诸葛亮遗言加蒋琬为丞相、大将军，录尚书事，与费祎一起处理丞相事务。,?-246,公琰,0,秉公忘私能服众#涪水舟船病成空,10080001,,,,蜀,五星
130801,130801,30,2,2,4000,8200,8500,4600,1700,53,145,188,78,148,200278,100801,100801,0,0,0,0,1747706400,110373,100801,0,0,0,0,0,0,0,0,0,6,4,0,0,1,1,0,0,0,0,"2,22,32",,裴秀,,@【史】@河东闻喜人，魏晋名臣，地图学家，出身河东裴氏，其祖父为东汉尚书裴茂，其父为曹魏光禄大夫裴潜。年少好学，有风度，被人称作“后进领袖”。被大将军曹爽辟为掾属，继承清阳亭侯爵位，迁黄门侍郎。高平陵之变曹爽被诛，裴秀因此也被免职。之后先后担任廷尉正、安东将军及卫将军司马，提出很多军国建议，都被信任采纳，又迁散骑常侍。\n司马昭讨伐诸葛诞时，裴秀与尚书仆射陈泰、黄门侍郎钟会一同以行台身份参加，之后转为尚书，封鲁阳乡侯。曹奂继位后，封为县侯，迁尚书仆射。咸熙年间，裴秀负责修改官制，因此被封为济川侯。司马昭立世子时，司马炎曾寻找裴秀询问相术，裴秀以司马炎“非人臣之相”为由向司马昭提出建议，后来果然世子为司马炎。司马炎继承王位后，拜裴秀为尚书令、右光禄大夫，开府，加给事中。晋朝建立后，加左光禄大夫，封钜鹿郡公。曾因谋私而被举报，但司马炎并未处罚，反而令裴秀担任司空。后因服寒食散误饮冷酒去世。\n裴秀曾主编完成《禹贡地域图》，是中国有文献可考的最早的历史图集，并在序言中提出了制图六体，即：分率、准望、道里、高下、方邪、迂直，6项地图绘制的基本准则，为中国传统地图奠定了理论基础，是中国传统地图学的奠基人。为纪念这位中国地图科学创始人而设立的“裴秀奖”，每两年评选一次，是中国地图学界最高奖项。2021年，国际天文学联合会批准将月球正面的一个环形山命名为“裴秀环形山”。\n@【演】@在三国演义中，裴秀仅在结尾出场，与贾充、何曾一同建议司马昭立司马炎为世子，并在魏帝禅让时与贾充并列左右，无其他描写。,224-271,季彦,0,地学宗师誉九州#图成禹贡世无俦,10080101,,,,晋,五星
130802,130802,30,3,2,7600,7500,8500,5000,200,146,176,169,149,33,200279,100802,100802,0,4,0,0,1754447400,414036,100802,0,0,0,0,0,0,0,0,0,5,4,0,0,1,1,0,0,0,0,"3,23,43",,左慈,,@【史】@东汉末年著名方士，年少时就精通五经，而且懂天文星象，预见到汉祚将尽，天下乱起，认为此时官高者危，财多者死，荣华不值一提，于是在天柱山专心修炼。据《后汉书》记载，左慈有神通，曾经参与曹操举办的宴会，在铜盘中放水，凭空钓出松江鲈鱼，又变出蜀地生姜，并隔空给曹操派去蜀地的使者传信，令其多买蜀锦，后来也得到验证。曾用酒一升、脯一斤，令百官皆酒足饭饱。曹操想要杀害左慈时，满街都是左慈，后来不知去向。此事《神仙传》中亦有记载，同时据《神仙传》所言，道教灵宝派祖师葛玄曾以左慈为师，左慈告知葛玄自己将要去霍山中合九转丹，炼成之后就仙去了。\n^【演】^在《三国演义》中，左慈是一名道士，道号乌角先生。在峨嵋山修练，得到《遁甲天书》，精通法术。在曹操宴会席上出现，使出种种幻术，把曹操捉弄一番后，留下了庚子年曹操将死的预言：“土鼠随金虎，奸雄一旦休！”，然后扬长而去。曹操因此惊而成疾。,?,元放,0,奇门遁甲，鬼神行厨#潜心修道，不问世俗,10080201,,,,群,五星
130803,130803,25,2,2,7300,7600,7000,3600,1600,132,152,118,83,148,200286,100803,100803,0,0,0,0,1761100200,110396,100803,0,0,0,0,0,0,0,0,0,1,4,0,0,1,1,0,0,0,0,"2,12,32",,刘备,,@【史】@西汉中山靖王刘胜之后，三国时期蜀汉开国皇帝、政治家，史家又称他为先主。刘备早年颠沛流离，备尝艰辛，投靠过多个诸侯。赤壁之战时，与孙权联盟击败曹操，趁势夺取荆州。而后进取益州。于章武元年（221年）在成都称帝，国号汉，史称蜀或蜀汉。《三国志》评刘备的机权干略不及曹操，但其弘毅宽厚，知人待士，百折不挠，终成帝业。刘备也称自己做事“每与操反，事乃成尔”。\n^【演】^在《三国演义》中，刘备的事迹基本与正史相符。书中将其塑造成一位胸襟开阔的，十足的明主形象。并重点突出其几个性格特点：一是亲贤爱士，善待人才；二是生性善良，爱民如子；三是待人宽厚，不求全责备；四是偶有权谋，颇有心计。,161-223,玄德,0,贤矣昭烈，宽厚弘毅#崎岖立国，仗信履义,10080301,,,,汉,五星
130804,130804,25,3,3,7600,8800,7200,7800,400,148,232,138,116,33,200287,100804,100804,0,0,0,0,1761100200,110397,100804,0,0,0,0,0,0,0,0,0,1,4,0,0,1,1,0,0,0,0,"3,23,43",,曹操,,@【史】@三国中曹魏政权的奠基人。其人文武精通，可谓非常之人，超世之杰。以汉天子的名义征讨四方，对内消灭二袁、吕布、刘表、马超、韩遂等割据势力，对外降服南匈奴、乌桓、鲜卑等，统一了中国北方，并实行一系列政策恢复经济生产和社会秩序，奠定了曹魏立国的基础。\n^【演】^在《三国演义》中，曹操的事迹基本与正史相符。主要将其塑造成一个“奸雄”形象，并且更突出“奸”的一面。,155-220,孟德,0,山不厌高，海不厌深#周公吐哺，天下归心,10080401,,,,汉,五星
130805,130805,30,1,3,8400,8300,6200,5600,1500,172,183,72,118,138,200288,100805,100805,0,0,0,0,1761100200,110398,100805,0,0,0,0,0,0,0,0,0,1,4,0,0,1,1,0,0,0,0,"1,21,31",,孙坚,,@【史】@县吏出身，因勇敢又有谋略被官府赏识，提拔为军官。曾参与讨伐黄巾军的战役以及讨伐董卓的战役。后与刘表作战时阵亡。孙坚的儿子孙策、孙权后来创建了东吴政权。\n^【演】^在《三国演义》中，孙坚由于征讨黄巾有功，被封为长沙太守。在董卓乱政期间，孙坚作为诸侯联军的先锋，表现得十分活跃，但因袁术存在私心，拒不发粮，而被董卓将华雄击败。后来董卓迁都长安，孙坚进驻洛阳，意外发现传国玉玺，并藏匿返回。不料事情泄漏，与袁绍、刘表结仇。不久，孙坚在与刘表手下黄祖的交战中，中埋伏而死。,155-191,文台,0,争教不霸江山得#日月征曾入梦来,10080501,,,,汉,五星
130806,130806,30,3,2,8200,8400,8900,8400,400,166,145,197,125,45,200290,100806,100806,0,4,0,0,1761100200,110399,100806,0,0,0,0,0,0,0,0,0,3,4,0,0,1,1,0,0,0,0,"3,23,173",,姜维,,@【史】@三国时蜀汉名将，官至大将军。曾为魏中郎将，诸葛亮北伐时，姜维被怀疑有异心，姜维不得已投降蜀汉。因他忠勤时事、思虑精密、敏于军事、既有胆义，又兼心存汉室，故深得诸葛亮器重。诸葛亮去世后姜维在蜀汉开始崭露头角，费祎死后姜维开始独掌军权，继续率领蜀汉军队北伐曹魏。\n后因蜀中大臣多反对北伐，而宦官黄皓弄权，姜维只得在沓中屯田避祸。后司马昭五道伐蜀，姜维据守剑阁，阻挡钟会大军，却被邓艾从阴平偷袭成都，刘禅投降。后姜维假意投降魏将钟会，打算利用钟会反叛曹魏以实现恢复汉室的愿望，但最终反叛失败，与钟会一同被魏军所害。\n^【演】^在《三国演义》中，姜维生平与正史相似。在描写姜维降蜀时，在天水中识破设伏的赵云，并劫了诸葛亮的寨。诸葛亮视其为接班人，用计令夏侯楙和马遵误以姜维降蜀，最终使得姜维走投无路而降蜀。,202-264,伯约,0,阴平穷寇非难御#如此江山空负人,10080601,,,,蜀,五星
130807,130807,35,2,2,8500,9200,10800,3700,1700,101,194,287,54,142,200282,100807,100807,0,4,0,0,1761100200,114395,100807,0,0,0,0,0,0,0,0,0,6,4,0,0,1,1,0,0,0,0,"2,32,172",,司马懿,,@【史】@三国时期魏国杰出的政治家、军事家、战略家，西晋王朝的奠基人。是辅佐了魏国三代的托孤辅政之重臣，后期成为掌控魏国朝政的权臣。善谋奇策，多次征伐有功，其中最显著的功绩是两次率大军成功抵御诸葛亮北伐和远征平定辽东。对屯田、水利等农耕经济发展有重要贡献。\n^【演】^在《三国演义》中，司马懿的生平基本与正史相符。而在小说中，则将其塑造成“奸诈”的负面形象。,179-251,仲达,0,魁杰雄特，秉心平直#威严允惮，风行草靡,10080701,,,,晋,五星
130808,130808,35,1,4,7500,8600,9200,5900,300,78,178,226,87,70,200283,100808,100808,0,4,0,0,1761100200,414045,100808,0,0,0,0,0,0,0,0,0,4,4,0,0,1,1,0,0,0,0,"1,21,101",,孙权,,@【史】@孙坚之子，孙策之弟。东汉建安五年，兄孙策遇刺身亡，孙权继位吴侯、讨逆将军，领会稽太守，开始统领江东。他击败了黄祖。后东吴联合刘备，于赤壁击溃了曹操军。东吴后来又和曹操军在合肥附近鏖战，并从刘备手中夺回荆州、擒关羽、大破刘备的讨伐军。曹丕称帝后孙权先向北方称臣，后自己建吴称帝，迁都建业。孙权病逝后谥号大皇帝，史称东吴大帝。\n^【演】^在《三国演义》中，孙权19岁就继承了其兄孙策之位，力据江东，击败了黄祖。后东吴联合刘备，在赤壁大战击溃了曹操军。东吴后来又和曹操军在合肥附近鏖战，并从刘备手中夺回荆州、擒关羽、大破刘备的讨伐军。曹丕称帝后孙权先向北方称臣，后自己建吴称帝，迁都建业。,182-252,仲谋,0,二十四年兴大业#龙盘虎踞在江东,10080801,,,,吴,五星
130810,130810,30,1,4,9500,8600,7200,5500,2200,251,188,56,88,102,200292,100810,100810,0,4,0,0,1767753000,110406,100810,0,0,0,0,0,0,0,0,0,3,4,0,0,1,1,0,0,0,0,"1,11,31",,黄忠,,@【史】@本为刘表部下，后归刘备，并助刘备攻益州刘璋。在定军山一战中阵斩曹操部下名将夏侯渊。黄忠在后世多以勇猛的老将形象出现于各类文学艺术作品中。\n^【演】^在《三国演义》中，刘备称汉中王后将其封为五虎上将之一。初为刘表部下，后事韩玄；虽年近六旬，却有万夫不当之勇。关羽攻长沙时，关羽用拖刀计将黄忠击败，但不忍害之。次日，黄忠计诱关羽，为报关羽之恩，用弓箭只射关羽盔缨，但韩玄却因此怀疑黄忠有二心，想将黄忠斩首，但遭魏延劫场，韩玄被诛，黄忠与魏延一同降蜀。\n黄忠入蜀后，战功赫赫。先与严颜败张郃，后更于定军山亲斩夏侯渊。刘备称帝后伐吴，黄忠不顾年迈，请令担任先锋，为吴将马忠偷袭射中，回营后不治而亡。,?-220,汉升,0,将军气概与天参#白发犹然困汉南,10081001,,,,蜀,五星
130811,130811,30,2,2,5500,8300,9300,4500,1600,64,170,225,60,90,200294,100811,100811,0,0,0,0,1771293600,210143,100811,0,0,0,0,0,0,0,0,0,5,4,0,0,1,1,0,0,0,0,"2,12,22",,司马徽,,@【史】@东汉末年名士，精通道学、奇门、兵法、经学。有“水镜先生”之称。司马徽为人清雅，学识广博，有知人之明，并向刘备推荐了诸葛亮、庞统等人，受到世人的敬重。\n^【演】^刘备马跃檀溪后，偶然相遇司马徽。司马徽向刘备举荐诸葛亮和庞统，并称诸葛亮为“卧龙”，庞统为“凤雏”，刘备随后夜宿庄院。次日，司马徽自称“山野闲散之人”，谢绝了刘备请求他出山辅佐的好意。不久，赵云率军寻找到庄前，刘备便随赵云离开。其后，刘备准备拜访诸葛亮，司马徽想要探访徐庶，但徐庶已经中曹操的计策前往许昌，刘备向司马徽提起徐庶举荐诸葛亮的事情，司马徽再次力荐诸葛亮。,?-208,德操,0,水镜光澄，荆山玉明#一荐龙凤，千峰自青,10081101,,,,群,五星
130812,130812,30,3,2,5000,8600,8200,8600,1200,73,146,172,152,79,200295,100812,100812,0,0,0,0,1771207200,410053,100812,0,0,0,0,0,0,0,0,0,1,4,1,0,1,1,0,0,0,0,"3,32,23",,冯嫽,,@【史】@西汉女政治家、外交家。因西汉派去与乌孙国联姻的公主刘细君去世，汉武帝以刘解忧为公主继续与乌孙国联姻，冯嫽作为解忧公主的侍女，共同前往乌孙国。冯嫽懂史书，熟悉事务，曾经作为公主的使者前往西域各国赏赐西域贵族，得到了西域各国的信任和尊敬，号称“冯夫人”，后嫁给乌孙国右大将为妻。\n乌孙国王病逝后，乌孙国贵族未按约定立解忧公主的儿子为王，反而立上一任国王有匈奴血统的儿子为王，史称狂王。解忧公主与汉朝使者设宴刺杀狂王使其受伤逃跑，乌孙国贵族乌就屠趁机袭杀狂王，自立为昆弥（乌孙之王）。冯嫽的丈夫右大将与乌就屠交好，因此西域都护派遣冯夫人前去劝降乌就屠。汉宣帝征召冯夫人亲自过问此事，并正式派遣冯夫人锦车持节，前往乌孙国宣读诏书，最终解忧公主之子担任大昆弥，乌就屠担任小昆弥，共同治理乌孙国。后来解忧公主的儿子去世，冯嫽陪同公主返回长安，但公主之孙、新任大昆弥星靡年幼，冯夫人上书宣帝，希望出使乌孙辅佐星靡。宣帝派一百余人送冯夫人，再次出使乌孙国。\n冯嫽是中国历史上第一位有史料记载的女外交官。,?,,0,读史漫夸苏武节#须眉巾帼并流芳,10081201,,,,汉,五星
130814,130814,30,1,3,5000,8500,9500,5500,1600,66,165,218,88,80,200296,100814,100814,0,0,0,0,1779244200,410057,100814,0,0,0,0,0,0,0,0,0,6,4,0,0,1,1,0,0,0,0,"1,11,21",,刘徽,,@【史】中国魏晋时期数学家，生平不详。\n魏景元四年，刘徽为《九章算术》作注解。《九章算术注》集各家优秀思想方法，并加以创新而用于数学研究，在算术、代数、几何等方面都有杰出的贡献。\n宋徽宗大观三年，为孔庙两廊有画像的算学家追加赏赐五等爵位，封刘徽为淄乡男爵。有学者据此主张其为山东滨州邹平人，也有学者主张其为山东淄博淄川人，还有学者认为其籍贯不可考。,?,,0,观阴阳之割裂#总算术之根源,10081401,,,,晋,五星
130815,130815,30,2,3,9200,9300,5500,4500,1500,195,185,70,61,130,200297,100815,100815,0,4,0,0,1783477800,114422,100815,0,0,0,0,0,0,0,0,0,5,4,0,0,1,1,0,0,0,0,"2,52,42",,孟获,,@【史】@三国时期南中地区少数民族的首领，公元225年起兵反叛蜀汉，被诸葛亮率领大军七擒七纵后降服，此后不再叛乱。《三国志》本传中未记载孟获事迹，史书《汉晋春秋》和《襄阳记》有记载。\n^【演】^在《三国演义》中，则详细讲述了七擒孟获的故事。孟获为人骁勇善战，但不善于用兵。曾起兵反叛蜀汉，后诸葛亮依马谡“攻心为上”之策，对其进行七擒七纵，终于使得孟获心悦诚服，立誓永不再反叛蜀国。,?,,0,滇锦披风卷毒澜#蛮刀啸月镇千峦,10081501,,,,群,五星
132001,132001,35,2,3,10100,9200,7800,6500,1300,227,223,112,114,138,200704,100021,100021,0,10002,0,0,0,110174,102001,0,0,0,0,0,0,0,0,0,3,4,0,0,1,1,0,1,0,0,"2,22,32",,赵云,,@【史】@三国时期蜀汉名将。赵云跟随刘备将近三十年，先后参加过博望坡之战、长坂坡之战、江南平定战，独自指挥过入川之战、汉水之战、箕谷之战，都取得了非常好的战果。除了四处征战，赵云还先后以偏将军任桂阳太守，以留营司马留守公安，以翊军将军督江州。除此之外，赵云于平定益州时引霍去病故事劝谏刘备将田宅归还百姓，又于关羽张飞被害之后劝谏刘备不要伐吴，被后世赞为有大臣局量的儒将，甚至被认为是三国时期的完美人物。\n^【演】^在《三国演义》中，赵云一登场即和河北名将文丑大战，救了公孙瓒。曾和多名三国名将对战，冲锋陷阵罕见败绩。长坂坡救阿斗时，连续阵斩曹营名将五十余员。智取桂阳时，更是展现了他过人的机智和出众的谋略。随诸葛亮吊祭周瑜时，因赵云带剑相随，吴将无人敢动诸葛亮。汉水救黄忠时，让魏国名将张郃、徐晃心惊胆战，不敢迎敌。\n刘备去世之后，曹魏五路犯蜀，赵云把守阳平关，一将当关，万夫莫开。七十几岁时仍为蜀汉先锋，阵前力斩被作者称为“有万夫不当之勇”的西凉大将韩德一门五将。,?-229,子龙,0,古来冲阵扶危主#只有常山赵子龙,10002101,,,,蜀,五星
132002,132002,30,3,3,9100,9000,6600,10000,1000,200,185,76,204,69,200705,100435,100435,0,0,0,0,0,110020,102002,0,0,0,0,0,0,0,0,0,2,4,0,0,1,1,0,1,0,0,"3,23,33",,夏侯渊,,@【史】@东汉末年名将，擅长千里奔袭作战，官至征西将军，封博昌亭侯。初期随曹操征伐，官渡之战为曹操督运粮草，又督诸将先后平定昌豨、徐和、雷绪、商曜等叛乱。后率军驻凉州，逐马超、破韩遂、灭宋建、横扫羌、氐，虎步关右。张鲁降曹操后夏侯渊留守汉中，与刘备相拒逾年，于定军山被刘备部将黄忠所袭，战死，谥曰愍侯。\n^【演】^在《三国演义》中，夏侯渊是夏侯婴之后、大将军惇族弟。自曹操陈留起兵起，便跟随征伐，历任陈留、颍川太守。官渡之战后，夏侯渊负责粮草补给，保证了曹操平定北方。而后夏侯渊又率兵四处征讨叛乱，破昌豨、徐和、雷绪、商曜等，战功卓著。而后夏侯渊督张郃、徐晃等留守汉中，与前来取汉中的刘备大军交战，为刘备将黄忠所袭，不幸战死。谥曰愍侯。魏齐王正始四年从祀曹操庙庭。,?-219,妙才,0,五出平叛，奔逸绝尘#虎步关右，所向无前,10043501,,,,魏,五星
132003,132003,25,1,5,9800,8900,6700,6500,800,198,180,62,105,57,200706,100090,100090,0,0,0,0,0,110017,102003,0,0,0,0,0,0,0,0,0,4,4,0,0,1,1,0,1,0,0,"1,21,33",,太史慈,,@【史】@东汉末年名将，官至建昌都尉。弓马熟练，箭法精良。原为刘繇部下，后被孙策收降，自此太史慈为孙氏大将，助其扫荡江东。孙权统事后，因太史慈能制刘磐，便将管理南方的要务委托给他。建安十一年（206年）太史慈逝世。\n^【演】^在《三国演义》中，初登场为第十一回“刘皇叔北海救孔融，吕温侯濮阳破曹操”，后来表现与《三国志》中没有太大分别，但其死亡时间却往后调了数年。于群英会、赤壁之战中，太史慈也有登场，先在群英会上为周瑜担任监酒官，于赤壁战中则负责绕到曹军背后，断绝来自合肥的曹军援兵。\n后来太史慈更于合肥之战一役中大战魏将张辽，可惜其所献的“里应外合”之计被张辽悉破，张辽更将计就计，安排伏兵，袭击进入合肥城的太史慈，令太史慈身中数箭，回营后伤重身亡。,166-206,子义,0,矢志忠孝太史公#临终壮言千古嗟,10009001,,,,吴,五星
132004,132004,25,3,1,10800,13200,12300,8900,700,75,132,82,153,67,200707,100007,100007,0,10001,0,0,0,110003,102004,0,0,0,0,0,0,0,0,0,1,4,0,0,1,1,0,1,0,0,"3,32,13",,卢植,,@【史】@东汉名臣，刘备和公孙瓒之师。黄巾起义时为北中郎将，率军与张角交战，后被诬陷下狱，皇甫嵩平定黄巾后力救卢植，于是复任为尚书。后因上谏激怒董卓被免官，隐居在上谷军都山，被袁绍请为军师。\n^【演】^在《三国演义》中，卢植为汉末大儒，名望远闻于时。刘备曾经从师于他。黄巾起义，卢植奉命镇压，以三万精锐，包围了广宗城张角的十五万人马，未见胜负，因拒绝黄门左丰索要贿赂，而被诬陷罢职问罪。何进招董卓进京诛宦臣。卢植力谏，何进不听。于是辞官而去。董卓得政后，卢植又复职，谏阻董卓废少帝立陈留王。,139-192,子干,0,未似马家亲子婿#终身不踏绛纱庭,10000701,,,,汉,五星
132005,132005,20,1,3,6500,7500,9000,4200,1000,131,129,88,85,94,200708,100015,100015,0,0,0,0,0,210002,102005,0,0,0,0,0,0,0,0,0,5,4,1,0,1,1,0,1,0,0,"1,11,21",,甄洛,,@【史】@魏文帝曹丕的妻子，魏明帝曹叡的生母。黄初二年（221年），曹丕称帝以后甄夫人被赐死，曹叡即位后追尊甄氏为文昭皇后。\n^【演】^在《三国演义》中，甄氏生平与正史大体相当。初期嫁与袁绍次子袁熙，袁熙带兵出外征战，留下甄氏独身照顾婆婆，袁氏败亡后，曹操之子曹丕见其美艳动人，便纳为己有。黄初年间，魏文帝曹丕登基后，郭贵妃以巫蛊之术陷害甄氏。文帝曹丕大怒，将甄氏赐死。,183-221,,0,体迅飞凫，飘忽若神#凌波微步，罗袜生尘,10001501,,,,群,五星
132011,132011,25,2,2,6100,8200,9000,4500,1600,89,99,153,54,114,200004,100004,100004,0,0,0,0,0,210008,102011,0,0,0,0,0,0,0,0,0,1,4,1,0,1,1,0,1,0,0,"2,12,32",,蔡文姬,,@【史】@东汉末才女，博学多才且精通音律。匈奴入侵时，被匈奴掳走。十二年后，曹操统一北方，用重金将蔡文姬赎回，并将其嫁给董祀。,?,昭姬,0,去时怀土心无绪#来时别儿思漫漫,10000401,,,,汉,五星
132012,132012,25,1,3,9200,8900,9100,6100,900,161,168,121,82,65,200072,100074,100074,0,0,0,0,0,310003,102012,0,0,0,0,0,0,0,0,0,3,4,0,0,1,1,0,1,0,0,"1,11,21",,姜维,,@【史】@三国时蜀汉名将，官至大将军。曾为魏中郎将，诸葛亮北伐时，姜维被怀疑有异心，姜维不得已投降蜀汉。因他忠勤时事、思虑精密、敏于军事、既有胆义，又兼心存汉室，故深得诸葛亮器重。诸葛亮去世后姜维在蜀汉开始崭露头角，费祎死后姜维开始独掌军权，继续率领蜀汉军队北伐曹魏。\n后因蜀中大臣多反对北伐，而宦官黄皓弄权，姜维只得在沓中屯田避祸。后司马昭五道伐蜀，姜维据守剑阁，阻挡钟会大军，却被邓艾从阴平偷袭成都，刘禅投降。后姜维假意投降魏将钟会，打算利用钟会反叛曹魏以实现恢复汉室的愿望，但最终反叛失败，与钟会一同被魏军所害。\n^【演】^在《三国演义》中，姜维生平与正史相似。在描写姜维降蜀时，在天水中识破设伏的赵云，并劫了诸葛亮的寨。诸葛亮视其为接班人，用计令夏侯楙和马遵误以姜维降蜀，最终使得姜维走投无路而降蜀。,202-264,伯约,0,阴平穷寇非难御#如此江山空负人,10007401,,,,蜀,五星
132013,132013,25,3,2,9100,9500,8000,8200,500,159,179,96,132,36,200081,100083,100083,0,10003,0,0,0,110018,102013,0,0,0,0,0,0,0,0,0,2,4,0,0,1,0,0,1,0,0,"3,13,23",,张郃,,@【史】@征西车骑将军。先从韩馥，后投袁绍，在与公孙瓒的交战中多有功劳。官渡之战时，张郃受郭图陷害，率众投降于曹操，得以重用，随曹操平定北方，远征乌桓，平马超，斩宋建，灭张鲁，多有战功。后来，张郃随夏侯渊驻守汉中，在夏侯渊被害后暂代主帅，维持败兵。\n魏明帝时诸葛亮第一次北伐，张郃奉命救援陇右，在街亭大败蜀将马谡，导致诸葛亮撤兵；诸葛亮第四次时，张郃随司马懿前往相拒。后诸葛亮粮尽退兵，张郃追至木门，与诸葛亮军交战，被飞矢射中右膝而亡。\n^【演】^在《三国演义》中，张郃原为袁绍手下名将，官渡之战时，受郭图陷害，无奈投降于曹操，从此被曹操重用，跟随曹操南征北战，平马超，灭张鲁，多有战功。诸葛亮一出祁山时，张郃任司马懿先锋，跟随司马懿在街亭击败蜀将马谡，使诸葛亮撤兵。此后，在诸葛亮的多次北伐中，张郃先后随曹真、司马懿前往对抗，多有表现，连诸葛亮也叹其勇猛。诸葛亮五出祁山撤退时，于在剑阁设计埋伏，张郃前往追击，中埋伏被乱箭射死。,?-231,儁乂,0,儁乂官渡投明主#屈指一算料敌先,10008301,,,,魏,五星
132014,132014,30,3,2,2100,6700,9300,8500,300,32,101,236,172,27,200008,100008,100008,0,10003,0,0,0,110004,102014,0,0,0,0,0,0,0,0,0,5,4,0,0,1,1,0,1,0,0,"3,31,23",,张角,,@【史】@东汉末农民起义领袖。汉灵帝时期在各地传播“太平道”，发展部众至几十万，遍及青、徐、幽、冀、荆、扬、兖、豫八州。184年二月，张角发动起义，打出了“苍天已死，黄天当立”的口号，矛头直指东汉政府，史称“黄巾起义”，影响遍及全国，极大地动摇了东汉政府的统治。同年十月，张角病死，不久其直接领导的黄巾军被镇压，但其后各地起义不断，最终导致东汉灭亡。\n^【演】^在《三国演义》中，张角原是个不第的秀才，在山中采药时遇南华老仙，得天书三卷，名为《太平要术》。张角依此书所传道术，开始散施符水，为人治病，徒众发展到数十万。张角遂起了夺取天下的野心，与兄弟张宝、张梁一起发兵起义，声势浩大，但最终被朝廷和各路豪杰镇压。张角病死，黄巾军主力随即覆灭，但仍有很多残党在各地活动。,?-184,,0,苍天已死，黄天当立#岁在甲子，天下大吉,10000801,,,,群,五星
132015,132015,25,1,4,9000,7700,6200,5900,900,170,135,57,79,72,200035,100036,100036,0,10003,0,0,0,210006,102015,0,0,0,0,0,0,0,0,0,3,4,1,0,1,1,0,1,0,0,"1,11,31",,孙尚香,,@【史】@孙权之妹，名字不详。刘备定荆州时，孙权对其十分畏惮，于是进妹予刘备为夫人，重固盟好。孙夫人才捷刚猛，有诸兄之风，身边侍婢百余人，皆亲自执刀侍立，刘备每入，心内常觉凛然惊惧。后刘备入益州，使赵云领留营司马，留守荆州。\n此时孙夫人自以孙权之妹的身份，骄妄豪强，常带着一群东吴吏兵，在荆州纵横不法。既尔孙权闻知刘备西征，于是大遣舟船以迎孙夫人，而夫人带着后主刘禅回吴，幸得赵云与张飞勒兵截江，方重夺刘禅。\n^【演】^在《三国演义》中，名为孙尚香。孙夫人才捷刚猛，有诸兄之风，身边侍婢百余人，皆亲自执刀侍立。不料在诸葛亮的锦囊妙计安排下，假婚成真姻；后来夫人更助刘备返蜀，于路上怒斥追袭的吴将。后刘备入益州，使赵云领留营司马，留守荆州。\n此时孙权闻知刘备西征，于是遣周善引领舟船以迎孙夫人，而夫人带着后主刘禅回吴，幸得赵云与张飞勒兵截江，方重夺刘禅。彝陵之战，刘备战败，有讹言传入吴中，道刘备已死，孙夫人伤心不已，望西痛哭，投江而死。,?-222,,0,江东侍婢迎郎日#犹记刀光满洞房,10003601,,,,蜀,五星
132016,132016,25,3,3,8800,8100,3000,7300,300,191,124,32,101,25,200730,100494,100494,0,0,0,0,0,110026,102016,0,0,0,0,0,0,0,0,0,3,4,1,0,1,1,0,1,0,0,"3,52,23",,祝融夫人,,^【演】^在《三国演义》中，为火神祝融氏后裔，南蛮王孟获之妻，带来洞主之姐。武艺高强，善使飞刀，百发百中。曾与孟获一起抵抗蜀军，在两军阵前被赵云活捉，在诸葛亮七擒七纵孟获之后，随孟获归顺蜀汉。祝融夫人为虚构人物，不见于正史记载。,?,,0,性如烈火红海棠#执戟金戈好女杰,10049401,,,,蜀,五星
132017,132017,20,2,3,2500,4900,8000,3500,1500,30,99,162,47,120,200032,100032,100032,0,0,0,0,0,210051,102017,0,0,0,0,0,0,0,0,0,4,4,1,0,1,1,0,1,0,0,"2,12,32",,周姬,,@【史】@周瑜之女，母疑为汉末美女小乔，兄长为周循和周胤。\n^【演】^在《三国演义》中，提及周瑜去世后留下二子一女，孙权对他们很关照。周瑜的女儿日后嫁给了太子。,?,,0,佳人箜篌忆先父#玉指抚弦奏遗志,10003201,,,,吴,五星
140001,140001,25,2,2,500,1200,1300,600,200,19,45,47,18,28,550001,0,0,0,0,0,0,0,0,0,0,0,0,0,0,0,0,0,0,2,4,0,0,0,1,0,0,0,1,"2,12,22",,朱士行,,三国魏僧人，原籍颍川，少年出家，研习经典，曾在洛阳讲授《小品般若经》，感文句艰涩，难于理解，决定西行求原本。甘露五年（260）从雍州出发，至于阗，取得梵文《大品般若经》，遣弟子送回洛阳。其本人则留居西域，八十而终。 朱士行既是中国正式受戒为沙门之第一人，也是汉僧西行求法之先驱，还是中国古典小说《西游记》中猪八戒的人物原型之一。,?,,,西陲求法踏流沙#仁心渡厄济天涯,14000101,"5,6",,,魏,五星
140002,140002,30,3,3,1800,1200,800,900,100,48,38,21,29,9,550007,0,0,0,0,0,0,0,0,0,0,0,0,0,0,20156,1,0,0,2,4,0,0,0,1,0,0,0,1,"3,23,43",,张恭,,敦煌渊泉人。初为敦煌郡之功曹。太守马艾卒官，郡人推举其行长史事，代掌郡事二十年。黄初元年，酒泉黄华、张掖张进为乱，因恭之力，河西乃平。赐爵关内侯，拜西域戊己校尉。太和年间卒，赠执金吾。,?,,,河西挥戈靖烽烟#敦威破敌定边关,14000201,"1,6",,,魏,五星
140003,140003,20,3,3,1800,1100,500,2300,1600,104,91,23,81,143,550018,0,100927,0,0,0,0,0,0,0,0,0,0,0,0,0,0,0,0,1,4,0,0,0,1,0,0,0,1,"3,23,43",,麦子,,汪！（开心）汪汪！（超开心）\n——《三国的星空第一部》电影角色：麦子,?,,,赤爪追风伴征途#忠护山河守寸土,10092701,6,,,汉,五星
140004,140004,25,3,3,900,2100,2400,3000,300,43,93,106,72,35,550024,0,0,0,0,0,0,0,0,0,0,0,0,0,0,0,0,0,0,5,4,0,0,0,1,0,0,0,1,"3,13,23",,九色鹿,,九色鹿是经典古典神话形象，其故事载于《大唐西域记》，敦煌莫高窟存北魏壁画《九色鹿本生图》。它身覆九彩皮毛，慈悲善良，曾救溺水者，却遭其背信告密。九色鹿从容辩白，终得国王保护，告密者受惩，是善念、诚信与因果报应的经典象征。,?,,,彩茸踏露映沙洲#仁心佑世护凡流,14000401,6,,,群,五星
140005,140005,30,1,4,700,1400,1500,1100,200,16,36,44,18,21,550031,0,0,0,0,0,0,0,0,0,0,0,0,0,0,0,0,0,0,6,4,0,0,0,1,0,0,0,1,"1,11,31",,陶渊明,,庐江浔阳人，字元亮。一说名潜，字渊明。晋大司马陶侃曾孙。虚怀高尚，博学善文章，洒脱不羁，悠然自得，为乡邻所敬重。著《五柳先生传》以自况。曾为彭泽令，不能为五斗米折腰，义熙二年（406），辞官归故里，作《归去来赋》以明其志。后官府又多次征辟，固辞不就。隐居乡里，或耕穑，或饮酒，或吟咏。作散文《桃花源记》，描绘了一个与世隔绝、环境幽美、人人平等、怡然自乐的理想社会。,?,,,归去来兮#田园将芜胡不归,14000501,6,,,晋,五星
