_key,skill_id,skill_quality,skill_quality_view,hit_range,prepare,probability_init,probability_max,main_detail,season,skill_type,show_skill_type,counselor,side_only,special,name,description,target_description,skill_mark_type,flag,skill_quality_level,tag,brief_description,main_effect_id,main_effect_name,main_buff_type
200001,200001,5,49,2,0,40,40,20000101,0,3,0,0,0,0,衣带密诏,使友军单体的攻击属性提高#effect_01#（受谋略属性影响），并使其进入休整状态，每回合恢复一定兵力（恢复率#effect_02#%，受谋略属性影响），持续#available_round_01#,0,"3,4",41,C,,使友军单体的攻击属性提高，使其进入休整状态,101,攻击属性提高,0
200002,200002,6,59,6,0,120,120,20000201,0,3,0,0,0,0,乱政,使敌军单体获得如下10个负面效果中的1个：动摇、恐慌、燃烧、妖术、混乱、犹豫、暴走、怯战、挑衅、围困，持续2回合，该效果执行3次，每次的目标和效果独立判定。其中动摇、恐慌、燃烧、妖术的伤害率随战法等级提升,0,"4,","11,21,31,51",A,,使敌军单体陷入10个负面效果中的1个，该效果执行3次，每次的目标和效果独立判定,303,动摇,0
200003,200003,6,59,5,0,35,35,20000321,0,3,0,0,0,0,金吾飞将,对处于混乱或暴走状态的敌军单体发动一次猛攻（伤害率#effect_11#%）；对随机敌军单体发动一次猛攻（伤害率#effect_21#%），并使其陷入混乱状态，持续#available_round_22#,敌军单体,"1,","11,31,51",S,,对处于混乱或暴走状态的敌军单体造成一次攻击伤害；对敌军单体造成一次攻击伤害，并使其陷入混乱状态,301,攻击伤害,0
200004,200004,6,59,2,0,40,40,20000401,0,3,0,0,0,0,胡笳离愁,恢复我军群体较多兵力（恢复率#effect_01#%，受谋略属性影响），并使其进入休整状态，每回合再度恢复大量兵力（恢复率#effect_02#%，受谋略属性影响），持续@1回合@,0,"3,",41,B,,恢复我军群体兵力，使其进入休整状态,401,急救,0
200005,200005,6,59,4,1,40,40,20000501,0,3,0,0,0,0,闭月,#prepare#准备，使敌军群体陷入暴走状态，进行无差别攻击，并使其防御属性降低#effect_02#（受谋略属性影响），持续#available_round_02#$$$#prepare#准备，使敌军群体陷入暴走状态，进行无差别攻击，并使其防御属性降低#effect_12#（受谋略属性影响），持续#available_round_12#,0,"4,",31,B,,1回合准备，使敌军群体陷入暴走状态，并使其防御属性降低,503,暴走,0
200006,200006,6,59,5,0,35,35,20000601,0,3,0,0,0,0,四世三公,使我军全体分别对距离5以内的敌军单体发动一次攻击（伤害率#subsk_210006_effect_01#%），每次目标独立判定$$$使我军全体分别对距离5以内的敌军单体发动一次攻击（伤害率#subsk_210006_effect_01#%），每次目标独立判定，^额外使我军攻击属性最高单体，对敌军防御最低单体发动一次攻击^（伤害率#subsk_211006_effect_01#%）,敌军单体,"1,","11,51",B,,使我军全体分别对敌军单体造成一次攻击伤害，每次目标独立判定$$$使我军全体分别对敌军单体造成一次攻击伤害，每次目标独立判定，^随后额外造成一次攻击伤害^,122,子技能（有益）,0
200007,200007,6,59,3,0,35,35,20000701,0,3,0,0,0,0,将倾之柱,对敌军群体发动一次策略攻击（伤害率#effect_01#%，受谋略属性影响），使自身受到攻击与策略攻击的伤害下降#effect_12#%（受防御属性影响）持续#available_round_12#,0,"2,4","21,51",B,,对敌军群体造成一次策略伤害，使自身受到的所有伤害降低,302,策略攻击伤害,0
200008,200008,6,59,5,1,35,35,20000811,0,3,0,0,0,0,黄天当立,#prepare#准备，使敌军全体陷入妖术诅咒，每回合损失一定兵力（伤害率#effect_11#%，受谋略属性影响），持续#available_round_11#；敌军受到该战法的妖术伤害时，张角恢复一定兵力（恢复率#effect_02#%，受谋略属性影响）,敌军全体,0,"21,51,41",A,,1回合准备，使敌军全体陷入妖术状态；敌军受到妖术伤害时，张角恢复自身兵力,306,妖术,0
200009,200009,6,59,1,0,100,100,20000901,0,1,0,0,0,0,逆谋,使自身受到攻击与策略攻击的伤害降低#effect_02#%（受攻击属性影响），在战斗中造成攻击伤害时，能够借此恢复相当于伤害值#effect_01#%的兵力,0,"4,3",,B,,使自身受到的所有伤害降低，并使自身造成攻击伤害时，借此伤害恢复自身兵力,542,攻心,0
200010,200010,6,59,5,0,100,100,20001001,0,1,0,0,0,0,天下无双,战斗开始后前#available_round_01#，使自身获得以下效果：攻击属性提高#effect_01#，攻击距离+2，并进入洞察状态，免疫混乱、犹豫、怯战、暴走和挑衅效果，受到普通攻击后能进行反击（伤害率#effect_04#%），并挑衅敌军全体使其攻击自身,0,"4,",,S,,前四回合，使自身攻击属性提升，攻击距离+2，并进入洞察状态，受到普通攻击后进行反击并挑衅敌军全体,101,攻击属性提高,0
200011,200011,6,59,5,0,35,35,20001101,0,3,0,0,0,0,算无遗策,使敌军群体的攻击与谋略属性降低#effect_01#（受谋略属性影响），持续#available_round_01#，在此期间，每当目标试图发动主动战法时，将陷入妖术诅咒，损失一定兵力（伤害率#effect_03#%，受谋略属性影响）$$$使敌军群体的攻击与谋略属性降低#effect_01#（受谋略属性影响），持续#available_round_01#，^并造成一次策略攻击（伤害率^#effect_04#^%，受谋略属性影响）^；在此期间，每当目标试图发动主动战法时，将陷入妖术诅咒，损失一定兵力（伤害率#effect_03#%，受谋略属性影响）,0,"2,4","21,51",A,,"使敌军群体的攻击属性和谋略属性降低；在此期间，每当目标试图发动主动战法，使其陷入妖术状态$$$使敌军群体的攻击属性和谋略属性降低,^并对其造成一次策略攻击伤害^；在此期间，每当目标试图发动主动战法，使其陷入妖术状态",201,攻击属性降低,0
200012,200012,6,59,5,0,35,35,20001212,0,3,0,0,0,0,辕门射戟,对敌军群体发动二次无视兵种相克的攻击（伤害率#effect_12#%），并使第一次受击的敌军进行攻击的伤害大幅度降低，持续#available_round_13#，每次攻击的目标独立选择,0,"1,","11,51",S,,对敌军群体造成2次无视兵种相克的攻击伤害，并使第一次受到伤害的敌军造成的攻击伤害大幅度降低,301,攻击伤害,0
200013,200013,6,59,1,0,100,100,20001301,0,1,0,0,0,0,血溅黄砂,以无法发动主动战法为代价，使自身进行攻击时的伤害提高#effect_02#%,0,"4,",,S,,无法发动主动战法，使自身造成的攻击伤害提升,902,无法发动主动战法,0
200014,200014,6,59,3,0,100,100,20001401,0,2,0,0,0,0,酒池肉林,战斗开始后前#available_round_01#，使我军全体受到的所有伤害降低#effect_01#%（受防御属性影响），此效果结束后，将在@1回合@内使我军全体造成的所有伤害大幅度降低，@第4回合@开始，使自身造成攻击伤害时能够借此恢复相当于伤害值#effect_15#%的兵力，持续直到战斗结束,0,"4,",,S,,前2回合，使我军全体受到的伤害降低；此效果结束后，1回合内使我军全体造成的伤害大幅度降低；第4回合起，使自身造成攻击伤害后借此恢复自身兵力,522,受到攻击伤害降低,0
200015,200015,6,59,3,0,100,100,20001501,0,2,0,0,0,0,洛水佳人,本场战斗中，使我军全体每回合都有#prob_param_01#的几率恢复一定兵力（恢复率#effect_01#%，受谋略属性影响）,0,"3,",,S,,使我军全体每回合恢复自身兵力,402,休整,0
200016,200016,6,59,3,0,100,100,20001601,0,2,0,0,0,0,皇裔流离,本场战斗中，使我军全体受到伤害时，有#prob_param_01#的几率能恢复一定兵力（恢复率#effect_01#%，受谋略属性影响），该效果每生效3次后，生效几率提升#subsk_211016_effect_01#%，可叠加,0,"3,",,S,,使我军全体受到伤害时，恢复自身兵力；该效果生效次数越多，生效几率越高,401,急救,0
200017,200017,6,59,2,0,40,40,20001701,0,3,0,0,0,0,诸葛锦囊,使我军全体受到策略攻击时的伤害降低#effect_01#%（受谋略属性影响），并使其进行攻击和策略攻击时的伤害提高#effect_02#%（受谋略属性影响），且自身获得先手，持续#available_round_01#。若发动时目标已有诸葛锦囊效果，则额外恢复目标一定兵力（恢复率#effect_05#%）$$$使我军全体受到^攻击和^策略攻击时的伤害降低#effect_01#%（受谋略属性影响），并使其进行攻击和策略攻击时的伤害提高#effect_02#%（受谋略属性影响），且自身获得先手，持续#available_round_01#。若发动时目标已有诸葛锦囊效果，则额外恢复目标一定兵力（恢复率#effect_05#%）,0,"4,",41,A,"3,4",使我军全体受到策略攻击伤害降低，并使其造成的所有伤害提升，且自身获得先手。若发动时目标已有诸葛锦囊效果，则额外恢复一定兵力$$$使我军全体^受到的伤害^降低，并使其造成的所有伤害提升，且自身获得先手。若发动时目标已有诸葛锦囊效果，则额外恢复一定兵力,524,受到策略攻击伤害降低,0
200018,200018,6,59,2,0,100,100,20001801,0,2,0,0,0,0,忍而不发,战斗开始后前#available_round_01#，使友军全体受到攻击和策略攻击时的伤害降低#effect_02#%（受谋略属性影响），此效果结束后，使其进入休整状态，每回合恢复较多兵力（恢复率#effect_03#%，受谋略属性影响），持续#available_round_03#,0,"4,",,A,,,522,受到攻击伤害降低,0
200019,200019,6,59,1,0,100,100,20001901,0,1,0,0,0,0,红颜铁骑,使自身每回合可以进行两次普通攻击，并使攻击属性提高#effect_02#$$$使自身每回合可以进行两次普通攻击，并使攻击属性提高#effect_02#。^发动主动战法后，造成的攻击伤害提高^#subsk_210019_effect_01#^%，持续^#subsk_210019_available_round_01#,0,"4,",,A,,使自身每回合进入连击状态，并使自身攻击属性提高$$$使自身每回合进入连击状态，并使自身攻击属性提高。^发动主战法后，使自身造成的攻击伤害提升^,544,连击,0
200020,200020,6,59,6,0,100,100,20002011,0,2,0,0,0,0,匠心不竭,战斗开始后，使敌军全体从@第1、3、5回合@开始，逐渐陷入恐慌（伤害率#effect_11#%，受谋略属性影响）、燃烧（伤害率#effect_12#%，受谋略属性影响）与妖术（伤害率#effect_13#%，受谋略属性影响）的状态，每回合开始时损失一定兵力，持续直到战斗结束，所造成的伤害无视规避,0,"2,",,A,,使敌军全体在第1、3、5回合开始时，逐渐陷入恐慌、燃烧、妖术状态，持续至战斗结束，造成的伤害无视规避,304,恐慌,0
200021,200021,6,59,5,0,50,50,20002101,0,3,0,0,0,0,银龙冲阵,随机对敌军单体发动2次攻击（伤害率#effect_01#%），每次目标独立判断，并使首次受到攻击的敌军单体受到攻击和策略攻击时的伤害提高#effect_03#%（受攻击属性影响），持续至战斗结束，最多可叠加3次,0,"1,4","11,51",S,,随机对敌军单体造成2次攻击伤害，使首次受到攻击的敌军单体受到的所有伤害提高,301,攻击伤害,0
200022,200022,6,59,4,2,75,75,20002201,0,3,0,0,0,0,长坂之吼,#prepare#准备，对敌军群体2-3目标发动一次无视兵种相克的猛烈攻击（伤害率#effect_12#%）$$$^2回合准备，对敌军单体发动三次无视兵种相克的猛烈攻击（伤害率^#effect_34#%^），每次攻击的目标独立选择^,敌军群体（有效距离内2-3个目标）$$$敌军单体,"1,","11,51",A,,2回合准备，对敌军群体2-3目标造成一次无视兵种相克的攻击伤害$$$^2回合准备，对敌军单体发动三次无视兵种相克的攻击，每次攻击的目标独立选择^,771,无视兵种相克(预备),0
200023,200023,6,59,5,0,100,100,20002301,0,2,0,0,0,0,魏武之世,在本场战斗中，使敌军全体攻击属性、防御属性、谋略属性、速度属性下降#effect_01#%（受谋略属性影响），并使我军全体攻击距离+1$$$在本场战斗中，使敌军全体攻击属性、防御属性、谋略属性、速度属性下降#effect_01#%（受谋略属性影响），并使我军全体^主动战法距离+1^,0,"4,",,S,,使敌军全体全属性下降，并使我军全体攻击距离+1$$$使敌军全体全属性下降，并使我军全体^主动战法距离+1^,201,攻击属性降低,0
200024,200024,6,59,5,0,30,30,20002401,0,3,0,0,0,0,驱虎吞狼,对敌军全体发动策略攻击（伤害率#effect_01#%，受谋略属性影响），并使其陷入围困状态，持续#available_round_03#$$$对敌军全体发动策略攻击（伤害率#effect_01#%，受谋略属性影响），并使其陷入围困状态，持续#available_round_03#。^若有目标已处于围困状态，则使敌军单体陷入^暴走^状态，持续^#available_round_14#,0,"2,","21,51",S,,对敌军全体造成策略攻击伤害，并使其无法恢复兵力$$$对敌军全体造成策略攻击伤害，并使其无法恢复兵力，^若其处于无法恢复兵力状态，则使其陷入暴走状态^,302,策略攻击伤害,0
200025,200025,6,59,2,0,40,40,20002501,0,3,0,0,0,0,魏武之泽,使我军群体免疫怯战，普通攻击和追击战法造成的伤害提高#effect_01#%（受谋略属性影响），同时有#prob_param_03#几率使其每回合可以进行两次普通攻击，持续#available_round_03#,0,"4,",,B,,使我军群体免疫怯战，并使其普通攻击和追击战法造成的伤害提升，同时使其每回合进行两次普通攻击,321,普通攻击伤害提高,0
200026,200026,6,59,6,0,50,50,20002612,0,4,0,0,0,0,千里单骑,普通攻击后，对攻击目标再次发动攻击（伤害率#effect_12#%），并借此恢复一定兵力,0,"1,3","14,51",B,"1,4",普通攻击后，对攻击目标再造成一次攻击伤害，并借此伤害恢复自身兵力,301,攻击伤害,0
200027,200027,6,59,3,0,100,100,20002701,0,2,0,0,0,0,其疾如风,战斗开始后前#available_round_01#，使我军全体速度属性提高#effect_01#（受谋略属性影响），并使其每回合有#prob_param_02#的几率可以进行两次普通攻击,0,"4,",,S,,前三回合，使我军全体速度属性提高，并可以进行两次普通攻击,104,速度属性提高,0
200028,200028,6,59,6,0,60,60,20002801,0,4,0,0,0,0,世仇,普通攻击后，对攻击目标再次发动策略攻击（伤害率#effect_01#%，受谋略属性影响），并使其陷入围困状态，持续#available_round_02#,0,"2,4","24,51",A,,普通攻击后，对攻击目标再造成一次策略攻击伤害，并使其无法恢复兵力,302,策略攻击伤害,0
200029,200029,6,59,5,0,40,40,20002901,0,3,0,0,0,0,强势,使敌军群体进行攻击时的伤害降低#effect_01#%（受谋略属性影响），并使其陷入犹豫状态，无法发动主动战法，持续#available_round_02#,0,"4,",31,A,,使敌军群体造成的攻击伤害降低，并使其陷入犹豫状态,532,攻击伤害降低,0
200030,200030,6,59,3,0,25,35,20003001,0,3,0,0,0,0,九锡黄龙,移除我军全体有害效果，并使其进入规避状态，免疫接下来受到的#available_hit_02#伤害,0,"4,",,S,,移除我军全体有害效果，并使其进入规避状态，免疫受到的伤害,513,镇静,0
200031,200031,6,59,5,1,35,35,20003101,0,3,0,0,0,0,玄武洰流,#prepare#准备，对敌军全体发动策略攻击（伤害率#effect_01#%，受谋略属性影响），并使其陷入怯战状态，无法进行普通攻击，持续#available_round_02#,0,"2,4","21,31,51",A,,1回合准备，对敌军全体造成一次策略攻击伤害，并使其陷入怯战状态,302,策略攻击伤害,0
200032,200032,6,59,5,0,40,40,20003201,0,3,0,0,0,0,复誓业火,使敌军群体受到策略攻击时的伤害提高#effect_01#%（受谋略属性影响），持续#available_round_01#，并对其发动一次火攻（伤害率#effect_02#%，受谋略属性影响），同时使其陷入燃烧状态，每回合损失一定兵力（伤害率#effect_03#%，受谋略属性影响），持续#available_round_03#,0,"2,","21,51",B,,使敌军群体受到的策略攻击伤害提高，并对其造成一次火攻，使其陷入燃烧状态,523,受到策略攻击伤害提高,0
200033,200033,6,59,6,0,100,100,20003301,0,2,0,0,0,0,遗志,战斗开始后@第3回合@，使我军前锋步兵或弓兵恢复极大量兵力，此后，受到普通攻击可以进行反击（伤害率#effect_03#%），同时无法恢复兵力，持续直到战斗结束$$$战斗开始后@第3回合@，使我军前锋步兵或弓兵恢复极大量兵力，此后，受到普通攻击可以进行反击（伤害率#effect_03#%），持续直到战斗结束,0,"4,",,B,,第三回合使我军前锋步兵或弓兵恢复兵力，并使其受到普通攻击可以反击，同时无法恢复兵力，持续至战斗结束,401,急救,0
200034,200034,6,59,1,0,100,100,20003401,0,1,0,0,0,0,侵掠如火,在战斗中可以优先行动，攻击类主动战法发动率提升#effect_03#%，进行攻击时有#subsk_210034_prob_param_01#的几率使本次攻击伤害提高#subsk_210034_effect_01#%,0,"4,",,A,,使自身优先行动，使自身攻击类主战法发动率提升，使自身造成的攻击伤害提高,761,先手(预备),0
200035,200035,6,59,5,1,35,35,20003501,0,3,0,0,0,0,枭姬,#prepare#准备，对敌军全体发动一次攻击（伤害率#effect_01#%），并随机对敌军群体2目标再度发动一次攻击（伤害率#effect_12#%）,0,"1,","11,51",B,,1回合准备，对敌军全体造成一次攻击伤害，并对敌军群体2目标再次造成一次攻击伤害,301,攻击伤害,0
200036,200036,6,59,6,0,100,100,20003601,0,2,0,0,0,0,辅王抑寇,战斗中，我军单体每发动一次主动战法后，其攻击属性提高#effect_01#，谋略属性提高#effect_02#，敌军单体每发动一次主动战法后，其防御属性和速度属性降低#effect_13#（受谋略属性影响），此效果最多可叠加5次，并在战斗开始后，使我军前锋和中军受到的前2次主动战法伤害降低#effect_25#%（受谋略属性影响）,0,"4,",,B,,我军单体每发动一次主动战法，使其攻击属性和谋略属性提升；敌军单体每发动一次主动战法，使其防御属性和速度属性降低；使我军前锋和中军受到的前2次主动战法降低,101,攻击属性提高,0
200037,200037,6,59,5,0,100,100,20003701,0,2,0,0,0,0,母仪浮梦,战斗开始后，使我军全体在受到首次攻击时可进入规避状态免疫伤害，并使敌军全体在前#available_round_12#进行攻击或策略攻击时，有#prob_param_12#的几率使本次攻击的伤害降低#effect_12#%（受谋略属性影响）,0,"4,",,A,,使我军全体受到首次攻击时，可进入规避状态，并使敌军全体在前4回合进行攻击或策略攻击时，使本次造成的伤害降低,714,规避(预备),0
200038,200038,5,49,4,0,40,40,20003801,0,3,0,0,0,0,饮鸩之怨,对敌军单体发动策略攻击（伤害率#effect_01#%，受谋略属性影响），并阻止其恢复兵力，持续#available_round_02#,0,"2,4","21,51",C,,对敌军单体造成策略攻击伤害，并使其无法恢复兵力,302,策略攻击伤害,0
200039,200039,5,49,3,0,45,45,20003901,0,3,0,0,0,0,猛火,对敌军单体发动策略攻击（伤害率#effect_01#%，受谋略属性影响），并使其陷入燃烧状态，每回合损失一定兵力（伤害率#effect_02#%，受谋略属性影响），持续#available_round_02#,0,"2,","21,51",B,,对敌军单体造成一次策略攻击伤害，并使其陷入燃烧状态,302,策略攻击伤害,0
200040,200040,5,49,5,0,100,100,20004001,0,2,0,0,0,0,节镇关东,战斗开始后前#available_round_01#，使我军群体每回合都能优先行动，在此期间，令敌军群体陷入动摇，每回合损失一定兵力（伤害率#effect_23#%），动摇效果造成的伤害无视规避,0,"2,4",,B,,前两回合，使我军群体每回合优先行动，并使敌军群体陷入动摇状态，造成的伤害无视规避,761,先手(预备),0
200041,200041,5,49,4,0,35,35,20004101,0,3,0,0,0,0,威震北疆,使敌军群体陷入恐慌状态，每回合损失一定兵力（伤害率#effect_01#%，受谋略属性影响），同时谋略属性下降#effect_02#，持续#available_round_01#,0,"2,","21,51",C,,使敌军群体下入恐慌状态，同时使其谋略属性降低,304,恐慌,0
200042,200042,5,49,2,0,30,30,20004201,0,3,0,0,0,0,献刀七星,对敌军单体发动一次猛攻（伤害率#effect_01#%），并使其速度属性降低#effect_02#，持续#available_round_02#,0,"1,","11,51",B,,对敌军单体造成一次攻击伤害，并使其速度属性降低,301,攻击伤害,0
200043,200043,5,49,6,0,25,25,20004301,0,4,0,0,0,0,藏玉在怀,普通攻击后，对攻击目标再次发动猛攻（伤害率#effect_01#%）,0,"1,","14,51",B,,普通攻击后，对攻击目标再造成一次攻击伤害,301,攻击伤害,0
200044,200044,5,49,2,0,35,35,20004401,0,3,0,0,0,0,义勇军,恢复我军群体一定兵力（恢复率#effect_01#%，受谋略属性影响），并使其防御属性提高#effect_02#（受谋略属性影响），持续#available_round_02#,0,"3,4",41,B,,恢复我军群体兵力，并使其防御属性提升,401,急救,0
200045,200045,5,49,4,0,30,30,20004501,0,3,0,0,0,0,远见,使敌军群体谋略属性降低#effect_01#（受谋略属性影响），进行策略攻击时的伤害下降#effect_02#（受谋略属性影响），持续#available_round_02#,0,0,,C,,,203,谋略属性降低,0
200046,200046,5,49,5,0,35,35,20004601,0,3,0,0,0,0,修罗姬返,诅咒敌军群体，当其试图发动主动战法时，会陷入动摇状态，每回合产生逃兵（伤害率#effect_01#%），并有#prob_param_02#的几率陷入怯战状态，无法进行普通攻击，持续#available_round_02#,0,"1,4","11,31,51",B,,每当敌军群体发动主动战法，则使其陷入动摇状态，并使其陷入怯战状态,303,动摇,0
200047,200047,5,49,3,0,100,100,20004701,0,2,0,0,0,0,枭雄所愿,战斗开始后@第5回合@直到战斗结束，使我军群体进入休整状态，每回合恢复一定兵力（恢复率#effect_01#%，受谋略属性影响），并使其能够优先行动,0,"3,",,C,,第五回合开始，使我军群体进入休整状态，并使其优先行动,402,休整,0
200048,200048,5,49,6,0,35,35,20004801,0,4,0,0,0,0,重斩,普通攻击后，对攻击目标再次发动攻击（伤害率#effect_01#%），并使其攻击属性降低#effect_02#，持续#available_round_02#,0,"1,","14,51",C,,普通攻击后，对攻击目标再造成一次攻击伤害，并使其攻击属性降低,301,攻击伤害,0
200049,200049,5,49,3,0,30,30,20004901,0,3,0,0,0,0,神速奔袭,对敌军群体发动一次攻击（伤害率#effect_01#%），并使其速度属性降低#effect_02#，持续#available_round_02#,0,"1,","11,51",B,,对敌军群体造成一次攻击伤害，并使其速度属性降低,301,攻击伤害,0
200050,200050,5,49,3,0,40,40,20005001,0,3,0,0,0,0,太平异道,对敌军单体发动策略攻击（伤害率#effect_01#%，受谋略属性影响），并窃取其#effect_02#的攻击转化至自身（受谋略属性影响），持续#available_round_13#,0,"2,","21,51",B,,对敌军单体造成一次策略攻击伤害，并窃取其攻击属性转化至自身,302,策略攻击伤害,0
200051,200051,5,49,6,0,120,120,20005112,0,4,0,0,0,0,劫掠,普通攻击后，对攻击目标再次发动攻击（伤害率#effect_12#%），并有#prob_param_01#的几率借此恢复一定兵力,0,"1,3","14,51",B,,普通攻击后，对攻击目标再造成一次攻击伤害，并借此恢复自身一定兵力,301,攻击伤害,0
200052,200052,5,49,2,1,40,40,20005201,0,3,0,0,0,0,坚盾阵,#prepare#准备，援护友军全体，为其抵挡普通攻击，并使自身受到攻击时的伤害降低#effect_12#%，持续#available_round_01#,0,"4,",,B,,1回合准备，援护友军全体，并使自身受到攻击伤害降低,504,援护,0
200053,200053,5,49,3,0,100,100,20005301,0,2,0,0,0,0,黄巾军威,战斗开始后前#available_round_01#，使我军群体的防御属性提高#effect_01#，每回合有#prob_param_02#的几率使其受到普通攻击时进行反击（伤害率#effect_02#%）,0,"4,",,C,,前3回合，使我军群体的防御属性提升，每回合使其受到普通攻击时进行反击,102,防御属性提高,0
200054,200054,5,49,3,1,30,30,20005401,0,3,0,0,0,0,温侯遗勇,#prepare#准备，对敌军群体发动一次攻击（伤害率#effect_01#%），并使其陷入犹豫无法发动主动战法，持续#available_round_02#,0,"4,","11,31,51",C,,1回合准备，对敌军群体造成一次攻击伤害，并使其陷入犹豫状态,301,攻击伤害,0
200055,200055,5,49,1,0,100,100,20005501,0,1,0,0,0,0,固军备战,受到攻击或策略攻击时，都有#prob_param_01#的几率使本次受到的伤害降低#effect_01#%,0,"4,",,B,,受到伤害时，使本次受到的伤害降低,522,受到攻击伤害降低,0
200056,200056,5,49,4,0,35,35,20005601,0,3,0,0,0,0,直言,恢复我军群体一定兵力（恢复率#effect_01#%，受谋略属性影响），并使其谋略属性提高#effect_02#，持续#available_round_02#,0,"3,4",41,C,,恢复我军群体兵力，并使其谋略属性提升,401,急救,0
200057,200057,5,49,3,0,30,30,20005701,0,3,0,0,0,0,骁勇,对敌军群体发动一次攻击（伤害率#effect_01#%），并使其进行攻击时的伤害降低#effect_02#%，持续#available_round_02#,0,"1,4","11,51",C,,对敌军群体造成一次攻击伤害，并使其造成的攻击伤害降低,301,攻击伤害,0
200058,200058,5,49,3,0,30,30,20005801,0,3,0,0,0,0,奋威,对敌军群体发动一次攻击（伤害率#effect_01#%），并挑衅之使其攻击自身，持续#available_round_02#,0,"1,4","11,51",C,,对敌军群体造成一次攻击伤害，并挑衅敌军群体,301,攻击伤害,0
200059,200059,5,49,3,0,120,120,20005912,0,3,0,0,0,0,方天余烈,使自身发动主动战法的伤害提高#effect_01#%，且对敌军单体发动一次攻击（伤害率#effect_12#%）,0,"1,","11,51",A,,使自身造成的主动战法伤害提升，并对敌军单体造成一次攻击伤害,301,攻击伤害,0
200060,200060,5,49,2,0,30,30,20006001,0,3,0,0,0,0,焚城劫焰,使敌军群体陷入燃烧状态，每回合损失一定兵力（伤害率#effect_01#%），并使其受到攻击的伤害提高#effect_02#%，持续#available_round_02#,0,"2,4","21,51",A,,,305,燃烧,0
200061,200061,5,49,4,1,35,35,20006101,0,3,0,0,0,0,铁骑突击,#prepare#准备，对敌军群体发动一次攻击（伤害率#effect_01#%），并使其陷入动摇状态，每回合产生逃兵（伤害率#effect_02#%），持续#available_round_02#，并有#prob_param_03#的几率使其在2回合后再额外产生大量逃兵（伤害率#effect_03#%）,0,"1,","11,51",B,,1回合准备，对敌军群体造成一次攻击伤害，并使其陷入动摇状态，并使其在2回合后再额外产生逃兵,301,攻击伤害,0
200062,200062,5,49,3,0,100,100,20006201,0,2,0,0,0,0,昭烈神思,战斗开始后前#available_round_01#，使我军群体进行策略攻击时的伤害提高#effect_01#%（受谋略属性影响），每回合有#prob_param_02#的几率能优先行动,0,"4,",,B,,前3回合，使我军群体造成的策略攻击伤害提高，并优先行动,533,策略攻击伤害提高,0
200063,200063,5,49,5,0,35,35,20006301,0,3,0,0,0,0,迎险御侮,对敌军单体发动@2@次攻击（伤害率#effect_01#%），并使自身与友军单体受到的下@1@次攻击伤害大幅降低。,敌军单体,"1,","11,51",B,,对敌军单体造成2次攻击伤害，并使自身与友军单体受到下一次攻击伤害大幅度降低,301,攻击伤害,0
200064,200064,5,49,6,0,30,30,20006401,0,4,0,0,0,0,傲将奇兵,普通攻击后，对攻击目标再次发动猛攻（伤害率#effect_01#%），此攻击有几率会引起自身一定兵力的损耗,0,"1,","14,51",C,,普通攻击后，对攻击目标再造成一次攻击伤害，并对自身造成一定伤害,301,攻击伤害,0
200065,200065,5,49,6,0,120,120,20006501,0,4,0,0,0,0,沙场破阵,普通攻击后，对攻击目标再次发动策略攻击（伤害率#effect_01#%，受谋略属性影响），并有#prob_param_02#的几率使其陷入暴走状态，进行无差别攻击，持续#available_round_02#,0,"2,4","24,34,51",A,,普通攻击后，对攻击目标再造成一次策略攻击伤害，并使其陷入暴走状态,302,策略攻击伤害,0
200066,200066,5,49,3,0,25,25,20006601,0,3,0,0,0,0,锐矛贯体,对敌军群体发动一次攻击（伤害率#effect_01#%），并有#prob_param_02#的几率使其陷入犹豫或怯战状态，无法进行普通攻击或发动主动战法，持续#available_round_02#,0,"1,4","11,31,51",B,,对敌军群体造成一次攻击伤害，并使其陷入犹豫或怯战状态,301,攻击伤害,0
200067,200067,5,49,4,0,35,35,20006701,0,3,0,0,0,0,索命连环,移除敌军单体的有益效果，使其受到策略攻击时的伤害提高#effect_02#%（受谋略属性影响），并陷入妖术诅咒，每回合有#prob_param_03#的几率损失较多兵力（伤害率#effect_03#%，受谋略属性影响），持续#available_round_03#,0,"2,4","21,51",B,,移除敌军单体有益效果，使其受到的策略攻击伤害提升，并陷入妖术状态,512,看破,0
200068,200068,5,49,3,1,40,40,20006801,0,3,0,0,0,0,忠义蜀后,#prepare#准备，恢复我军群体一定兵力（恢复率#effect_01#%，受谋略属性影响）， 并在1回合之后我军行动时，再度为其恢复较多兵力（恢复率#effect_02#%，受谋略属性影响）,0,"3,",41,C,,1回合准备，恢复我军群体兵力，并在1回合之后，再次为其恢复兵力,401,急救,0
200069,200069,5,49,4,0,30,30,20006912,0,3,0,0,0,0,神威将女,使自身进行攻击的伤害提高#effect_01#%（受速度属性影响），并对敌军群体发动一次猛攻（伤害率#effect_12#%）,0,"1,","11,51",B,,使自身造成的攻击伤害提升，并对敌军群体造成一次攻击伤害,301,攻击伤害,0
200070,200070,6,59,4,0,120,120,20007013,0,3,0,0,0,0,巾帼战阵,使自身造成的攻击伤害提高#effect_02#%，且对敌军群体发动主动战法攻击（伤害率#effect_13#%），但无法进行普通攻击,0,"1,","11,51",S,,使自身造成的攻击伤害提高，且对敌军群体造成一次攻击伤害，使自身无法进行普通攻击,301,攻击伤害,0
200071,200071,5,49,2,0,30,30,20007101,0,3,0,0,0,0,默守贤义,使我军群体以无法恢复兵力为代价，受到攻击或策略攻击时的伤害降低#effect_02#%（受谋略属性影响），持续#available_round_02#,0,"4,",,C,,使我军群体无法恢复兵力，使其受到的所有伤害降低,207,不可回复兵力,0
200072,200072,6,59,4,0,40,40,20007201,0,3,0,0,0,0,列营守险,使我军全体攻击、防御、速度、谋略属性提高#effect_01#（受谋略属性影响），持续#available_round_01#，同时友军全体受到下#subsk_210072_available_hit_01#伤害时有#subsk_210072_prob_param_01#几率进入规避状态，免疫该次伤害。若自身士气高昂时，规避状态的目标变为我军全体$$$使我军全体攻击、防御、速度、谋略属性提高#effect_01#（受谋略属性影响），持续#available_round_01#，同时^我军全体^受到下#available_hit_05#伤害时有#prob_param_05#几率进入规避状态，免疫该次伤害,0,"4,",,A,,使我军全体全属性提高；同时使友军全体受到下3次伤害时，进入规避状态。若自身士气高昂时，规避目标变为我军全体$$$使我军全体全属性提高；同时使^我军全体^受到下3次伤害时，进入规避状态,101,攻击属性提高,0
200073,200073,5,49,3,0,100,100,20007301,0,2,0,0,0,0,六宫无怨,战斗开始后前#available_round_01#，使我军群体受到攻击和策略攻击时的伤害降低#effect_01#%（受谋略属性影响），并使自身及友军单体在首回合进入洞察状态，免疫混乱、犹豫、怯战、暴走和挑衅效果,0,"4,",,B,,前3回合，使我军群体受到的伤害降低，并使自身及友军单体在首回合进入洞察状态,522,受到攻击伤害降低,0
200074,200074,5,49,4,0,100,100,20007401,0,2,0,0,0,0,素衣伶姬,战斗开始后前#available_round_01#，使敌军群体进行策略攻击时的伤害降低#effect_01#%（受谋略属性影响），此效果结束后的#available_round_02#内有#prob_param_02#的几率陷入混乱状态,0,"4,",,A,,前3回合，使敌军群体造成的策略攻击伤害降低，此效果结束后的1回合内使其陷入混乱状态,534,策略攻击伤害降低,0
200075,200075,5,49,4,0,35,35,20007501,0,3,0,0,0,0,决绝,使敌军单体陷入犹豫状态，无法发动主动战法，并使其受到策略攻击时的伤害提高#effect_01#%（受谋略属性影响），持续#available_round_01#,0,"4,",31,C,,使敌军单体陷入犹豫状态，并使其受到的策略攻击伤害提升,523,受到策略攻击伤害提高,0
200076,200076,5,49,5,0,35,35,20007601,0,3,0,0,0,0,鬼谋,使敌军单体陷入围困状态，并使其每回合有#prob_param_02#的几率随机陷入混乱、暴走、怯战、犹豫等状态中，持续#available_round_01#，每个效果独立判定,0,"4,",31,A,,使敌军单体无法恢复兵力，并使其每回合随机陷入混乱、暴走、怯战、犹豫状态中，每个效果单独判定,207,不可回复兵力,0
200077,200077,5,49,1,0,100,100,20007701,0,2,0,0,0,0,拔箭啖睛,战斗中，每当自身受到攻击伤害后，将使攻击、防御属性提高#effect_01#，此效果最多叠加15次,0,"4,",,B,,每当自身受到攻击伤害后，使自身攻击属性、防御属性提升，最多可叠加15次,101,攻击属性提高,0
200078,200078,5,49,3,0,25,25,20007801,0,3,0,0,0,0,猛虎啸,对敌军单体发动一次攻击（伤害率#effect_01#%），并使其攻击属性、防御属性、谋略属性、速度属性全部降低#effect_02#，持续#available_round_02#,0,"3,4","11,51",C,,对敌军单体造成一次攻击伤害，并使其全属性降低,301,攻击伤害,0
200079,200079,5,49,3,0,30,30,20007901,0,3,0,0,0,0,奋不顾身,援护友军单体，为其抵挡普通攻击，并使自身进入休整状态，每回合恢复一定兵力（恢复率#effect_12#%），持续@3回合@,0,"4,",41,C,,援护友军单体，并使自身进入休整状态,504,援护,0
200080,200080,6,59,5,0,45,45,20008001,0,3,0,0,0,0,破凰,立即引发敌军全体由破凰带来的剩余妖术效果，同时对敌军单体发动一次策略攻击（伤害率#effect_12#%，受谋略属性影响），并使其每受到伤害时，额外引发一次妖术伤害（伤害率#effect_13#%，受谋略属性影响），最多生效#available_hit_13#，持续#available_round_13#$$$立即引发敌军全体由破凰带来的剩余妖术效果，同时对敌军^兵力最低^的单体发动一次策略攻击（伤害率#effect_22#%，受谋略属性影响），并使其每受到伤害时，额外引发一次妖术伤害（伤害率#effect_23#%，受谋略属性影响），最多生效#available_hit_23#，持续#available_round_23#,敌军单体,"2,","21,51",A,,立即引发敌军全体由破凰带来的妖术效果，对敌军造成一次策略攻击伤害，并使其受到伤害时，引发一次妖术伤害，最多生效3次,151,触发效果,0
200081,200081,6,59,3,0,35,35,20008101,0,3,0,0,0,0,以逸待劳,恢复自身一定兵力（恢复率#effect_01#%），并对敌军群体发动一次攻击（伤害率#effect_12#%）,敌军群体（有效距离内2个目标）,"1,","11,41,51",B,,恢复自身一定兵力，并对敌军群体造成一次攻击伤害,401,急救,0
200082,200082,5,49,1,0,100,100,20008201,0,1,0,0,0,0,死战明志,战斗中使自身处于洞察状态，免疫混乱、犹豫、怯战、暴走和挑衅效果，防御属性提高#effect_01#,0,"4,",,C,,使自身进入洞察状态，使自身防御属性提升,102,防御属性提高,0
200083,200083,5,49,3,0,25,36,20008301,0,3,0,0,0,0,八门金锁,使敌军群体陷入怯战状态，无法进行普通攻击，持续#available_round_01#,0,"4,",31,A,,使敌军群体陷入怯战状态,552,怯战,0
200084,200084,5,49,1,0,100,100,20008401,0,1,0,0,0,0,战伤无畏,使自身受到普通攻击时能进行反击（伤害率#effect_01#%），并在受到攻击时有#prob_param_02#的几率使本次伤害降低#effect_02#%,0,"4,",,B,,使自身受到普通攻击时反击，使自身受到的攻击伤害降低,551,反击,0
200085,200085,5,49,4,0,25,25,20008501,0,3,0,0,0,0,炬石,对敌军群体发动一次攻击（伤害率#effect_01#%），使其防御属性降低#effect_02#（受谋略属性影响），并陷入燃烧状态，每回有#prob_param_03#的几率损失一定兵力（伤害率#effect_03#%，受谋略属性影响），持续#available_round_03#,敌军群体（有效距离内1-3个目标）,"1,2","11,21,51",B,,对敌军群体造成一次攻击伤害，使其防御属性降低，并陷入燃烧状态,301,攻击伤害,0
200086,200086,5,49,2,0,30,30,20008612,0,3,0,0,0,0,古锭之锋,强化自身造成的伤害并发动攻击，使敌军单体陷入动摇状态，每回合产生逃兵（伤害率#effect_12#%），持续#available_round_12#,0,"1,","11,51",C,,使自身造成的攻击伤害提升，并使敌军单体陷入动摇状态,303,动摇,0
200087,200087,5,49,3,0,25,25,20008712,0,3,0,0,0,0,小霸王,以一定兵力为代价，对敌军群体发动一次攻击（伤害率#effect_12#%），并有#prob_param_13#的几率再次发动猛攻（伤害率#effect_13#%）,0,"1,","11,51",B,,以自身兵力为代价，对敌军群体造成一次攻击伤害，并对其再次造成一次攻击伤害,301,攻击伤害,0
200088,200088,6,59,6,0,30,30,20008801,0,4,0,0,0,0,方阵突击,普通攻击后，对攻击目标再次发动攻击（伤害率#effect_01#%），并使其陷入混乱状态，持续#available_round_02#,0,"1,4","14,34,51",A,,普通攻击后，对攻击目标再造成一次攻击伤害，并使其陷入混乱状态,301,攻击伤害,0
200089,200089,5,49,3,0,100,100,20008901,0,2,0,0,0,0,国太威仪,战斗开始后前#available_round_01#，使我军群体的谋略属性提高#effect_01#（受谋略属性影响），此效果结束后，使其进行策略攻击时的伤害提高#effect_02#%（受谋略属性影响），持续直到战斗结束,0,"4,",,C,,前5回合，使我军群体谋略属性提升，此效果结束后，使其造成的策略攻击伤害提升，持续至战斗结束,103,谋略属性提高,0
200090,200090,5,49,5,1,35,35,20009001,0,3,0,0,0,0,奇计迭出,#prepare#准备，对敌军全体发动策略攻击（伤害率#effect_01#%，受谋略属性影响），有#prob_param_02#的几率对其再次发动策略攻击（伤害率#effect_02#%，受谋略属性影响），并使其陷入燃烧状态，每回合都有等同于上述的几率额外损失一定兵力（伤害率#effect_03#%，受谋略属性影响）持续#available_round_03#,0,"2,","21,51",A,,1回合准备，对敌军全体造成一次策略攻击伤害，并对其再次造成一次策略攻击伤害，并使其陷入燃烧状态,302,策略攻击伤害,0
200091,200091,5,49,5,1,40,40,20009112,0,3,0,0,0,0,幻花乱影,#prepare#准备，以一定兵力为代价，使敌军群体的攻击属性、防御属性、谋略属性、速度全部降低#effect_12#（受谋略属性影响），并使其陷入暴走状态，进行无差别攻击，持续#available_round_16#,0,"4,",31,B,,1回合准备，以自身兵力为代价，使敌军群体的全属性降低，并陷入暴走状态,201,攻击属性降低,0
200092,200092,5,49,3,0,40,40,20009201,0,3,0,0,0,0,蝶舞红莲,对敌军群体发动策略攻击（伤害率#effect_01#%，受谋略属性影响），并恢复友军全体一定兵力（恢复率#effect_12#%，受谋略属性影响）,0,"2,3","21,41,51",A,,对敌军群体造成一次策略伤害，并恢复友军全体兵力,302,策略攻击伤害,0
200093,200093,5,49,1,0,100,100,20009301,0,1,0,0,0,0,众望南疆,使自身受到策略攻击时的伤害降低#effect_01#%，每回合都有#prob_param_02#的几率可以优先行动,0,"4,",,C,,使自身受到的策略攻击伤害降低，且使自身优先行动,524,受到策略攻击伤害降低,0
200094,200094,6,59,5,0,35,35,20009401,0,3,0,0,0,0,将门虎女,对敌军群体发动一次进攻（伤害率#effect_01#%），使其无法恢复兵力，持续#available_round_03#，并在#available_round_02#内，使其受到攻击伤害时有#prob_param_02#的几率引发一次动摇效果（伤害率#effect_02#%）,0,"1,","11,51",B,,对敌军群体造成一次攻击伤害，使其无法恢复兵力，并在1回合内，使其受到攻击伤害时引发一次动摇效果,301,攻击伤害,0
200095,200095,5,49,4,0,25,25,20009501,0,3,0,0,0,0,星耀箭雨,对敌军群体发动一次攻击（伤害率#effect_01#%），并使其本回合内陷入怯战状态，无法进行普通攻击，有#prob_param_13#的几率对敌方全军再次发动攻击（伤害率#effect_13#%）,0,"1,","11,31,51",B,,,301,攻击伤害,0
200096,200096,5,49,6,0,120,120,20009601,0,4,0,0,0,0,北地枪王,普通攻击后，对攻击目标再次发动攻击（伤害率#effect_01#%），并有#prob_param_02#的几率使其陷入动摇状态，每回合产生逃兵（伤害率#effect_02#%），持续#available_round_02#,0,"1,","14,51",B,,普通攻击后，对攻击目标再造成一次攻击伤害，并使其陷入动摇状态,301,攻击伤害,0
200097,200097,2,30,1,0,25,25,20009701,0,3,0,0,0,0,突进,对敌军单体发动一次攻击（伤害率#effect_01#%）,0,"1,","11,51",D,1,对敌军单体造成攻击伤害,301,攻击伤害,0
200098,200098,3,31,2,0,25,25,20009801,0,3,0,0,0,0,凿穿,对敌军单体发动一次攻击（伤害率#effect_01#%）,0,"1,","11,51",C,1,对敌军单体造成攻击伤害,301,攻击伤害,0
200099,200099,4,41,3,1,40,40,20009901,0,3,0,0,0,0,车悬,#prepare#准备，对敌军单体发动一次猛攻（伤害率#effect_01#%）,0,"1,","11,51",B,1,1回合准备，对敌军单体造成攻击伤害,301,攻击伤害,0
200100,200100,2,30,4,0,25,25,20010001,0,3,0,0,0,0,飞虹,对敌军单体发动一次攻击（伤害率#effect_01#%），并使其攻击属性降低#effect_02#，持续#available_round_02#,0,"1,","11,51",D,"1,3",对敌军单体造成攻击伤害，使其攻击属性降低,301,攻击伤害,0
200101,200101,3,31,4,0,25,25,20010101,0,3,0,0,0,0,齐射,对敌军群体发动一次攻击（伤害率#effect_01#%），并使其攻击属性降低#effect_02#，持续#available_round_02#,0,"1,","11,51",C,"1,3",对敌军群体造成攻击伤害，并使其攻击属性降低,301,攻击伤害,0
200102,200102,4,41,4,1,35,35,20010201,0,3,0,0,0,0,箭岚,#prepare#准备，对敌军群体发动一次猛攻（伤害率#effect_01#%），并使其攻击属性降低#effect_02#，持续#available_round_02#,0,"1,","11,51",B,"1,3",1回合准备，对敌军群体造成攻击伤害，使其攻击属性降低,301,攻击伤害,0
200103,200103,2,30,2,0,25,25,20010301,0,3,0,0,0,0,强攻,对敌军单体发动一次攻击（伤害率#effect_01#%），并使其防御属性降低#effect_02#，持续#available_round_02#,0,"1,","11,51",D,"1,3",对敌军单体造成攻击伤害，使其防御属性降低,301,攻击伤害,0
200104,200104,3,31,3,1,35,35,20010401,0,3,0,0,0,0,乱击,#prepare#准备，对敌军群体发动一次攻击（伤害率#effect_01#%），并使其防御属性降低#effect_02#，持续#available_round_02#,0,"1,","11,51",D,"1,3",1回合准备，对敌军群体造成攻击伤害，并使其防御属性降低,301,攻击伤害,0
200105,200105,4,41,3,1,35,35,20010501,0,3,0,0,0,0,枪阵,#prepare#准备，对敌军群体发动一次猛攻（伤害率#effect_01#%），并使其防御属性降低#effect_02#，持续#available_round_02#,0,"1,","11,51",B,"1,3",1回合准备，对敌军群体造成攻击伤害，使其防御属性降低,301,攻击伤害,0
200106,200106,3,40,3,0,25,25,20010601,0,3,0,0,0,0,斩铁,对敌军单体发动一次攻击（伤害率#effect_01#%），并使其陷入混乱状态，持续#available_round_02#,0,"1,","11,31,51",B,"1,5",对敌军单体造成攻击伤害，并使其陷入混乱状态,301,攻击伤害,0
200107,200107,3,40,3,0,25,25,20010701,0,3,0,0,0,0,破魂,对敌军单体发动一次攻击（伤害率#effect_01#%），并使其陷入暴走状态，进行无差别攻击，持续#available_round_02#,0,"1,","11,31,51",B,"1,5",对敌军单体造成攻击伤害，并使其陷入暴走状态,301,攻击伤害,0
200108,200108,3,31,6,0,30,30,20010801,0,4,0,0,0,0,重伤,普通攻击后，对攻击目标再次发动攻击（伤害率#effect_01#%），并使其攻击属性降低#effect_02#，持续#available_round_02#,0,"1,","14,51",D,"1,3",对普通攻击目标造成攻击伤害，并使其攻击属性降低,301,攻击伤害,0
200109,200109,3,40,6,0,30,30,20010901,0,4,0,0,0,0,破甲,普通攻击后，对攻击目标再次发动攻击（伤害率#effect_01#%），并使其防御属性降低#effect_02#，持续#available_round_02#,0,"1,","14,51",B,"1,3",对普通攻击目标造成攻击伤害，使其防御属性降低,301,攻击伤害,0
200110,200110,2,30,6,0,40,40,20011001,0,4,0,0,0,0,浴血,普通攻击后，使攻击目标陷入动摇状态，每回合产生逃兵（伤害率#effect_01#%），持续#available_round_01#,0,"1,","14,51",D,1,普通攻击后，使目标陷入动摇状态,303,动摇,0
200111,200111,3,40,3,0,30,30,20011115,0,3,0,0,0,0,冲锋,使自身进行攻击时的伤害提高#effect_01#%，持续#available_round_01#，并对敌军单体发动一次攻击（伤害率#effect_15#%）,0,"1,","11,51",C,"1,3",使自身造成的攻击伤害提升，并对敌军单体造成攻击伤害,301,攻击伤害,0
200112,200112,3,40,3,0,30,30,20011212,0,3,0,0,0,0,死士突击,以一定兵力为代价，对敌军单体发动一次猛攻（伤害率#effect_12#%）,0,"1,","11,51",C,1,对敌军单体造成攻击伤害,301,攻击伤害,0
200113,200113,3,40,3,0,25,25,20011301,0,3,0,0,0,0,窃兵,对敌军单体发动一次攻击（伤害率#effect_01#%），并借此恢复自身少量兵力,0,"1,","11,41,51",C,"1,4",对敌军单体造成攻击伤害，并恢复自身兵力,301,攻击伤害,0
200114,200114,2,30,4,0,45,45,20011401,0,3,0,0,0,0,伏兵,对敌军单体发动策略攻击（伤害率#effect_01#%，受谋略属性影响）,0,"2,","21,51",C,2,对敌军单体造成策略攻击,302,策略攻击伤害,0
200115,200115,3,31,4,0,45,45,20011501,0,3,0,0,0,0,夹攻,对敌军群体发动策略攻击（伤害率#effect_01#%，受谋略属性影响）,0,"2,","21,51",C,2,对敌军群体造成策略攻击,302,策略攻击伤害,0
200116,200116,4,41,5,1,50,50,20011601,0,3,0,0,0,0,声东击西,#prepare#准备，对敌军群体发动强力策略攻击（伤害率#effect_01#%，受谋略属性影响）,0,"2,","21,51",B,2,1回合准备，对敌军群体造成策略攻击,302,策略攻击伤害,0
200117,200117,2,30,4,1,45,45,20011701,0,3,0,0,0,0,火箭,#prepare#准备，对敌军群体发动策略攻击（伤害率#effect_01#%，受谋略属性影响），并使其陷入燃烧状态，每回合损失一定兵力（伤害率#effect_02#%，受谋略属性影响），持续#available_round_02#,0,"2,","21,51",C,2,1回合准备，对敌军群体造成策略攻击，并使其陷入燃烧状态,302,策略攻击伤害,0
200118,200118,3,31,4,1,50,50,20011801,0,3,0,0,0,0,火辎,#prepare#准备，对敌军群体发动策略攻击（伤害率#effect_01#%，受谋略属性影响），并使其陷入燃烧状态，每回合损失一定兵力（伤害率#effect_02#%，受谋略属性影响），持续#available_round_02#,0,"2,","21,51",C,2,1回合准备，对敌军群体造成策略攻击，并使其陷入燃烧状态,302,策略攻击伤害,0
200119,200119,4,41,4,1,50,50,20011901,0,3,0,0,0,0,焰焚箕轸,#prepare#准备，对敌军群体发动强力策略攻击（伤害率#effect_01#%，受谋略属性影响），并使其陷入燃烧状态，每回合损失一定兵力（伤害率#effect_02#%，受谋略属性影响），持续#available_round_02#,0,"2,","21,51",A,2,1回合准备，对敌军群体造成策略攻击，并使其陷入燃烧状态,302,策略攻击伤害,0
200120,200120,2,30,3,0,45,45,20012001,0,3,0,0,0,0,竭泽,对敌军群体发动策略攻击（伤害率#effect_01#%，受谋略属性影响），并使其攻击属性降低#effect_02#（受谋略属性影响），持续#available_round_02#,0,"2,","21,51",C,"2,3",对敌军群体造成策略攻击，并使其攻击属性降低,302,策略攻击伤害,0
200121,200121,3,31,3,0,45,45,20012101,0,3,0,0,0,0,溃堤,对敌军群体发动策略攻击（伤害率#effect_01#%，受谋略属性影响），并使其攻击属性降低#effect_02#（受谋略属性影响），持续#available_round_02#,0,"2,","21,51",C,"2,3",对敌军群体造成策略攻击，并使其攻击属性降低,302,策略攻击伤害,0
200122,200122,4,41,3,1,50,50,20012201,0,3,0,0,0,0,水淹七军,#prepare#准备，对敌军群体发动强力策略攻击（伤害率#effect_01#%，受谋略属性影响），并使其攻击属性降低#effect_02#（受谋略属性影响），持续#available_round_02#,0,"2,","21,51",B,"2,3",1回合准备，对敌军群体造成策略攻击，使其攻击属性降低,302,策略攻击伤害,0
200123,200123,2,30,2,0,45,45,20012301,0,3,0,0,0,0,落石,对敌军群体发动策略攻击（伤害率#effect_01#%，受谋略属性影响），并使其防御属性降低#effect_02#（受谋略属性影响），持续#available_round_02#,0,"2,","21,51",C,"2,3",对敌军群体造成策略攻击，使其防御属性降低,302,策略攻击伤害,0
200124,200124,3,31,2,0,45,45,20012401,0,3,0,0,0,0,绝道,对敌军群体发动策略攻击（伤害率#effect_01#%，受谋略属性影响），并使其防御属性降低#effect_02#（受谋略属性影响），持续#available_round_02#,0,"2,","21,51",C,"2,3",对敌军群体造成策略攻击，并使其防御属性降低,302,策略攻击伤害,0
200125,200125,4,41,2,1,50,50,20012501,0,3,0,0,0,0,危崖困军,#prepare#准备，对敌军群体发动强力策略攻击（伤害率#effect_01#%，受谋略属性影响），并使其防御属性降低#effect_02#（受谋略属性影响），持续#available_round_02#,0,"2,","21,51",B,"2,3",1回合准备，对敌军群体造成策略攻击，使其防御属性降低,302,策略攻击伤害,0
200126,200126,3,40,4,0,35,35,20012601,0,3,0,0,0,0,落雷,对敌军单体发动策略攻击（伤害率#effect_01#%，受谋略属性影响），并使其陷入混乱状态，持续#available_round_02#,0,"2,","21,31,51",A,"2,5",对敌军单体造成策略攻击，并使其陷入混乱状态,302,策略攻击伤害,0
200127,200127,3,40,4,0,35,35,20012701,0,3,0,0,0,0,迷阵,对敌军单体发动策略攻击（伤害率#effect_01#%，受谋略属性影响），并使其陷入暴走状态，进行无差别攻击，持续#available_round_02#,0,"2,","21,31,51",A,"2,5",对敌军单体造成策略攻击，并使其陷入暴走状态,302,策略攻击伤害,0
200128,200128,2,30,4,0,45,45,20012801,0,3,0,0,0,0,狼烟,使敌军群体陷入恐慌状态，每回合损失一定兵力（伤害率#effect_01#%，受谋略属性影响），持续#available_round_01#,0,"2,","21,51",C,2,使敌军群体陷入恐慌状态,304,恐慌,0
200129,200129,3,31,5,1,50,50,20012901,0,3,0,0,0,0,毒泉,#prepare#准备，使敌军群体陷入恐慌状态，每回合损失一定兵力（伤害率#effect_01#%，受谋略属性影响），持续#available_round_01#,0,"2,","21,51",C,2,1回合准备，使敌军群体陷入恐慌状态,304,恐慌,0
200130,200130,4,41,5,1,50,50,20013001,0,3,0,0,0,0,楚歌四起,#prepare#准备，使敌军群体陷入恐慌状态，每回合损失较多兵力（伤害率#effect_01#%，受谋略属性影响），持续#available_round_01#,0,"2,","21,51",A,2,1回合准备，使敌军群体陷入恐慌状态,304,恐慌,0
200131,200131,3,31,6,0,40,40,20013101,0,4,0,0,0,0,驱逐,普通攻击后，对攻击目标再次发动策略攻击（伤害率#effect_01#%，受谋略属性影响），并移除其有益效果,0,"2,","24,51",D,"2,3",对普通攻击目标造成策略攻击，并移除其有益效果,302,策略攻击伤害,0
200132,200132,3,40,6,0,40,40,20013201,0,4,0,0,0,0,攻心,普通攻击后，对攻击目标再次发动策略攻击（伤害率#effect_01#%，受谋略属性影响），并恢复自身一定兵力,0,"2,","24,51",B,"2,4",对普通攻击目标造成策略攻击，并恢复自身兵力,302,策略攻击伤害,0
200133,200133,2,30,3,0,35,35,20013301,0,3,0,0,0,0,收拢,使友军单体进入休整状态，每回合恢复一定兵力（恢复率#effect_01#%，受谋略属性影响），持续#available_round_01#,0,"3,",41,D,4,使我军单体进入休整状态，恢复兵力,402,休整,0
200134,200134,3,31,3,0,35,35,20013401,0,3,0,0,0,0,休整,使友军群体进入休整状态，每回合恢复一定兵力（恢复率#effect_01#%，受谋略属性影响），持续#available_round_01#,0,"3,",41,D,4,使友军群体进入休整状态,402,休整,0
200135,200135,4,41,3,1,45,45,20013501,0,3,0,0,0,0,养精蓄锐,#prepare#准备，使友军全体进入休整状态，每回合恢复较多兵力（恢复率#effect_01#%，受谋略属性影响），持续@2回合@,0,"3,",41,B,4,1回合准备，使友军全体进入休整状态，恢复其兵力,402,休整,0
200136,200136,3,40,1,0,100,100,20013601,0,1,0,0,0,0,青囊秘要,战斗中每回合都会恢复一定兵力（恢复率#effect_01#%）,0,"3,",,B,4,每回合恢复自身一定兵力,402,休整,0
200137,200137,2,30,3,0,35,35,20013701,0,3,0,0,0,0,急救,恢复友军单体一定兵力（恢复率#effect_01#%，受谋略属性影响）,0,"3,",41,D,4,恢复友军单体兵力,401,急救,0
200138,200138,3,31,3,0,35,35,20013801,0,3,0,0,0,0,包扎,恢复我军群体一定兵力（恢复率#effect_01#%，受谋略属性影响）,0,"3,",41,C,4,恢复我军群体兵力,401,急救,0
200139,200139,4,41,3,1,45,45,20013901,0,3,0,0,0,0,增援,#prepare#准备，恢复我军群体较多兵力（恢复率#effect_01#%，受谋略属性影响）,0,"3,",41,B,4,1回合准备，恢复我军群体兵力,401,急救,0
200140,200140,1,10,1,0,40,40,20014001,0,3,0,0,0,0,初级鼓舞,使自身攻击属性提高#effect_01#，持续#available_round_01#,0,0,,D,,,101,攻击属性提高,0
200141,200141,2,20,2,0,40,40,20014101,0,3,0,0,0,0,中级鼓舞,使我军群体攻击属性提高#effect_01#（受谋略属性影响），持续#available_round_01#,0,0,,D,,,101,攻击属性提高,0
200142,200142,3,31,5,1,50,50,20014201,0,3,0,0,0,0,高级鼓舞,#prepare#准备，使我军群体攻击属性提高#effect_01#（受谋略属性影响），持续#available_round_01#,0,0,,D,,,101,攻击属性提高,0
200143,200143,2,20,3,0,100,100,20014301,0,2,0,0,0,0,鼓舞之策,战斗开始后前#available_round_01#，使我军群体攻击属性提高#effect_01#（受谋略属性影响）,0,0,,D,,,101,攻击属性提高,0
200144,200144,3,31,3,0,100,100,20014401,0,2,0,0,0,0,鼓舞秘策,战斗开始后前#available_round_01#，使我军群体攻击属性提高#effect_01#（受谋略属性影响）,0,0,,D,,,101,攻击属性提高,0
200145,200145,1,10,3,0,40,40,20014501,0,3,0,0,0,0,初级离间,使敌军单体攻击属性降低#effect_01#（受谋略属性影响），持续#available_round_01#,0,0,,D,,,201,攻击属性降低,0
200146,200146,2,20,2,0,40,40,20014601,0,3,0,0,0,0,中级离间,使敌军群体攻击属性降低#effect_01#（受谋略属性影响），持续#available_round_01#,0,0,,D,,,201,攻击属性降低,0
200147,200147,3,31,5,1,40,50,20014701,0,3,0,0,0,0,高级离间,#prepare#准备，使敌军群体攻击属性降低#effect_01#（受谋略属性影响），持续#available_round_01#,0,0,,D,,,201,攻击属性降低,0
200148,200148,2,20,3,0,100,100,20014801,0,2,0,0,0,0,离间之策,战斗开始后前#available_round_01#，使敌军群体攻击属性降低#effect_01#（受谋略属性影响）,0,0,,D,,,201,攻击属性降低,0
200149,200149,3,31,3,0,100,100,20014901,0,2,0,0,0,0,离间秘策,战斗开始后前#available_round_01#，使敌军群体攻击属性降低#effect_01#（受谋略属性影响）,0,0,,D,,,201,攻击属性降低,0
200150,200150,1,10,1,0,40,40,20015001,0,3,0,0,0,0,初级防御,使我军单体防御属性提高#effect_01#，持续#available_round_01#,0,0,,D,,,102,防御属性提高,0
200151,200151,2,20,2,0,40,40,20015101,0,3,0,0,0,0,中级防御,使我军群体防御属性提高#effect_01#（受谋略属性影响），持续#available_round_01#,0,0,,D,,,102,防御属性提高,0
200152,200152,3,31,5,1,40,50,20015201,0,3,0,0,0,0,高级防御,#prepare#准备，使我军群体防御属性提高#effect_01#（受谋略属性影响），持续#available_round_01#,0,0,,D,,,102,防御属性提高,0
200153,200153,2,20,3,0,100,100,20015301,0,2,0,0,0,0,防御之策,战斗开始后前#available_round_01#，使我军群体防御属性提高#effect_01#（受谋略属性影响）,0,0,,D,,,102,防御属性提高,0
200154,200154,3,31,5,0,100,100,20015401,0,2,0,0,0,0,防御秘策,战斗开始后前#available_round_01#，使我军群体防御属性提高#effect_01#（受谋略属性影响）,0,0,,D,,,102,防御属性提高,0
200155,200155,1,10,3,0,40,40,20015501,0,3,0,0,0,0,初级扰乱,使敌军单体防御属性降低#effect_01#（受谋略属性影响），持续#available_round_01#,0,0,,D,,,202,防御属性降低,0
200156,200156,2,20,2,0,40,40,20015601,0,3,0,0,0,0,中级扰乱,使敌军群体防御属性降低#effect_01#（受谋略属性影响），持续#available_round_01#,0,0,,D,,,202,防御属性降低,0
200157,200157,3,31,5,1,40,50,20015701,0,3,0,0,0,0,高级扰乱,#prepare#准备，使敌军群体防御属性降低#effect_01#（受谋略属性影响），持续#available_round_01#,0,0,,D,,,202,防御属性降低,0
200158,200158,2,20,3,0,100,100,20015801,0,2,0,0,0,0,扰乱之策,战斗开始后前#available_round_01#，使敌军群体防御属性降低#effect_01#（受谋略属性影响）,0,0,,D,,,202,防御属性降低,0
200159,200159,3,31,3,0,100,100,20015901,0,2,0,0,0,0,扰乱秘策,战斗开始后前#available_round_01#，使敌军群体防御属性降低#effect_01#（受谋略属性影响）,0,0,,D,,,202,防御属性降低,0
200160,200160,1,10,3,0,40,40,20016001,0,3,0,0,0,0,初级谎报,使敌军单体谋略属性降低#effect_01#（受谋略属性影响），持续#available_round_01#,0,0,,D,,,203,谋略属性降低,0
200161,200161,2,20,2,0,40,40,20016101,0,3,0,0,0,0,中级谎报,使敌军群体谋略属性降低#effect_01#（受谋略属性影响），持续#available_round_01#,0,0,,D,,,203,谋略属性降低,0
200162,200162,3,31,5,1,40,50,20016201,0,3,0,0,0,0,高级谎报,#prepare#准备，使敌军群体谋略属性降低#effect_01#（受谋略属性影响），持续#available_round_01#,0,0,,D,,,203,谋略属性降低,0
200163,200163,2,20,3,0,100,100,20016301,0,2,0,0,0,0,谎报之策,战斗开始后前#available_round_01#，使敌军群体谋略属性降低#effect_01#（受谋略属性影响）,0,0,,D,,,203,谋略属性降低,0
200164,200164,3,31,3,0,100,100,20016401,0,2,0,0,0,0,谎报秘策,战斗开始后前#available_round_01#，使敌军群体谋略属性降低#effect_01#（受谋略属性影响）,0,0,,D,,,203,谋略属性降低,0
200165,200165,1,10,1,0,40,40,20016501,0,3,0,0,0,0,初级速战,使自身速度属性提高#effect_01#，持续#available_round_01#,0,0,,D,,,104,速度属性提高,0
200166,200166,2,20,2,0,40,40,20016601,0,3,0,0,0,0,中级速战,使我军群体速度属性提高#effect_01#（受谋略属性影响），持续#available_round_01#,0,0,,D,,,104,速度属性提高,0
200167,200167,3,31,5,1,40,50,20016701,0,3,0,0,0,0,高级速战,#prepare#准备，使我军群体速度属性提高#effect_01#（受谋略属性影响），持续#available_round_01#,0,0,,D,,,104,速度属性提高,0
200168,200168,2,20,3,0,100,100,20016801,0,2,0,0,0,0,速战之策,战斗开始后前#available_round_01#，使我军群体速度属性提高#effect_01#（受谋略属性影响）,0,0,,D,,,104,速度属性提高,0
200169,200169,3,31,3,0,100,100,20016901,0,2,0,0,0,0,速战秘策,战斗开始后前#available_round_01#，使我军群体速度属性提高#effect_01#（受谋略属性影响）,0,0,,D,,,104,速度属性提高,0
200170,200170,1,10,3,0,40,40,20017001,0,3,0,0,0,0,初级牵制,使敌军单体速度属性降低#effect_01#（受谋略属性影响），持续#available_round_01#,0,0,,D,,,204,速度属性降低,0
200171,200171,2,20,2,0,40,40,20017101,0,3,0,0,0,0,中级牵制,使敌军群体速度属性降低#effect_01#（受谋略属性影响），持续#available_round_01#,0,0,,D,,,204,速度属性降低,0
200172,200172,3,31,5,1,40,50,20017201,0,3,0,0,0,0,高级牵制,#prepare#准备，使敌军群体速度属性降低#effect_01#（受谋略属性影响），持续#available_round_01#,0,0,,D,,,204,速度属性降低,0
200173,200173,2,20,3,0,100,100,20017301,0,2,0,0,0,0,牵制之策,战斗开始后前#available_round_01#，使敌军群体速度属性降低#effect_01#（受谋略属性影响）,0,0,,D,,,204,速度属性降低,0
200174,200174,3,31,3,0,100,100,20017401,0,2,0,0,0,0,牵制秘策,战斗开始后前#available_round_01#，使敌军群体速度属性降低#effect_01#（受谋略属性影响）,0,0,,D,,,204,速度属性降低,0
200175,200175,1,10,1,0,100,100,20017501,0,1,0,0,0,0,攻击强化,使自身攻击属性提高#effect_01#,0,"4,",,D,,,101,攻击属性提高,0
200176,200176,1,10,1,0,100,100,20017601,0,1,0,0,0,0,防御强化,使自身防御属性提高#effect_01#,0,"4,",,D,,,102,防御属性提高,0
200177,200177,1,10,1,0,100,100,20017701,0,1,0,0,0,0,速度强化,使自身速度属性提高#effect_01#,0,"4,",,D,,,104,速度属性提高,0
200178,200178,3,31,1,0,100,100,20017801,0,1,0,0,0,0,坚守突击,使自身攻击属性、防御属性提高#effect_01#,0,"4,",,D,6,使自身攻击、防御属性提升,101,攻击属性提高,0
200179,200179,3,31,1,0,100,100,20017901,0,1,0,0,0,0,疾风突击,使自身攻击属性、速度属性提高#effect_01#,0,"4,",,D,3,使自身攻击、速度属性提升,101,攻击属性提高,0
200180,200180,3,31,1,0,100,100,20018001,0,1,0,0,0,0,速战坚守,使自身防御属性、速度属性提高#effect_01#,0,"4,",,D,6,使自身防御、速度属性提升,102,防御属性提高,0
200181,200181,3,31,1,0,100,100,20018101,0,1,0,0,0,0,运筹帷幄,使自身谋略属性、速度属性提高#effect_01#,0,"4,",,D,"2,3",使自身谋略、速度属性提升,103,谋略属性提高,0
200182,200182,3,31,1,0,100,100,20018201,0,1,0,0,0,0,文韬武略,使自身攻击属性、谋略属性提高#effect_01#,0,"4,",,D,3,使自身攻击、谋略属性提升,101,攻击属性提高,0
200183,200183,3,31,1,0,100,100,20018301,0,1,0,0,0,0,成竹在胸,使自身防御属性、谋略属性提高#effect_01#,0,"4,",,D,6,使自身防御、谋略属性提升,103,谋略属性提高,0
200184,200184,3,40,1,0,100,100,20018401,0,1,0,0,0,0,百战精兵,使自身攻击属性、防御属性、谋略属性、速度属性全部提高#effect_01#,0,"4,",,B,3,使自身攻击、防御、谋略、速度属性提升,101,攻击属性提高,0
200185,200185,2,30,2,0,100,100,20018501,0,2,0,0,0,0,援军之策,战斗开始后@第5回合@起，每回合恢复我军群体一定兵力（恢复率#effect_01#%，受谋略属性影响）,0,"3,",,C,4,第5回合起，恢复我军群体兵力,402,休整,0
200186,200186,3,31,3,0,100,100,20018601,0,2,0,0,0,0,援军秘策,战斗开始后@第5回合@起，每回合恢复我军群体一定兵力（恢复率#effect_01#%，受谋略属性影响）,0,"3,",,B,4,第5回合起，每回合恢复我军群体兵力,402,休整,0
200187,200187,1,10,1,0,100,100,20018701,0,1,0,0,0,0,冲车,使自身攻城属性提高#effect_01#,0,"4,",,D,3,使自身攻城属性提升,105,攻城属性提高,0
200188,200188,2,30,2,0,100,100,20018801,0,2,0,0,0,0,毁墙,在本场战斗中使我军步兵群体攻城属性提高#effect_01#（受谋略属性影响）,0,"4,",,D,3,使我军群体步兵攻城属性提升,105,攻城属性提高,0
200189,200189,3,31,3,0,100,100,20018901,0,2,0,0,0,0,投石轰击,在本场战斗中使我军弓兵全体攻城属性提高#effect_01#（受谋略属性影响）,0,"4,",,D,3,使我军全体弓兵攻城属性提升,105,攻城属性提高,0
200190,200190,3,40,1,0,100,100,20019001,0,1,0,0,0,0,远攻强化,自身攻击距离+1，并使攻击属性提高#effect_02#,0,"4,",,C,3,使自身攻击距离、攻击属性提升,106,攻击距离提高,0
200191,200191,3,31,1,0,30,30,20019101,0,3,0,0,0,0,坚守,使自身受到攻击的伤害降低#effect_01#%，持续#available_round_01#,0,"4,",,D,6,使自身受到的攻击伤害降低,522,受到攻击伤害降低,0
200192,200192,3,31,1,0,100,100,20019201,0,1,0,0,0,0,铁壁,使自身受到攻击和策略攻击时的伤害降低#effect_01#%,0,"4,",,D,6,使自身受到的伤害降低,522,受到攻击伤害降低,0
200193,200193,3,31,2,0,30,30,20019301,0,3,0,0,0,0,固阵,使自身受到策略攻击的伤害降低#effect_01#%，持续#available_round_01#,0,"4,",,D,6,使自身受到的策略伤害降低,524,受到策略攻击伤害降低,0
200194,200194,4,50,2,0,100,100,20019401,0,2,0,0,0,0,避其锋芒,战斗开始后前#available_round_01#，使我军群体受到攻击和策略攻击时的伤害降低#effect_01#%（受谋略属性影响）,0,"4,",,S,3,前3回合，使我军群体受到的伤害降低,522,受到攻击伤害降低,0
200195,200195,3,31,1,0,30,30,20019501,0,3,0,0,0,0,奋起,使自身进行攻击时的伤害提高#effect_01#%，持续#available_round_01#,0,"4,",,D,3,使自身造成的攻击伤害提升,531,攻击伤害提高,0
200196,200196,3,40,1,0,100,100,20019601,0,1,0,0,0,0,激昂,每回合有#prob_param_01#的几率使自身进行攻击和策略攻击时的伤害提高#subsk_210196_effect_01#%，持续#subsk_210196_available_round_01#,0,"4,",,C,3,使自身造成的伤害提升,122,子技能（有益）,0
200197,200197,3,31,2,0,30,30,20019701,0,3,0,0,0,0,犒劳,使自身进行策略攻击时的伤害提高#effect_01#%，持续#available_round_01#,0,"4,",,D,3,使自身造成的策略伤害提升,533,策略攻击伤害提高,0
200198,200198,4,50,3,0,100,100,20019801,0,2,0,0,0,0,大赏三军,战斗开始后前#available_round_01#，使我军群体进行攻击和策略攻击时的伤害提高#effect_01#%（受谋略属性影响）,0,"4,",,S,3,前3回合，使我军群体造成的伤害提升,531,攻击伤害提高,0
200199,200199,3,31,4,0,30,30,20019901,0,3,0,0,0,0,威压,使敌军群体进行攻击时的伤害降低#effect_01#%（受谋略属性影响），持续#available_round_01#,0,"4,",,D,3,使敌军群体造成的攻击伤害降低,532,攻击伤害降低,0
200200,200200,3,31,4,0,30,30,20020001,0,3,0,0,0,0,乱阵,使敌军群体进行策略攻击时的伤害降低#effect_01#%（受谋略属性影响），持续#available_round_01#,0,"4,",,D,3,使敌军群体造成的策略伤害降低,534,策略攻击伤害降低,0
200201,200201,4,50,4,0,100,100,20020101,0,2,0,0,0,0,无心恋战,战斗开始后前#available_round_01#，使敌军群体进行攻击和策略攻击时的伤害降低#effect_01#%（受谋略属性影响）,0,"4,",,S,3,前3回合，使敌军群体造成的伤害降低,532,攻击伤害降低,0
200202,200202,3,31,4,0,30,30,20020201,0,3,0,0,0,0,假途,使敌军群体受到攻击时的伤害提高#effect_01#%（受谋略属性影响），持续#available_round_01#,0,"4,",,D,3,使敌军群体受到攻击伤害提升,521,受到攻击伤害提高,0
200203,200203,3,31,4,0,30,30,20020301,0,3,0,0,0,0,劫粮,使敌军群体受到策略攻击时的伤害提高#effect_01#%（受谋略属性影响），持续#available_round_01#,0,"4,",,D,3,使敌军群体受到的策略攻击提高,523,受到策略攻击伤害提高,0
200204,200204,4,50,4,0,100,100,20020401,0,2,0,0,0,0,神兵天降,战斗开始后前#available_round_01#，使敌军群体受到攻击和策略攻击时的伤害提高#effect_01#%（受谋略属性影响）,0,"4,",,S,3,前3回合，使敌军受到的伤害提升,521,受到攻击伤害提高,0
200205,200205,3,31,1,0,25,35,20020501,0,3,0,0,0,0,洞察,使自身进入洞察状态，免疫混乱、犹豫、怯战、暴走和挑衅效果，持续#available_round_01#,0,"4,",,C,3,使自身进入洞察状态,511,洞察,0
200206,200206,2,30,6,0,25,50,20020601,0,4,0,0,0,0,追击,普通攻击后，对攻击目标再次发动攻击（伤害率#effect_01#%）,0,"1,","14,51",C,1,对普通攻击目标造成攻击伤害,301,攻击伤害,0
200207,200207,3,31,6,0,20,35,20020701,0,4,0,0,0,0,攻其要害,普通攻击后，对攻击目标再次发动攻击（伤害率#effect_01#%）,0,"1,","14,51",C,1,对普通攻击目标造成攻击伤害,301,攻击伤害,0
200208,200208,4,41,6,0,20,35,20020801,0,4,0,0,0,0,温酒斩将,普通攻击后，对攻击目标再次发动猛攻（伤害率#effect_01#%）,0,"1,","14,51",A,1,对普通攻击目标造成攻击伤害,301,攻击伤害,0
200209,200209,3,40,2,0,100,100,20020901,0,2,0,0,0,0,远攻之策,战斗开始后前#available_round_01#，使我军群体攻击属性提高#effect_02#，并使其每回合有#prob_param_01#的几率攻击距离+1,0,"4,",,C,3,前3回合，使我军群体攻击属性提升，攻击距离提升,106,攻击距离提高,0
200210,200210,4,50,3,0,100,100,20021001,0,2,0,0,0,0,远攻秘策,使自身攻击属性提高#effect_02#，谋略属性提高#effect_03#，攻击距离+1，同时，使友军全体在战斗开始后前#available_round_14#也获得与自身同样的增益,0,"4,",,B,3,使自身攻击距离、攻击、谋略属性提升，前3回合友军获得相同效果,106,攻击距离提高,0
200211,200211,2,30,2,0,25,35,20021101,0,3,0,0,0,0,挑衅,挑衅敌军单体使其攻击自身，持续#available_round_01#,0,"4,",,D,5,挑衅敌军单体,505,挑衅,0
200212,200212,3,40,2,0,25,35,20021201,0,3,0,0,0,0,诱敌,挑衅敌军单体使其攻击自身，并使之攻击属性降低#effect_02#（受谋略属性影响），持续#available_round_01#,0,"4,",,D,6,挑衅敌军单体，并使其攻击属性降低,505,挑衅,0
200213,200213,3,31,3,0,25,35,20021301,0,3,0,0,0,0,反计,使敌军单体陷入犹豫状态，无法发动主动战法，持续#available_round_01#,0,"4,",31,C,5,使敌军单体陷入犹豫状态,502,犹豫,0
200214,200214,3,31,1,0,30,42,20021401,0,3,0,0,0,0,规避,使自身进入规避状态，将免疫接下来受到的1次攻击的伤害,0,"4,",,C,6,使自身进入规避状态,714,规避(预备),0
200215,200215,4,50,1,0,100,100,20021501,0,2,0,0,0,0,空城,战斗开始后前#available_round_01#，受到伤害时有#subsk_211215_prob_param_01#的几率使自身进入规避状态，可以免疫伤害,0,"4,",,B,6,前2回合，使自身受到伤害时进入规避状态,122,子技能（有益）,0
200216,200216,2,30,2,0,30,40,20021601,0,3,0,0,0,0,冷静,移除我军单体的有害效果，并使其防御属性提高#effect_02#，持续#available_round_02#,0,"4,",,D,3,移除我军单体负面效果，并使其防御属性提升,513,镇静,0
200217,200217,3,40,3,0,25,35,20021701,0,3,0,0,0,0,安抚军心,移除我军群体的有害效果，并立即恢复其一定兵力（恢复率#effect_02#%，受谋略属性影响）,0,"3,4",41,B,"3,4",移除我军群体负面效果，并恢复兵力,513,镇静,0
200218,200218,2,30,3,0,30,40,20021801,0,3,0,0,0,0,看破,移除敌军单体的有益效果，并使其防御属性下降#effect_02#，持续#available_round_02#,0,"4,",,D,3,移除敌军单体有益效果，使其防御属性降低,512,看破,0
200219,200219,3,40,4,0,25,35,20021901,0,3,0,0,0,0,了如指掌,移除敌军群体的有益效果，并使其无法恢复兵力，持续#available_round_02#,0,"4,",,C,"5,3",移除敌军群体有益效果，并使其陷入围困状态,512,看破,0
200220,200220,4,50,4,0,100,100,20022001,0,2,0,0,0,0,反计之策,战斗开始后前#available_round_02#，使敌军群体发动主动战法时造成的伤害大幅下降，并在首回合有#prob_param_01#的几率使其陷入犹豫状态，无法发动主动战法,0,"4,",,S,5,前3回合，使敌军群体发动主动战法伤害大幅下降，首回合有几率陷入犹豫状态,702,犹豫(预备),0
200221,200221,2,30,1,0,25,30,20022101,0,3,0,0,0,0,反击,使自身受到普通攻击时能进行反击（伤害率#effect_01#%），持续#available_round_01#,0,"4,",,D,3,使自身受到普通攻击后反击,551,反击,0
200222,200222,3,40,3,0,100,100,20022201,0,2,0,0,0,0,反击之策,战斗开始后前#available_round_01#，使我军群体每回合有#prob_param_01#的几率受到普通攻击时能进行反击（伤害率#effect_01#%）,0,"4,",,B,3,前3回合，使我军群体受到普通攻击后反击,551,反击,0
200223,200223,3,31,1,0,25,35,20022301,0,3,0,0,0,0,连战,使自身可以进行两次普通攻击，持续#available_round_01#,0,"4,",,B,3,使自身进入连击状态,544,连击,0
200224,200224,3,40,3,0,100,100,20022401,0,2,0,0,0,0,穷追猛打,战斗开始后@第4回合@起，使我军群体每回合有#prob_param_01#的几率可以进行两次普通攻击，持续#available_round_01#,0,"4,",,B,3,第4回合起，我军群体每回合进入连击状态,744,连击(预备),0
200225,200225,2,30,1,0,25,30,20022501,0,3,0,0,0,0,横扫,使自身进入分兵状态，普通攻击后同时对附近的敌军造成伤害（伤害率#effect_01#%），持续#available_round_01#,0,"4,",,D,3,使自身进入分兵状态,545,分兵,0
200226,200226,3,40,3,0,100,100,20022601,0,2,0,0,0,0,长兵方阵,战斗开始后前#available_round_01#，使我军群体每回合都有#prob_param_01#的几率进入分兵状态，普通攻击后同时对附近的敌军造成伤害（伤害率#effect_01#%）,0,"4,",,B,3,前3回合，使我军群体进入分兵状态,545,分兵,0
200227,200227,3,31,3,0,25,35,20022701,0,3,0,0,0,0,佯攻,使敌军单体陷入怯战状态，无法进行普通攻击，持续#available_round_01#,0,"4,",31,C,5,使敌军单体陷入怯战状态,552,怯战,0
200228,200228,4,50,4,0,100,100,20022801,0,2,0,0,0,0,战必断金,战斗开始后前#available_round_01#，使敌军群体每回合都有#prob_param_01#的几率陷入怯战状态，无法进行普通攻击,0,"4,",,S,"5,7",前3回合，使敌军群体陷入怯战状态,752,怯战(预备),0
200229,200229,2,30,6,0,30,30,20022901,0,4,0,0,0,0,奇袭,普通攻击后，对攻击目标再次发动策略攻击（伤害率#effect_01#%，受谋略属性影响）,0,"2,","24,51",D,2,对普通攻击目标造成策略攻击,302,策略攻击伤害,0
200230,200230,3,40,4,0,100,100,20023001,0,2,0,0,0,0,措手不及,战斗开始后@第4回合@，每回合有#prob_param_01#的几率使敌军群体陷入怯战状态，无法进行普通攻击，持续#available_round_01#,0,"4,",,B,5,第4回合后，使敌军陷入怯战状态,752,怯战(预备),0
200231,200231,2,30,1,0,100,100,20023101,0,2,0,0,0,0,先驱,战斗开始后前#available_round_01#，每回合都有#prob_param_01#的几率使自身优先行动,0,"4,",,D,3,前2回合，使自身优先行动,761,先手(预备),0
200232,200232,3,40,3,0,100,100,20023201,0,2,0,0,0,0,长驱直入,战斗开始后前#available_round_01#，使我军群体每回合都有#prob_param_01#的几率优先行动，并使其防御属性提高#effect_02#（受谋略属性影响）,0,"4,",,C,3,前3回合，使我军群体优先行动，使我军群体防御属性提升,761,先手(预备),0
200233,200233,4,50,1,0,100,100,20023301,0,2,0,0,0,0,先驱突击,战斗开始后前#available_round_01#，使自身优先行动，每回合可进行两次普通攻击，并使攻击属性提高#effect_02#,0,"4,",,A,"3,7",前3回合，自身优先行动并进入连击状态,761,先手(预备),0
200234,200234,3,31,2,0,25,35,20023401,0,3,0,0,0,0,陷阱,使敌军单体陷入混乱状态，持续#available_round_01#,0,"4,",31,C,5,使敌军单体陷入混乱状态,501,混乱,0
200235,200235,4,50,4,1,25,35,20023501,0,3,0,0,0,0,浑水摸鱼,#prepare#准备，使敌军群体陷入混乱状态，持续#available_round_01#,0,"4,",31,S,5,1回合准备，使敌军群体陷入混乱状态,501,混乱,0
200236,200236,3,31,2,0,25,35,20023601,0,3,0,0,0,0,疑兵,使敌军单体陷入暴走状态，进行无差别攻击，持续#available_round_01#,0,"4,",31,C,5,使敌军单体陷入暴走状态,503,暴走,0
200237,200237,4,50,4,1,30,50,20023701,0,3,0,0,0,0,妖术,#prepare#准备，使敌军群体陷入暴走状态，进行无差别攻击，持续#available_round_01#,0,"4,",31,S,5,1回合准备，使敌军群体陷入暴走状态,503,暴走,0
200238,200238,3,31,2,0,30,45,20023801,0,3,0,0,0,0,援护,援护友军单体，为其抵挡普通攻击，持续#available_round_01#,0,"4,",,D,6,援护友军单体,504,援护,0
200239,200239,4,41,2,0,30,40,20023901,0,3,0,0,0,0,移花接木,移除自身有害效果，防御属性提升#effect_02#，并援护友军全体，为其抵挡普通攻击，持续#available_round_13#,0,"4,",,C,6,移除自身负面效果，使自身防御属性提升并援护友军全体,513,镇静,0
200240,200240,6,59,6,0,100,100,20024001,0,2,0,0,0,0,警戒,使我方全军具备反击普通攻击的能力,0,"4,",,D,,,551,反击,0
200241,200241,4,55,3,0,100,100,20024101,40003,2,0,0,0,0,悬权而动,战斗前#available_round_01#，友军群体士气低于@160@时，每造成一次攻击或策略伤害后令其士气提升#subsk_212241_effect_01#；从@第3回合@自身行动起，友军士气最高单体造成的攻击和策略伤害提升#subsk_211241_effect_01#%，持续至战斗结束,0,"4,",,A,3,前2回合，友军群体每造成1次伤害，则使自身士气提升；2回合后，使士气最高的武将造成的伤害提升,113,士气提升,0
200242,200242,6,59,5,0,100,100,20024201,0,2,0,0,0,0,举抑臧否,每回合自身行动时随机选取攻击、防御、谋略三种属性之一， 使该属性最低的敌军单体对应属性降低#subsk_211242_effect_01#（受谋略属性影响），并有#subsk_211242_prob_param_02#几率获得犹豫、怯战、围困中的1种效果，持续#subsk_211242_available_round_02#；使该属性最高的友军单体对应属性提升#subsk_211242_effect_11#（受谋略属性影响），并有#subsk_211242_prob_param_12#几率获得先手、洞察、无视规避中的1种效果，持续#subsk_211242_available_round_11#,敌友单体,"4,",,A,,每回合选取攻击属性、防御属性、谋略属性之一，使该属性最低的敌军单体对应属性降低，并使其陷入犹豫、怯战、围困状态中的一种；使该属性最高的友军单体对应属性提升，并使其进入先手、洞察、无视规避状态中的1中,122,子技能（有益）,0
200243,200243,4,55,4,1,40,40,20024301,40003,3,0,0,0,0,九变之利,#prepare#准备，选取敌军群体2目标，若目标处于控制状态，则使其防御属性、谋略属性降低#effect_03#，持续#available_round_03#，若目标处于持续性伤害状态，则使其受到的攻击和策略伤害提升#effect_05#%，持续#available_round_05#，否则使目标进入怯战或动摇(伤害率#subsk_213243_effect_01#%)，持续#subsk_213243_available_round_01#。然后对其造成一次攻击（伤害率#effect_08#%）,0,"1,","11,51",A,"3,5,1",1回合准备，根据目标不同状态，对其造成控制或减益效果，并对其造成攻击伤害,77,标记,0
200244,200244,5,56,5,0,100,100,20024401,2,2,0,0,0,1,正始之变,战斗开始后，敌军全体累计造成@15@次伤害后，下回合自身发动以下两种效果：令敌军群体陷入犹豫状态，持续@1回合@；我军全体成功发动主动或追击战法后，有#subsk_212244_effect_03#%几率再次发动（跳过准备），持续@1回合@$$司马懿、司马师或司马昭发动此战法时，犹豫效果生效后自身恢复一定兵力（恢复率#subsk_213244_effect_11#%）,0,"4,",,S,"5,3",累计受到15次伤害后，使敌军群体陷入犹豫状态，并使我军全体成功发动主动或追击战法后，立刻触发,122,子技能（有益）,0
200245,200245,5,49,3,0,40,40,20024501,0,3,0,0,0,0,强军猛进,以自身士气下降@5@为代价，对敌军群体发动一次猛攻（伤害率#effect_01#%）,0,"1,","11,51",B,,降低自身士气，对敌军群体造成一次攻击伤害,301,攻击伤害,0
200246,200246,6,59,5,0,100,100,20024601,0,2,0,0,0,0,缓师徐持,战斗中每回合，已行动的敌军群体受到伤害后，沮授有#subsk_214246_effect_01#%几率（受谋略属性影响）令目标的攻击、防御、谋略、速度属性下降#subsk_211246_effect_01#点，重复两次，每次概率独立判定，可叠加至战斗结束,0,"4,",,S,,已行动的敌军受到伤害后，使其全属性下降2次,77,标记,0
200247,200247,5,49,4,1,35,35,20024701,0,3,0,0,0,0,计焚乌巢,"1回合准备，对敌军单体发动一次策略攻击（伤害率#effect_01#%,受谋略属性影响），使有效距离内最远的敌军受到主动战法伤害提升#effect_11#%（受谋略属性影响），并有#prob_param_21#几率使其陷入燃烧状态（伤害率#subsk_210247_effect_01#%，受谋略属性影响），持续2回合。",0,"2,","21,51",A,,1回合准备，对敌军单体造成一次策略攻击伤害，使敌军单体受到主动战法伤害提升，使其陷入燃烧状态,302,策略攻击伤害,0
200248,200248,4,55,5,0,100,100,20024801,40003,2,0,0,0,0,计险远近,当我军3名武将基础攻击距离均不相同时，大营造成的伤害无视规避，中军攻击、防御、谋略属性增加#effect_12#，前锋每回合受到的首次攻击或策略攻击伤害减少#subsk_210248_effect_01#%；且我军全体在发动普通攻击后，使攻击目标本回合受到的所有伤害提高#subsk_212248_effect_01#%，可叠加,我军全体,"4,",,A,3,我军3名武将基础攻击距离均不相同，不同位置武将获得不同增益效果，同时使敌军受到的伤害提升,515,无视规避,0
200249,200249,4,55,5,0,100,100,20024901,40003,2,0,0,0,0,知己知彼,战斗中，我军群体每造成一次攻击或策略伤害后，有#prob_param_01#几率使其造成的该类型伤害提升#effect_01#%，此效果最多叠加@5@次；敌军群体每受到一次攻击或策略伤害后，有#prob_param_01#几率使其受到该类型伤害提升#effect_01#%，此效果最多叠加@5@次，两种效果独立判断。,敌我群体,"4,",,A,3,使我军群体造成的伤害提升，使敌军群体受到的伤害提升,531,攻击伤害提高,0
200250,200250,5,49,2,1,30,30,20025001,0,3,0,0,0,0,龙骧虎步,准备1回合，对敌军群体发动一次猛击（伤害率#effect_01#%），并使自身攻击、防御属性提升#effect_12#，持续#available_round_12#。,0,"1,","11,51",B,,1回合准备，对敌军群体造成一次攻击伤害，并使自身攻击属性、防御属性提升,301,攻击伤害,0
200251,200251,6,59,6,0,120,120,20025101,0,4,0,0,0,0,烈火焚舟,普通攻击后，使攻击目标陷入燃烧状态（伤害率#effect_22#%，受谋略属性影响），持续@2回合@；若目标已处于烈火焚舟的燃烧状态，则立即引发目标剩余的燃烧伤害，并使其和相邻的敌军士气降低#subsk_210251_effect_12#，并陷入燃烧状态（伤害率#subsk_210251_effect_11#%，受谋略属性影响），持续@1回合@,攻击目标,"2,","24,51",S,,普通攻击后，使攻击目标陷入燃烧状态；若目标已处于燃烧状态，则立即引发剩余的燃烧伤害，并使其和相邻的敌军士气降低，并陷入燃烧状态,77,标记,0
200252,200252,4,50,1,0,100,100,20025201,0,1,0,0,0,0,百战无怯,自身位于中军或前锋时，在战斗开始后获得以下效果：造成伤害后，受到的攻击伤害与策略伤害降低#subsk_211252_effect_01#%，此效果最多叠加@3@次；战斗开始时已叠加3次，每回合开始时、受到攻击或策略攻击伤害后，失去@1@次叠加次数并恢复一定兵力（恢复率#subsk_214252_effect_03#%）,自己,"4,",,S,"4,6,7",造成伤害后，使自身受到的伤害降低；受到伤害后，恢复自身兵力,122,子技能（有益）,0
200253,200253,4,55,5,0,100,100,20025301,40003,1,0,0,0,0,兵者诡道,每试图发动3次主动或追击战法后，随机触发以下效果中的一种：对敌军单体造成一次策略伤害（伤害率#subsk_211253_effect_01#%，受谋略属性影响）；自身进入规避状态，免疫下#subsk_211253_available_hit_12#受到的所有伤害；恢复自身及友军单体一定兵力（恢复率#subsk_211253_effect_23#%，受谋略属性影响）,自己,"2,3",,A,"2,3,4",每试图发动3次主动或追击战法，对敌军单体造成策略伤害或使自身进入规避状态或恢复自身兵力效果,122,子技能（有益）,0
200254,200254,6,59,5,0,100,100,20025401,0,2,0,0,0,0,衔命建功,敌军全体每回合首次受到持续性伤害时，周瑜有#subsk_212254_prob_param_01#几率对其发动一次策略攻击（伤害率#subsk_212254_effect_01#%，受谋略属性影响）；@第3回合@起，敌军武将陷入持续性伤害时，立即额外引发一次该持续性伤害,敌军全体,"2,",,S,,敌军全体每回合首次受到持续性伤害时，对其造成一次策略攻击伤害；第3回合起，敌军武将陷入持续性伤害时，立即额外引发一次该持续性伤害,122,子技能（有益）,0
200255,200255,6,59,5,0,100,100,20025501,0,2,0,0,0,0,伏波扬砂,使我军全体普通攻击伤害提升#effect_25#%（受攻击属性影响）。当友军全体发动普通攻击时，造成的伤害共计提升幅度每达到@40%@，马腾获得1层【扬砂】效果，最多叠加20层；马腾发动普通攻击后，将消耗4层【扬砂】效果进入连击状态，额外发动一次普通攻击，此效果将重复触发直到【扬砂】效果不足4层,我军全体,"4,",,S,,使我军全体造成的普通攻击伤害提升，在友军全体普通攻击伤害的共计提升幅度达成特定条件时，马腾可进行额外进行数次普通攻击,210,命名flag,0
200256,200256,6,59,2,0,100,100,20025601,0,2,0,0,0,0,持玺兴兵,在友军全体受到伤害后，若其兵力低于初始兵力的50%，为其恢复一定兵力（恢复率#subsk_211256_effect_01#%，受谋略属性影响）并提升其#subsk_211256_effect_12#的攻击、谋略属性，同时自身攻击、谋略属性下降#subsk_211256_effect_12#，持续至战斗结束。该效果共可触发3次,友军全体,"3,4",,A,,友军全体受到伤害时，若其兵力低于初始兵力的50%，恢复其一定兵力，并提升其攻击属性和谋略属性；同时使自身攻击属性和谋略属性下降,122,子技能（有益）,0
200257,200257,6,59,5,0,100,100,20025701,0,2,0,0,0,0,审时定计,战斗开始后，敌军全体被施加特殊负面效果前，程昱有#subsk_210257_prob_param_01#概率使其本回合受到所有伤害提升#subsk_212257_effect_01#%（受谋略属性影响）并恢复我军单体一定兵力（恢复率#subsk_212257_effect_13#%，受谋略属性影响）；战斗开始后，我军全体被施加挑衅、围困以及控制效果时，有#subsk_210257_prob_param_01#概率抵御该负面效果，使其无法施加,敌军全体,"4,3",,S,,敌军全体被施加特殊负面效果前，使其受到的伤害提升，恢复我军单体兵力；我军全体被施加挑衅、围困及控制效果时，抵御该效果,122,子技能（有益）,0
200258,200258,6,59,5,0,100,100,20025801,0,1,0,0,0,0,雪奋短兵,"自身受到伤害时有#subsk_213258_prob_param_01#概率进入规避状态，每回合结束时使自身攻击距离-1。攻击距离小于等于1时，不再触发攻击距离下降及规避效果，同时每回合自身行动时，对攻击距离内的敌军单体造成2次攻击伤害（伤害率#subsk_211258_effect_01#%）,有#subsk_200258_prob_param_04#几率使攻击距离外的敌军群体进入动摇状态，行动时损失一定兵力（伤害率#subsk_212258_effect_01#%），持续#subsk_212258_available_round_01#",0,"1,",,A,,自身受到伤害时进入规避状态，每回合使自身攻击距离-1，当攻击距离小于等于1时，每回合对敌军单体造成2次攻击伤害，使攻击距离外的敌军群体陷入动摇状态,123,子技能（有害）,0
200259,200259,4,50,4,0,100,100,20025901,4,2,0,0,0,0,乘间击隙,自身每发动主动主战法后，使自身造成的攻击伤害提升#subsk_210259_effect_01#%，最多叠加3次。该效果每叠加3次后，对敌军群体发动1次攻击（伤害率#subsk_211259_effect_01#%），发动后攻击伤害提升效果消失,0,"1,",,A,"1,3",使自身造成的攻击伤害提升，对敌军群体造成攻击伤害,122,子技能（有益）,0
200261,200261,4,50,1,0,100,100,20026101,0,1,0,0,0,0,胜敌益强,每回合行动时使自身恢复1次兵力（恢复率#effect_01#%，受防御属性影响），@第2、4、6回合@起，胜敌益强的恢复次数提升至2、3、4次，持续到战斗结束,自己,"3,",,A,4,每回合恢复自身兵力,402,休整,0
200262,200262,6,59,3,0,100,100,20026201,0,2,0,0,0,0,僭号天子,战斗开始后获得玉玺：我军全体受到的所有伤害的#subsk_210262_effect_01#%（受防御属性影响）由玉玺承担；第二回合起，每回合开始时玉玺对袁术造成其上一回合承担所有伤害，袁术仅受到来自玉玺伤害的50%，该比例每回合上升10%,我军全体,"4,",,S,,使我军全体受到的伤害降低，每回合使我军全体受到的部分伤害由玉玺承担，每回合袁术受到源自玉玺上一回合承担的部分伤害,122,子技能（有益）,0
200263,200263,5,56,5,1,35,35,20026301,4,3,0,0,0,1,火烧连营,准备1回合，使敌军全体陷入@1回合@的围困状态，随后对敌军单体造成@3@次火攻（伤害率#subsk_211263_effect_01#%，受谋略属性影响），每次目标独立判定，火攻会使目标受到的火攻和持续性伤害提升#subsk_211263_effect_02#%（受谋略属性影响），可叠加，持续到战斗结束；随后使敌军全体陷入燃烧状态（伤害率#subsk_210263_effect_14#%，受谋略属性影响），持续@1回合@$$陆逊发动此战法时，陷入燃烧状态调整为陷入恐慌状态（伤害率#subsk_212263_effect_14#%，受谋略属性影响），持续@1回合@,0,"2,","21,51",S,"2,5,3",1回合准备，使敌军全体陷入围困状态，对敌军单体造成策略攻击，使其受到伤害提升，并使敌军全体陷入燃烧状态,207,不可回复兵力,0
200264,200264,6,59,5,0,100,100,20026401,0,2,0,0,0,0,疲兵沮意,每回合开始时，为我军群体叠加2层避锐效果，在其受到伤害前，消耗1层避锐效果令该次伤害降低#subsk_217264_effect_01#%（受谋略属性影响），避锐效果生效后有@50%@几率令敌军单体陷入燃烧状态（伤害率#effect_21#%，受谋略属性影响），持续1回合，并使其后续受到疲兵沮意的燃烧伤害伤害率提升#subsk_214264_effect_01#%，可叠加至战斗结束,我军群体,"2,4",,S,,使我军全体受到的伤害降低，并在我军全体受到伤害后，使敌军单体陷入燃烧状态，并使其后续受到的燃烧伤害提升,210,命名flag,0
200265,200265,6,59,5,0,100,100,20026501,0,2,0,0,0,0,雅虑适时,第3、5、7回合开始时，令我军全体受到所有伤害降低#subsk_211265_effect_01#%（受谋略属性影响）并进入同心状态，同心状态下任一武将受到伤害时，其余处于同心状态下武将为其分摊@15%@受到的伤害，持续1回合,0,"4,",,A,,第3、5、7回合，令我军全体受到的伤害降低，任一武将受到伤害时，其余武将为其分摊伤害,122,子技能（有益）,0
200266,200266,6,59,2,0,100,100,20026601,0,2,0,0,0,0,怀橘遗亲,每回合开始时，降低自身和我军除大营外友军单体#subsk_210266_effect_01#点攻击、防御、谋略属性，并提升我军大营#subsk_211266_effect_01#点攻击、防御、谋略属性，持续至该回合结束,0,"4,",,C,,每回合使自身及我军大营外的友军单体的攻击属性、防御属性、谋略属性降低，使我军大营攻击属性、防御属性、谋略属性提升,122,子技能（有益）,0
200267,200267,4,50,3,0,40,40,20026701,4,3,0,0,0,0,敛众定气,移除我军全体的有害效果，立即为其恢复一定兵力（恢复率#effect_02#%，受谋略属性影响），并有@50%@几率使其免疫围困效果，持续2回合,0,"3,",41,A,"4,3",移除我军全体负面效果，恢复兵力，并免疫围困效果,513,镇静,0
200268,200268,6,59,5,0,50,50,20026801,0,3,0,0,0,0,忠克猛烈,本战法造成的伤害无视兵种相克及目标的防御属性；对敌军单体发动1次攻击（伤害率#effect_21#%），并使其陷入犹豫状态，持续1回合；直到陈到下回合行动前，目标每受到1次攻击伤害，陈到对其发动1次攻击(伤害率#subsk_212268_effect_11#%)，期间最多可触发2次,敌军单体,"1,","11,51,31",S,,对敌军单体造成1次攻击伤害，并使其陷入犹豫状态；下回合行动前，目标每受到1次攻击伤害，则对其再造成一次攻击伤害,122,子技能（有益）,0
200269,200269,6,59,5,0,100,100,20026901,0,2,0,0,0,0,举贤决机,首回合起，我军全体在被成功施加属性提升效果前，有#subsk_210269_prob_param_01#几率使其恢复一定兵力（恢复率#subsk_213269_effect_01#%，受谋略属性影响），敌军全体在被成功施加属性下降效果前，有#subsk_210269_prob_param_01#几率对其造成一次策略伤害（伤害率#subsk_214269_effect_01#%，受谋略属性影响），每种属性单独计算,敌我全体,"2,3",,S,,我军全体每被施加属性提升效果前，恢复其兵力；敌军全体每被施加属性下降效果前，对其造成一次策略攻击伤害,122,子技能（有益）,0
200270,200270,6,59,5,0,100,100,20027001,0,2,0,0,0,0,天子诏令,每回合开始时，随机选择一名敌军单体，使其受到所有伤害提升#subsk_210270_effect_13#%（受谋略属性影响），可叠加，持续至战斗结束，同时使友军全体本回合内主动战法的首次伤害或首次普通攻击，有#subsk_210270_effect_23#%几率选中该目标，无视距离；若回合结束前该敌军单体受到3次或以上伤害，则使其受到伤害提升效果额外叠加一次，并使其全属性下降#subsk_212270_effect_03#（受谋略属性影响），可叠加，持续至战斗结束$$$每回合开始时，随机选择一名敌军单体，使其受到所有伤害提升#subsk_210270_effect_13#%（受谋略属性影响），可叠加，持续至战斗结束，同时使友军全体本回合内主动战法的首次伤害或首次普通攻击，有#subsk_210270_effect_23#%几率选中该目标，无视距离；若回合结束前该敌军单体受到^2次或以上^伤害，则使其受到伤害提升效果额外叠加一次，并使其全属性下降#subsk_212270_effect_03#（受谋略属性影响），可叠加，持续至战斗结束,敌军单体,"4,",,S,,每回合使随机敌军单体受到的伤害提升，使友军全体本回合内主动战法的首次伤害或首次普通攻击，选中该目标；若回合内该目标受到3次或以上伤害，则受到伤害效果提升，并使其全属性下降$$$每回合使随机敌军单体受到的伤害提升，使友军全体本回合内主动战法的首次伤害或首次普通攻击，选中该目标；若回合内该目标^受到2次或以上伤害^，则受到伤害效果提升，并使其全属性下降,122,子技能（有益）,0
200271,200271,4,50,4,0,35,35,20027101,4,3,0,0,0,0,袭屯夺气,对敌军群体发动一次策略攻击（伤害率#effect_01#%，受谋略属性影响），并使其陷入恐慌状态，在被成功施加属性下降效果时损失一定兵力（伤害率#effect_02#%，受谋略属性影响），最多生效4次，每种属性单独计算,敌军群体,"2,","21,51",A,2,对敌军群体造成策略攻击，并使其陷入恐慌状态，若目标被施加属性下降效果，则额外损失一定兵力,302,策略攻击伤害,0
200272,200272,6,59,5,0,100,100,20027201,0,2,0,0,0,0,当敌制决,战斗开始后，使自身受到的伤害降低#effect_01#%；受到伤害后，使伤害来源受到的伤害提升#subsk_210272_effect_01#%（受防御属性影响），可叠加，持续至战斗结束,0,"4,",,S,,使自身受到的伤害降低；受到伤害后，使伤害来源受到的伤害提升,524,受到策略攻击伤害降低,0
200273,200273,6,59,5,0,40,40,20027301,0,3,0,0,0,0,率尔方雅,对自身以外的随机3名武将造成一次攻击伤害（伤害率#effect_01#%），若目标为友军，则使其造成的所有伤害提升#effect_02#%（受谋略属性影响），持续1回合，并使其立即对敌军群体发动一次攻击（伤害率#subsk_210273_effect_01#%）或策略攻击（伤害率#subsk_211273_effect_01#%，受谋略属性影响）伤害类型由该武将自身攻击和谋略较高值决定；若目标为敌军，则使其随机陷入犹豫、混乱、暴走、怯战状态中的一种，持续1回合,敌我群体（有效距离内3个目标）,"1,","11,31,51",A,,对自身以外的随机3名武将造成一次攻击伤害；若目标为友军，则使其造成的伤害提升，并对敌军群体造成一次攻击伤害或谋略伤害；若目标为敌军，则使其陷入犹豫、混乱、暴走、怯战中的一种,301,攻击伤害,0
200274,200274,4,50,5,0,100,100,20027401,0,1,0,0,0,0,以诱待来,受到任何伤害后，有#prob_param_01#几率挑衅伤害来源，使其在下次行动时普通攻击自身，持续1回合；每次受到处于挑衅状态下的武将造成的伤害时，恢复自身兵力，恢复率#subsk_213274_effect_01#%,0,"3,4",,A,"4,3",受到伤害后，挑衅敌军；受到陷入挑衅状态下敌军造成的伤害，恢复自身兵力,122,子技能（有益）,0
200275,200275,6,59,5,0,100,100,20027501,0,2,0,0,0,0,心战为上,使我军全体每对敌军造成一次伤害时，伤害目标士气降低5点，我军全体累计可触发9次；使我军全体对敌军造成攻击伤害后，借此恢复相当于伤害值#subsk_212275_effect_01#%（受谋略属性影响）的兵力,我军全体,"4,3",,A,,我军全体每对敌军造成一次伤害，使其士气降低；使我军全体对敌军造成攻击伤害后，借此伤害恢复自身兵力,122,子技能（有益）,0
200276,200276,4,50,5,0,100,100,20027601,4,2,0,0,0,0,除恶务尽,前三回合，令我军全体处于怯战状态下的武将受到的所有伤害降低#effect_01#%；战斗开始后第四回合起，使我军全体每回合有#prob_param_02#几率可以进行两次普通攻击，持续至战斗结束,我军全体,"4,",,S,3,前三回合使我军处于怯战的武将受到伤害降低；第四回合起，使我军全体处于连击状态,424,处于怯战状态受伤害降低,0
200277,200277,6,59,5,0,100,100,20027701,0,2,0,0,0,0,守静却敌,使我军全体受到的恢复效果提升#subsk_200277_effect_01#%（受谋略属性影响）；在第六回合、第八回合开始时，使我军全体对随机敌军单体造成一次策略伤害（伤害率#subsk_210277_effect_12#%，受谋略属性影响），每当我军武将受到一次恢复效果，使受到恢复的武将造成【守静却敌】的策略伤害时，伤害提升#subsk_200277_effect_02#%（受谋略属性影响），伤害提升效果至多可叠加15次,我军全体,"2,3",,A,,使我军全体受到的恢复效果提升；在第6、8回合，使我军全体对随机单体造成一次策略攻击伤害，我军全体受到的恢复次数越多，造成的伤害越高,281,受到恢复效果提高,0
200278,200278,6,59,5,0,100,100,20027801,0,2,0,0,0,0,佐命晋武,战斗开始后，我军全体士气提升时，造成的所有伤害提升#subsk_212278_effect_01#%（受谋略属性影响），持续至战斗结束，此效果最多叠加8次；每回合结束时，为我军兵力最低单体恢复2次兵力（恢复率#subsk_211278_effect_01#%，受谋略属性影响），每次目标独立判定,我军全体,"4,3",,A,,我军全体士气提升时，使其造成的伤害提升；回合结束后，恢复2次我军兵力最低单体的兵力，每次目标独立判定,122,子技能（有益）,0
200279,200279,6,59,5,0,30,65,20027901,0,3,0,0,0,0,奇门遁甲,使自身随机发动除自身外的敌我全体所有主动战法中的1个，跳过全部准备回合,自己,"4,",,A,,使自身随机发动除自身外的敌我全体所有主动战法中的1个，跳过全部准备回合,77,标记,0
200280,200280,4,50,1,0,100,100,20028001,4,1,0,0,0,0,令无空悬,战斗中，自身每次试图发动主动战法时，使造成的下一次主动战法伤害提升#subsk_210280_effect_01#%，此效果最多叠加@4@次；第1、3、5、7回合自身行动时，本回合内造成攻击或策略攻击伤害的主动战法发动率提升#subsk_211280_effect_02#%,0,"4,",,A,3,试图发动主动战法时，使下一次主动战法伤害提升；第1、3、5、7回合行动时，造成伤害的主动战法发动率提升,122,子技能（有益）,0
200281,200281,2,30,1,0,100,100,20028101,0,1,0,0,0,0,怯懦,过于胆怯，无法行动,0,"4,",,C,,过于胆怯，无法行动,901,无法行动,0
200282,200282,6,59,5,0,100,100,20028201,0,2,0,0,0,0,其徐如林,我军全体在正式回合后施加的策略伤害，在生效时会对目标相邻的敌军额外造成一次策略伤害（伤害率为原伤害率的#effect_12#%，受谋略属性影响），此比例每回合结束时额外提升#effect_03#%（受谋略属性影响），可叠加，持续至战斗结束,我军全体,"4,",,S,,我军全体造成策略伤害后，会对目标相邻的武将额外造成一定比例的伤害，此效果每回合提升,122,子技能（有益）,0
200283,200283,6,59,5,0,50,50,20028311,0,3,0,0,0,0,自擅江表,对友军群体发动一次攻击（伤害率#effect_01#%）并恢复自身一定兵力（恢复率#effect_11#%，受谋略属性影响），随后对敌军群体发动一次猛烈的策略攻击（伤害率#effect_21#%，受谋略属性影响），每次发动后，此策略攻击的伤害率增加#effect_32#%（受谋略属性影响），可叠加，持续至战斗结束,敌我群体,"2,1","11,21,41,51",S,,对友军群体发动一次攻击并恢复自身一定兵力，随后对敌军群体发动一次猛烈的攻击,401,急救,0
200284,200284,6,59,5,0,70,70,20028401,0,3,0,0,0,0,威震河朔,对敌军群体发动一次^策略攻击^（伤害率#effect_01#%，^受谋略属性影响^），使自身与友军单体的主动战法伤害提升#effect_12#%（受^谋略^属性影响），持续#available_round_12#。此战法每发动一次，其发动率降低#effect_24#%,0,"2,","21,51",A,,对敌军群体造成一次攻击伤害，使自身与友军单体造成的主动战法伤害提升,302,策略攻击伤害,0
200286,200286,6,59,5,0,100,100,20028601,0,2,0,0,0,0,知人待士,每回合行动时，有#prob_param_01#几率触发以下两种效果，两者独立判断：可使我军兵力最低单体恢复一定兵力（恢复率#subsk_210286_effect_01#%，受谋略属性影响）并使其受到所有伤害减少#subsk_210286_effect_02#%（受谋略属性影响），持续#subsk_210286_available_round_02#；可使自身对敌军兵力最低单体发动一次策略攻击（伤害率#subsk_211286_effect_01#%，受谋略属性影响），并使我军攻击属性最高单体对敌军单体发动一次攻击（伤害率#subsk_212286_effect_01#%）,我军单体,"3,4",,A,"4,3",每回合有几率恢复我军兵力并使其受到伤害减少，有几率使自身和友军单体对敌军发动一次攻击,122,子技能（有益）,0
200287,200287,6,59,5,0,40,40,20028701,0,3,0,0,0,0,举义诛暴,对敌军群体发动一次攻击（伤害率#effect_01#%），并使其全属性下降#effect_02#%（受攻击属性影响），敌军群体受到下@2@次伤害时，都有#subsk_210287_prob_param_01#几率陷入怯战、犹豫、混乱、暴走状态之一，持续#subsk_210287_available_round_01#,0,"1,","11,51",A,1,对敌军群体发动一次攻击，并使其全属性下降，并在受到伤害时有几率陷入怯战、犹豫、混乱、暴走状态,301,攻击伤害,0
200288,200288,6,59,5,0,100,100,20028801,0,1,0,0,0,0,勇挚刚毅,自身受到攻击伤害后，有#prob_param_01#几率对敌军单体发动一次攻击（伤害率#subsk_210288_effect_01#%），自身受到策略攻击伤害后，有#prob_param_02#几率对敌军群体发动一次攻击（伤害率#subsk_211288_effect_01#%）；当自身兵力首次低于初始兵力的@90%@、@80%@、@70%@和@60%@时，造成的攻击伤害提升#subsk_212288_effect_01#%（受攻击属性影响），受到恢复效果提升#subsk_212288_effect_02#%（受防御属性影响），此效果最多叠加@4@次；,0,"1,",,S,1,自身受到攻击伤害后，有几率对敌军单体发动一次攻击，自身受到策略攻击伤害后，有几率对敌军群体发动一次攻击，自身兵力降低时，造成的攻击伤害和受到的恢复效果提升,122,子技能（有益）,0
200289,200289,4,50,5,0,100,100,20028901,0,1,0,0,0,0,先声夺人,前3回合，每回合自身行动时有#subsk_210289_prob_param_01#几率回合内获得以下效果：进入连击状态；进入分兵状态（伤害率#subsk_210289_effect_02#%）；对敌军单体造成一次攻击伤害（伤害率#subsk_211289_effect_01#%）。每种效果独立判定,自己,"1,4",,A,"1,3",前3回合行动时有几率进入连击、分兵状态，有几率对敌军单体造成一次攻击伤害,122,子技能（有益）,0
200290,200290,6,59,5,0,100,100,20029001,0,1,0,0,0,0,九伐中原,自身发动主动战法后会对敌军群体发动一次攻击（伤害率#subsk_210290_effect_01#%）和策略攻击（伤害率#subsk_210290_effect_01#%，受谋略属性影响），本场战斗共计可发动九次；每回合开始时，自身造成所有伤害提升#effect_02#%（受谋略属性影响），可叠加，持续至战斗结束,敌军群体,"2,",,A,,自身发动主动战法后会对敌军群体发动一次攻击伤害和策略攻击伤害，本场战斗共计可发动九次；每回合开始时，自身造成所有伤害提升，持续至战斗结束,122,子技能（有益）,0
200291,200291,4,50,5,0,100,100,20029101,4,2,0,0,0,0,避锐治气,战斗开始后前4回合，我军群体受到伤害时，受到的伤害共计提升幅度每达到50%时，有#prob_param_02#几率触发以下效果：自身恢复一定兵力（恢复率#subsk_211291_effect_21#%），并使敌军随机单体造成的所有伤害降低#subsk_211291_effect_11#%，持续到战斗结束，伤害降低效果最多叠加9次；前4回合每回合结束时，我军群体将额外触发一次以上效果,我军群体（有效距离内2个目标）,"4,3",,S,"3,4",战斗开始后前4回合，我军群体受到伤害时，受到的伤害共计提升幅度每达到50%时，自身恢复一定兵力，并使敌军随机单体造成的所有伤害降低，持续到战斗结束，最多叠加9次；回合结束时，恢复效果和敌军单体伤害降低效果额外生效一次,122,子技能（有益）,0
200292,200292,6,59,6,0,40,40,20029201,4,4,0,0,0,0,万军取首,普通攻击后，对攻击目标再次发动猛烈攻击（伤害率#effect_01#%），第四回合起，会额外对5距离内敌军单体发动一次攻击（伤害率#effect_11#%），同时有#prob_param_21#几率额外对敌方大营再发动一次猛烈攻击（伤害率#subsk_210292_effect_01#%）,0,"1,","14,51",S,1,普通攻击后，对攻击目标再次发动猛烈攻击，第四回合起，会额外对1个敌军单体发动一次攻击，同时有几率额外对敌方大营再发动一次猛烈攻击,301,攻击伤害,0
200293,200293,5,56,5,0,100,100,20029301,4,2,0,0,0,1,定军山,使敌军群体各自首个主动或追击战法的造成的伤害大幅降低。第四回合自身行动时，使我军攻击属性最高单体下@1@次攻击类主动或追击战法发动率提升#subsk_211293_effect_11#%，同时使其主动战法的首次伤害或首次普通攻击有#subsk_211293_effect_17#%几率选中敌军大营$$黄忠发动此战法时，选中敌军大营的几率提升至#subsk_211293_effect_16#%,敌军群体（有效距离内2个目标）,"4,",,S,3,使敌军群体首个主动或追击战法的造成的伤害大幅降低。第四回合自身行动时，使我军攻击属性最高单体下1次攻击类主动或追击战法发动率提升，并使其主动战法的首次伤害或首次普通攻击有几率选中敌军大营,332,主动战法伤害降低,0
200294,200294,6,59,5,0,100,100,20029401,0,2,0,0,0,0,徽言龙凤,友军全体共计造成6次伤害后，使友军全体获得以下效果：士气提升#subsk_212294_effect_01#（受谋略属性影响）；每回合行动时造成的所有伤害提升#subsk_212294_effect_02#%（受谋略属性影响），可叠加；每回合行动时有#subsk_212294_prob_param_04#的几率对随机敌军单体造成1次攻击伤害（伤害率#subsk_213294_effect_01#%）或策略攻击伤害（伤害率#subsk_213294_effect_02#%，受谋略属性影响），由攻击或谋略属性中较高的属性决定,友军全体,"4,",,S,3,友军全体累计造成6次伤害后，友军全体获得以下效果：士气提升；每回合行动时提升伤害并造成一次攻击伤害或谋略伤害，伤害类型由攻击或谋略属性中较高属性决定,122,子技能（有益）,0
200295,200295,6,59,5,0,100,100,20029501,0,2,0,0,0,0,锦车持节,每回合开始前有#effect_02#%几率（受谋略属性影响）使敌军单体本回合内陷入以下两种状态之一：造成所有伤害大幅降低；陷入暴走状态，且攻击距离与主动战法距离-2。以上效果触发后，在回合结束时额外恢复我军兵力最低单体一定兵力（恢复率#subsk_214295_effect_01#%，受谋略属性影响）,敌军单体,"4,3",,S,"3,4",每回合开始前有几率使敌军单体本回合内陷入以下两种状态之一：造成所有伤害大幅降低；陷入暴走状态，且攻击距离与主动战法距离-2。随后恢复我军兵力最低单体一定兵力,122,子技能（有益）,0
200296,200296,6,59,5,0,100,100,20029601,0,2,0,0,0,0,敛微穷极,战斗开始后，令友军全体造成的策略伤害提升#effect_01#%（受谋略属性影响），每回合结束时降低1/6。同时友军全体造成策略伤害时，令其伤害率在原基础的#effect_03#%-#effect_02#%(上限受谋略属性影响）范围随机浮动，浮动范围每回合收敛1/6，最终第六回合收敛至#subsk_214296_effect_25#%(受谋略属性影响），持续到战斗结束,友军全体,"4,",,S,3,令友军全体造成策略伤害提升，每回合结束时降低。令友军全体造成策略伤害的伤害率在一定范围内随机变化，此范围比例每回合收敛,533,策略攻击伤害提高,0
200297,200297,6,59,5,0,100,100,20029701,4,1,0,0,0,0,蛮王御众,"令自身受到的所有伤害降低#effect_01#% (受防御属性影响)，前@2@回合援护友军全体；自身每受到@5@次伤害，则使友军攻击最高单体有#subsk_211297_prob_param_12#几率对敌军群体发动一次攻击（伤害率#subsk_213297_effect_01#%）；若友军兵种为蛮兵/藤甲兵/象兵,则该友军前@3@回合也享受自身来自蛮王御众伤害降低效果的一半，对其援护效果提升至@4@回合，蛮王御众令其发动攻击时，变为必定发动且伤害率额外增加#subsk_213297_effect_01#%。",自己,"4,",,A,"3,1",自身受到伤害降低，前2回合援护友军全体；自身每受到5次伤害令攻击属性最高的友军单体有几率对敌军群体发动一次攻击。若友军兵种为蛮兵/藤甲兵/象兵，则其也获得部分伤害降低效果，且自身援护回合提升，及友军触发的攻击伤害率提升,522,受到攻击伤害降低,0
200298,200298,5,56,5,0,100,100,20029801,4,2,0,0,0,1,七擒七纵,正式回合后，我军群体受到的前@7@次伤害或控制效果，每次都有#subsk_210298_prob_param_12#几率规避或抵御，7次结束后，有#subsk_211298_prob_param_13#几率使造成伤害累计最高的敌军单体下回合造成所有伤害大幅降低$$蜀阵营武将发动此战法时，7次结束后，使造成累计伤害最高的敌军单体下1回合防御属性降低#subsk_214298_effect_03#%,我军群体,"4,",,S,3,我军群体有几率规避伤害或抵御控制效果，随后使敌军造成伤害最高单体下回合造成伤害大幅降低,122,子技能（有益）,0
200299,200299,4,50,5,0,100,100,20029901,4,1,0,0,0,0,恃强淬锋,令自身受到策略伤害降低#subsk_210299_effect_01#%（受攻击属性影响），每次受到策略伤害时，降低@1/5@；每回合开始时或每次造成攻击伤害时，使自身造成的攻击伤害提高#subsk_210299_effect_02#%（受攻击属性影响），此效果最多叠加12次，持续到战斗结束,自己,"4,",,A,3,令自身受到策略类型伤害降低，受伤后减伤逐渐降低，同时每回合开始或造成攻击伤害时，使自身攻击伤害提升,122,子技能（有益）,0
200600,200600,2,30,1,0,100,100,20060001,0,2,0,0,0,0,木材收益提升,提高本场战斗木材收益,0,0,,D,,,601,木材收益提升,0
200601,200601,2,30,1,0,100,100,20060101,0,2,0,0,0,0,钱收益提升,提高本场战斗钱收益,0,0,,D,,,605,钱收益提升,0
200602,200602,2,30,1,0,100,100,20060201,0,2,0,0,0,0,经验提升,提高所有武将本场战斗经验值收益,0,0,,D,,,607,经验值收益提升,0
200603,200603,6,59,5,0,100,100,20060301,0,2,0,0,0,0,白楼独舞,战斗开始后前#available_round_01#，使敌军群体进行攻击和策略攻击时的伤害降低#effect_01#%（受谋略属性影响），此效果结束后，敌军将陷入暴走状态，进行无差别攻击，持续#available_round_03#,0,"4,",,S,,前3回合，使敌军群体造成的伤害降低，此效果结束后，使其陷入暴走状态,532,攻击伤害降低,0
200604,200604,5,49,4,0,35,35,20060401,0,3,0,0,0,0,乱离中宫,移除友军全体的有害效果，并使其攻击属性提高#effect_02#（受谋略属性影响），持续#available_round_02#,0,"4,",,C,,移除友军全体有害效果，并使其攻击属性提升,513,镇静,0
200605,200605,5,49,5,0,35,35,20060512,0,3,0,0,0,0,飘零红颜,以一定兵力为代价，对敌军群体发动一次策略攻击（伤害率#effect_12#%，受谋略属性影响），并使其的攻击距离-1，持续#available_round_13#,0,"2,","21,51",C,,以自身兵力为代价，对敌军群体造成一次策略攻击伤害，并使其攻击距离-1,302,策略攻击伤害,0
200606,200606,5,49,1,0,100,100,20060601,0,2,0,0,0,0,勇将继传,战斗开始后前#available_round_02#，使自身造成的伤害无视规避，在此期间，每回合都有#prob_param_01#进入分兵状态，普通攻击后同时对附近的敌军造成伤害（伤害率#effect_01#%）,0,"4,",,C,,前4回合，使自身造成的伤害无视规避，使自身进入分兵状态,545,分兵,0
200607,200607,6,59,5,0,100,100,20060701,0,2,0,0,0,0,帝临回光,战斗开始后@第3回合@起，以无法恢复兵力为代价，使自身攻击距离+1，并进入分兵状态（伤害率#effect_03#%，受谋略属性影响），同时令敌军群体处于恐慌中，每回合损失一定兵力（伤害率#effect_15#%，受谋略属性影响），持续直到战斗结束，恐慌效果造成的伤害无视规避,0,"1,",,A,,第3回合起，使自身无法恢复兵力，使自身攻击距离+1，并进入分兵状态，同时令敌军群体陷入恐慌状态，恐慌效果造成的伤害无视规避,207,不可回复兵力,0
200608,200608,5,49,1,0,100,100,20060801,0,1,0,0,0,0,陷阵营,战斗中使自身处于洞察状态，免疫混乱、犹豫、怯战、暴走和挑衅效果，攻城属性提高#effect_02#,0,"4,",,B,,使自身处于洞察状态，使自身攻城属性提升,511,洞察,0
200609,200609,5,49,1,0,30,30,20060901,0,3,0,0,0,0,伪帝,以每回合损失自身一定兵力为代价，使攻击属性提高#effect_02#，防御属性提高#effect_03#，持续#available_round_02#,0,"4,",,C,,以自身兵力为代价，使自身攻击属性、防御属性提升,304,恐慌,0
200610,200610,5,49,4,0,35,35,20061001,0,3,0,0,0,0,逆反毒杀,使敌军群体陷入恐慌及怯战状态，每回合损失一定兵力（伤害率#effect_01#%，受谋略属性影响），并且无法发动普通攻击，持续#available_round_02#,0,"2,4","21,31,51",A,,使敌军群体陷入恐慌及怯战状态,304,恐慌,0
200611,200611,5,49,1,0,100,100,20061101,0,2,0,0,0,0,老骥伏枥,战斗开始后@第3回合@直至战斗结束，自身行动时有#prob_param_01#的几率随机使自身的防御属性提高#effect_01#、攻击属性提高#effect_02#，持续@1回合@，或恢复一定兵力（恢复率#effect_03#%）,0,"4,",,B,,第3回合起，自身行动时使自身防御属性和攻击属性提升，或恢复自身兵力,102,防御属性提高,0
200612,200612,5,49,3,1,30,30,20061212,0,3,0,0,0,0,未出战法2,1回合准备时间，以一定兵力为代价，恢复友军全体一定兵力（恢复率#effect_12#%），并使其速度属性提高#effect_13#，持续#available_round_13#,0,0,41,C,,,401,急救,0
200613,200613,5,49,4,0,25,25,20061301,0,3,0,0,0,0,强弓连射,对目标发动2次攻击（伤害率#effect_01#%），并有#prob_param_03#的几率再度对目标发动最多2次攻击（伤害率#effect_03#%）,0,"1,","11,51",B,,对目标造成2次攻击伤害，并对目标再次造成最多2次的攻击伤害,301,攻击伤害,0
200614,200614,5,49,3,0,35,35,20061401,0,3,0,0,0,0,重谋,使我军单体的谋略属性提高#effect_01#（受谋略属性影响），防御属性提高#effect_02#（受谋略属性影响），持续3回合,0,"4,",,C,,使我军单体谋略属性、防御属性提高,103,谋略属性提高,0
200616,200616,5,49,6,0,25,35,20061612,0,4,0,0,0,0,苦肉计,以一定兵力为代价，普通攻击后使目标陷入混乱状态，持续#available_round_12#,0,"4,",34,C,,以自身兵力为代价，普通攻击后，使目标陷入混乱状态,501,混乱,0
200617,200617,5,49,3,0,100,100,20061701,0,2,0,0,0,0,王佐之才,战斗开始后前#available_round_01#，使我军群体受到攻击与策略攻击时的伤害降低#effect_01#%（受谋略属性影响）,0,"4,",,B,,前4回合，使我军群体受到的伤害降低,522,受到攻击伤害降低,0
200618,200618,4,41,1,0,100,100,20061801,0,1,0,0,0,0,高级远攻,自身攻击距离+2，并使攻击属性提高#effect_02#，防御属性提高#effect_03#,0,0,,B,,使自身攻击距离+2，并使自身攻击属性和防御属性提升,106,攻击距离提高,0
200619,200619,4,41,2,0,100,100,20061901,0,1,0,0,0,0,强攻兵法,使自身攻击属性提高#effect_01#（受谋略属性影响）,0,"4,",,C,3,使自身攻击属性提升,101,攻击属性提高,0
200620,200620,4,41,2,0,100,100,20062001,0,1,0,0,0,0,坚守兵法,使自身防御属性提高#effect_01#（受谋略属性影响）,0,"4,",,C,6,使自身防御属性提升,102,防御属性提高,0
200621,200621,4,41,2,0,100,100,20062101,0,1,0,0,0,0,速战兵法,使自身速度属性提高#effect_01#（受谋略属性影响）,0,"4,",,C,3,使自身速度属性提升,104,速度属性提高,0
200622,200622,4,50,1,0,100,100,20062201,0,2,0,0,0,0,不攻,在战斗中无法进行普通攻击，使自身发动策略攻击时造成的伤害提高#effect_02#%，并在每回合都会对有效距离5以内的敌军单体发动一次策略攻击（伤害率#subsk_210622_effect_01#%，受谋略属性影响）,0,"4,",,S,"2,3",自身无法普通攻击，使自身造成的策略伤害提升，并每回合对敌军单体造成策略攻击,952,不能普通攻击,0
200623,200623,5,49,2,0,30,30,20062301,0,3,0,0,0,0,锦马慑敌,对敌军单体发动攻击使其动摇，每回合损失一定兵力（伤害率#effect_01#%），同时每回合有#prob_param_02#的几率陷入混乱，持续#available_round_02#,0,"1,4","11,31,51",A,,使敌军单体陷入动摇状态，并使其陷入混乱状态,303,动摇,0
200624,200624,5,49,1,0,100,100,20062401,0,2,0,0,0,0,轻侠妄为,战斗开始后前#available_round_01#，使自身进入洞察状态，免疫混乱、犹豫、怯战、暴走和挑衅效果，攻击所造成的伤害提高#effect_02#%,0,"4,",,A,,前3回合，使自身进入洞察状态，使自身造成的攻击伤害提高,511,洞察,0
200625,200625,5,49,3,0,100,100,20062512,0,2,0,0,0,0,竭忠,战斗中以自身受到的伤害提高#effect_01#%为代价，使友军全体发动攻击的伤害提高#effect_12#%,0,"4,",,C,,使自身受到的伤害提升，使友军全体造成的攻击伤害提升,531,攻击伤害提高,0
200626,200626,5,49,3,0,100,100,20062612,0,2,0,0,0,0,吴之副督,战斗开始后前#available_round_01#，以降低自身攻击#effect_01#为代价，使友军全体防御属性提高#effect_12#,0,"4,",,B,,前3回合，使自身攻击属性下降，使友军全体防御属性提升,102,防御属性提高,0
200627,200627,5,49,1,0,30,30,20062712,0,3,0,0,0,0,慎兵,使自身攻击距离-1，受到攻击时的伤害降低#effect_12#%，每回合恢复一定兵力（恢复率#effect_13#%），持续#available_round_01#,0,"4,",41,C,,使自身攻击距离-1，使自身受到攻击伤害降低，恢复自身一定兵力,522,受到攻击伤害降低,0
200628,200628,5,49,3,0,30,30,20062801,0,3,0,0,0,0,斧钺之利,移除敌军群体的有益效果，并使其因为受重伤而动摇，每回合产生逃兵（伤害率#effect_02#%），持续#available_round_02#,0,"1,","11,51",B,,移除敌军群体有益效果，使敌军群体陷入动摇状态,512,看破,0
200629,200629,5,49,3,0,100,100,20062901,0,2,0,0,0,0,国士,战斗开始后前#available_round_01#，使自身造成的伤害无视规避，每回合有#prob_param_02#的几率进入洞察状态，免疫混乱、犹豫、怯战、暴走和挑衅效果,0,"4,",,B,,前4回合，使自身造成的伤害无视规避，使自身进入洞察状态,515,无视规避,0
200630,200630,5,49,4,0,35,35,20063001,0,3,0,0,0,0,拔剑护主,使自身受到普通攻击时可以反击（伤害率#effect_01#%），受到攻击和策略攻击的伤害降低#effect_02#%，持续#available_round_01#,0,"4,",,B,,使自身受到普通攻击时反击，使自身受到伤害降低,551,反击,0
200631,200631,5,49,3,0,40,40,20063101,0,3,0,0,0,0,身佑废皇,使友军全体受到攻击的伤害以及发动攻击造成的伤害都降低#effect_01#%（受谋略属性影响），持续#available_round_01#,0,"4,",,C,,使友军全体受到的攻击伤害和造成的攻击伤害降低,522,受到攻击伤害降低,0
200632,200632,3,40,1,0,100,100,20063201,0,1,0,0,0,0,回马,使自身受到普通攻击时能进行反击（伤害率#effect_01#%）,0,"4,",,B,3,使自身受到普通攻击后反击,551,反击,0
200633,200633,5,49,1,0,25,25,20063301,0,3,0,0,0,0,黄须虎子,使自身发动攻击时的伤害提高#effect_01#%，并进入分兵状态，普通攻击后同时对附近的敌军造成伤害（伤害率#effect_02#%），持续#available_round_02#,0,"4,",,A,,使自身造成的攻击伤害提升，并进入分兵状态,531,攻击伤害提高,0
200634,200634,5,49,2,0,35,45,20063401,0,3,0,0,0,0,十二奇策,移除友军单体的有害效果，并使每回合都有#prob_param_04#的几率随机获得洞察、规避、先手状态，持续#available_round_03#，每个效果独立判定,0,"4,",,B,,移除友军单体的有害效果，并使其每回合进入洞察、规避、先手状态，每个效果单独判定,513,镇静,0
200635,200635,3,40,4,0,30,30,20063501,0,3,0,0,0,0,奔袭,对敌军单体发动一次攻击（伤害率#effect_01#%）,0,"1,","11,51",C,1,对敌军单体造成攻击伤害,301,攻击伤害,0
200636,200636,3,40,1,0,100,100,20063601,0,1,0,0,0,0,远攻奇略,自身攻击距离+1，进行策略攻击时的伤害提高#effect_02#%,0,"4,",,C,3,使自身攻击距离提升，使自身造成的策略伤害提升,106,攻击距离提高,0
200637,200637,5,49,1,0,100,100,20063701,0,1,0,0,0,0,悍将,使自身攻击属性、防御属性、谋略属性提高#effect_01#,0,"4,",,B,,使自身攻击属性、防御属性、谋略属性提升,101,攻击属性提高,0
200638,200638,2,30,3,0,30,30,20063801,0,3,0,0,0,0,突击,对敌军单体发动一次攻击（伤害率#effect_01#%）,0,"1,","11,51",D,1,对敌军单体造成攻击伤害,301,攻击伤害,0
200639,200639,2,30,4,0,45,45,20063901,0,3,0,0,0,0,谋攻,对敌军单体发动策略攻击（伤害率#effect_01#%，受谋略属性影响）,0,"2,","21,51",D,2,对敌军单体造成策略攻击,302,策略攻击伤害,0
200640,200640,5,49,2,0,100,100,20064001,0,2,0,0,0,0,以主制客,战斗开始后@第5回合@，使我军全体进行攻击时的伤害提高#effect_01#%，持续直到战斗结束,0,"4,",,B,,第五回合起，使我军全体造成的攻击伤害提升,531,攻击伤害提高,0
200641,200641,5,49,6,0,30,30,20064101,0,4,0,0,0,0,水泽伏击,普通攻击后，对攻击目标发动出其不意的伏击（伤害率#effect_01#%），此攻击有#prob_param_02#的几率再度触发一次,0,"1,","14,51",B,,普通攻击后，对攻击目标再造成一次攻击伤害，并再触发一次,301,攻击伤害,0
200642,200642,5,49,3,0,100,100,20064201,0,1,0,0,0,0,借刀斩叛,每回合有#prob_param_01#的几率对敌军单体发动一次猛攻（伤害率#subsk_210642_effect_12#%），但此后将无法再发动主动战法，持续#subsk_210642_available_round_01#,敌军单体,"1,",,B,,每回合对敌军单体造成一次攻击伤害，使自身无法发动主动战法,122,子技能（有益）,0
200643,200643,4,50,1,0,100,100,20064301,0,1,0,0,0,0,愈战愈勇,使自身进行攻击的伤害提高#effect_01#%，此效果每回合开始时额外叠加一次，持续直到战斗结束,0,"4,",,A,3,每回合提升自身攻击伤害,531,攻击伤害提高,0
200644,200644,4,50,1,0,100,100,20064401,0,1,0,0,0,0,步步为营,使自身受到的所有伤害降低#effect_01#%，此效果每回合开始时额外叠加一次，持续直到战斗结束,0,"4,",,A,6,使自身受到的伤害降低，每回合效果累加,522,受到攻击伤害降低,0
200645,200645,4,50,1,0,100,100,20064501,0,1,0,0,0,0,深谋远虑,使自身进行策略攻击的伤害提高#effect_01#%，此效果每回合开始时额外叠加一次，持续直到战斗结束,0,"4,",,A,3,每回合使自身造成的策略伤害提升,533,策略攻击伤害提高,0
200646,200646,4,50,1,0,100,100,20064601,0,2,0,0,0,0,疾风迅雷,战斗中能够优先行动，@第3回合@开始，当普通攻击命中目标后将有#subsk_210646_prob_param_01#的几率使其混乱，持续#subsk_210646_available_round_01#,0,"4,",,B,"3,5",自身优先行动，第3回合后，普通攻击使目标陷入混乱状态,761,先手(预备),0
200647,200647,4,50,5,1,30,30,20064701,0,3,0,0,0,0,一骑当千,#prepare#准备，对敌军全体发动一次猛烈攻击（伤害率#effect_01#%）,0,"1,","11,51",S,1,1回合准备，对敌军全体造成大量攻击伤害,301,攻击伤害,0
200648,200648,6,59,5,0,100,100,20064801,0,2,0,0,0,0,白衣渡江,战斗开始后前#available_round_01#，使敌军群体无法进行普通攻击，在此效果结束后，将对敌军全体发动一次强力策略攻击（伤害率#effect_23#%，受谋略属性影响），造成的伤害无视规避,0,"2,4",,S,,前2回合，使敌军群体无法进行普通攻击，此效果结束后，对敌军全体造成一次策略攻击伤害，此伤害无视规避,752,怯战(预备),0
200649,200649,5,49,5,0,100,100,20064901,0,2,0,0,0,0,怯弱,战斗开始后前#available_round_01#，使敌军单体攻击距离-1，进行策略攻击时的伤害下降#effect_02#%（受谋略属性影响）,0,"4,",,D,,前3回合，使敌军单体攻击距离-1，使其造成的策略攻击伤害降低,206,攻击距离降低,0
200650,200650,5,49,5,0,30,40,20065012,0,3,0,0,0,0,存嗣流愿,以一定兵力为代价，使友军全体在受到下#available_hit_12#攻击时进入规避状态，可以免疫伤害,0,"4,",,B,,使友军全体受到下1次攻击时进入规避状态,714,规避(预备),0
200651,200651,5,49,5,0,35,35,20065112,0,3,0,0,0,0,妒后,窃取敌军群体#effect_01#防御（受谋略属性影响），并平均增加至我军群体，持续#available_round_12#,0,"4,",,C,,窃取敌军群体防御属性，平均增加至我军群体,102,防御属性提高,0
200652,200652,6,59,5,0,25,40,20065201,0,3,0,0,0,0,双艳,使敌军群体陷入暴走状态，并有#prob_param_02#的几率使其攻击距离-1，持续#available_round_02#,0,"4,",31,A,,使敌军群体陷入暴走状态，并使其攻击距离-1,503,暴走,0
200653,200653,5,49,3,0,30,30,20065301,0,3,0,0,0,0,南中平蛮,对敌军单体发动攻击使其动摇，每回合产生逃兵（伤害率#effect_01#%），持续#available_round_01#，在此期间，其防御会下降#effect_02#,0,"1,","11,51",B,,使敌军单体陷入动摇状态，并使其防御属性下降,303,动摇,0
200654,200654,5,49,1,0,100,100,20065412,0,1,0,0,0,0,安途若素,以进行策略攻击时伤害下降#effect_01#%为代价，使自身防御增加#effect_12#，受到策略攻击时的伤害下降#effect_13#%,0,"4,",,C,,使自身造成的策略攻击伤害降低，使自身防御属性提升，使自身受到的策略攻击伤害降低,102,防御属性提高,0
200655,200655,6,59,1,0,120,120,20065501,0,3,0,0,0,0,虎步关右,使自身首次造成的攻击伤害提高#effect_01#%（受速度属性影响）$$$使自身首次造成的^主动战法伤害^提高#effect_01#%（受速度属性影响），^此效果最多叠加2次^,0,"4,",,B,,使自身首次造成的攻击伤害提升$$$使自身首次造成的^主动战法伤害^提高，^叠加2次^,531,攻击伤害提高,0
200656,200656,5,49,3,0,30,30,20065601,0,3,0,0,0,0,经久善战,使我军全体防御属性提高#effect_01#，持续#available_round_01#,0,"4,",,C,,使我军全体防御属性提升,102,防御属性提高,0
200657,200657,5,49,3,0,30,30,20065701,0,3,0,0,0,0,蜀中老将,使我军全体攻击属性提高#effect_01#，持续#available_round_01#,0,"4,",,C,,使我军全体攻击属性提升,101,攻击属性提高,0
200658,200658,4,50,6,0,25,30,20065801,0,4,0,0,0,0,钝兵挫锐,普通攻击后，对攻击目标再次发动猛攻（伤害率#effect_01#%），并使其无法进行普通攻击，持续#available_round_02#,0,"1,","14,34,51",A,"1,5",对普通攻击目标造成攻击伤害，并使攻击目标陷入怯战状态,301,攻击伤害,0
200659,200659,4,50,6,0,25,30,20065901,0,4,0,0,0,0,怯心夺志,普通攻击后，对攻击目标再次发动猛攻（伤害率#effect_01#%），并使其无法发动主动战法，持续#available_round_02#,0,"1,","14,34,51",A,"1,5",对普通攻击目标造成攻击伤害，并使攻击目标陷入犹豫状态,301,攻击伤害,0
200660,200660,5,49,1,0,100,100,20066001,0,1,0,0,0,0,殉战,使自身攻击属性提高#effect_01#，防御属性提高#effect_02#，但受到攻击时的伤害提高#effect_03#%,0,"4,",,C,,使自身攻击属性、防御属性提升，使自身受到的攻击伤害提升,101,攻击属性提高,0
200661,200661,5,49,3,0,30,30,20066101,0,3,0,0,0,0,誓卫,援护我军群体，并以无法发动攻击为代价，使自身受到攻击时的伤害下降#effect_13#%，持续#available_round_13#,0,"4,",,C,,援护我军全体，使自身无法普通攻击，使自身受到的攻击伤害降低,504,援护,0
200662,200662,5,49,1,0,100,100,20066201,0,1,0,0,0,0,困守,因处于被围困状态而无法恢复兵力，自身发动攻击和策略攻击所造成的伤害提高#effect_01#%,0,"4,",,C,,使自身无法恢复兵力，使自身造成的伤害提升,531,攻击伤害提高,0
200663,200663,3,31,3,0,100,100,20066301,0,2,0,0,0,0,云梯,在本场战斗中使我军步兵全体攻城属性提高#effect_01#（受谋略属性影响）,0,"4,",,D,3,使我军全体步兵攻城属性提升,105,攻城属性提高,0
200664,200664,3,31,3,0,100,100,20066401,0,2,0,0,0,0,洞察之策,战斗开始后前#available_round_01#，使我军群体进入洞察状态，免疫混乱、犹豫、怯战、暴走和挑衅效果，防御属性提高#effect_02#,0,0,,A,,前2回合，使我军群体进入洞察状态，并使其防御属性提升,511,洞察,0
200665,200665,3,40,1,0,35,35,20066501,2,3,0,0,0,0,抢攻,使自身进行攻击的伤害提高#effect_01#%（受速度属性影响），并且可以优先行动，持续#available_round_01#,0,"4,",,C,3,使自身造成的攻击伤害提升，并优先行动,531,攻击伤害提高,0
200666,200666,3,31,4,0,30,30,20066601,0,3,0,0,0,0,游击,使敌军单体陷入动摇，每回合产生逃兵（伤害率#effect_01#%），持续#available_round_01#,0,"1,","11,51",C,1,使敌军单体陷入动摇状态,303,动摇,0
200667,200667,3,31,3,0,30,30,20066701,0,3,0,0,0,0,褒赏,使友军单体进行攻击时的伤害提高#effect_01#%（受谋略属性影响），并进入洞察状态，免疫混乱、犹豫、怯战、暴走和挑衅效果，持续#available_round_01#,0,0,,D,,使友军单体造成的攻击伤害提升，并进入洞察状态,531,攻击伤害提高,0
200668,200668,3,31,3,0,30,30,20066801,0,3,0,0,0,0,定计,使友军单体进行策略攻击时的伤害提高#effect_01#%（受谋略属性影响），并进入洞察状态，免疫混乱、犹豫、怯战、暴走和挑衅效果，持续#available_round_01#,0,0,,D,,使友军单体造成的策略攻击伤害提升，并进入洞察状态,533,策略攻击伤害提高,0
200669,200669,3,31,3,0,30,30,20066901,0,3,0,0,0,0,戒备,使友军全体受到攻击的伤害降低#effect_01#%（受谋略属性影响），持续#available_round_01#,0,"4,",,D,,使友军全体受到的攻击伤害降低,522,受到攻击伤害降低,0
200670,200670,3,31,3,0,30,30,20067001,0,3,0,0,0,0,谨言,使友军全体受到策略攻击的伤害降低#effect_01#%（受谋略属性影响），持续#available_round_01#,0,"4,",,D,3,使友军全体受到的策略伤害降低,524,受到策略攻击伤害降低,0
200671,200671,3,40,3,0,30,30,20067101,0,3,0,0,0,0,设伏,对敌军群体发动一次攻击（伤害率#effect_01#%）,0,"1,","11,51",C,1,对敌军群体造成策略攻击,301,攻击伤害,0
200672,200672,3,40,4,0,45,45,20067201,0,3,0,0,0,0,雀伏,对敌军单体发动一次策略攻击（伤害率#effect_01#%，受谋略属性影响）,0,"2,","21,51",C,2,对敌军单体造成策略攻击,302,策略攻击伤害,0
200673,200673,4,50,3,0,40,40,20067301,0,3,0,0,0,0,掎角之势,对敌军单体发动一次攻击（伤害率#effect_01#%）和一次策略攻击（伤害率#effect_12#%，受谋略属性影响），每次攻击的目标独立判定,0,"1,2","11,21,51",A,"1,2",对敌军单体造成攻击伤害和策略攻击,301,攻击伤害,0
200674,200674,4,50,3,0,100,100,20067401,0,2,0,0,0,0,一夫当关,战斗开始后前#subsk_210674_available_round_01#，援护友军全体，使自身受到攻击时的伤害降低#subsk_210674_effect_01#%（受防御属性影响），仅对自身处于前锋位置时生效,0,"4,",,A,6,前2回合，援护友军全体，并降低自身受到的伤害,122,子技能（有益）,0
200676,200676,4,50,4,1,35,35,20067601,0,3,0,0,0,0,雄兵破敌,#prepare#准备，对敌军群体发动一次攻击（伤害率#effect_01#%），并使其防御、谋略属性降低#effect_02#，持续#available_round_02#,0,"1,","11,51",A,"1,3",1回合准备，对敌军群体造成攻击伤害，使其防御、谋略属性降低,301,攻击伤害,0
200677,200677,6,59,4,0,45,45,20067701,0,3,0,0,0,0,险途暗渡,对敌军群体发动一次攻击（伤害率#effect_01#%），并使其陷入动摇状态，每回合产生逃兵（伤害率#effect_02#%），持续#available_round_02#，同时使其士气降低#effect_03#$$$对敌军群体发动一次攻击（伤害率#effect_01#%），并使其陷入动摇状态，每回合产生逃兵（伤害率#effect_02#%），持续#available_round_02#，同时使其士气降低#effect_03#。^敌军全体每有一个士气一般的武将，使我军单体士气提升^#subsk_212677_effect_01#，^每有一个士气低落的武将，使我军单体士气提升^#subsk_213677_effect_01#,敌军群体（有效距离内2个目标）,"1,","11,51",A,,"对敌军群体造成一次攻击伤害，并使其陷入动摇状态，并使其士气下降$$$对敌军群体造成一次攻击伤害，并使其陷入动摇状态，并使其士气下降,^根据敌军士气状态，额外提升我军士气^",301,攻击伤害,0
200678,200678,5,49,2,0,100,100,20067801,0,2,0,0,0,0,名士在野,战斗中，使友军全体谋略属性提高#effect_01#，每回合有#prob_param_02#的几率使其受到攻击的伤害下降#effect_02#%（受谋略属性影响），持续@1回合@,0,"4,",,C,,使友军全体谋略属性提升，使其受到的攻击伤害降低,103,谋略属性提高,0
200679,200679,5,49,5,0,35,35,20067901,0,3,0,0,0,0,尽忠迎驾,挑衅敌军单体使其攻击属性降低#effect_02#（受谋略属性影响），持续#available_round_01#，同时自身进入规避状态，免疫接下来受到的#available_hit_13#伤害,0,"4,",,C,,挑衅敌军单体，并使其攻击属性降低，同时使自身进入规避状态,505,挑衅,0
200680,200680,6,59,3,0,120,120,20068001,0,3,0,0,0,0,定军扬威,对敌军群体发动一次攻击（伤害率#effect_01#%）并进行挑衅，同时使自身受到攻击的伤害降低#effect_23#%（受防御属性影响）$$$^战法距离提升至4，^对敌军群体发动一次攻击（伤害率#effect_01#%）并进行挑衅，同时使自身受到攻击^和策略攻击^时的伤害降低#effect_23#%（受防御属性影响）,敌军群体（有效距离内1-2个目标）,"1,4","11,51",A,,对敌军群体造成一次攻击伤害，并挑衅，使自身受到的攻击伤害降低$$$对敌军群体造成一次攻击伤害，并挑衅，使自身受到的攻击^和策略攻击^伤害降低,301,攻击伤害,0
200681,200681,6,59,4,0,35,35,20068101,0,3,0,0,0,0,虎痴嗔怒,使敌军攻击属性最高武将的攻击、防御、谋略、速度属性全部降低#effect_02#%（受攻击属性影响），持续#available_round_02#，并对其发动一次猛攻（伤害率#effect_09#%）$$$使敌军攻击属性最高武将的攻击、防御、谋略、速度属性全部降低#effect_05#%（受攻击属性影响），持续#available_round_05#，并对其发动一次猛攻（伤害率#effect_09#%）,0,"1,4","11,51",B,,使敌军攻击属性最高的武将的全属性降低，并对其造成一次攻击伤害,201,攻击属性降低,0
200682,200682,5,49,5,0,40,40,20068201,0,3,0,0,0,0,猜忌,使敌军单体防御属性降低#effect_01#（受谋略属性影响）、速度属性降低#effect_02#（受谋略属性影响），持续#available_round_01#，在此期间，每回合开始时都会移除其有益状态,0,"4,",,C,,使敌军单体防御属性、速度属性降低，在此期间每回合移除其有益状态,202,防御属性降低,0
200683,200683,4,41,3,0,40,40,20068301,0,3,0,0,0,0,伐谋,对敌军单体发动一次猛烈的策略攻击（伤害率#effect_01#%，受谋略属性影响），并使其攻击属性、谋略属性下降#effect_02#（受谋略属性影响），持续#available_round_02#,0,"2,","21,51",A,"2,3",对敌军单体造成策略攻击， 并使其攻击、谋略属性降低,302,策略攻击伤害,0
200684,200684,4,50,4,0,40,40,20068401,0,3,0,0,0,0,道行险阻,使敌军单体防御属性降低#effect_01#（受攻击属性影响）、谋略属性降低#effect_02#（受谋略属性影响），持续#available_round_01#，同时在目标下一次行动前对其发动一次策略攻击（伤害率#effect_03#%，受谋略属性影响）和一次攻击（伤害率#effect_04#%）,0,"1,2","11,21,51",A,"1,2,3",使敌军单体防御、谋略属性降低，并在其下1次行动前对其造成攻击伤害和策略攻击,202,防御属性降低,0
200685,200685,6,59,4,0,120,120,20068501,0,3,0,0,0,0,黄天余音,吸取敌军单体#effect_01#的全属性（受谋略属性影响）并附加于自身与友军单体，持续#available_round_01#,0,"4,",,A,,吸取敌军单体全属性，并附加于自身与友军单体,201,攻击属性降低,0
200686,200686,5,49,4,0,40,40,20068601,0,3,0,0,0,0,符医术毒,对敌军单体发动一次策略攻击（伤害率#effect_01#%，受谋略属性影响）并使其攻击属性降低#effect_02#，持续#available_round_02#，同时有#prob_param_13#的几率为友军单体恢复一定兵力（恢复率#effect_13#%，受谋略属性影响）,0,"2,3","21,41,51",B,,对敌军单体造成一次策略攻击伤害，并使其攻击属性降低，并恢复友军单体兵力,302,策略攻击伤害,0
200687,200687,4,50,5,0,100,100,20068701,0,2,0,0,0,0,始计,战斗前#available_round_01#，在自身行动前，使我军大营下一次攻击或策略攻击时的伤害提高#subsk_212687_effect_01#%（受谋略属性影响），敌方兵力最多单体下一次攻击或策略攻击时的伤害降低#subsk_211687_effect_01#%（受谋略属性影响），并在自身受到攻击或策略攻击伤害后，于本回合内进入洞察状态，免疫混乱、犹豫、怯战、暴走和挑衅效果,0,"4,",,S,3,前4回合，使我军大营造成的伤害增加，使敌军造成伤害降低，自身受到攻击后进入洞察状态,122,子技能（有益）,0
200688,200688,4,41,3,0,40,40,20068801,0,3,0,0,0,0,合流,为自身与友军单体恢复一定兵力（恢复率#effect_01#%，受谋略属性影响）,0,"3,",41,B,4,为自身与友军单体恢复兵力,401,急救,0
200689,200689,6,59,1,0,100,100,20068901,0,1,0,0,0,0,不动如山,战斗中，行动时会移除所有有害效果，同时防御属性提高#effect_02#，谋略属性提高#effect_03#$$$战斗中，行动时会移除所有有害效果，同时^全属性提高^#effect_02#,0,"4,",,A,,行动时移除自身所有有害效果，使自身防御属性、谋略属性提升$$$行动时移除自身所有有害效果，使自身^所有属性^提升,713,镇静(预备),0
200690,200690,4,41,4,0,50,50,20069001,0,3,0,0,0,0,闪击,对敌军群体发动一次攻击（伤害率#effect_12#%），并使敌军单体进行下一次攻击的伤害大幅度降低,敌军群体（有效距离内2个目标）,"1,","11,51",B,"1,3",对敌军群体造成攻击伤害，使其造成的攻击伤害降低,532,攻击伤害降低,0
200691,200691,4,50,5,0,100,100,20069112,0,2,0,0,0,0,白刃,战斗开始后前#available_round_01#，使敌我全军进行策略攻击的伤害降低#effect_01#%，我军全体骑兵及步兵防御属性提高#effect_23#，此效果结束后，攻击属性提高#effect_24#，持续#available_round_24#,0,"4,",,A,3,前3回合，使敌我全体造成的策略伤害降低，使我军全体骑兵步兵防御属性和攻击属性提升,534,策略攻击伤害降低,0
200692,200692,6,59,5,0,35,35,20069223,0,3,0,0,0,0,奇佐鬼谋,使自身和友军单体谋略属性提高#effect_01#%，并使敌军群体随机陷入混乱、暴走、怯战、犹豫状态中的1种，持续#available_round_23#,0,"4,",31,S,,使自身和友军单体谋略属性提升，并使敌军群体随机陷入混乱、暴走、怯战、犹豫状态中的1种,501,混乱,0
200693,200693,6,59,5,0,35,35,20069301,0,3,0,0,0,0,密谋定蜀,使敌军群体进行攻击和策略攻击的伤害降低#effect_01#%（受谋略属性影响），并陷入恐慌（伤害率#effect_03#%，受谋略属性影响），每当其试图发动追击战法将额外受到妖术诅咒（伤害率#effect_04#%，受谋略属性影响），持续#available_round_01#；每次发动后，自身造成策略攻击伤害提升#effect_15#%（受谋略属性影响），可叠加，持续到战斗结束,0,"2,","21,51",S,,使敌军群体造成的伤害降低，并使其陷入恐慌状态，其试图发动追击战法，将额外陷入妖术状态；使自身造成的策略攻击伤害提升,532,攻击伤害降低,0
200694,200694,6,59,5,1,40,40,20069401,0,3,0,0,0,0,火势风威,#prepare#准备，对敌军全体发动策略攻击（伤害率#effect_01#%，受谋略属性影响），并使其在受到下一次伤害时，会额外引发一次燃烧（伤害率#effect_02#%，受谋略属性影响）,0,"2,","21,51",S,,1回合准备，对敌军全体造成一次策略攻击伤害，并使其在受到下一次伤害时，引发一次燃烧伤害,302,策略攻击伤害,0
200695,200695,3,40,1,0,35,35,20069501,2,3,0,0,0,0,拒盾,使自身受到攻击和策略攻击的伤害降低#effect_01#%（受防御属性影响），持续#available_round_01#,0,"4,",,C,6,使自身受到的伤害降低,522,受到攻击伤害降低,0
200696,200696,3,40,3,0,35,35,20069601,2,3,0,0,0,0,迫近,使敌军群体进行攻击的伤害降低#effect_01#%（受防御属性影响），持续#available_round_01#,0,"4,",,C,3,使敌军群体造成的攻击伤害降低,532,攻击伤害降低,0
200697,200697,3,40,1,0,35,35,20069701,2,3,0,0,0,0,退避,使自身受到攻击和策略攻击的伤害降低#effect_01#%（受速度属性影响），持续#available_round_01#,0,"4,",,C,6,使自身受到的伤害降低,522,受到攻击伤害降低,0
200698,200698,3,40,4,0,35,35,20069801,2,3,0,0,0,0,截断,使敌军群体受到攻击的伤害提高#effect_01#%（受速度属性影响），持续#available_round_01#,0,"4,",,C,3,使敌军群体受到的攻击伤害提升,521,受到攻击伤害提高,0
200699,200699,5,49,3,0,40,40,20069901,0,3,0,0,0,0,疾行速战,对敌军单体发动一次攻击（伤害率#effect_01#%），并使其进行攻击的伤害降低#effect_02#%（受速度属性影响），持续#available_round_02#,0,"1,","11,51",C,,对敌军单体造成一次攻击伤害，并使其造成的攻击伤害降低,301,攻击伤害,0
200700,200700,5,49,2,0,40,40,20070012,0,3,0,0,0,0,斩将搴旗,对敌军单体发动一次猛攻（伤害率#effect_12#%），但此后将无法进行普通攻击，持续#available_round_01#,0,"1,","11,51",C,,对敌军单体造成一次攻击伤害，使自身无法进行普通攻击,301,攻击伤害,0
200701,200701,5,49,4,0,40,40,20070101,0,3,0,0,0,0,据凉通叛,移除敌军群体有益效果，并使其陷入恐慌（伤害率#effect_02#%，受谋略属性影响），每回合损失一定兵力，持续#available_round_02#,0,"2,","21,51",C,,移除敌军群体有益效果，并使其陷入恐慌状态,512,看破,0
200702,200702,5,49,1,0,40,40,20070201,0,3,0,0,0,0,先登死士,使自身谋略属性降低#effect_01#，进入洞察状态，免疫怯战、犹豫、混乱、暴走、挑衅，受到攻击可以进行反击（伤害率#effect_03#%），持续#available_round_01#,0,"4,",,C,,使自身谋略属性降低，使自身进入洞察装填，使自身受到攻击时可以反击,203,谋略属性降低,0
200703,200703,5,49,3,0,100,100,20070301,0,2,0,0,0,0,北疆白马,战斗开始后前#available_round_01#，使我军全体骑兵攻击属性提高#effect_01#，速度属性提高#effect_02#,0,"4,",,C,,前3回合，使我军全体骑兵攻击属性和速度属性提升,101,攻击属性提高,0
200704,200704,6,59,5,1,40,40,20070401,0,3,0,0,0,0,银龙孤胆,#prepare#准备，对随机敌军单体发动7次攻击（首次伤害率#effect_01#%），每次目标独立判定，每次伤害率都递增7%,0,"1,","11,51",A,,1回合准备，对随机敌军单体造成7次攻击伤害，每次伤害率递增,301,攻击伤害,0
200705,200705,6,59,3,0,120,120,20070501,0,3,0,0,0,0,定军绝战,对敌军单体发动一次攻击（伤害率#effect_01#%）,0,"1,","11,51",B,,对敌军单体造成一次攻击伤害,301,攻击伤害,0
200706,200706,6,59,6,0,40,40,20070601,0,4,0,0,0,0,方阵掩杀,普通攻击后，对攻击目标再次发动猛攻（伤害率#effect_01#%），并使其进行下一次攻击的伤害大幅度降低,0,"1,4","14,51",A,,普通攻击后，对攻击目标再造成一次攻击伤害，并使其下一次造成的攻击伤害大幅度降低,301,攻击伤害,0
200707,200707,6,59,2,0,35,35,20070701,0,3,0,0,0,0,中郎尽瘁,使自身进行攻击造成的伤害大幅度降低，受到主动、追击战法的伤害降低#effect_02#%（受防御属性影响），并援护友军全体为其抵挡攻击，若自身处于士气高昂时，使自身进入休整状态，恢复一定兵力（恢复率#effect_05#%，受防御属性影响）持续#available_round_01#,0,"4,3",41,B,,使自身造成的攻击伤害大幅度降低；使自身受到主动、追击战法的伤害降低，援护友军全体；若自身处于士气高昂状态，使自身进入休整状态,532,攻击伤害降低,0
200708,200708,6,59,3,0,120,120,20070801,0,3,0,0,0,0,幽兰洛神,恢复友军单体一定兵力（恢复率#effect_01#%，受谋略属性影响），并使其受到普通攻击的伤害降低#effect_02#%（受谋略属性影响）,0,"3,",41,A,,恢复友军单体兵力，使其受到普通攻击的伤害降低,401,急救,0
200709,200709,5,49,3,0,35,35,20070913,0,3,0,0,0,0,麦城追殇,以一定兵力为代价，使自身发动主动战法的伤害提高#effect_02#%，并对敌军群体发动一次猛攻（伤害率#effect_13#%），持续#available_round_02#,0,"1,","11,51",C,,以自身兵力为代价，使自身主动战法造成的伤害提升，并对敌军群体造成一次攻击伤害,301,攻击伤害,0
200710,200710,5,49,3,1,40,40,20071012,0,3,0,0,0,0,恶来当道,#prepare#准备，使自身进行攻击的伤害提高#effect_01#%（受防御属性影响），对敌军群体发动一次攻击（伤害率#effect_12#%），并对敌军弓兵额外发动一次攻击（伤害率#effect_23#%）,0,"1,","11,51",B,,1回合准备，使自身造成的攻击伤害提升，对敌军群体造成一次攻击伤害，并对敌军弓兵额外造成一次攻击伤害,301,攻击伤害,0
200711,200711,5,49,5,0,40,40,20071101,0,3,0,0,0,0,阻挠,使敌军单体的随机1种属性降低#effect_01#%（受谋略属性影响），持续#available_round_01#,0,"4,",,C,,使敌军单体随机属性降低,201,攻击属性降低,0
200712,200712,5,49,5,0,35,35,20071201,0,3,0,0,0,0,智取仁守,使敌军群体发动追击战法的伤害降低#effect_01#%（受谋略属性影响），并使其陷入犹豫状态，持续#available_round_01#,0,"4,",31,A,,使敌军群体造成的追击战法伤害降低，并使其陷入犹豫状态,335,追击战法伤害降低,0
200713,200713,5,49,3,0,100,100,20071301,0,2,0,0,0,0,众叛亲离,战斗中使我军全体无法恢复兵力，谋略属性降低#effect_03#%，进行攻击的伤害提高#effect_02#%（受防御属性影响），每回合有#prob_param_04#的几率使其受到普通攻击时进行反击（伤害率#effect_04#%）,0,"4,",,B,,使我军全体无法恢复兵力，使我军全体谋略属性降低，使我军全体造成的攻击伤害提升，并使其受到普通攻击时反击,207,不可回复兵力,0
200714,200714,4,50,5,0,35,35,20071401,2,3,0,0,0,0,万箭齐发,对敌军群体发动一次攻击（伤害率#effect_01#%），并使敌军群体进行策略攻击的伤害降低#effect_02#%（受攻击属性影响），持续#available_round_02#,0,"1,","11,51",A,"1,3",对敌军群体造成攻击伤害，并使其造成的策略伤害降低,301,攻击伤害,0
200715,200715,4,50,5,1,40,40,20071501,2,3,0,0,0,0,十面埋伏,#prepare#准备，对敌军全体发动一次策略攻击（伤害率#effect_01#%，受谋略属性影响），并随机使敌军群体#1-2#目标造成的所有伤害大幅度降低，持续#available_round_12#,0,"2,","21,51",S,"2,3",1回合准备，对敌军全体造成策略攻击，并使敌军群体1-2目标造成的伤害降低,302,策略攻击伤害,0
200716,200716,4,41,3,0,100,100,20071601,2,2,0,0,0,0,方圆,战斗中，使我军全体步兵进行普通攻击的伤害降低#effect_01#%，主动、追击战法的伤害提高#effect_02#%（受防御属性影响）,0,"4,",,B,3,使我军全体步兵造成的普通攻击伤害降低，提升主动、追击战法造成的伤害,331,普通攻击伤害降低,0
200717,200717,4,41,3,0,100,100,20071701,2,2,0,0,0,0,鹤翼,战斗第@1、3、5、7回合@，我军全体弓兵进入分兵状态，普通攻击后同时对附近的敌军造成伤害（伤害率#subsk_210717_effect_01#%，受谋略属性影响），同时造成的普通攻击伤害降低#subsk_210717_effect_02#%，持续#subsk_210717_available_round_01#,0,"4,",,B,3,使我军全体弓兵进入分兵状态,122,子技能（有益）,0
200718,200718,4,41,3,0,100,100,20071801,2,2,0,0,0,0,锋矢,战斗中，使我军全体骑兵进行普通攻击的伤害降低#effect_02#%，发动主动战法的伤害提高#effect_01#%（受速度属性影响）,0,"4,",,B,3,使我军全体骑兵普通攻击伤害降低，使我军全体骑兵主动战法伤害提升,322,主动战法伤害提高,0
200719,200719,6,59,3,0,80,80,20071901,0,3,0,0,0,0,上将潘凤,对敌军单体发动一次猛攻（伤害率#effect_01#%），下一回合内，自身将会陷入混乱,0,"1,","11,51",C,,对敌军单体造成一次攻击伤害，下一回合内，使自身陷入混乱状态,301,攻击伤害,0
200720,200720,5,49,3,0,40,40,20072001,0,3,0,0,0,0,师君乐道,使友军全体攻击属性、防御属性、谋略属性、速度属性提高#effect_01#，持续#available_round_01#，并为其恢复一定兵力（恢复率#effect_05#%，受谋略属性影响）,0,"3,4",41,C,,使友军全体全属性提升，并使其恢复自身兵力,101,攻击属性提高,0
200721,200721,4,50,4,0,30,30,20072101,0,3,0,0,0,0,折戟强攻,对敌军群体发动一次猛攻（伤害率#effect_01#%），但此后使自身攻击属性降低#effect_12#%，持续#available_round_12#,0,"1,","11,51",A,1,对敌军群体造成攻击伤害，使自身攻击属性降低,301,攻击伤害,0
200722,200722,4,41,6,0,45,45,20072201,0,4,0,0,0,0,火积,普通攻击后，使攻击目标立即受到燃烧伤害（伤害率#effect_01#%，受谋略属性影响），并移除其有益效果,0,"2,","24,51",B,"2,3",使普通攻击目标陷入燃烧状态，并移除其有益效果,305,燃烧,0
200723,200723,6,59,2,0,100,100,20072301,0,2,0,0,0,0,南蛮强袭,战斗开始后前#available_round_01#，使自身与友军单体无视敌军的规避效果，进行攻击的伤害提高#effect_01#%（受攻击属性影响），并于@第3回合@使自身恢复大量兵力，同时使友军全体蛮兵、象兵、藤甲兵恢复大量兵力$$$战斗开始后前#available_round_01#，使自身与友军单体无视敌军的规避效果，进行攻击的伤害提高#effect_01#%（受攻击属性影响），并于@第3回合@使自身恢复^极大量兵力^，同时使友军全体蛮兵、象兵、藤甲兵恢复^极大量兵力^,0,"4,",,B,,前3回合，使自身与友军单体无视敌军规避效果，使其造成的攻击伤害提升，并于第三回合恢复自身兵力，同时使友军全体蛮兵、象兵、藤甲兵恢复兵力,531,攻击伤害提高,0
200724,200724,4,50,1,0,100,100,20072401,0,1,0,0,0,0,健卒不殆,使自身受到普通攻击时能进行反击（伤害率#effect_01#%），受到所有伤害时都有#subsk_210724_prob_param_01#的几率使本次伤害降低#subsk_210724_effect_02#%,0,"4,",,A,"6,3",使自身受到普通攻击后反击，使自身受到的伤害降低,551,反击,0
200725,200725,5,49,3,0,30,30,20072501,0,3,0,0,0,0,愚勇,使自身攻击属性提高#effect_01#，但受到的所有伤害提高#effect_02#%，持续#available_round_02#，并对敌军群体1-2目标发动一次猛攻（伤害率#effect_14#%）,0,"1,","11,51",C,,使自身攻击属性提升，使自身受到伤害提升，对敌军群体1-2目标造成一次攻击伤害,101,攻击属性提高,0
200726,200726,5,49,1,0,120,120,20072601,0,3,0,0,0,0,莽撞,使自身防御属性提高#effect_01#，同时随机使自身恢复一定兵力（恢复率#effect_03#%），或进行攻击的伤害提高#effect_02#%（受防御属性影响）,0,"3,4",41,C,,使自身防御属性提升，使自身恢复兵力或造成的攻击伤害提升,102,防御属性提高,0
200727,200727,5,49,1,0,40,40,20072701,0,3,0,0,0,0,伪刺,使自身规避下一次伤害，并在进行攻击时伤害提高#effect_02#%，持续#available_round_02#,0,"4,",,C,,使自身规避下一次伤害，并使造成的攻击伤害提升,714,规避(预备),0
200728,200728,4,41,3,0,30,30,20072814,0,3,0,0,0,0,临危,以一定兵力为代价，使自身在#available_round_02#内受到的所有伤害降低#effect_02#%，并对敌军群体发动一次猛攻（伤害率#effect_14#%）,0,"1,","11,51",C,"1,6",使自身受到的伤害降低，对敌军群体造成攻击伤害,301,攻击伤害,0
200729,200729,2,30,2,0,35,35,20072912,0,3,0,0,0,0,顽抗,移除自身有害效果，并对敌军单体发动一次攻击（伤害率#effect_12#%）,0,"1,","11,51",D,"1,3",移除自身负面效果，对敌军单体造成攻击伤害,301,攻击伤害,0
200730,200730,6,59,4,0,100,100,20073001,0,1,0,0,0,0,火兽冲锋,使自身进行普通攻击时的伤害提高#effect_01#%，每回合有#subsk_211730_prob_param_01#的几率对敌军单体发动一次攻击（伤害率#subsk_210730_effect_01#%），并使自身下一次普通攻击所造成的伤害额外提高#subsk_210730_effect_12#%,敌军单体,"1,4",,A,,使自身普通攻击伤害提升，每回合对敌军单体造成一次攻击伤害，并使自身下一次普通攻击造成的伤害提升,321,普通攻击伤害提高,0
200731,200731,4,50,4,0,35,35,20073101,0,3,0,0,0,0,全军突击,移除我军全体骑兵及步兵的有害效果，对敌军单体发动一次攻击（伤害率#effect_12#%），并使我军全体骑兵及步兵接下来#available_hit_23#攻击的伤害提高#effect_23#%（受谋略属性影响）,0,"1,4","11,51",A,"1,3",移除我军全体骑兵步兵负面效果，对敌军单体造成攻击伤害，使我军全体骑兵步兵造成的攻击伤害提高,513,镇静,0
200732,200732,6,59,2,0,120,120,20073201,0,3,0,0,0,0,去疾,为友军全体恢复一定兵力（恢复率#effect_01#%，受谋略属性影响），有#prob_param_12#的几率为友军单体额外恢复大量兵力$$$为友军全体恢复一定兵力（^恢复率^#effect_23#%，受谋略属性影响），^有^#prob_param_34#^的几率^为友军单体额外恢复大量兵力，^并移除其所有有害效果^,0,"3,",41,C,,"恢复友军全体兵力，并额外为友军单体恢复兵力$$$恢复友军全体兵力，并额外为友军单体恢复兵力,^并移除其所有有害效果^",401,急救,0
200733,200733,5,49,4,0,50,50,20073301,0,4,0,0,0,0,行樵偶遇,普通攻击后，对攻击目标再次发动攻击（伤害率#effect_01#%），并使友军单体发动主动战法或追击战法的伤害提高#effect_12#%（受攻击属性影响），持续#available_round_12#,0,"1,4","14,51",B,,普通攻击后，对攻击目标再造成一次攻击伤害，并使友军单体造成的主动战法和追击战法伤害提升,301,攻击伤害,0
200734,200734,4,50,1,0,100,100,20073401,0,1,0,0,0,0,擅兵不寡,战斗中每回合都会恢复一定兵力（恢复率#effect_01#%），并有#prob_param_02#的几率额外恢复一定兵力（恢复率#effect_02#%）,0,"3,",,A,4,每回合恢复自身兵力,402,休整,0
200735,200735,4,41,3,0,35,35,20073501,0,3,0,0,0,0,索敌,移除敌军群体的有益效果并对其发动一次攻击（伤害率#effect_02#%）,0,"1,","11,51",D,"1,3",移除敌军群体有益效果，并造成攻击伤害,512,看破,0
200736,200736,6,59,4,0,35,35,20073601,0,3,0,0,0,0,二夫之勇,对敌军群体发动一次攻击（伤害率#effect_01#%），并使其发动主动战法造成的伤害降低#effect_02#%，受到主动战法的伤害提高#effect_03#%，持续#available_round_02#,0,"1,4","11,51",B,,对敌军群体造成一次攻击伤害，并使其主动战法造成的伤害降低，使其受到主动战法的伤害提升,301,攻击伤害,0
200737,200737,6,59,5,0,100,100,20073701,0,2,0,0,0,0,明其虚实,战斗中，使敌军全体的谋略降低#effect_12#%，此效果每回合叠加一次，并在前#available_round_01#，使敌军群体陷入犹豫状态，无法发动主动战法,0,"4,",,S,,使敌军全体谋略属性下降，前2回合使敌军群体陷入犹豫状态,702,犹豫(预备),0
200738,200738,6,59,2,0,100,100,20073801,0,2,0,0,0,0,中宫追玺,战斗开始后，使我军全体受到的所有伤害降低#effect_01#%，每当受到攻击或策略攻击的伤害后，其对此类型伤害的减伤效果将降低1/5,0,"4,",,C,,使我军全体受到的伤害降低，每当受到伤害后，此减伤效果降低,522,受到攻击伤害降低,0
200739,200739,6,59,3,0,100,100,20073901,0,2,0,0,0,0,虎豹督军,战斗开始后首回合，使我军群体进行攻击的伤害提高#effect_01#%（受攻击属性影响），此效果每回合降低1/8,我军群体（有效距离内2-3目标）,"4,",,A,,使我军群体造成的伤害提升，此效果每回合降低,531,攻击伤害提高,0
200740,200740,5,49,3,0,100,100,20074001,0,2,0,0,0,0,望族不息,战斗中，当自身受到策略攻击的伤害后，有#prob_param_01#的几率能恢复一定兵力（恢复率#effect_01#%，受谋略属性影响）,0,"4,",,C,,当自身受到策略攻击伤害后，恢复自身兵力,401,急救,0
200741,200741,5,49,5,0,100,100,20074101,0,2,0,0,0,0,孤城死守,战斗中，使敌军群体攻击降低#effect_01#（受谋略属性影响），攻城降低#effect_02#%,0,"4,",,C,,使敌军群体攻击属性和攻城属性下降,201,攻击属性降低,0
200742,200742,5,49,2,0,30,40,20074212,0,3,0,0,0,0,白毦亲兵,援护我军大营，为其抵挡普通攻击，并使自身受到的所有伤害降低#effect_12#%，持续#available_round_12#,0,"4,",,C,,援护我军大营，并使自身受到的伤害降低,522,受到攻击伤害降低,0
200743,200743,5,49,5,0,30,30,20074301,0,3,0,0,0,0,陈王求隐,使敌军群体造成的所有伤害降低#effect_01#%（受谋略属性影响），在#available_round_02#内逐步恢复正常,0,"4,",,B,,使敌军群体造成的伤害降低,532,攻击伤害降低,0
200744,200744,5,49,1,0,100,100,20074401,0,1,0,0,0,0,奇士薄寿,使自身谋略属性提高#effect_02#，战斗开始后前#available_round_01#，使自身防御属性降低#effect_01#%，并处于洞察状态,0,"4,",,B,,使自身谋略属性提升，前4回合，使自身防御属性降低，使自身进入洞察状态,202,防御属性降低,0
200745,200745,5,49,4,0,30,30,20074512,0,3,0,0,0,0,固陵杀将,使自身进行攻击的伤害提高#effect_01#%（受攻击属性影响），持续#available_round_01#，并对敌军单体发动一次攻击（伤害率#effect_12#%）,0,"1,","11,51",B,,使自身造成的攻击伤害提升，对敌军单体造成一次攻击伤害,301,攻击伤害,0
200746,200746,5,49,4,0,30,30,20074612,0,3,0,0,0,0,拒战言和,使友军全体受到的所有伤害降低#effect_12#%（受谋略属性影响），持续#available_round_12#，但同时会使自身处于怯战状态,0,"4,",,B,,使友军全体受到的伤害降低，并使自身处于怯战状态,522,受到攻击伤害降低,0
200747,200747,3,40,3,0,30,30,20074701,3,3,0,0,0,0,近攻,对战法有效距离内最近的敌军发动一次攻击（伤害率#effect_01#%）,0,"1,","11,51",C,1,对近距离敌军造成攻击伤害,301,攻击伤害,0
200748,200748,3,40,3,1,35,35,20074801,3,3,0,0,0,0,远射,#prepare#准备，对战法有效距离内最远的敌军发动一次攻击（伤害率#effect_01#%）,0,"1,","11,51",C,1,1回合准备，对远距离敌军单体造成攻击伤害,301,攻击伤害,0
200749,200749,3,31,2,0,100,100,20074901,3,2,0,0,0,0,高垒,战斗中，使自身受到攻击的伤害降低#effect_01#%，并使友军全体弓兵的攻击属性提高#effect_12#,0,0,,D,,使自身受到的攻击伤害降低，使友军全体弓兵攻击属性提升,522,受到攻击伤害降低,0
200750,200750,5,49,5,0,30,40,20075001,3,3,0,0,0,0,索贿,使敌军单体陷入怯战状态，并使其谋略属性降低#effect_02#，持续#available_round_01#,0,"4,",31,D,,使敌军单体陷入怯战状态，并使其谋略属性降低,552,怯战,0
200751,200751,5,49,5,0,30,40,20075101,3,3,0,0,0,0,敛财,使敌军单体陷入犹豫状态，并使其攻击属性降低#effect_02#，持续#available_round_01#,0,"4,",31,D,,使敌军单体陷入犹豫状态，并使其攻击属性降低,502,犹豫,0
200752,200752,5,49,5,0,30,40,20075201,3,3,0,0,0,0,排挤,使敌军单体陷入混乱状态，并使其速度属性降低#effect_02#，持续#available_round_01#,0,"4,",31,C,,使敌军单体陷入混乱状态，并使其速度属性降低,501,混乱,0
200753,200753,5,49,5,0,30,40,20075301,3,3,0,0,0,0,毁誉,使敌军单体陷入暴走状态，并使其防御属性降低#effect_02#，持续#available_round_01#,0,"4,",31,C,,使敌军单体陷入暴走状态，并使其防御属性降低,503,暴走,0
200754,200754,4,50,2,0,100,100,20075401,3,2,0,0,0,0,胜兵求战,战斗中，每当自身发动需要准备的主战法时，有#subsk_211754_prob_param_01#的几率跳过1回合的准备时间。同时，任意友军发动主动战法后，自身下一个主动战法造成的伤害提高#subsk_212754_effect_01#%，此效果最多叠加3次,0,"4,",,B,3,跳过主战法准备回合，任意友军发动战法后，使自身主动战法造成的伤害提升,122,子技能（有益）,0
200755,200755,4,50,5,0,100,100,20075501,3,2,0,0,0,0,攻其不备,战斗中，使敌军群体在每受到一次攻击的伤害后，其所受到的所有伤害就提高#effect_01#%（受速度属性影响），此效果最多叠加5次,0,"4,",,S,3,使敌军受到的所有伤害提升,521,受到攻击伤害提高,0
200756,200756,6,59,1,0,100,100,20075601,0,1,0,0,0,0,藤甲突击,不受敌方指挥战法的影响，同时每回合首次发动主动战法后，对距离4以内敌军群体发动一次攻击（伤害率#subsk_211756_effect_01#%），并使其下一次造成的攻击或策略攻击伤害降低#subsk_211756_effect_02#%$$$不受敌方指挥战法的影响，同时^每回合发动主动战法时^，对距离4以内敌军群体发动一次攻击（伤害率#subsk_211756_effect_01#%），并使其下一次造成的攻击或策略攻击伤害降低#subsk_211756_effect_02#%,0,"1,4",,B,,使自身不受敌方指挥战法影响，使自身每回合首次发动主动战法后，对敌军群体造成一次攻击伤害，并使其造成的下一次伤害降低$$$使自身不受敌方指挥战法影响，使自身^每回合次发动主动战法^后，对敌军群体造成一次攻击伤害，并使其造成的下一次伤害降低,121,不受指挥战法影响,0
200757,200757,4,41,3,0,100,100,20075701,3,2,0,0,0,0,重整旗鼓,战斗开始后@第5回合@起，每回合恢复我军群体较多兵力（恢复率#effect_01#%，受谋略属性影响）,0,"3,",,S,4,第5回合起，每回合恢复我军群体兵力,402,休整,0
200758,200758,4,41,4,1,45,45,20075801,3,3,0,0,0,0,连环,#prepare#准备，对战法有效距离内最远的敌军单体发动一次策略攻击（伤害率#effect_01#%，受谋略属性影响），并再度对随机敌军单体发动一次猛烈的策略攻击（伤害率#effect_12#%，受谋略属性影响）,0,"2,","21,51",B,2,1回合准备，对远距离敌军单体造成策略攻击，并对随机敌军单体造成策略攻击,302,策略攻击伤害,0
200759,200759,4,41,4,1,35,35,20075901,3,3,0,0,0,0,觑隙,#prepare#准备，对敌军群体发动一次攻击（伤害率#effect_01#%），并有#prob_param_12#的几率再度对随机敌军单体发动一次攻击（伤害率#effect_12#%）,0,"1,","11,51",C,1,1回合准备，对敌军群体造成攻击伤害，并对随机敌军单体造成攻击伤害,301,攻击伤害,0
200760,200760,5,49,4,0,35,35,20076001,0,3,0,0,0,0,花中秀,对敌军单体发动攻击（伤害率#effect_01#%），并使其攻击、谋略降低#effect_02#%（受攻击属性影响），持续#available_round_02#,0,"1,","11,51",B,,对敌军单体造成一次攻击伤害，使其攻击属性和谋略属性降低,301,攻击伤害,0
200761,200761,5,49,1,0,100,100,20076101,0,2,0,0,0,0,疑兵避战,战斗开始后前#available_round_01#，使自身不攻击也不发动主动战法，受到普通攻击和主动战法的伤害大幅度降低，此效果结束后，将使自身攻击的伤害提高#effect_05#%，直到战斗结束,0,"4,",,B,,前2回合，使自身无法进行普通攻击和发动主动战法，使自身受到普通攻击和主动战法的伤害大幅度降低；此效果结束后，使自身造成的攻击伤害提升,952,不能普通攻击,0
200762,200762,6,59,4,1,40,40,20076201,0,3,0,0,0,0,计定山越,#prepare#准备，使敌军群体陷入恐慌状态，每回合失去一定兵力（伤害率#effect_01#%，受谋略属性影响），若敌军群体士气一般或低落，则额外使其陷入围困状态，无法恢复兵力，持续2回合。使自身和友军单体恢复一定兵力（恢复率#effect_13#%，受谋略属性影响）。,0,"2,3","21,51,41",B,,1回合准备，使敌军群体陷入恐慌状态；若敌军士气一般或低落，则额外使其陷入围困状态。使自身和友军单体恢复兵力,304,恐慌,0
200763,200763,5,49,2,0,40,40,20076301,0,3,0,0,0,0,辅臣应势,对敌军单体发动一次攻击（伤害率#effect_01#%），并使友军全体发动主动战法所造成的伤害提高#effect_12#%（受防御属性影响），持续#available_round_12#,0,"1,","11,51",C,,对敌军单体造成一次攻击伤害，并使友军全体主动战法造成的伤害提升,301,攻击伤害,0
200764,200764,6,59,5,1,40,40,20076401,0,3,0,0,0,0,落首箭,#prepare#准备，对敌军单体发动一次猛攻（伤害率#effect_01#%），并对敌军大营再度发动一次攻击（伤害率#effect_12#%），同时使敌军大营陷入混乱状态，持续#available_round_13#-#available_round_14#$$$#prepare#准备，对敌军单体发动一次猛攻（伤害率#effect_01#%），并对敌军大营再度发动一次攻击（伤害率#effect_12#%），同时使敌军大营陷入混乱状态^并且受到所有伤害增加^#effect_15#^%（受攻击属性影响）^，持续#available_round_13#-#available_round_14#,0,"1,","11,31,51",A,,1回合准备，对敌军单体造成一次攻击伤害，并对敌军大营再造成一次攻击伤害，使敌军大营陷入混乱状态$$$1回合准备，对敌军单体造成一次攻击伤害，并对敌军大营再造成一次攻击伤害，使敌军大营陷入混乱状态，^并使其受到的伤害提升^,301,攻击伤害,0
200765,200765,5,49,3,0,35,35,20076501,0,3,0,0,0,0,虎贲牙将,对战法有效距离内最近的敌军发动一次攻击（伤害率#effect_01#%），防御属性减少#effect_02#%（受攻击属性影响），持续#available_round_02#，有#prob_param_03#的几率对该目标再度发动一次攻击（伤害率#effect_03#%）,0,"1,","11,51",B,,对最近的敌军造成一次攻击伤害，使其防御属性降低，并对其再造成一次攻击伤害,301,攻击伤害,0
200766,200766,4,50,1,0,100,100,20076601,0,1,0,0,0,0,兵无常势,战斗中，每回合自身行动时随机获得以下效果中的两种：自身恢复一定兵力（恢复率#subsk_212766_effect_01#%）；自身攻击、防御、谋略属性提高#subsk_214766_effect_02#，持续#subsk_214766_available_round_01#；自身受到的所有伤害降低#subsk_215766_effect_01#%，持续#subsk_215766_available_round_01#,0,"3,4",,A,"6,4,7",随机获得2种效果：恢复自身兵力，使自身攻击、防御、谋略属性提升，使自身受到伤害降低,122,子技能（有益）,0
200767,200767,4,50,2,0,100,100,20076701,0,1,0,0,0,0,谋定后动,战斗中，每当发动需要准备的主战法时，有#subsk_212767_prob_param_01#的几率使自身进入洞察状态，免疫混乱、犹豫、怯战、暴走和挑衅效果，持续#subsk_210767_available_round_01#；当自身发动主动战法后，有#subsk_213767_prob_param_01#的几率使我军群体攻击属性、防御属性、谋略属性提高#subsk_211767_effect_01#，持续#subsk_211767_available_round_01#,0,"4,",,B,3,发动准备主战法后，使自身进入洞察状态，使我军群体攻击、防御、谋略属性提升,122,子技能（有益）,0
200768,200768,5,49,5,0,35,35,20076801,0,3,0,0,0,0,传檄荆襄,使敌军单体陷入恐慌状态，每回合损失较多兵力（伤害率#effect_01#%，受谋略属性影响），同时发动主动战法造成的伤害降低#effect_02#%，持续#available_round_01#,0,"1,4","21,51",B,,使敌军单体陷入恐慌状态，使其主动战法造成的伤害降低,304,恐慌,0
200769,200769,6,59,5,1,40,40,20076901,0,3,0,0,0,0,樊渊泅囚,#prepare#准备，对敌军全体发动一次猛攻（伤害率#effect_01#%），并使其陷入犹豫状态，持续#available_round_02#,0,"1,4","11,31,51",S,,1回合准备，对敌军全体造成一次攻击伤害，并使其陷入犹豫状态,301,攻击伤害,0
200770,200770,6,59,4,0,100,100,21077001,0,2,0,0,0,0,盲侯奋勇,战斗中，攻击无视兵种相克，自身受到伤害后有#subsk_211770_prob_param_01#的几率对有效距离4以内的敌方群体发动一次攻击（伤害率#subsk_210770_effect_01#%） ,0,"1,",,A,,使自身攻击无视兵种相克，在受到伤害后对敌军群体发动一次攻击,301,攻击伤害,0
200771,200771,6,59,5,0,100,100,20077101,0,1,0,0,0,0,霸王渡江,每回合有#subsk_211771_prob_param_01#的几率对有效距离5以内的敌军单体发动三次猛烈攻击（伤害率#subsk_210771_effect_01#%），每次攻击目标独立判定，本场战斗中，自身无法发动主动战法，每次攻击造成伤害后可使霸王渡江发动率提升#effect_03#%，该效果可叠加5次$$$每回合有#subsk_211771_prob_param_01#的几率对有效距离5以内的敌军单体发动三次猛烈攻击（伤害率#subsk_210771_effect_01#%），每次攻击目标独立判定，本场战斗中，自身无法发动主动战法，每次攻击造成伤害后可使霸王渡江发动率^提升^#effect_04#%，该效果可叠加5次,敌军单体,"1,",,A,,每回合对敌军单体造成三次攻击伤害，每次目标独立判定，自身无法发动主动战法，每次攻击造成伤害后使霸王渡江发动率提升,902,无法发动主动战法,0
200772,200772,6,59,4,0,100,100,20077201,0,1,0,0,0,0,夔吼象踏,战斗中，使自身进入分兵状态（伤害率#effect_01#%），同时每回合对有效距离4以内的敌军单体发动一次策略攻击（伤害率#subsk_210772_effect_01#%，受谋略属性影响）,0,"2,4",,S,,使自身进入分兵状态，每回合对敌军单体造成一次策略攻击伤害,545,分兵,0
200773,200773,6,59,3,0,100,100,20077301,0,2,0,0,0,0,金匮要略,战斗开始后前#available_round_01#，使我军全体受到的所有伤害降低#effect_01#%（受谋略属性影响），同时使我军全体受到伤害时，有#prob_param_03#的几率能恢复一定兵力（恢复率#effect_03#%，受谋略属性影响）,0,"4,3",,S,,前3回合，使我军全体受到的伤害降低，同时使我军全体受到伤害时，恢复自身兵力,522,受到攻击伤害降低,0
200774,200774,5,49,3,0,35,35,20077401,0,3,0,0,0,0,北狄互伐,发动二次猛攻（伤害率#effect_01#%），第一次攻击目标必定为敌军单体，第二次攻击目标会在自身与随机敌军单体中选择，若攻击自身则伤害较小,敌军单体,"1,","11,51",B,,对敌军单体造成一次攻击伤害，再对自身或随机敌军单体造成一次攻击伤害,301,攻击伤害,0
200775,200775,5,49,5,0,30,40,20077501,0,3,0,0,0,0,明妃,使自身与敌军群体处于怯战状态，无法普通攻击，持续#available_round_01#,0,"4,",31,B,,使自身与敌军群体陷入怯战状态,552,怯战,0
200776,200776,5,49,3,0,100,100,20077601,0,2,0,0,0,0,覆舟不弃,战斗中，使我军前锋受到攻击伤害降低#effect_01#%（受防御属性影响），但前锋受到策略伤害后使我军全体发动攻击造成的伤害降低#subsk_210776_effect_01#%，持续#subsk_210776_available_round_01#,0,"4,",,B,,使我军前锋受到的攻击伤害降低，前锋受到策略伤害后，使我军全体造成的攻击伤害降低,522,受到攻击伤害降低,0
200777,200777,5,49,3,0,100,100,20077701,0,2,0,0,0,0,预识,战斗中，自身发动主动战法后，为我军单体恢复一定兵力（#subsk_210777_effect_01#%，受谋略属性影响）,我军单体,"3,",,B,,自身发动主动战法后，为我军单体恢复兵力,122,子技能（有益）,0
200778,200778,5,49,3,0,35,35,20077801,0,3,0,0,0,0,衡众,对友军群体发动以下两种效果的一种：被攻击时受到的伤害降低#effect_01#%，发动攻击时造成的伤害提高#effect_02#%，持续#available_round_01#，并且效果每回合逐渐增强,0,"4,",,B,,使自身受到攻击伤害降低，或使自身造成攻击伤害提升，每回合效果递增,531,攻击伤害提高,0
200779,200779,5,49,3,0,100,100,20077901,0,2,0,0,0,0,土垒督战,战斗中，使我军全体骑兵攻城属性提高#effect_01#（受速度属性影响）,0,"4,",,B,,使我军全体骑兵攻城属性提升,105,攻城属性提高,0
200780,200780,5,49,3,0,35,35,20078001,0,3,0,0,0,0,斫方善辞,移除我军群体的有害效果，并立即恢复其一定兵力（恢复率#effect_02#%，受谋略属性影响）,0,"3,",41,C,,移除我军群体有害效果，并恢复其兵力,513,镇静,0
200781,200781,4,41,2,0,100,100,20078101,4,2,0,0,0,0,衡轭,战斗中，使我军骑兵谋略属性提高#effect_01#，步兵发动普通攻击造成的伤害提升#effect_12#%，我军仅由骑兵和步兵组成时生效,0,"4,",,B,3,使我军骑兵谋略属性提升，步兵造成的普通攻击伤害提升,103,谋略属性提高,0
200782,200782,4,41,2,0,100,100,20078201,4,2,0,0,0,0,疏数,战斗中，使我军弓兵防御提高#effect_01#，骑兵每回合有#subsk_211782_prob_param_01#的几率对距离3以内敌军单体发动一次攻击（伤害率#subsk_210782_effect_01#%），我军仅由弓兵和骑兵组成时生效,0,"4,",,B,"1,3",使我军弓兵防御属性提升，我军骑兵对敌军单体造成攻击伤害,102,防御属性提高,0
200783,200783,4,41,2,0,100,100,20078301,4,2,0,0,0,0,鱼鳞,战斗中，使我军步兵防御属性提高#effect_01#，弓兵受策略伤害降低#effect_12#%，我军仅由步兵和弓兵组成时生效,0,"4,",,B,3,使我军步兵防御属性提升，使弓兵受到的策略伤害降低,102,防御属性提高,0
200784,200784,5,56,3,0,100,100,20078401,2,2,0,0,0,1,桃园结义,战斗开始后前#available_round_01#，每回合为我军单体兵力最低的武将恢复一次伤兵（恢复率#subsk_210784_effect_01#%，受谋略属性影响），@第5回合@起，每回合对距离4以内的敌军单体兵力最低的武将发动一次策略攻击（伤害率#subsk_211784_effect_01#%，受谋略属性影响）$$若我军3名武将阵营相同，第@5回合@起，前锋、中军会交替援护友军群体,我军单体,"2,3",,S,"4,2",前4回合，恢复我军单体兵力最低武将兵力；第5回合起，对敌军兵力最低单体造成策略攻击,122,子技能（有益）,0
200785,200785,6,59,3,0,120,120,20078501,0,4,0,0,0,0,破阵强袭,普通攻击后，对攻击目标再次发动策略攻击（伤害率#effect_01#%，受谋略属性影响），并有#prob_param_22#的几率使距离3以内随机敌军单体陷入暴走状态，持续#available_round_22#，此战法首次发动后，每次造成伤害时都使自身策略攻击的伤害提高#effect_13#%，可叠加@6次@,0,"2,","24,34,51",A,,普通攻击后，对攻击目标再造成一次策略攻击伤害，并随机敌军单体陷入暴走状态；并使自身造成的策略伤害提升,302,策略攻击伤害,0
200786,200786,4,45,6,0,35,35,20078601,40003,4,0,0,0,0,掠敌之利,普通攻击后，对攻击目标再次发动攻击（伤害率#effect_01#%），吸取目标#effect_02#攻击属性，并附加于自身，持续#available_round_13#,0,"1,","14,51",B,"1,3",对普通攻击目标造成攻击伤害，吸取其攻击属性,301,攻击伤害,0
200787,200787,4,45,1,0,100,100,20078701,2,1,0,0,0,0,分险,自身攻击距离+1，受到所有伤害时都有#prob_param_02#的几率使本次伤害降低#effect_02#%,0,"4,",,B,3,使自身攻击距离提升，使自身受到的伤害降低,106,攻击距离提高,0
200788,200788,5,56,1,0,100,100,20078801,2,1,0,0,0,1,枭雄,战斗前#available_round_02#，每回合有#subsk_210788_prob_param_01#的几率使自身处于洞察状态，免疫混乱、怯战、暴走和挑衅效果，在此期间无法发动主动战法$$曹操发动此战法时，自身攻击、防御、谋略属性提升#effect_11#%,0,"4,",,B,3,前4回合，使自身进入洞察状态，但无法发动主动战法,902,无法发动主动战法,0
200789,200789,5,56,4,0,40,40,20078901,2,3,0,0,0,1,凤仪亭,自身攻击造成的伤害提高#effect_02#%，受到伤害后可额外叠加3次，持续#available_round_02#，下一回合行动前对距离4以内的敌方单体发动一次猛攻（伤害率#subsk_210789_effect_01#%）$$若我军3名武将兵种相同，攻击伤害提高效果增加至#subsk_211789_effect_01#%，在此期间自身无法恢复兵力,0,"1,4","11,51",A,"1,3",使自身造成的攻击伤害提升，对敌军单体造成攻击伤害,122,子技能（有益）,0
200790,200790,6,59,4,0,100,100,20079001,0,2,0,0,0,0,青丘媚祸,本场战斗中，自身受到伤害后有#subsk_211790_prob_param_01#的几率使距离4以内的随机敌军单体在下次行动时陷入暴走状态，进行无差别攻击，持续@1回合@，并使其下一次攻击和策略攻击的伤害下降#subsk_210790_effect_03#%（受谋略属性影响）,敌军单体,"4,",,A,,自身受到伤害后，使敌军单体陷入暴走状态，并使其造成的下一次伤害降低,122,子技能（有益）,0
200791,200791,6,59,2,0,100,100,20079101,0,2,0,0,0,0,西乡武功,战斗前#available_round_01#，使我军群体每回合都能优先行动，并使其在@第2回合@行动前对距离4以内的敌军群体2人发动一次策略攻击（伤害率#subsk_210791_effect_01#%，受谋略属性影响），且下一次受到的伤害大幅降低,0,"2,",,A,,前2回合，使我军群体优先行动，使其在第2回合对敌军群体造成一次策略攻击伤害，并使其受到的下一次伤害大幅度降低,761,先手(预备),0
200792,200792,6,59,6,0,120,120,20079213,0,4,0,0,0,0,肆掠,普通攻击后，对攻击目标再次发动攻击（伤害率#effect_13#%），并有#prob_param_01#的几率借此恢复一定兵力，同时有#prob_param_02#的几率进入规避状态，免疫接下来受到的#available_hit_02#伤害,0,"1,","14,51",B,,普通攻击后，对攻击目标再造成一次攻击伤害，并借此恢复自身兵力，使自身进入规避状态,301,攻击伤害,0
200793,200793,6,59,4,0,40,40,20079301,0,3,0,0,0,0,持绢履险,移除友军群体的有害效果，并使其全属性提高#effect_02#%（受谋略属性影响），该效果每回合下降1/3,0,"4,",,B,,移除友军群体有害效果，并使其全属性提升，该效果每回合下降,513,镇静,0
200795,200795,6,59,3,0,100,100,20079501,0,2,0,0,0,0,人公将军,战斗前#available_round_01#，使我军全体的防御属性提高#effect_01#，并使我军前锋、中军受到普通攻击时会进行反击（伤害率#effect_12#%），在此期间，敌方武将存在妖术效果时造成的攻击伤害降低#effect_34#%,0,"4,",,B,,前4回合，使我军全体防御属性提升，使我军前锋中军受到普通攻击后反击，使陷入妖术状态的敌军造成的攻击伤害降低,102,防御属性提高,0
200796,200796,6,59,4,0,40,40,20079601,0,3,0,0,0,0,地公将军,对敌军群体发动策略攻击（伤害率#effect_01#%，受谋略属性影响），并吸取其#effect_03#的防御、谋略属性并附加于友军群体（受谋略属性影响），若有目标存在妖术效果，则额外附加属性至自身，持续#available_round_03#,0,"2,","21,51",B,,对敌军群体造成一次策略攻击伤害，并吸取其防御属性和谋略属性并附加于友军群体，若目标陷入妖术状态，则额外附加属性于自身,302,策略攻击伤害,0
200797,200797,6,59,4,0,45,45,20079701,0,3,0,0,0,0,长社怒焰,对敌军群体发动策略攻击（伤害率#effect_01#%，受谋略属性影响），并使其陷入燃烧状态，每回合损失一定兵力（伤害率#effect_02#%，受谋略属性影响），持续#available_round_02#,0,"2,","21,51",C,,对敌军群体造成一次策略攻击伤害，并使其陷入燃烧状态,302,策略攻击伤害,0
200798,200798,6,59,4,0,40,40,20079801,0,3,0,0,0,0,却羌破奴,使敌军单体陷入恐慌状态，每回合损失一定兵力（伤害率#effect_01#%，受谋略属性影响），持续#available_round_01#，@1回合@后，使与目标距离为1的敌军群体陷入犹豫，持续#subsk_210798_available_round_01#,0,"2,","21,31,51",B,,使敌军单体陷入恐慌状态；1回合后，使与目标距离为1的敌军群体陷入犹豫状态,304,恐慌,0
200799,200799,6,59,4,0,40,40,20079901,0,3,0,0,0,0,钩吻归命,对敌军群体发动策略攻击（伤害率#effect_01#%，受谋略属性影响），并阻止其恢复兵力，持续#available_round_02#,0,"2,","21,51",C,,对敌军群体造成一次策略攻击伤害，并使其无法恢复兵力,302,策略攻击伤害,0
200800,200800,4,50,5,0,100,100,20080001,0,2,0,0,0,0,众谋不懈,战斗中，每当自身试图发动主动及追击战法前，有#subsk_210800_prob_param_01#的几率对距离5以内的敌军单体发动一次策略攻击（伤害率#subsk_211800_effect_01#%，受谋略属性影响）,敌军单体,"2,",,S,2,当自身试图发动主动战法时，对敌军单体造成策略攻击,122,子技能（有益）,0
200801,200801,4,50,3,1,50,50,20080101,0,3,0,0,0,0,利兵谋胜,#prepare#准备，对敌军群体发动强力策略攻击（伤害率#effect_01#%，受谋略属性影响），并使自身及友军单体回复一定兵力（恢复率#effect_12#%，受谋略影响）,0,"2,3","21,41,51",S,"2,4",1回合准备，对敌军群体造成策略攻击，并恢复自身及友军单体兵力,302,策略攻击伤害,0
200802,200802,6,59,6,0,100,100,20080201,0,2,0,0,0,0,自误,战斗@第2回合@，使敌军群体陷入怯战状态，无法普通攻击，持续#available_round_01#，并移除其所有有益状态,0,"4,",,A,,第2回合，使敌军群体陷入怯战状态，并移除其所有有益状态,752,怯战(预备),0
200803,200803,6,59,2,0,100,100,20080301,0,2,0,0,0,0,困龙尤争,战斗中，使友军群体的攻击属性提高#effect_01#（受谋略属性影响）；同时每2回合恢复友军群体一定兵力（恢复率#subsk_210803_effect_01#%，受谋略属性影响）,0,"4,",,B,,使友军群体的攻击属性提升；每两回合恢复友军群体兵力,101,攻击属性提高,0
200804,200804,6,59,2,0,100,100,20080401,0,2,0,0,0,0,明法御狄,战斗@第2回合@，移除我军前锋指挥、主动及追击战法的有益及有害效果，@第3回合@，移除我军中军指挥、主动及追击战法的有害效果，@第4回合起@，使我军全体防御属性提升#subsk_210804_effect_01#（受速度属性影响），持续至战斗结束,我军群体（有效距离内2个目标）,"4,",,B,,第2回合，移除我军前锋的有益及有害效果；第3回合，移除我军中军的有害效果；第4回合起，使我军全体防御属性提升,122,子技能（有益）,0
200805,200805,6,59,5,0,35,35,20080501,0,3,0,0,0,0,迟智难酬,对敌军群体发动一次策略攻击（伤害率#effect_01#%，受谋略属性影响），并使友军群体受到下1次策略攻击的伤害大幅度降低,0,"2,","21,51",S,,对敌军群体造成一次策略攻击伤害，并使友军群体受到的下一次伤害大幅度降低,302,策略攻击伤害,0
200806,200806,4,41,3,0,100,100,20080601,0,13,0,0,0,0,唇枪舌剑,我军全体发动主动战法@【辱骂】@的几率上升#effect_02#%，在其效果持续期间，使自身在受到攻击后能够进行反击（伤害率#subsk_200212_effect_13#%），同时攻击距离+2,0,"4,",,B,,,132,解锁效果,0
200807,200807,4,41,3,0,100,100,20080701,0,13,0,0,0,0,千里疾行,我军全体发动主动战法：发动@【奔袭】@、@【雀伏】@的几率上升#effect_02#%，同时发动时对敌军单体额外发动一次攻击，伤害值相当于原始伤害的@50%@,0,"4,",,B,,,132,解锁效果,0
200808,200808,4,41,3,0,100,100,20080801,0,13,0,0,0,0,前军冲锋,我军全体发动主动战法@【冲锋】@的几率上升#effect_02#%，并在冲锋效果持续期间内处于洞察状态，受到所有伤害时都有#subsk_200111_prob_param_03#的几率使该次伤害降低#subsk_200111_effect_03#%,0,"4,",,B,,,132,解锁效果,0
200809,200809,4,41,3,0,100,100,20080901,0,13,0,0,0,0,乱其军形,我军全体发动追击战法@【破甲】@、@【攻心】@的几率上升#effect_02#%，并使目标在1回合内造成的所有伤害降低#subsk_200109_effect_03#%,0,"4,",,B,,,132,解锁效果,0
200810,200810,4,41,1,0,100,100,20081001,0,1,0,0,0,0,训练有素,使自身统率值下降@0.5@，同时攻击属性、防御属性、谋略属性、速度属性全部提高#effect_01#,0,"4,",,B,3,使自身统率值下降，使自身攻击、防御、谋略、速度属性提升,101,攻击属性提高,0
200811,200811,4,41,1,0,100,100,20081101,0,1,0,0,0,0,领兵有方,使自身带兵上限提高#effect_01#,0,"4,",,B,,,77,标记,0
200812,200812,4,45,2,0,100,100,20081201,40003,2,0,0,0,0,兵贵神速,战斗中，我军全体骑兵受到攻击伤害时防御属性提高#effect_01#（受速度属性影响），可叠加8次,0,"4,",,C,3,我军全体骑兵受到攻击伤害后，使其防御属性提升,102,防御属性提高,0
200813,200813,4,55,2,0,100,100,20081301,40003,2,0,0,0,0,形兵之极,战斗中，我方出战3名武将兵系均不相同时，大营主动、追击主战法发动率提升#effect_01#%，并于战斗前#available_round_12#，前锋受到的所有伤害下降#effect_23#%，中军每回合首次造成的所有伤害提高#subsk_210813_effect_01#%,我军全体,"4,",,B,3,我军3名武将兵系均不相同，不同位置武将获得不同增益效果,131,发动率提高,0
200814,200814,5,56,5,0,30,30,20081401,2,3,0,0,0,1,汜水关,立即触发目标敌军单体由汜水关带来的动摇效果。同时对其发动一次攻击（伤害率#effect_05#%），并使其陷入动摇状态，每回合产生逃兵（伤害率#effect_06#%），可生效3次$$关羽发动此战法时，动摇生效时将同时移除目标的有益效果,敌军单体,"1,","11,51",A,1,对敌军单体造成攻击伤害，并使其陷入动摇状态,151,触发效果,0
200815,200815,4,55,4,0,30,30,20081501,40003,3,0,0,0,0,奇正之势,对敌方单体发动一次猛攻（伤害率#effect_01#%）；攻击最高的友军单体在#available_round_12#内首次试图发动主动战法时，造成的攻击无视目标#subsk_210815_effect_01#%防御属性，持续#subsk_210815_available_round_01#，对有效距离4以内的敌军单体发动一次猛攻（伤害率#subsk_210815_effect_12#%）,0,"1,","11,51",B,1,对敌军单体造成攻击伤害，使攻击力最高的我军单体造成的攻击伤害无视目标防御属性，并对敌军单体造成攻击伤害,301,攻击伤害,0
200816,200816,4,55,2,0,100,100,20081601,40003,2,0,0,0,0,磐阵善守,战斗开始后前#available_round_01#，每回合使我军单体兵力最低的武将受到首次攻击和策略攻击的伤害大幅度降低，并使我军随机单体受到下#subsk_210816_available_hit_13#伤害时有##subsk_210816_prob_param_13#几率进入规避状态，免疫该次伤害,我军单体,"4,",,A,"3,7",前4回合，使我军兵力最低单体受到伤害降低，使我军随机单体进入规避状态,122,子技能（有益）,0
200817,200817,4,55,4,1,50,50,20081701,40003,3,0,0,0,0,极火佐攻,#prepare#准备，使敌方群体陷入燃烧状态（伤害率#effect_01#%，受谋略属性影响），持续#available_round_01#，并使其受到下#available_hit_02#主动战法的伤害提升#effect_02#%（受谋略属性影响）,0,"2,","21,51",A,"2,3",1回合准备，使敌军群体陷入燃烧状态，使其受到主动战法伤害提升,305,燃烧,0
200818,200818,4,55,4,0,100,100,20081801,40003,2,0,0,0,0,反间,本场战斗中，敌军群体进行攻击或策略攻击造成伤害时，有#prob_param_01#的几率使其自身造成的该类型伤害下降#effect_01#%，此效果最多叠加5次,0,"4,",,A,3,使敌军群体造成的伤害降低,532,攻击伤害降低,0
200819,200819,4,45,1,0,30,40,20081901,2,3,0,0,0,0,疾战,使自身在本回合可以进行两次普通攻击，并免疫怯战效果,0,"4,",,B,3,使自身进入连击状态，并免疫怯战,544,连击,0
200820,200820,4,45,1,0,100,100,20082001,3,2,0,0,0,0,文启,战斗中能够优先行动，并使自身受到攻击伤害时有#prob_param_02#的几率对有效距离3以内的敌军单体发动一次策略攻击（伤害率#subsk_210820_effect_01#%，受谋略影响）,0,0,,B,"3,2",使自身优先行动，并对敌军单体造成策略攻击,761,先手(预备),0
200821,200821,4,45,3,0,35,35,20082101,2,3,0,0,0,0,励军,对敌军单体发动一次攻击（伤害率#effect_01#%），并使自身下一次主动战法的伤害提高#effect_12#%,0,"1,","11,51",B,"1,3",对敌军单体造成攻击伤害，使自身主动战法造成的伤害提升,301,攻击伤害,0
200822,200822,4,45,1,0,100,100,20082201,2,1,0,0,0,0,合众,战斗中可以优先行动，每2回合恢复自身一定兵力（恢复率#subsk_210822_effect_01#%）,0,"3,",,B,"3,4",使自身优先行动，并每2回合恢复自身兵力,122,子技能（有益）,0
200823,200823,4,45,4,0,40,40,20082301,2,3,0,0,0,0,武锋,对敌军单体发动一次猛攻（伤害率#effect_01#%），并使其攻击、谋略属性降低#effect_02#（受速度属性影响），持续#available_round_02#,0,"1,","11,51",B,"1,3",对敌军单体造成攻击伤害，使其攻击、谋略属性降低,301,攻击伤害,0
200824,200824,6,59,4,0,100,100,20082401,0,2,0,0,0,0,西陵克晋,战斗中，每回合有#subsk_210824_prob_param_01#的几率使我军当前攻击属性最高的武将对距离4以内的敌军发动一次攻击（伤害率#subsk_211824_effect_01#%），我军当前谋略属性最高的武将对距离4以内的敌军发动一次策略攻击（伤害率#subsk_212824_effect_01#%，受谋略属性影响），并各自恢复一定兵力,0,"4,",,S,,每回合使我军攻击属性最高的武将对敌军造成一次攻击伤害，使我军谋略属性最高的武将对敌军造成一次谋略伤害，并各自恢复兵力,122,子技能（有益）,0
200825,200825,6,59,3,0,40,40,20082513,0,3,0,0,0,0,古之恶来,对敌军单体发动一次猛攻（伤害率#effect_13#%），并随机对敌军单体弓兵发动一次攻击（伤害率#effect_24#%），同时使自身受到所有伤害下降#effect_01#%（受防御属性影响），持续#available_round_01#,0,"1,","11,51",B,,对敌军单体造成一次攻击伤害，并对敌军单体弓兵造成一次攻击伤害，同时使自身受到的伤害降低,301,攻击伤害,0
200826,200826,4,55,4,1,50,50,20082601,40003,3,0,0,0,0,绝水遏敌,#prepare#准备，对敌军群体发动强力策略攻击（伤害率#effect_01#%，受谋略属性影响），并使其无法恢复兵力，持续#available_round_02#,0,"2,","21,51",A,"2,5",1回合准备，对敌军群体造成策略攻击，并使其陷入围困状态,302,策略攻击伤害,0
200827,200827,4,45,1,0,40,40,20082701,2,3,0,0,0,0,并进,使自身免疫怯战效果，同时进入分兵状态，普通攻击后同时对附近的敌军造成伤害（伤害率#effect_01#%）持续#available_round_01#,0,"4,",,B,3,使自身免疫怯战，并进入分兵状态,545,分兵,0
200828,200828,6,59,2,0,100,100,20082801,0,2,0,0,0,0,难知如阴,战斗中，每2回合使友军单体在1回合内主动主战法发动率提高#subsk_210828_effect_01#%，第@3@回合发动时目标调整为友军全体，如该主战法需要准备，则有#subsk_210828_effect_03#%的几率（受速度属性影响）跳过1回合准备时间$$$战斗中，每2回合使友军单体在1回合内主动主战法发动率提高#subsk_210828_effect_01#%，第^3，5，7^回合发动时目标调整为友军全体，如该主战法需要准备，则#subsk_210828_effect_03#%的几率（受速度属性影响）跳过1回合准备时间,友军单体,"4,",,S,,每2回合使友军单体主动战法发动率提升，第3回合发动时，目标为友军全体$$$每2回合使友军单体主动战法发动率提升，第^3，5，7^回合发动时，目标为友军全体,122,子技能（有益）,0
200829,200829,4,50,4,0,35,35,20082901,0,3,0,0,0,0,兼弱攻昧,对敌军防御属性最低的武将发动一次攻击（伤害率#effect_01#%），同时对敌军谋略属性最低的武将发动一次策略攻击（伤害率#effect_12#%，受谋略属性影响）,0,"1,2","11,21,51",A,"1,2",对敌军防御属性最低的武将造成攻击伤害，对敌军谋略属性最低的武将造成策略攻击,301,攻击伤害,0
200830,200830,4,41,1,0,100,100,20083001,0,1,0,0,0,0,奇袭兵法,使自身统率值提高@0.5@，同时攻击属性、速度属性提高#effect_01#,0,0,,B,,使自身统率值提升，使自身攻击属性、速度属性提升,101,攻击属性提高,0
200831,200831,4,41,1,0,100,100,20081001,0,1,0,0,0,0,六守兵法,使自身统率值提高@0.5@，同时防御属性、速度属性提高#effect_01#,0,0,,B,,使自身统率值提升，使自身防御属性、速度属性提升,101,攻击属性提高,0
200832,200832,4,41,1,0,100,100,20081001,0,1,0,0,0,0,诡谋兵法,使自身统率值提高@0.5@，同时谋略属性、速度属性提高#effect_01#,0,0,,B,,使自身统率值提升，使自身谋略属性、速度属性提升,101,攻击属性提高,0
200833,200833,4,50,4,1,35,35,20083301,0,3,0,0,0,0,铁戟金戈,#prepare#准备，对敌军群体2目标发动一次猛烈攻击（伤害率#effect_01#%）或对敌军全体3目标发动一次猛烈攻击（伤害率#effect_12#%）,敌军群体（有效距离内2-3个目标）,"1,","11,51",B,1,1回合准备，对敌军群体或全体造成攻击伤害,301,攻击伤害,0
200834,200834,5,56,5,1,35,35,20083401,2,3,0,0,0,1,人中吕布,#prepare#准备，对敌军群体发动一次猛烈攻击（伤害率#effect_45#%），并使敌军群体2~3目标弓兵攻击距离-2，骑兵发动主动战法造成的伤害降低#effect_67#%，步兵无法恢复兵力，效果持续#available_round_56#$$吕布发动此战法造成的伤害无视兵种相克,敌军群体（有效距离内2-3个目标）,"1,","11,51",A,"1,3,5",1回合准备，对敌军群体造成攻击伤害，使敌军弓兵攻击距离降低，使骑兵主动战法伤害降低，使步兵陷入围困状态,771,无视兵种相克(预备),0
200835,200835,6,59,2,0,40,40,20083501,0,3,0,0,0,0,谋主,移除我军全体有害效果，并使我军兵力最低单体受到伤害时有#prob_param_24#的几率进入规避状态，持续#available_round_12#，同时使我军兵力最高单体每回合有#prob_param_24#的几率在回合内进入洞察、先手状态，持续#available_round_12#，每个效果独立判定,0,"4,",,B,,移除我军全体有害效果，使我军兵力最低单体受到伤害时进入规避状态；使我军兵力最高单体进入洞察、先手状态,513,镇静,0
200836,200836,6,59,4,0,35,35,20083601,0,3,0,0,0,0,平壑拒吴,对敌军防御属性最低及兵力最低的单体分别发动一次攻击（伤害率#effect_12#%），同时使敌军群体陷入怯战状态，无法进行普通攻击，持续#available_round_01#,0,"1,","11,31,51",A,,对敌军防御属性最低单体和兵力最低单体分别造成一次攻击伤害，并使敌军群体陷入怯战状态,552,怯战,0
200837,200837,6,59,4,0,100,100,20083701,0,2,0,0,0,0,令明负榇,战斗开始后@前3回合@，每回合使我军群体骑兵及步兵攻击造成的伤害提高#effect_02#%，该效果可叠加3次，持续直到战斗结束，@第4回合@起进入分兵状态（伤害率#effect_01#%，受速度属性影响），持续直到战斗结束,0,"4,",,A,,前3回合，使我军群体骑兵及步兵造成的伤害提升；第4回合起，使其进入分兵状态,545,分兵,0
200838,200838,6,59,6,0,35,35,20083801,0,4,0,0,0,0,焚舟叩营,普通攻击后，对攻击目标再次发动攻击（伤害率#effect_01#%-#effect_03#%），使其陷入犹豫状态，持续#available_round_14#，同时自身攻击属性下降50%，持续#available_round_25#,0,"1,","14,34,51",B,,普通攻击后，对攻击目标再造成一次攻击伤害，使其陷入犹豫状态，使自身攻击属性下降,301,攻击伤害,0
200839,200839,4,50,6,0,35,35,20083901,0,4,0,0,0,0,疾击其后,普通攻击后，随机对敌军单体再发动2次攻击（伤害率#effect_05#%-#effect_01#%），每次攻击的目标及伤害率独立判定,0,"1,","14,51",A,1,普通攻击后，对随机敌军单体造成攻击伤害,301,攻击伤害,0
200840,200840,4,41,5,1,40,40,20084001,0,3,0,0,0,0,猎敌之锋,#prepare#准备，对敌军单体发动2次强力策略攻击（伤害率#effect_01#%，受谋略属性影响），每次攻击目标独立判定,0,"2,","21,51",A,2,1回合准备，对敌军群体造成策略攻击,302,策略攻击伤害,0
200841,200841,4,41,4,1,35,35,20084101,0,3,0,0,0,0,陷敌之谋,#prepare#准备，对敌军群体发动一次猛攻（伤害率#effect_01#%），并使其谋略属性降低#effect_02#%，持续#available_round_02#,0,"1,","11,51",A,"1,3",1回合准备，对敌军群体造成攻击伤害，使其谋略属性降低,301,攻击伤害,0
200842,200842,4,41,2,0,100,100,20084201,0,2,0,0,0,0,形兵列阵,战斗中，我方出战3名武将兵系均不相同时，前锋受到的所有伤害下降#effect_23#%，中军获得先手状态，大营攻击距离+1,我军全体,"4,",,B,3,我方3名武将兵系均不相同时，不同位置武将获得不同增益效果,106,攻击距离提高,0
200843,200843,6,59,1,0,100,100,20084301,0,1,0,0,0,0,疮痍累身,战斗开始后，使自身受到的所有伤害降低#effect_03#%，每当受到攻击或策略攻击的伤害后，对此类型伤害的减伤效果将降低1/12，位于前锋及中军时@前2回合@援护友军全体；同时每次受到伤害后有#subsk_214843_prob_param_01#几率使攻击属性、防御属性、谋略属性提高#subsk_210843_effect_01#，该效果可叠加，持续直到战斗结束。首次受到伤害时，该效果必定触发且额外触发@1@次,0,"4,",,A,,使自身受到的伤害降低，位于前锋及中军前2回合援护友军全体；每次受到伤害后，使自身攻击属性、防御属性、谋略属性提升,122,子技能（有益）,0
200844,200844,5,56,2,0,40,40,20084401,2,3,0,0,0,1,鼎足江东,恢复我军群体一定兵力（恢复率#effect_02#%，受谋略属性影响），并使其进入休整状态每回合恢复一定兵力（恢复率#effect_01#%，受谋略属性影响），持续@1回合@。同时我军群体进行攻击和策略攻击时的伤害提高#effect_14#%（受谋略属性影响），持续#available_round_14#$$若我军3名武将兵种相同，休整效果变为立即恢复一定兵力（恢复率#effect_01#%，受谋略属性影响）,0,"3,",41,A,"4,3",恢复我军群体兵力，并使其进入休整状态，使我军群体造成的伤害提升,402,休整,0
200845,200845,6,59,4,0,35,35,20084501,0,3,0,0,0,0,冢虎,对敌军群体发动一次策略攻击（伤害率#effect_01#%，受谋略属性影响）,0,"2,","21,51",B,,对敌军群体造成一次策略攻击伤害,302,策略攻击伤害,0
200846,200846,6,59,5,1,40,40,20084601,0,3,0,0,0,0,剑关叛立,#prepare#准备，对敌军群体发动一次策略攻击（伤害率#effect_01#%，受谋略属性影响）和一次攻击（伤害率#effect_12#%），两次目标独立判定。同时使敌军全体和友军全体无法恢复兵力，持续#available_round_23#,0,"2,1","11,21,51",A,,1回合准备，对敌军群体造成一次策略攻击伤害和攻击伤害；同时使敌我全体无法恢复兵力,302,策略攻击伤害,0
200847,200847,4,55,4,0,25,35,20084701,40003,3,0,0,0,0,河内世泽,随机发动落雷、迷阵、溃堤、夹攻中的一种，并再次随机发动伐谋、雀伏、火辎、毒泉中的一种。发动的战法有效距离为4，并跳过准备回合，每个战法的效果与原战法在同等级下效果相同,敌军群体（有效距离内1-2个目标）,"2,","21,31,51",S,"2,3,7",对敌军造成策略攻击，根据发动的战法不同，触发额外的控制或减益效果,122,子技能（有益）,0
200848,200848,6,59,5,0,40,40,20084801,0,3,0,0,0,0,未笄难言,使敌军群体陷入妖术诅咒，每回合损失一定兵力（伤害率#effect_01#%，受谋略属性影响），持续#available_round_01#；同时使敌军群体进行攻击和策略攻击时的伤害降低#effect_02#%，该效果可叠加，持续直到战斗结束$$$使敌军^全体^陷入妖术诅咒，每回合损失一定兵力（伤害率#effect_01#%，受谋略属性影响），持续#available_round_01#；同时使敌军^全体^进行攻击和策略攻击时的伤害降低#effect_02#%，该效果可叠加，持续直到战斗结束,敌军群体（有效距离内2个目标）$$$敌军全体,"2,","21,51",B,,使敌军群体陷入妖术状态；同时使敌军群体造成的伤害降低,306,妖术,0
200849,200849,6,59,4,1,40,40,20084901,0,3,0,0,0,0,兵行巧变,#prepare#准备，对敌军群体2目标发动一次攻击（伤害率#subsk_210849_effect_01#%），使其攻击、防御、谋略属性下降#subsk_210849_effect_03#（受攻击属性影响），同时我军群体攻击、防御、谋略属性提升#subsk_210849_effect_03#，持续#subsk_210849_available_round_02#；或对敌军全体3目标发动一次攻击（伤害率#subsk_211849_effect_01#%），并使其攻击、防御、谋略属性下降#subsk_211849_effect_02#（受攻击属性影响），持续#subsk_211849_available_round_02#$$$#prepare#准备，对敌军群体2目标发动一次攻击（伤害率#subsk_212849_effect_01#%），使其攻击、防御、谋略属性下降#subsk_212849_effect_03#（受攻击属性影响），同时我军群体攻击、防御、谋略属性提升#subsk_212849_effect_03#；或对敌军全体3目标发动一次攻击（伤害率#subsk_213849_effect_01#%），并使其攻击、防御、谋略属性下降#subsk_213849_effect_02#（受攻击属性影响），^所有属性变化效果持续^#subsk_212849_available_round_02#,敌军群体（有效距离内2-3个目标）,"1,","11,51",A,,1回合准备，对敌军群体造成一次攻击伤害，使其攻击属性、防御属性、谋略属性下降，同时使我军群体攻击属性、防御属性、谋略属性提升；或对敌军全体造成一次攻击伤害，并使其攻击属性、防御属性、谋略属性下降,122,子技能（有益）,0
200850,200850,4,50,5,1,40,40,20085001,40003,3,0,0,0,0,风声鹤唳,#prepare#准备，使敌军群体陷入恐慌状态，每回合损失较多兵力（伤害率#effect_01#%，受谋略属性影响），并使其受到策略攻击时的伤害提高#effect_02#%（受谋略属性影响），持续#available_round_02#,0,"2,","21,51",A,2,1回合准备，使敌军群体陷入恐慌状态，并使其受到策略伤害提升,304,恐慌,0
200851,200851,6,59,5,0,100,100,20085101,0,2,0,0,0,0,陷储立齐,战斗中，我军全体每回合首次受到伤害后会随机吸取伤害来源的攻击、防御、谋略属性中的一种#subsk_211851_effect_01#并附加于自身，持续2回合,0,"4,",,B,,使我军全体每回合首次受到伤害后，随机吸取伤害来源的攻击属性、防御属性、谋略属性中的一种附加于自身,122,子技能（有益）,0
200852,200852,6,59,5,0,100,100,20085201,0,2,0,0,0,0,俭仪蹈和,战斗开始后前#available_round_01#，使敌军攻击属性最高的武将攻击属性下降#effect_01#，谋略属性最高武将谋略属性下降#effect_12#，同时敌军群体每次发动主动战法或普通攻击后有#prob_param_23#几率使自身在下一回合随机陷入犹豫或怯战状态中的一种,敌军群体（有效距离内2个目标）,"4,",,A,,前3回合，使敌军攻击属性最高的武将攻击属性下降，谋略属性最高的武将谋略属性下降，使敌军群体每次发动主动战法或普通攻击后在下一回合陷入犹豫或怯战状态,201,攻击属性降低,0
200853,200853,4,50,5,0,100,100,20085301,0,2,0,0,0,0,美人计,正式回合开始后，我方3名武将均为女武将时，大营造成的所有伤害提升#effect_01#%，中军每回合行动前随机使敌军单体男武将下一次攻击或策略攻击造成的伤害降低#subsk_210853_effect_01#%，@前4回合@前锋首次受到伤害时进入规避状态，免疫该次伤害,我军全体,"4,",,B,3,我方3名武将均为女武将时，不同位置武将获得不同效果,531,攻击伤害提高,0
200854,200854,4,41,1,0,25,40,20085401,0,3,0,0,0,0,投殳驱前,获得以下两个状态中的一种，并有#subsk_211854_prob_param_02#几率同时获得以下两种状态：进入分兵状态（伤害率#subsk_210854_effect_02#%），持续#subsk_210854_available_round_01#；可进行2次普通攻击，持续#subsk_210854_available_round_01#,0,"4,",,B,3,使自身进入分兵状态或连击状态,122,子技能（有益）,0
200855,200855,4,41,1,0,100,100,20085501,0,1,0,0,0,0,六守精兵,武将初始统率值低于3时，使自身攻击属性、防御属性、谋略属性、速度属性全部提高#effect_01#,0,"4,",,A,3,自身统率值低于3时，使自身攻击、防御、谋略、速度属性提升,101,攻击属性提高,0
200856,200856,4,41,2,0,100,100,20085601,0,2,0,0,0,0,形兵险战,战斗中，我方出战3名武将兵系均不相同时，大营攻击距离+1；战斗前#available_round_13#，中军每回合首次造成的伤害提升#subsk_210856_effect_01#%；前锋正式回合开始后受到的所有伤害降低#effect_01#%，此效果每回合降低1/8,我军全体,"4,",,B,3,我方3名武将兵系均不相同时，不同位置武将获得不同增益效果,522,受到攻击伤害降低,0
200857,200857,6,59,5,0,30,30,20085701,0,3,0,0,0,0,计谕废立,对敌方单体发动2次策略攻击（伤害率#effect_01#%，受谋略属性影响），并使其分别陷入恐慌和燃烧状态（伤害率#effect_02#%，受谋略属性影响），持续#available_round_02#，2次目标独立判定,0,"2,","21,51",A,,对敌军单体造成2次策略攻击伤害，并使其陷入恐慌和燃烧状态，每次目标独立判定,302,策略攻击伤害,0
200858,200858,6,59,5,1,35,35,20085801,0,3,0,0,0,0,铁马撼岳,#prepare#准备，对敌军群体发动一次攻击（伤害率#effect_01#%），并使其陷入动摇状态，每回合产生逃兵（伤害率#effect_02#%），持续#available_round_02#,0,"1,","11,51",A,,1回合准备，对敌军群体造成一次攻击伤害，并使其陷入动摇状态,301,攻击伤害,0
200859,200859,6,59,1,0,100,100,20085901,0,1,0,0,0,0,焚粮避祸,每回合首次受到伤害时，有#subsk_210859_prob_param_01#几率使自身进入规避状态，免疫该次伤害，每回合第2次受到伤害时，有#subsk_211859_prob_param_01#几率进入规避状态，免疫该次伤害 ,0,"4,",,B,,每回合前两次受到伤害时，使自身进入规避状态，免疫该次伤害,122,子技能（有益）,0
200860,200860,6,59,1,0,100,100,20086001,0,1,0,0,0,0,威震江左,每回合#subsk_210860_prob_param_02#几率免疫怯战状态，每回合自身首次普通攻击时进入分兵状态（伤害率#subsk_210860_effect_01#%），普通攻击后使攻击目标防御属性下降#subsk_211860_effect_01#，持续#subsk_211860_available_round_01#,0,"4,",,A,,每回合使自身免疫怯战状态，使自身首次普通攻击时进入分兵状态，普通攻击后，使目标防御属性下降,122,子技能（有益）,0
200861,200861,6,59,3,0,100,100,20086101,0,2,0,0,0,0,弃憾破合,@第3回合@起，我军全体每次释放主动战法后将会恢复一定兵力（恢复率#effect_01#%，受谋略属性影响），该效果每个武将可生效4次,0,"3,",,A,,第3回合起，我军全体每释放主动战法后，恢复我军全体兵力,401,急救,0
200862,200862,5,56,5,0,100,100,20086201,2,2,0,0,0,1,单骑救主,每次受到伤害后，有#subsk_210862_prob_param_01#几率使我军单体进入规避状态，免疫接下来受到的1次伤害，同时使敌方单体造成的所有伤害下降#subsk_210862_effect_13#%（受防御属性影响），持续@1回合@。该效果可触发7次 $$赵云发动此战法时，战斗开始后@前2回合@免疫怯战效果,0,"4,",,A,3,使我军单体进入规避状态，使敌军单体造成的伤害降低,122,子技能（有益）,0
200863,200863,4,50,1,0,100,100,20086301,0,1,0,0,0,0,击势,战斗中，每回合自身行动时有#subsk_210863_prob_param_01#几率获得以下效果：自身攻击时的伤害提升#subsk_212863_effect_01#%，持续#subsk_212863_available_round_01#；自身攻击时无视敌方#subsk_211863_effect_01#%防御属性，持续#subsk_211863_available_round_01#。每个效果独立判断,0,"4,",,S,3,使自身攻击伤害提升，使自身攻击无视目标防御属性,122,子技能（有益）,0
200864,200864,6,59,5,0,100,100,20086401,0,2,0,0,0,0,国士无双,战斗开始后前#available_round_01#，使自身与友军单体每回合有#prob_param_01#的几率进入洞察状态，免疫混乱、犹豫、怯战、暴走和挑衅效果，同时自身攻击造成的伤害提升#effect_03#%（受攻击属性影响）,0,"4,",,A,,前3回合，使自身与友军单体进入洞察状态，同时使自身造成的攻击伤害提升,711,洞察(预备),0
200865,200865,6,59,2,0,100,100,20086501,0,1,0,0,0,0,奉令护蜀,战斗中，任意友军发动普通攻击、主动战法、追击战法后，马岱的下#subsk_210865_available_hit_01#普通攻击造成的伤害提升#subsk_210865_effect_01#%（受攻击属性影响），下#subsk_210865_available_hit_02#受到的所有伤害降低#subsk_210865_effect_02#%（受防御属性影响），以上效果可叠加5次,0,"4,",,A,,任意友军发动普通攻击、主动战法、追击战法后，使马岱下一次普通攻击伤害提升，下一次受到的所有伤害降低,122,子技能（有益）,0
200870,200870,4,41,2,0,100,100,20087001,0,13,0,0,0,0,惊雷破阵,我军全体发动@【落雷】@@【迷阵】@时，会额外发动一次主动策略攻击（伤害率#subsk_200126_effect_13#%，受谋略属性影响），此次伤害不会施加混乱或暴走效果,0,"4,",,A,2,发动【落雷】【迷阵】时，额外对敌军造成策略攻击,132,解锁效果,0
200871,200871,4,41,2,0,100,100,20087101,0,13,0,0,0,0,革甲众行,我军全体发动@【闪击】@@【枪阵】@时，伤害目标数量+1，战法距离+1，@【铁戟金戈】@战法距离+1，且发动后自身攻击属性提高#subsk_220690_effect_23#，持续#subsk_220690_available_round_23#,0,"4,",,B,3,使【闪击】【枪阵】伤害目标数量、战法距离提升，使【铁戟金戈】战法距离提升,77,标记,0
200872,200872,4,41,2,0,100,100,20087201,0,13,0,0,0,0,速战迎击,我军全体发动@【声东击西】@@【连环】@时，使敌军单体陷入燃烧状态（伤害率#subsk_200116_effect_12#%，受谋略属性影响），持续1回合；@【水淹七军】@@【危崖困军】@战法距离+1,0,"4,",,B,3,发动【声东击西】【连环】时，使敌军陷入燃烧状态；使【水淹7军】【危崖困军】战法距离提升,77,标记,0
200873,200873,4,41,2,0,100,100,20087301,0,13,0,0,0,0,伺机而动,我军全体@【激昂】@生效几率提升30%，@【合众】@恢复率提升一倍，@【分险】@时受到伤害降低效果提升一倍，同时战斗开始后@前3回合@，使自身速度提升#subsk_220196_effect_02#,0,"4,",,B,3,使【激昂】生效几率提升，使【合众】恢复率提升，使【分险】受到伤害降低效果提升,77,标记,0
200874,200874,4,41,2,0,100,100,20087401,0,13,0,0,0,0,避实击虚,我军全体@【措手不及】@@【长驱直入】@@【援军秘策】@生效回合数+1，同时@第5回合@起，使我军群体攻击属性提升#subsk_220230_effect_12#，持续@4回合@,0,"4,",,B,3,使【措手不及】【长驱直入】【援军秘策】生效回合数提升,77,标记,0
200875,200875,4,41,2,0,100,100,20087501,0,13,0,0,0,0,安营固军,我军全体@【了如指掌】@@【安抚军心】@目标数+1，且发动后自身立即恢复其一定兵力（恢复率#subsk_220217_effect_13#%，受谋略属性影响）,0,"4,",,B,3,使【了如指掌】【安抚军心】目标数提升,77,标记,0
200876,200876,4,41,3,0,100,100,20087601,0,13,0,0,0,0,铁骑冲锋,我军全体@【冲锋】@@【车悬】@发动率提升#effect_02#%，且发动后自身受到所有伤害时都有#subsk_200111_prob_param_03#的几率使该次伤害降低#subsk_200111_effect_03#%，持续1回合；@【死士突击】@@【临危】@发动时自身不再受到兵力损失,0,"4,",,B,3,使【冲锋】【车悬】发动率提升,77,标记,0
200877,200877,4,41,2,0,100,100,20087701,0,13,0,0,0,0,断铁倾旗,我军全体@【斩铁】@@【破魂】@发动率提升10%，战法距离+1，且发动后使自身下一次造成的攻击伤害提升#subsk_220106_effect_13#%,0,"4,",,B,3,使【斩铁】【破魂】发动率、战法有效距离提升,131,发动率提高,0
200878,200878,4,41,2,0,100,100,20087801,0,13,0,0,0,0,乱矢蓄川,我军全体@【箭岚】@@【火积】@@【万箭齐发】@发动后有#subsk_200102_prob_param_13#几率对敌军单体额外发动一次攻击，伤害率与原技能相同,0,"4,",,B,1,使【箭岚】【火积】【万箭齐发】发动后对敌军造成攻击伤害,132,解锁效果,0
200879,200879,4,41,3,0,100,100,20087901,0,13,0,0,0,0,千里奔袭,我军全体@【奔袭】@@【雀伏】@@【伐谋】@的几率上升#effect_02#%，且发动后对敌军单体额外发动一次攻击，伤害值相当于原始伤害的@50%@    ,0,"4,",,B,3,使【奔袭】【雀伏】【伐谋】发动率提升,132,解锁效果,0
200880,200880,4,41,2,0,100,100,20088001,0,2,0,0,0,0,僭越,正式回合开始后，友军全体初始统率值低于3的武将，攻击、防御、谋略属性提高#effect_01#%，同时自身每回合行动前有#prob_param_14#几率移除友军全体由主动及追击战法施加的有害效果,0,"4,",,A,3,使友军全体初始统率值低于3的武将攻击、防御、谋略属性提升，移除友军全体负面效果,101,攻击属性提高,0
200881,200881,4,41,5,0,100,100,20088101,0,2,0,0,0,0,面和心阋,当我军3名武将阵营不完全相同时，正式回合开始后前#available_round_01#，自身及敌军群体无法恢复兵力，同时使敌军全体攻击、防御、谋略属性降低#effect_23#%,敌军群体（有效距离内2个目标）,"4,",,A,"5,3",我方3名武将阵营不完全相同时，前3回合敌我双方陷入围困状态，使敌军全体攻击、谋略、防御属性降低,207,不可回复兵力,0
200882,200882,6,59,5,0,100,100,20088201,0,2,0,0,0,0,谋谟帷幄,自身及友军单体每回合首次试图发动主动战法时，有#subsk_210882_prob_param_01#几率对敌军单体发动一次策略攻击（伤害率#subsk_211882_effect_01#%，受谋略属性影响）；同时当我军全体各自低于初始兵力的@60%@时，其每回合首次试图发动主动战法时会额外对敌军单体发动一次策略攻击（伤害率#subsk_214882_effect_01#%，受谋略属性影响）,我军群体（有效距离内2个目标）,"2,",,S,,自身及友军单体每回合首次试图发动主动战法时，使其对敌军单体造成一次策略攻击伤害；同时当我军全体各自兵力低于初始兵力的60%时，每回合首次试图发动主动战法时额外对敌军单体造成一次策略攻击伤害,122,子技能（有益）,0
200883,200883,4,50,2,0,100,100,20088301,0,2,0,0,0,0,鸟云山兵,战斗开始后，我军群体每回合行动时有#prob_param_01#几率使自身受到的攻击和策略攻击降低#subsk_210883_effect_01#%，持续#subsk_210883_available_round_01#，两个效果独立判断，该效果生效几率每回合提升10%,0,"4,",,A,3,使我军群体行动时受到攻击伤害降低，受到策略伤害降低,122,子技能（有益）,0
200884,200884,6,59,5,0,35,35,20088401,0,3,0,0,0,0,巧音唤蝶,对敌军群体发动一次策略攻击（伤害率#effect_01#%，受谋略属性影响）并使其陷入燃烧状态，当目标兵力高于初始兵力50%时受到一次策略伤害（伤害率#effect_02#%，受谋略属性影响），持续#available_round_02#；同时使我军群体恢复一定兵力（恢复率#effect_13#%，受谋略属性影响），并使其进入休整状态，当目标兵力低于初始兵力50%时恢复一定兵力（恢复率#effect_14#%，受谋略属性影响），持续#available_round_15#,0,"2,","21,41,51",S,,对敌军群体造成一次策略攻击伤害，并使其陷入燃烧状态，当目标兵力高于初始兵力50%时，对其造成一次策略攻击伤害；同时恢复我军群体兵力，当目标兵力低于初始兵力50%时，再次恢复我军群体兵力,302,策略攻击伤害,0
200885,200885,6,59,6,0,120,120,0,0,4,0,0,0,0,宣威再战,战斗开始后@前3回合@，普通攻击后对攻击目标发动一次攻击（伤害率#subsk_200885_effect_01#%）；@第4回合@起，普通攻击后对敌军单体随机发动1-3次攻击（伤害率#subsk_200885_effect_02#%），每次目标独立判定,攻击目标,"1,","14,51",A,,前3回合，普通攻击后对攻击目标再造成一次攻击伤害；第4回合起，普通攻击后对敌军单体造成1-3次攻击伤害，每次目标独立判定,,,
200886,200886,4,50,3,1,45,45,20088601,0,3,0,0,0,0,三军之众,#prepare#准备，使我军单体恢复4次兵力（恢复率#effect_01#%，受谋略属性影响），每次目标独立判定,0,"3,",41,S,4,1回合准备，为我军单体恢复4次兵力，每次目标独立判定,401,急救,0
200887,200887,6,59,5,0,50,100,20088701,0,3,0,0,0,0,烽火覆周,对敌军单体发动一次火攻（伤害率#effect_01#%，受谋略属性影响），烽火覆周每次发动火攻后有#prob_param_12#概率再次发动火攻，此概率每次降低20%，每次目标独立判定，战法结束后此概率重置,0,"2,","21,51",B,,对敌军单体造成一次火攻伤害，每次发动后会再次对目标造成火攻伤害,307,火攻,0
200888,200888,5,56,4,1,25,40,20088801,2,3,0,0,0,1,当阳桥,#prepare#准备，使敌军单体陷入混乱状态，持续@1@~@2@回合；使敌军群体1回合后陷入犹豫状态，持续#available_round_01#；使敌军群体2回合后陷入怯战状态，持续#available_round_01# $$张飞发动此战法后，自身造成的主动战法伤害提升#effect_34#%，持续#available_round_34#,0,"4,",31,S,5,1回合准备，使敌军单体陷入混乱状态，使敌军群体陷入犹豫状态，使敌军群体2回合后陷入怯战状态,501,混乱,0
200889,200889,6,59,3,0,25,45,20088901,0,3,0,0,0,0,愚守善言,移除我军全体有害效果，并使其进入规避状态，免疫接下来受到的#available_hit_02#伤害,0,"4,",,S,,移除我军全体有害效果，并使其进入规避状态,513,镇静,0
200890,200890,5,49,5,0,35,35,20089001,0,3,0,0,0,0,肃清荆襄,使敌军全体陷入恐慌状态，每回合损失较多兵力（伤害率#effect_01#%，受谋略属性影响），同时发动主动战法造成的伤害降低#effect_02#%，持续#available_round_01#,0,"2,","21,51",A,,使敌军全体陷入恐慌状态，同时使其主动战法造成的伤害降低,304,恐慌,0
200891,200891,6,59,4,0,30,30,20089101,0,3,0,0,0,0,熊兵火刃,对敌方单体发动2次攻击（伤害率#effect_01#%），并使其分别陷入动摇和燃烧状态（伤害率#effect_02#%），持续#available_round_02#，2次目标独立判定,0,"1,","11,21,51",A,,对敌军单体造成2次攻击伤害，使其分兵陷入动摇和燃烧状态，目标独立判定,301,攻击伤害,0
200892,200892,5,49,3,0,25,35,20089201,0,3,0,0,0,0,粳稻丰积,移除我军群体的有害效果，并立即恢复其一定兵力（恢复率#effect_02#%，受谋略属性影响）,0,"3,",41,A,,移除我军群体有害效果，并立即恢复其兵力,513,镇静,0
200893,200893,5,49,6,0,35,35,20089301,0,4,0,0,0,0,掠敌数顾,普通攻击后，随机对敌军单体再发动2次攻击（伤害率#effect_01#%），每次攻击的目标独立判定,0,"1,","14,51",A,,普通攻击后，对敌军单体再造成2次攻击伤害，目标独立判定,301,攻击伤害,0
200894,200894,5,49,3,1,50,50,20089401,0,3,0,0,0,0,国难难靖,#prepare#准备，使友军全体进入休整状态，每回合恢复较多兵力（恢复率#effect_01#%，受谋略属性影响），持续@2回合@,0,"3,",41,A,,1回合准备，使友军全体进入休整状态,402,休整,0
200895,200895,5,49,3,0,100,100,20089501,0,2,0,0,0,0,骑卒猛战,战斗开始后前#available_round_01#，使我军群体每回合都有#prob_param_01#的几率进入分兵状态，普通攻击后同时对附近的敌军造成伤害（伤害率#effect_01#%）,0,"4,",,A,,前3回合，使我军群体进入分兵状态,545,分兵,0
200896,200896,5,49,3,0,30,30,20089601,0,3,0,0,0,0,鼎盛世家,使友军全体进行攻击和策略攻击时的伤害提高#effect_01#%，受到攻击和策略攻击时的伤害降低#effect_03#%，持续#available_round_01#,0,"4,",,C,,使友军全体造成的伤害提升，受到的伤害降低,531,攻击伤害提高,0
200898,200898,6,59,1,0,100,100,20089801,0,1,0,0,0,0,京观垒冢,自身造成伤害时，有#subsk_210898_prob_param_01#几率对目标额外发动一次攻击（伤害率#subsk_211898_effect_01#%）或策略攻击（伤害率#subsk_211898_effect_02#%）,0,"1,2",,S,,自身造成伤害时，对目标额外造成一次攻击伤害或策略攻击伤害,122,子技能（有益）,0
200899,200899,6,59,1,0,100,100,20089901,0,1,0,0,0,0,断首何怒,战斗中，自身受到伤害后有#subsk_200899_prob_param_02#的几率使伤害来源的下一次攻击和策略攻击伤害下降#subsk_211899_effect_01#%（受防御属性影响）。同时每回合行动时使自身受到的所有伤害降低#subsk_210899_effect_01#%，每当受到攻击或策略攻击伤害后，减伤效果将降低1/5,0,"4,",,S,,自身受到伤害后，使伤害来源造成的下一次伤害降低；每回合行动时，使自身受到的伤害降低,122,子技能（有益）,0
200900,200900,4,50,1,0,100,100,20090001,40003,1,0,0,0,0,垒实迎击,受到普通攻击伤害时，有#subsk_211900_prob_param_01#几率使自身恢复一定兵力（恢复率#subsk_211900_effect_01#%）；有#subsk_211900_prob_param_01#几率移除自身由主动及追击战法带来的负面效果；使自身进入规避状态，有#subsk_211900_prob_param_01#几率免疫下1次受到的伤害。同时当自身位于中军及前锋时，每回合开始时有#subsk_213900_prob_param_01#几率援护友军全体，持续#subsk_210900_available_round_01#,0,"4,",,S,"6,4",受到普通攻击伤害时，恢复自身兵力，移除负面效果，使自身进入规避状态，援护友军全体,122,子技能（有益）,0
200901,200901,4,41,2,0,100,100,20090101,0,13,0,0,0,0,群策群力,我军全体@【强攻兵法】@@【坚守兵法】@@【速战兵法】@为友军全体提供原效果#subsk_250019_effect_02#%的效果,0,"4,",,B,3,使【强攻兵法】【坚守兵法】【速战兵法】为友军全体提供增益效果,132,解锁效果,0
200902,200902,6,59,4,0,35,35,20090201,0,3,0,0,0,0,缚父临危,对敌军群体发动一次攻击（伤害率#effect_01#%），并使自身及友军攻击属性最高的单体下两次攻击造成的伤害提升#effect_12#%。同时使友军中吕布下一次造成的伤害无视规避,0,"1,4","11,51",B,,对敌军群体造成一次攻击伤害，使自身及友军攻击属性最高的单体下两次造成的攻击伤害提升，使友军中吕布下一次造成的伤害无视规避,301,攻击伤害,0
200903,200903,5,49,4,1,35,35,20090301,0,3,0,0,0,0,寇略四州,#prepare#准备，对敌军群体发动一次攻击（伤害率#effect_01#%），使其攻击属性降低#effect_02#，同时自身攻击属性提高#effect_13#，持续#available_round_02#,0,"1,4","11,51",B,,1回合准备，对敌军群体造成一次攻击伤害，使其攻击属性下降，使自身攻击属性提升,301,攻击伤害,0
200904,200904,5,49,2,0,100,100,20090401,0,2,0,0,0,0,去缚犒军,正式回合开始后，@前3回合@使自身受到的攻击伤害提升#effect_01#%，从@第4回合@起，每回合自身行动前为我军群体恢复一定兵力（恢复率#subsk_210904_effect_01#%）,我军群体（有效距离内2个目标）,"3,",,B,,前3回合，使自身受到的攻击伤害提升；第4回合起，每回合行动前，恢复我军群体兵力,521,受到攻击伤害提高,0
200905,200905,5,49,4,0,35,35,20090501,0,3,0,0,0,0,叛羌急袭,对敌军群体发动一次攻击（伤害率#effect_01#%），下一回合内，自身将会陷入犹豫状态,0,"1,4","11,51",B,,对敌军群体造成一次攻击伤害，下一回合使自身陷入犹豫状态,301,攻击伤害,0
200906,200906,5,49,3,0,25,40,20090601,0,3,0,0,0,0,羌帅衅敌,使自身和敌军单体互相挑衅，并使目标陷入犹豫状态，持续#available_round_01#；2回合后，使其陷入怯战状态，持续#available_round_05#；下一回合内，自身将会陷入犹豫状态,0,"4,",31,B,,使自身和敌军单体互相挑衅，使目标陷入犹豫状态；2回合后，使其陷入怯战状态；下一回合，使自身陷入犹豫状态,505,挑衅,0
200907,200907,5,49,3,1,40,40,20090701,0,3,0,0,0,0,岁贡固疆,#prepare#准备，为友军群体恢复一定兵力（恢复率#effect_01#%），并使其在下次行动时对距离3以内敌军单体发动一次攻击（伤害率#subsk_210907_effect_01#%）,0,"3,",41,B,,1回合准备，恢复友军群体兵力，使其下次行动时对敌军单体造成一次攻击伤害,401,急救,0
200908,200908,5,49,5,1,40,40,20090801,0,3,0,0,0,0,疫箭拦江,#prepare#准备，使敌军群体陷入动摇（伤害率#effect_01#%）和恐慌状态（伤害率#effect_02#%，受谋略属性影响），持续#available_round_01#,0,"1,2","11,21,51",B,,1回合准备，使敌军群体陷入动摇和恐慌状态,303,动摇,0
200909,200909,5,49,2,0,100,100,20090901,0,2,0,0,0,0,名震敌国,战斗开始后，使自己与随机友军单体在@第1、3、5回合@自身行动前，分别提高攻击属性#effect_01#，防御属性#effect_02#，谋略属性#effect_03#,友军单体,"4,",,B,,使自己于友军单体在1、3、5回合自身行动前，使其攻击属性、防御属性、谋略属性提升,101,攻击属性提高,0
200910,200910,5,49,3,0,25,25,20091001,0,3,0,0,0,0,月偃蛮平,对敌军单体发动一次攻击（伤害率#effect_01#%），并使其陷入犹豫状态，持续#available_round_02#-#available_round_03#,0,"1,3","11,31,51",A,,对敌军单体造成一次攻击伤害，并使其陷入犹豫状态，持续2-3回合,301,攻击伤害,0
200911,200911,5,49,2,0,35,35,20091101,0,3,0,0,0,0,勇而无算,对敌军群体发动一次攻击（伤害率#effect_01#%），同时使自身受到的谋略攻击伤害提高#effect_12#%，持续#available_round_12#,0,"1,","11,51",B,,对敌军群体造成一次攻击伤害，使其受到的策略攻击伤害提升,301,攻击伤害,0
200912,200912,5,49,5,0,25,25,20091201,0,4,0,0,0,0,万夫之勇,普通攻击后，随机对敌军中军或大营发动一次猛攻（伤害率#effect_01#%），并使其陷入动摇状态，每回合损失一定兵力（伤害率#effect_02#%），持续#available_round_02#,0,"1,","14,51",B,,普通攻击后，对敌军中军或大营造成一次攻击伤害，并使其陷入动摇状态,301,攻击伤害,0
200913,200913,4,41,4,0,20,40,20091301,0,3,0,0,0,0,叫阵,挑衅敌军单体使其攻击自身，同时自身防御属性提高#effect_12#，谋略属性提高#effect_13#，持续#available_round_01#,0,"4,",,B,6,挑衅敌军单体，并使自身防御、谋略属性提升,505,挑衅,0
200914,200914,4,41,6,0,20,40,20091401,0,4,0,0,0,0,文伐,普通攻击后，对攻击目标再次发动策略攻击（伤害率#effect_01#%，受谋略属性影响），并使其下一次受到策略攻击的伤害提升#effect_02#% ,0,"2,","24,51",B,"2,3",对普通攻击目标造成策略攻击，并使其受到的策略伤害提升,302,策略攻击伤害,0
200915,200915,6,59,2,0,100,100,20091501,0,2,0,0,0,0,统军畏慎,战斗开始后，我军全体每回合有#subsk_210915_prob_param_01#几率攻击或策略攻击造成的伤害提高#subsk_210915_effect_01#%（受谋略属性影响），此几率每回合降低10%；每回合有#subsk_210915_prob_param_03#几率造成伤害时无视敌方#subsk_210915_effect_03#%防御或谋略属性，此几率每回合提升10%。武将获得伤害提高效果与无视目标属性效果的类型由自身攻击与谋略中较高的属性决定$$$战斗开始后，我军全体每回合有#subsk_211915_prob_param_01#几率攻击或策略攻击造成的伤害提高#subsk_211915_effect_01#%（受谋略属性影响），此几率每回合降低10%；每回合有#subsk_211915_prob_param_03#几率造成伤害时无视敌方#subsk_211915_effect_03#%防御或谋略属性，此几率每回合提升10%。武将获得伤害提高效果与无视目标属性效果的类型由自身攻击与谋略中较高的属性决定,0,"4,",,S,,使我军全体造成的伤害提升，使我军全体造成的伤害无视防御或谋略属性,122,子技能（有益）,0
200916,200916,6,59,1,0,40,40,20091601,0,3,0,0,0,0,治众刑咒,恢复距离1以内的友军目标一定兵力（恢复率#subsk_211916_effect_01#%，受谋略属性影响），并使距离2以内的敌军目标进行攻击和策略攻击的伤害降低#subsk_210916_effect_01#%（受谋略属性影响），持续#subsk_210916_available_round_01#,友军全体,"3,",41,B,,恢复友军兵力，使敌军造成的伤害降低,122,子技能（有益）,0
200917,200917,4,50,5,1,40,40,20091701,40003,3,0,0,0,0,翕处还张,#prepare#准备，对敌军群体发动一次策略攻击（伤害率#effect_01#%，受谋略属性影响），并使敌军群体#1-2#目标下一次造成伤害后，再受到一次策略伤害（伤害率#effect_12#%，受谋略属性影响）,0,"2,","21,51",A,2,1回合准备，对敌军群体造成策略攻击，并使其造成伤害后，再对其造成策略攻击,302,策略攻击伤害,0
200918,200918,4,41,2,0,100,100,20091801,4,2,0,0,0,0,天覆,战斗中，我军中军的攻击、防御、谋略属性提升#effect_01#%，每回合我军中军行动时恢复我军单体一定兵力（恢复率#subsk_210918_effect_01#%）,0,"4,",,A,,战斗中，使我军中军的攻击、防御、谋略属性提升，每回合我军中军行动时恢复我军单体一定兵力,101,攻击属性提高,0
200919,200919,4,41,2,0,100,100,20091901,4,2,0,0,0,0,地载,战斗中，我军前锋、中军造成的主动战法伤害提高#effect_13#%，此效果每回合开始时额外叠加一次，持续直到战斗结束；正式回合开始后，我军大营受到的所有伤害提高#effect_01#%,我军群体（有效距离内2个目标）,"4,",,A,,战斗中，我军前锋、中军造成的主动战法伤害提高；正式回合开始后，我军大营受到的所有伤害提高,521,受到攻击伤害提高,0
200920,200920,4,41,3,0,100,100,20092001,4,2,0,0,0,0,风扬,战斗中，使我军大营每回合行动时有#prob_param_01#几率获得连击效果，我军中军每回合有#prob_param_12#几率获得分兵效果（伤害率#subsk_211920_effect_01#%），以上效果持续1回合,0,"4,",,A,,战斗中，使我军大营每回合行动时有几率获得连击效果，我军中军每回合有几率获得分兵效果,122,子技能（有益）,0
200921,200921,4,41,5,0,100,100,20092101,4,2,0,0,0,0,云垂,战斗中，我军大营受到的所有伤害降低#effect_01#%，同时当大营受到攻击伤害后，使伤害来源的攻击、防御、谋略属性降低#subsk_210921_effect_01#%，并有#subsk_210921_prob_param_04#的概率使其下一次行动时陷入怯战或犹豫状态，持续#subsk_210921_available_round_01#，每个效果独立判断,0,"4,",,A,,战斗中，我军大营受到的所有伤害降低，同时当大营受到攻击伤害后，使伤害来源的攻击、防御、谋略属性降低，并有一定概率使其下一次行动时陷入怯战或犹豫状态，持续2回合，每个效果独立判断,522,受到攻击伤害降低,0
200922,200922,4,41,5,0,100,100,20092201,4,2,0,0,0,0,龙飞,战斗中，我军全体在发动普通攻击后，使攻击目标受到的普通攻击伤害提高#effect_01#%，持续直到战斗结束，该效果可叠加8次,我军全体,"4,",,A,,战斗中，我军全体在发动普通攻击后，使攻击目标受到的普通攻击伤害提高，该效果可叠加8次,341,受到普通攻击伤害提高,0
200923,200923,4,41,2,0,100,100,20092301,4,2,0,0,0,0,虎翼,使我军大营攻击距离+1；战斗前#available_round_12#，我军前锋和中军每回合都能优先行动，并使其攻击属性及防御属性提高#effect_13#,我军全体,"4,",,A,,使我军大营攻击距离+1；战斗前4回合，我军前锋和中军每回合都能优先行动，并使其攻击属性及防御属性提高,106,攻击距离提高,0
200924,200924,4,41,2,0,100,100,20092401,4,2,0,0,0,0,鸟翔,战斗中，我军中军和大营受到的所有伤害降低#effect_01#%，中军与大营每回合行动前有#prob_param_03#概率将50%受到的攻击及策略攻击伤害分摊至对方,我军群体（有效距离内2个目标）,"4,",,A,,战斗中，我军中军和大营受到的所有伤害降低，中军与大营每回合行动前有一定概率将受到的部分攻击及策略攻击伤害分摊至对方,522,受到攻击伤害降低,0
200925,200925,4,41,2,0,100,100,20092501,4,2,0,0,0,0,蛇蟠,战斗中，我军大营、中军交替掩护前锋，同时前锋造成的所有战法伤害提高#effect_20#%,我军全体,"4,",,A,,战斗中，我军大营、中军交替掩护前锋，同时前锋造成的所有战法伤害提高,122,子技能（有益）,0
200926,200926,5,56,4,0,30,30,20092601,2,3,0,0,0,1,威震逍遥,使敌军群体陷入动摇状态，发动或受到普通攻击后产生一定逃兵（伤害率#effect_24#%），该效果最多生效@2@次，持续#available_round_24#。同时使其受到的攻击伤害提升#effect_25#%（受速度属性影响），持续#available_round_25#。以上效果无法被移除 $$张辽发动此战法时，动摇效果无视规避,敌军群体（有效距离内2个目标）,"1,","11,51",A,"1,3",使敌军群体陷入动摇状态，使其受到的攻击伤害提升,152,移除效果,0
200927,200927,6,59,4,0,35,35,20092701,0,3,0,0,0,0,将出关西,对随机敌军单体发动2-4次攻击（伤害率#subsk_210927_effect_01#%），每次伤害率减少#subsk_212927_effect_01#%。首次攻击造成的伤害无视规避，并使该目标无法恢复兵力，持续#subsk_210927_available_round_02#$$$对随机敌军单体发动^2-5^次攻击（伤害率#subsk_211927_effect_01#%），每次伤害率减少#subsk_212927_effect_01#%。首次攻击造成的伤害无视规避，并使该目标无法恢复兵力，持续#subsk_211927_available_round_02#,敌军单体,"1,","11,51",A,,对敌军单体造成2-4次攻击伤害，首次造成的伤害无视规避，并使该目标无法恢复兵力$$$对敌军单体造成^2-5^次攻击伤害，首次造成的伤害无视规避，并使该目标无法恢复兵力,515,无视规避,0
200928,200928,6,59,2,0,45,45,20092801,0,3,0,0,0,0,竭忠尽智,以自身与友军攻击属性最低的武将下一次行动时进入怯战状态为代价，使我军群体受到的攻击伤害降低#effect_21#%（受谋略属性影响），该效果可以叠加@1@次，持续#available_round_21#；并使我军群体下2次造成的策略伤害提高#effect_22#%（受谋略属性影响）,我军群体（有效距离内2-3个目标）,"4,",,B,,使自身及攻击属性最低的友军单体下一次行动时陷入怯战状态，使我军群体受到的攻击伤害降低；使我军群体下2次造成的策略攻击伤害提升,752,怯战(预备),0
200929,200929,4,50,2,0,40,40,20092901,40003,3,0,0,0,0,飒沓如星,使我军群体骑兵造成的普通攻击伤害提升#effect_01#%（受谋略属性影响），持续#available_round_01#，并使其下2次普通攻击进入分兵状态（伤害率#effect_02#%）,0,"4,",,B,3,使我军群体骑兵普通攻击伤害提升，并进入分兵状态,321,普通攻击伤害提高,0
200930,200930,6,59,5,0,100,100,20093001,0,2,0,0,0,0,奇兵拒北,每回合行动时有#subsk_213930_prob_param_01#几率对敌军大营和中军分别发动一次攻击（伤害率#subsk_210930_effect_01#%），同时使速度最高的友军单体对敌军大营及中军分别发动一次攻击（伤害率#subsk_211930_effect_01#%-#subsk_211930_effect_04#%）。每回合奇兵拒北未生效时可提升其5%的发动率，可叠加，生效后发动率提升效果消失,敌军群体（有效距离内2个目标）,"1,",,S,,每回合对敌军大营和中军分别造成一次攻击伤害，使速度最高的友军单体对敌军大营和中军造成一次攻击伤害,122,子技能（有益）,0
200931,200931,4,41,1,0,25,40,20093101,0,3,0,0,0,0,挟主行令,使自身无法成为主动战法，追击战法和普通攻击的目标，持续#available_round_01#,0,"4,",,B,3,使自身无法成为主动战法，追击战法和普通攻击的目标,193,无法成为主动战法目标,0
200932,200932,4,41,5,1,40,40,20093201,0,3,0,0,0,0,坐山观虎,#prepare#准备，使兵力最多和最少的敌军单体分别对对方发动一次攻击（伤害率#subsk_210932_effect_01#%）和一次策略攻击（伤害率#subsk_210932_effect_02#%，受谋略属性影响）,0,"4,",,B,"1,2",1回合准备，使敌军对敌军单体造成攻击伤害和策略攻击,122,子技能（有益）,0
200933,200933,6,59,1,0,100,100,20093301,0,1,0,0,0,0,将门有将,每回合自身行动时有#subsk_212933_prob_param_01#的概率获得以下效果：获得连击效果，持续#subsk_210933_available_round_01#；获得分兵效果（伤害率#subsk_210933_effect_01#%），持续#subsk_211933_available_round_01#。此概率每回合结束时提高#effect_02#%，每个效果独立判断,0,"4,",,A,,每回合使自身进入连击状态；使自身进入分兵状态。每个效果单独判定,122,子技能（有益）,0
200934,200934,6,59,2,0,100,100,20093401,0,2,0,0,0,0,言出必克,正式回合开始后，使我军全体受到的策略攻击伤害降低#subsk_210934_effect_01#%（受谋略属性影响），每次受到策略攻击伤害后，减伤效果降低1/8。同时，每回合行动时，有#subsk_212934_prob_param_01#的概率为友军全体分摊一次50%受到的策略伤害,我军全体,"4,",,B,,使我军全体受到的策略攻击伤害降低；每回合行动时，为友军全体分摊一次策略攻击伤害,122,子技能（有益）,0
200935,200935,4,50,5,0,100,100,20093501,4,2,0,0,0,0,以直报怨,每回合自身首次造成伤害后，使目标单体造成的所有伤害降低#subsk_211935_effect_01#%；自身首次受到伤害后，使我军单体受到的所有伤害降低#subsk_211935_effect_01#%。以上效果可叠加6次，持续直到战斗结束,0,"4,",,B,3,使自身首次造成伤害的单体造成的伤害降低，使我军单体受到的伤害降低,122,子技能（有益）,0
200936,200936,6,59,3,0,35,35,20093601,0,3,0,0,0,0,酩酊不休,使敌军单体受到的伤害提升#effect_02#%（受谋略属性影响），持续#available_round_01#，同时该目标下次行动时，受到一次猛烈的策略攻击（伤害率#effect_03#%，受谋略属性影响）,0,"2,","21,51",B,,使敌军单体受到的伤害提升，同时使目标下次行动时，受到一次策略攻击伤害,521,受到攻击伤害提高,0
200937,200937,6,59,5,0,40,40,20093701,0,3,0,0,0,0,全主诿异,使敌军全体被施加的燃烧、恐慌和妖术诅咒伤害提升#effect_01#%（受谋略属性影响），持续#available_round_01#，同时对敌军群体1-2目标额外发动1次策略攻击（伤害率#effect_14#%，受谋略属性影响）  ,0,"2,","21,51",B,,使敌军全体受到的燃烧、恐慌、诅咒伤害提升；同时对敌军群体1-2目标造成一次策略攻击伤害,261,受到特殊伤害提高,0
200938,200938,4,50,4,1,50,50,20093801,0,3,0,0,0,0,三术奇谋,#prepare#准备，对敌军单体发动3次策略攻击（伤害率#effect_01#%，受谋略属性影响），并依次使目标的攻击属性、防御属性、谋略属性下降#effect_02#（受谋略属性影响），持续#available_round_02#，每次目标独立判定,0,"2,","21,51",S,"2,3",1回合准备，对敌军单体造成3次策略攻击，依次使目标攻击、防御、谋略属性降低，每次目标独立判定,302,策略攻击伤害,0
200939,200939,6,59,1,0,100,100,20093901,0,1,0,0,0,0,登锋陷阵,战斗中使自身处于洞察状态，当自身兵力首次低于初始兵力的@90%@、@70%@、@50%@和@30%@时，使自身下次行动时所有攻击类主动战法发动率提高#subsk_210939_effect_01#%$$$战斗中使自身处于洞察状态，当自身兵力首次低于初始兵力的@90%@、@70%@、@50%@和@30%@时，^进入^规避^状态，免疫下^@1@^次伤害^，使自身下次行动时所有攻击类主动战法发动率提高#subsk_210939_effect_01#%,0,"4,",,A,,使自身进入洞察状态，当自身兵力首次低于一定数值时，使自身下次行动时所有攻击类主动战法发动率提升$$$使自身进入洞察状态，当自身兵力首次低于一定数值时，使自身^进入规避状态^，及下次行动时所有攻击类主动战法发动率提升,511,洞察,0
200940,200940,6,59,2,0,100,100,20094001,0,2,0,0,0,0,文德椒房,战斗中，每回合自身首次发动主动战法后，使我军群体进行策略攻击时的伤害提升#subsk_211940_effect_01#%（受谋略属性影响），此效果最多可叠加3次,我军群体（有效距离内2个目标）,"4,",,C,,每回合自身首次发动主动战法后，使我军群体造成的策略攻击伤害提升,122,子技能（有益）,0
200941,200941,4,50,1,0,100,100,20094101,40003,1,0,0,0,0,甚陷不惧,战斗中当自身兵力首次低于初始兵力的@90%@、@70%@、@50%@和@30%@时，使自身下次行动时武将主战法发动率提高#subsk_210941_effect_01#%，该效果仅对可造成攻击伤害或策略伤害的战法生效,0,"4,",,A,3,使自身主战法发动率提升,122,子技能（有益）,0
200942,200942,6,59,5,0,100,100,20094201,0,2,0,0,0,0,暴戾恣睢,使自身进行攻击的伤害提高#effect_01#%，此效果每回合开始时额外叠加一次，持续直到战斗结束。同时每回合行动时有#subsk_211942_prob_param_01#几率对敌军全体发动一次攻击（伤害率#subsk_210942_effect_01#%），此几率每回合提高5%,敌军全体,"1,",,S,,使自身造成的攻击伤害提升，每回合行动时，对敌军全体造成一次攻击伤害,531,攻击伤害提高,0
200943,200943,6,59,5,0,120,120,20094301,0,3,0,0,0,0,赍粮藉寇,从敌军攻击最高和谋略最高的武将身上分别吸取#effect_01#点攻击和谋略属性（受谋略属性影响），附加于我军单体，该效果可叠加，持续直到战斗结束,敌军群体（有效距离内2个目标）,"4,",,A,,分别吸取敌军攻击属性最高和谋略属性最高的武将的攻击属性和谋略属性，附加于我军单体,201,攻击属性降低,0
200944,200944,6,59,4,0,40,40,20094401,0,3,0,0,0,0,鸷击狼噬,对敌军单体发动2次攻击（伤害率#effect_01#%），并使其无法恢复兵力，持续#available_round_03#，若目标兵力高于初始兵力@60%@时，额外对其发动一次攻击（伤害率#effect_04#%）,敌军单体,"1,","11,51",A,,对敌军单体造成2次攻击伤害，使其无法恢复兵力；若目标兵力高于60%，额外对其造成一次攻击伤害,301,攻击伤害,0
200945,200945,6,59,5,1,80,80,20094501,0,3,0,0,0,0,犹疑,#prepare#准备，对敌军全体发动一次攻击（伤害率#effect_01#%），下一回合内，我军单体有40%几率会陷入混乱或暴走状态,0,"1,","11,51",B,,1回合准备，对敌军全体造成一次攻击伤害，下一回合是我军单体陷入混乱或暴走状态,301,攻击伤害,0
200946,200946,6,59,6,0,25,40,20094601,0,4,0,0,0,0,纵兵劫掠,普通攻击后，对攻击目标再次发动攻击（伤害率#effect_01#%），并使自身及友军单体恢复一定兵力（恢复率#effect_11#%）,0,"1,","14,51",B,,普通攻击后，对攻击目标再造成一次攻击伤害，并恢复自身及友军单体兵力,301,攻击伤害,0
200947,200947,6,59,5,0,70,70,20094701,0,3,0,0,0,0,威震河朔,对敌军群体发动一次攻击（伤害率#effect_01#%），使自身与友军单体的主动战法伤害提升#effect_12#%（受攻击属性影响），持续#available_round_12#。此战法每发动一次，其发动率降低#effect_23#%$$$对敌军群体发动一次^策略攻击^（伤害率#effect_02#%，^受谋略属性影响^），使自身与友军单体的主动战法伤害提升#effect_13#%（受^谋略^属性影响），持续#available_round_12#。此战法每发动一次，其发动率降低#effect_23#%,0,"1,","11,51",A,,对敌军群体造成一次攻击伤害，使自身与友军单体造成的主动战法伤害提升$$$对敌军群体造成一次^策略攻击伤害^，使自身与友军单体造成的主动战法伤害提升,301,攻击伤害,0
200948,200948,6,59,6,0,40,40,20094801,0,4,0,0,0,0,怒浪伐敌,普通攻击后，对攻击目标发动一次袭击（伤害率#effect_01#%）。此战法每发动一次，其发动率提高#effect_11#%，可叠加,0,"1,","14,51",A,,普通攻击后，对攻击目标再造成一次攻击伤害，每发动一次，该战法发动率提升,301,攻击伤害,0
200949,200949,4,50,1,0,100,100,20094901,0,1,0,0,0,0,势无虚动,战斗中，自身每次试图发动追击战法时，使下一次造成伤害无视规避，且下一次发动追击战法造成伤害提升#subsk_210949_effect_02#%，伤害提升效果最多可叠加3次,0,"4,",,A,3,试图发动追击战法后，使下1次伤害无视规避，使下1次追击战法造成的伤害提升,122,子技能（有益）,0
200950,200950,6,59,5,0,100,100,20095001,0,2,0,0,0,0,七步释嫌,战斗中，我军全体每次发动普通攻击、试图发动主动战法或试图发动追击战法时，曹植使随机敌军单体下1次造成的伤害降低#subsk_211950_effect_01#%（受谋略属性影响），可叠加。我军全体发动普通攻击、试图发动主动战法或试图发动追击战法每累计7次时，曹植对我军群体恢复一定兵力（恢复率#subsk_212950_effect_01#%，受谋略属性影响）,我军全体,"4,",,A,,我军全体每次发动普通攻击、试图发动主动战法或追击战法时，使敌军单体造成的伤害降低；我军全体每7次发动普通攻击、试图发动主动战法或追击战法，恢复我军群体兵力,122,子技能（有益）,0
200951,200951,6,59,3,0,120,120,20095101,0,3,0,0,0,0,虎步陷阵,对敌军单体发动一次攻击（伤害率#effect_01#%），并使其受到攻击伤害提升#effect_02#%，该效果可叠加，持续至战斗结束,0,"1,","11,51",A,,对敌军单体造成一次攻击伤害，使其受到的攻击伤害提升,301,攻击伤害,0
200952,200952,6,59,3,0,100,100,20095201,0,2,0,0,0,0,抚民励德,@第2、4、6回合@自身行动时，使我军全体谋略、防御属性提升#subsk_210952_effect_05#，并且受到的所有伤害减少#subsk_210952_effect_07#%（受谋略属性影响），持续#subsk_210952_available_round_05#。武将每次造成伤害时，自身该效果降低1/4。每次施加可刷新由抚民励德带来的属性与减伤效果,我军全体,"4,",,S,,第2、4、6回合，使我军全体谋略属性、防御属性提升，并使其受到的伤害降低,122,子技能（有益）,0
200953,200953,4,50,3,1,50,50,20095301,4,3,0,0,0,0,筹策绝道,#prepare#准备，对敌军群体发动一次策略攻击（伤害率#effect_01#%，受谋略属性影响），并使其谋略、速度属性下降#effect_02#（受谋略属性影响），持续#available_round_02#,0,"2,","21,51",A,"2,3",1回合准备，对敌军群体造成策略攻击，使其谋略、速度属性降低,302,策略攻击伤害,0
200954,200954,6,59,5,0,100,100,20095401,0,2,0,0,0,0,汉韵旷野,战斗开始后，使敌军全体进行攻击或策略攻击时，有#prob_param_01#几率使伤害降低#subsk_210954_effect_01#%（受谋略属性影响）。每回合王昭君行动时，使敌军全体伤害降低几率提升#subsk_211954_effect_01#%，非汉阵营武将伤害降低几率每回合额外提升#subsk_211954_effect_11#%,敌军全体,"4,",,B,,使敌军全体造成的伤害降低,122,子技能（有益）,0
200955,200955,6,59,3,0,20,35,20095501,0,3,0,0,0,0,动如雷震,使我军群体追击战法发动率提升#effect_01#%，追击战法伤害提升#effect_02#%（受速度属性影响），持续#available_round_02#,0,"4,",,S,,使我军群体追击战法发动率提升，追击战法伤害提升,131,发动率提高,0
200956,200956,4,50,1,0,100,100,20095601,0,1,0,0,0,0,三军齐出,每回合行动时#subsk_211956_prob_param_01#几率使自身进入分兵状态，普通攻击后同时对附近的敌军造成伤害（伤害率#subsk_210956_effect_01#%）,0,"4,",,A,3,使自身进入分兵状态,122,子技能（有益）,0
200957,200957,6,59,5,0,35,35,20095701,0,3,0,0,0,0,五兵之烈,对敌军群体发动一次猛烈的攻击（伤害率#effect_01#%）。当授予曹彰不同种类宝物时，将额外获得以下效果。剑：先移除目标的有益效果再发动攻击；刀：使自身造成的攻击伤害提升#effect_31#%，可叠加并持续直至战斗结束；长兵：使目标攻击距离-1，持续#available_round_42#；弓：有#prob_param_51#几率该战法目标数+1；其余宝物或未授予：使目标防御属性降低#effect_02#%（受攻击属性影响），持续#available_round_02#,敌军群体（有效距离内2个目标）,"1,","11,51",S,,对敌军群体造成一次攻击伤害，当授予曹彰不同种类宝物，获得不同效果,301,攻击伤害,0
200958,200958,6,59,3,0,100,100,20095801,0,2,0,0,0,0,鏖兵卫主,使我军群体每回合有#subsk_214958_prob_param_01#几率增加#subsk_213958_effect_01#点防御属性（受防御属性影响），持续#subsk_213958_available_round_01#。同时当自身位于中军及前锋时，大营兵力首次低于初始兵力的@90%@、@70%@、@50%@时，自身必定援护友军群体@1回合@，且自身下2次受到的伤害大幅度降低,我军群体（有效距离内2个目标）,"4,",,A,,使我军群体防御属性提升。自身处于前锋及中军时，援护友军群体，并使自身下2次受到的伤害大幅度降低,122,子技能（有益）,0
200959,200959,4,50,3,0,100,100,20095901,40003,2,0,0,0,0,久战熟谋,战斗中，使友军群体每造成一次策略伤害后，其策略伤害就提高#effect_01#%（受谋略属性影响），此效果最多叠加5次,0,"4,",,A,3,使友军群体造成的策略伤害提升,533,策略攻击伤害提高,0
200960,200960,6,59,3,0,100,100,20096001,0,2,0,0,0,0,鸾凤和鸣,战斗中，自身每回合首次发动主动战法后，使我军群体2目标恢复一定兵力（恢复率#subsk_220960_effect_01#%，受谋略属性影响）；每回合自身行动时，使我军全体3目标造成的下一次随机目标的控制效果（混乱、犹豫、暴走、怯战）额外对一个目标生效,我军全体,"3,4",,A,,自身每回合首次发动主动战法后，恢复我军群体2目标兵力；自身行动时，使我军全体造成的下一次的控制效果，额外对另一个目标生效,122,子技能（有益）,0
200961,200961,6,59,5,0,100,100,20096101,0,2,0,0,0,0,奋疾先登,每回合行动时使自身攻击伤害提升#subsk_213961_effect_01#%，自身速度每高于一名武将，则有#subsk_212961_prob_param_13#几率使攻击伤害额外提升#subsk_213961_effect_01#%，自身速度每低于或等于一名武将，则有#subsk_212961_prob_param_14#几率使自身攻击伤害额外提升#subsk_213961_effect_01#%。当本战法造成的攻击伤害提升效果达到40%时，将对距离3以内的敌军群体发动一次攻击（伤害率#subsk_211961_effect_01#%），发动后攻击伤害提升效果消失，同时使目标速度属性降低#subsk_211961_effect_02#，该效果可叠加并持续直到战斗结束,0,"1,",,S,,每回合使自身攻击伤害提升，自身速度超越的武将数越多，获得额外增伤几率越大，增伤达到一定数值后，对敌军群体造成一次伤害，并使敌军群体速度属性下降,122,子技能（有益）,0
200962,200962,6,59,3,0,100,100,20096201,0,2,0,0,0,0,赐剑长驱,战斗中自身无法释放主动战法或进行普通攻击，令友军全体每回合首次成功释放主动战法后，有#subsk_210962_effect_02#%几率（受谋略属性影响）再次发动（跳过所有准备回合），造成原战法#subsk_210962_effect_01#%的伤害和恢复效果,友军全体,"4,",,A,,使自身无法释放主动战法和普通攻击，使友军全体每回合首次成功释放主动战法后，使其再次发动,122,子技能（有益）,0
200963,200963,6,59,4,0,100,100,20096301,0,2,0,0,0,0,绮阁飘香,战斗中，每回合以损失自身一定兵力为代价，令敌军当前兵力最高的单体武将攻击、谋略、防御属性下降#subsk_220963_effect_01#%（受谋略属性影响），该效果可叠加，持续至战斗结束；当该武将谋略属性低于自身时，令其下一次造成的攻击或策略伤害大幅度降低,敌军单体,"4,",,A,,每回合以自身兵力为代价，令敌军当前兵力最高的武将的攻击属性、谋略属性、防御属性下降；若该武将谋略低于自身，则令其下一次造成的伤害大幅度降低,122,子技能（有益）,0
200964,200964,4,50,3,0,100,100,20096401,0,2,0,0,0,0,合纵连横,战斗中，我方出战的3名武将阵营均不相同时，令我军全体武将战法距离+1，对非自身阵营的武将造成攻击与策略伤害提升#subsk_210964_effect_01#%，对非自身阵营的武将普通攻击后有#prob_param_03#几率使目标陷入围困状态，持续#subsk_220964_available_round_01#,我军全体,"4,",,A,"3,5",我方出战的3名武将阵营均不同时，使我军全体战法有效距离提升、造成的伤害提升，使敌军陷入围困状态,171,战法有效距离提高,0
200965,200965,6,59,5,0,100,100,20096501,0,1,0,0,0,0,持刀从武,自身每回合行动时，每次有#subsk_210965_prob_param_01#概率对友军大营上次行动阶段造成伤害的目标发动一次攻击（伤害率#subsk_211965_effect_04#%），重复三次，每次目标独立判定。当该攻击目标处于控制状态时，对同一目标的伤害率每次递增#subsk_215965_effect_01#%,敌军单体,"1,",,A,,对友军大营上次行动造成的目标造成三次攻击伤害。若该目标处于控制状态，则对同一目标的伤害率提升,122,子技能（有益）,0
200966,200966,6,59,3,0,100,100,20096601,0,2,0,0,0,0,尽言直谏,自身每回合行动时，随机令友方群体2个主动战法在下次行动阶段发动率提升#subsk_210966_effect_13#%且造成的伤害增加#subsk_213966_effect_01#%，若持续时间内任一战法发动，则下回合可选择3个主动战法,友军群体,"4,",,S,,使友方群体2个主动战法在下次行动阶段发动率提升，造成的伤害提升；若持续期间发动任一战法，则下回合选择3个主动战法,122,子技能（有益）,0
200967,200967,4,50,2,0,100,100,20096701,40003,2,0,0,0,0,勠力同心,战斗中，我方大营每次发动主动战法或追击战法后，前锋和中军下次行动阶段主动战法和追击战法造成的伤害提升#subsk_211967_effect_11#%，此效果可额外叠加1次。,我军全体,"4,",,A,3,使前锋和中军主动战法和追击战法造成的伤害提升,122,子技能（有益）,0
200968,200968,6,59,4,0,20,30,20096801,0,3,0,0,0,0,连环计,对敌军单体施加连环计，依次发动下列战法：对连环计目标发动一次“伐谋”；若连环计目标谋略低于自身，则对随机敌军单体发动一次“迷阵”；若连环计目标处于暴走状态，则对随机敌军单体发动一次“落雷”。每个战法的效果与原战法在同等级下效果相同,敌军单体,"2,","21,51",A,,对敌军单体施加连环计，针对目标不同状态，释放不同的战法,122,子技能（有益）,0
200969,200969,5,49,2,0,35,35,20096901,0,3,0,0,0,0,赈穷救急,恢复友军单体一定兵力（恢复率#effect_01#%，受谋略属性影响），并使其下1次攻击造成的伤害提高#effect_02#%,0,"3,",41,B,,恢复友军单体兵力，使其下一次造成的伤害提升,401,急救,0
200970,200970,5,49,6,0,40,40,20097001,0,4,0,0,0,0,勇追穷寇,普通攻击后，使攻击目标陷入动摇状态，每回合产生逃兵（伤害率#effect_01#%），并使自身攻击属性提升#effect_12#，持续#available_round_01#,0,"1,","14,51",B,,普通攻击后，使目标陷入动摇状态，使自身攻击属性提升,303,动摇,0
200971,200971,5,49,3,0,25,35,20097101,0,3,0,0,0,0,名士在朝,使自身和友军单体进入规避状态，免疫接下来受到的#available_hit_01#伤害,我军群体（有效距离内2个目标）,"4,",,B,,使自身和友军单体进入规避状态,714,规避(预备),0
200972,200972,5,49,3,0,100,100,20097201,0,2,0,0,0,0,三让徐州,第@2、3、4回合@自身行动时，恢复友军兵力最低单体大量兵力（恢复率#subsk_210972_effect_01#%，受谋略属性影响），并使其攻击、谋略与防御属性提升#subsk_210972_effect_02#，持续至战斗结束，可叠加,友军单体,"3,",,A,,第2、3、4回合，恢复友军兵力最低单体兵力，并使其攻击属性、谋略属性、防御属性提升,122,子技能（有益）,0
200973,200973,5,49,5,1,35,35,20097301,0,3,0,0,0,0,游议定益,#prepare#准备，使敌军群体陷入恐慌状态，每回合损失一定兵力（伤害率#effect_01#%，受谋略属性影响），当其每次进行普通攻击后，将额外受到一次策略伤害（伤害率#effect_02#%，受谋略属性影响），持续#available_round_02#,0,"2,","21,51",A,,1回合准备，使敌军群体陷入恐慌状态，当其每次普通攻击后，使其受到一次策略攻击伤害,304,恐慌,0
200974,200974,5,49,4,0,40,40,20097401,0,3,0,0,0,0,登坛相仪,对敌军群体发动一次策略攻击（伤害率#effect_01#%，受谋略属性影响），并使其每次受到普通攻击时额外引发一次恐慌效果（伤害率#effect_02#%，受谋略属性影响），持续#available_round_02#,0,"2,","21,51",A,,对敌军群体造成一次策略攻击伤害，使其每次受到普通攻击时，引发一次恐慌效果,302,策略攻击伤害,0
200975,200975,5,49,2,0,100,100,20097501,0,1,0,0,0,0,忧勤王事,使自身受到的普通攻击伤害和追击战法伤害降低#effect_01#%，每回合自身行动时额外叠加一次，此效果最多叠加3次，持续至战斗结束；当自身处于前锋时，第@3、4、5回合@每回合援护友军兵力最低武将,0,"4,",,A,,使自身受到普通攻击伤害和追击战法伤害降低；自身处于前锋时，第3、4、5回合援护友军兵力最低武将,351,受到普通攻击伤害降低,0
200976,200976,3,40,6,0,35,35,20097601,0,4,0,0,0,0,扬威,普通攻击后，对目标再次发动猛攻（伤害率#effect_01#%），并使自身下1次攻击伤害提升#effect_12#%,0,"1,","14,51",B,"1,3",对普通攻击目标造成攻击伤害，使自身下1次攻击伤害提升,301,攻击伤害,0
200977,200977,4,41,4,1,40,40,20097701,0,3,0,0,0,0,奇术折冲,#prepare#准备，使敌军群体陷入妖术状态，每回合损失一定兵力（伤害率#effect_01#%，受谋略属性影响），并使其造成的普通攻击伤害降低#effect_02#%（受谋略属性影响），持续#available_round_01#,0,"2,","21,51",A,"2,3",1回合准备，使敌军群体陷入妖术状态，降低其攻击属性,306,妖术,0
200978,200978,4,41,3,0,35,35,20097801,0,3,0,0,0,0,破胆,对敌军单体发动一次猛攻（伤害率#effect_01#%），并使其攻击属性降低#effect_02#%，持续#available_round_02#,0,"1,","11,51",B,"1,3",对敌军单体造成攻击伤害，使其攻击属性降低,301,攻击伤害,0
200979,200979,4,50,5,0,35,35,20097901,0,3,0,0,0,0,及锋而试,对敌军群体发动一次攻击（伤害率#effect_01#%）并使其士气降低#effect_04#，每次发动后伤害率增加#effect_35#%,0,"1,","11,51",S,"1,3",对敌军群体造成攻击伤害，并降低其士气,301,攻击伤害,0
200980,200980,4,50,6,0,25,35,20098001,0,4,0,0,0,0,乘胜追击,普通攻击后，对攻击目标发动一次攻击（伤害率#effect_01#%）；乘胜追击每次发动攻击后有#prob_param_12#概率对攻击目标再次发动一次攻击（伤害率#subsk_210980_effect_01#%），此概率每次降低20%，战法结束后此概率重置,0,"1,","14,51",S,1,对普通攻击目标造成攻击伤害，可重复触发,301,攻击伤害,0
200981,200981,4,50,1,0,100,100,20098101,0,1,0,0,0,0,胜负先征,每回合自身行动时，若士气高昂，则使自身造成的主动和追击战法伤害提升#subsk_210981_effect_01#%，持续#subsk_210981_available_round_01#；若士气处于一般或低落，则使自身受到伤害时恢复一定兵力（恢复率#subsk_210981_effect_03#%），持续#subsk_210981_available_round_03#,0,"4,",,A,"3,4",若士气高昂，则使自身造成主动战法伤害和追击战法伤害提升；若士气一般或低落，则恢复自身兵力,122,子技能（有益）,0
200982,200982,4,50,5,0,40,40,20098201,4,3,0,0,0,0,望风而降,对敌军单体发动2次策略攻击（伤害率#effect_01#%，受谋略属性影响），并有#prob_param_03#几率使其陷入恐慌状态（伤害率#subsk_211982_effect_01#%，受谋略属性影响），持续#subsk_211982_available_round_01#，若目标士气低于自身，则此几率提升至#prob_param_04#,0,"2,","21,51",A,2,对敌军单体造成策略攻击，并有几率使其陷入恐慌状态，若敌军士气低于自身，则必定陷入恐慌状态,302,策略攻击伤害,0
200983,200983,6,59,5,0,100,100,20098301,0,2,0,0,0,0,运筹决胜,自身每次试图发动主动战法时，有#subsk_211983_prob_param_01#几率令敌军单体陷入暴走状态，持续#subsk_210983_available_round_01#，有#subsk_211983_prob_param_23#几率对敌军全体处于混乱、暴走状态的目标发动一次策略攻击（伤害率#subsk_220983_effect_01#%，受谋略属性影响),敌军单体,"2,",,S,,自身每次试图发动主动战法时，使敌军单体陷入暴走状态；对敌军全体处于混乱、暴走状态的目标造成一次策略攻击伤害,122,子技能（有益）,0
200984,200984,6,59,5,0,40,40,20098401,0,3,0,0,0,0,怀德畏威,令谋略最低的友军单体对敌军随机单体发动一次攻击（伤害率#subsk_210984_effect_01#%）；自身对敌军群体2目标发动一次策略攻击（伤害率#effect_23#%，受谋略属性影响）。若2次目标均为同一武将，则使其陷入混乱状态，持续#available_round_24#,友军单体,"2,1","11,21,31,51",S,,使谋略最低的友军单体对敌军单体造成一次攻击伤害；自身对敌军群体造成一次策略攻击伤害。若两次目标均为同一武将，则使其陷入混乱状态,152,移除效果,0
200985,200985,6,59,5,0,100,100,20098501,0,2,0,0,0,0,谋议宏图,战斗开始后首回合，我军全体受到伤害降低#effect_01#%（受谋略属性影响），该效果每回合开始时减少1/8；我军全体每回合开始时士气提升#effect_03#,0,"4,",,S,,使我军全体受到的伤害降低，该效果每回合降低；使我军全体每回合士气提升,522,受到攻击伤害降低,0
200986,200986,6,59,6,0,50,50,20098601,0,4,0,0,0,0,盛气横凌,普通攻击后，对攻击目标再次发动猛攻（伤害率#effect_01#%）。若攻击目标士气高昂，则使其陷入混乱状态，持续#available_round_09#；若攻击目标士气一般或低落，则额外对其发动一次攻击（伤害率#effect_08#%-#effect_02#%）,0,"1,","14,34,51",S,,普通攻击后，对攻击目标再造成一次攻击伤害。若目标士气高昂，则使其陷入混乱状态；若目标处于士气一般或低落，则对其额外造成一次攻击伤害,301,攻击伤害,0
200987,200987,6,59,5,0,100,100,20098701,0,1,0,0,0,0,三军夺帅,自身每成功发动普通攻击、主动及追击战法后，自身对距离5以内敌军单体发动一次攻击（伤害率#subsk_211987_effect_01#%）并使自身攻击属性提高#subsk_211987_effect_12#，或对敌军群体2目标发动一次策略攻击（伤害率#subsk_211987_effect_23#%，受谋略属性影响）并使目标谋略属性降低#subsk_211987_effect_24#，属性变化可叠加，持续到战斗结束,0,"2,",,S,,自身每成功发动普通攻击、主动战法及追击战法后，自身对敌军单体造成一次攻击伤害并提升自身攻击属性，或对敌军群体造成一次策略攻击伤害，并使其策略属性下降,122,子技能（有益）,0
200988,200988,6,59,3,0,60,60,20099801,0,3,0,0,0,0,明慧通透,移除友军单体有害效果，恢复其大量兵力（恢复率#effect_02#%，受谋略属性影响），并使其在下回合有#prob_param_03#概率进入洞察状态,友军单体,"3,",41,B,,移除友军单体有害效果，恢复其兵力，使其在下回合进入洞察状态,122,子技能（有益）,0
200989,200989,6,59,5,0,100,100,20098901,0,2,0,0,0,0,持节镇西,使友军全体在每次造成攻击伤害前，攻击提高#subsk_213989_effect_01#（受攻击属性影响），可叠加4次，持续#subsk_213989_available_round_01#；每次造成策略攻击伤害前，谋略提高#subsk_214989_effect_01#（受谋略属性影响），可叠加4次，持续#subsk_214989_available_round_01#；每次受到伤害前，防御提高#subsk_215989_effect_01#（受防御属性影响），可叠加4次，持续#subsk_215989_available_round_01#,友军全体,"4,",,A,,使友军全体在造成攻击伤害前，使其攻击属性提高；每次造成策略攻击伤害前，使其谋略属性提升；每次受到伤害前，使其防御属性提升,122,子技能（有益）,0
200990,200990,6,59,5,0,100,100,20099001,0,1,0,0,0,0,赏顺伐逆,受到恢复效果时，有#subsk_210990_prob_param_01#几率为友军全体恢复一定兵力（恢复率#subsk_210990_effect_01#%，受谋略属性影响）；受到策略伤害时，有#subsk_213990_prob_param_01#几率对伤害来源发动一次策略攻击（伤害率#subsk_213990_effect_02#%，受谋略属性影响）,0,"3,2",,A,,受到恢复效果时，恢复友军全体兵力；受到策略伤害时，对伤害来源造成一次策略攻击伤害,122,子技能（有益）,0
200991,200991,6,59,5,0,100,100,20099101,0,2,0,0,0,0,潜谋远计,战斗中前@4回合@自身受到伤害时，有#prob_param_01#几率使自身恢复一定兵力（恢复率#subsk_210991_effect_01#%，受谋略属性影响）并使谋略属性和防御属性提高#subsk_210991_effect_02#，可叠加，持续至战斗结束；第@5回合@起，每回合行动时，对谋略低于自身的敌军全体有#subsk_212991_prob_param_01#几率造成一次策略攻击（伤害率#subsk_212991_effect_02#%，受谋略属性影响）。仅对自身处于前锋或中军位置时生效,0,"2,3",,S,,前4回合受到伤害时，恢复自身兵力，并使自身谋略属性和防御属性提升；第5回合起，每回合对谋略低于自身的敌军全体造成一次策略攻击伤害。仅自身处于前锋或中军位置生效,122,子技能（有益）,0
200992,200992,4,41,4,0,35,35,20099201,0,3,0,0,0,0,激水之疾,对敌军群体发动一次策略攻击（伤害率#effect_01#%，受谋略属性影响），若目标士气低于自身，则使其谋略属性降低#effect_02#，持续#available_round_02#,0,"2,","21,51",A,"2,3",对敌军群体造成策略攻击，若目标士气低于自身，则使其谋略属性降低,302,策略攻击伤害,0
200993,200993,6,59,2,0,100,100,20099301,0,1,0,0,0,0,舍身卫主,战斗开始后，受到2距离以内敌军的伤害时，有#subsk_210993_prob_param_01#几率对伤害来源发动一次攻击（伤害率#subsk_212993_effect_01#%）。位于前锋或中军时，战斗开始后前3回合，敌军对友军全体造成的攻击伤害由典韦承担。,0,"1,",,S,,受到2距离以内的敌军造成伤害时，对伤害来源造成一次攻击伤害。位于前锋或中军时，前三回合敌军全体造成的伤害由典韦承担,122,子技能（有益）,0
200994,200994,4,41,2,0,100,100,20099401,0,2,0,0,0,0,共饮避世,使我军群体受到的伤害降低#effect_01#%，武将每次造成伤害时，该效果降低1/7,0,"4,",,A,3,使我军群体受到伤害降低,522,受到攻击伤害降低,0
200995,200995,4,41,4,0,35,35,20099501,0,3,0,0,0,0,蓄盈待竭,选择随机敌军单体，其士气值低于自身时，对该敌军发动一次攻击（伤害率#effect_01#%），否则提升自身攻击、防御、谋略属性#subsk_220995_effect_01#，持续#subsk_220995_available_round_01#,0,"1,","11,51",B,"1,3",若目标士气低于自身，则对其造成攻击伤害；否则使自身攻击、防御、谋略属性提升,301,攻击伤害,0
200996,200996,4,41,3,0,25,25,20099601,0,3,0,0,0,0,亡命一搏,对敌军群体发动一次猛击（伤害率#subsk_210996_effect_01#%），当自身兵力低于初始兵力25%时，伤害率变为#subsk_220996_effect_01#%,敌军群体（有效距离内2个目标）,"1,","11,51",B,1,对敌军群体造成攻击伤害，若目标兵力较低，则造成的伤害提升,122,子技能（有益）,0
200997,200997,5,49,2,0,40,40,20099701,0,3,0,0,0,0,广陵绝唱,为友军全体恢复一定兵力（恢复率#effect_01#%，受谋略属性影响），并使随机友军单体士气提升#effect_12#,友军全体,"3,",41,A,,恢复友军全体兵力，并使随机友军单体士气提升,401,急救,0
200998,200998,5,49,5,0,100,100,20099801,0,2,0,0,0,0,幕天席地,每回合自身行动时使敌军兵力最高单体下一次造成的伤害降低#subsk_210998_effect_01#%（受谋略属性影响），我军兵力最低单体下一次受到的伤害降低#subsk_210998_effect_13#%（受谋略属性影响）,敌军单体,"4,",,A,,使敌军兵力最高单体下一次造成的伤害降低，使我军兵力最低单体下一次受到的伤害降低,122,子技能（有益）,0
200999,200999,5,49,5,1,45,45,20099901,0,3,0,0,0,0,青白分明,#prepare#准备，选择自身以外随机单体，若为敌军，则造成一次策略攻击（伤害率#subsk_210999_effect_01#%，受谋略属性影响），若为友军，则造成一次恢复（恢复率#subsk_210999_effect_02#%，受谋略属性影响），重复三次，每次目标独立判定,敌友单体,"2,3","21,51,41",A,,1回合准备，选择自身以外随机单体，若为敌军，则对其造成一次策略攻击伤害；若为友军，则恢复其兵力,122,子技能（有益）,0
201000,201000,5,49,3,0,25,35,20100101,0,3,0,0,0,0,缮甲厉兵,令友军全体免疫怯战效果，并使其攻击伤害提升#effect_02#%（受到谋略属性影响），持续#available_round_02#,友军全体,"4,",,B,,,122,子技能（有益）,0
201001,201001,5,49,2,0,100,100,20100101,0,1,0,0,0,0,推己及人,当友军全体受到伤害后，自身有#subsk_211001_prob_param_01#概率进入洞察状态，持续#subsk_211001_available_round_01#,友军全体,"4,",,C,,,122,子技能（有益）,0
201002,201002,5,49,4,0,35,35,20100201,0,3,0,0,0,0,神解音律,令我军群体恢复一定兵力（恢复率#effect_01#%，受谋略属性影响），并使我军群体谋略属性提高#effect_02#，持续#available_round_02#,0,"3,",41,B,,恢复我军群体兵力，使其谋略属性提升,401,急救,0
201003,201003,5,49,5,0,100,100,20100301,0,2,0,0,0,0,卿卿我我,我方出战武将有女性武将时，战斗中，女性武将每回合行动时有#prob_param_01#几率恢复一定兵力（恢复率#effect_01#%，受谋略属性影响），同时自身每回合有#subsk_211003_prob_param_01#几率使自身受到的攻击伤害和策略伤害降低#subsk_211003_effect_01#%（受谋略属性影响)，持续#subsk_211003_available_round_01#,我军全体,"4,",,B,,我方出战武将有女性武将时，女性武将每回合恢复自身兵力，使自身受到的伤害降低,401,急救,0
201004,201004,5,49,3,0,40,40,20100401,0,3,0,0,0,0,明德至亲,对友军全体发动以下两种效果的一种：攻击、谋略属性提升#subsk_211004_effect_01#，持续#subsk_211004_available_round_01#；受到攻击和策略伤害降低#subsk_221004_effect_01#%，持续#subsk_221004_available_round_01#,友军全体,"4,",,B,,使友军全体攻击属性、谋略属性提升；或使其受到的伤害降低,122,子技能（有益）,0
201005,201005,5,49,3,0,35,35,20100501,0,3,0,0,0,0,唯瞻父兄,对敌军群体发动一次攻击（伤害率#effect_01#%），使我军大营进行攻击和策略攻击时的伤害提升#effect_12#%，持续#available_round_12#,敌军群体（有效距离内2个目标）,"1,","11,51",B,,对敌军群体造成一次攻击伤害，使我军大营造成的伤害提升,301,攻击伤害,0
201006,201006,6,59,3,0,100,100,20100601,0,1,0,0,0,0,同仇敌忾,我军全体每次受到伤害后，其距离1以内的友军全体受到的伤害降低#effect_03#%（受谋略属性影响）且造成所有伤害提升#effect_03#%（受谋略属性影响），最多可叠加@8@次，持续至战斗结束,0,"4,",,S,,我军全体每次受到伤害后，使距离1以内的友军全体受到的伤害降低，造成的伤害提升,122,子技能（有益）,0
201007,201007,6,59,3,0,100,100,20100701,0,2,0,0,0,0,辞后定朝,战斗前3回合，自身行动时有#prob_param_01#几率移除自身受到的由指挥、主动、追击战法带来的有害和有益效果；第4回合开始，使友军全体中男性武将攻击和防御属性提升#effect_13#（受谋略属性影响），女性武将谋略和防御属性提升#effect_24#（受谋略属性影响）,我军全体,"4,",,A,,前3回合，移除自身受到指挥、主动、追击战法带来的有害和有益效果；第4回合，使友军全体男性武将攻击属性和防御属性提升，女生武将谋略属性和防御属性提升,713,镇静(预备),0
201008,201008,4,50,5,0,100,100,20100801,0,2,0,0,0,0,诱敌深入,战斗开始后@第3回合起@，自身在我军全体每回合首次受到伤害后，有#subsk_223008_prob_param_01#的几率对伤害来源造成一次策略攻击（伤害率#subsk_221008_effect_01#%，受谋略属性影响）,0,"2,",,A,2,第3回合起，使我军全体受到伤害后对目标造成策略攻击,122,子技能（有益）,0
210006,210006,6,59,5,0,100,100,21000601,0,3,0,0,0,0,四世三公,子技能,0,0,,,,,301,攻击伤害,0
210016,210016,6,59,3,0,100,100,21001601,0,2,0,0,0,0,皇裔流离,皇裔流离子技能,0,0,,,,,151,触发效果,0
210017,210017,6,59,2,0,100,100,21001701,0,3,0,0,0,0,诸葛锦囊,诸葛锦囊子技能,0,"4,",41,A,,,77,标记,0
210019,210019,6,59,1,0,100,100,21001901,0,1,0,0,0,0,红颜铁骑,子技能,0,0,,,,,531,攻击伤害提高,0
210024,210024,6,59,5,0,100,100,21002401,0,3,0,0,0,0,驱虎吞狼,子技能,0,0,,S,,,77,标记,0
210034,210034,6,59,1,0,100,100,21003401,0,1,0,0,0,0,侵掠如火,侵掠如火子技能,0,0,,A,,,531,攻击伤害提高,0
210072,210072,6,59,4,0,100,100,20007201,0,3,0,0,0,0,列营守险,子技能,0,0,,A,,,101,攻击属性提高,0
210196,210196,3,40,1,0,100,100,21019601,0,1,0,0,0,0,激昂,激昂子技能,0,0,,,,,531,攻击伤害提高,0
210215,210215,4,50,1,0,100,100,21021501,0,2,0,0,0,0,空城,空城子技能,0,"4,",,,,,514,规避,0
210241,210241,4,55,3,0,100,100,21024101,0,2,0,0,0,0,悬权而动,气锐露锋子技能,0,0,,A,,,122,子技能（有益）,0
210242,210242,6,59,5,0,100,100,21024201,0,2,0,0,0,0,举抑臧否,举抑臧否子技能，用来确定3种属性的选择,0,0,,A,,,122,子技能（有益）,0
210243,210243,4,55,4,0,100,100,21024301,0,3,0,0,0,0,九变之利,子技能,0,0,,A,,,123,子技能（有害）,0
210244,210244,5,56,5,0,100,100,21024401,0,2,0,0,0,0,正始之变,正始之变子技能,0,0,,S,,,122,子技能（有益）,0
210246,210246,6,59,5,0,100,100,21024601,0,2,0,0,0,0,缓师徐持,子技能，用于标记自身是否已经行动了,0,0,,S,,,77,标记,0
210247,210247,5,49,4,0,35,35,21024701,0,3,0,0,0,0,计焚乌巢,计焚乌巢子技能,0,0,"21,51",,,,305,燃烧,0
210248,210248,4,55,5,0,100,100,21024801,40003,2,0,0,0,0,计险远近,子技能,0,"1,",,A,,,522,受到攻击伤害降低,0
210249,210249,4,55,5,0,100,100,21024901,40003,2,0,0,0,0,知己知彼,子技能,敌我群体,"4,",,A,,,521,受到攻击伤害提高,0
210251,210251,6,59,6,0,120,120,21025101,0,4,0,0,0,0,烈火焚舟,子技能，对方处于第1段燃烧下触发的后续效果,攻击目标,0,"24,51",S,,,123,子技能（有害）,0
210253,210253,4,55,5,0,100,100,21025301,40003,1,0,0,0,0,兵者诡道,兵者诡道子技能,自己,0,,A,,,151,触发效果,0
210254,210254,6,59,5,0,100,100,21025401,0,2,0,0,0,0,衔命建功,子技能,敌军全体,0,,S,,,123,子技能（有害）,0
210255,210255,6,59,5,0,100,100,21025501,0,2,0,0,0,0,扬砂,子技能,我军全体,0,,S,,,0,,0
210256,210256,6,59,2,0,100,100,21025601,0,2,0,0,0,0,持玺兴兵,子技能,友军全体,0,,A,,,77,标记,0
210257,210257,6,59,5,0,100,100,21025701,0,2,0,0,0,0,审时定计,子技能,敌军全体,0,,S,,,123,子技能（有害）,0
210258,210258,6,59,5,0,100,100,21025801,0,1,0,0,0,0,雪奋短兵,子技能,0,0,,A,,,206,攻击距离降低,0
210259,210259,4,50,4,0,100,100,21025901,4,2,0,0,0,0,乘间击隙,子技能,0,"1,",,A,,,531,攻击伤害提高,0
210261,210261,4,50,1,0,100,100,21026101,0,1,0,0,0,0,胜敌益强,子技能,自己,"3,",,A,,,151,触发效果,0
210262,210262,6,59,3,0,100,100,21026201,0,2,0,0,0,0,玉玺,子技能,我军全体,0,,S,,,407,伤害吸收,0
210263,210263,5,56,5,0,100,100,21026301,0,3,0,0,0,0,火烧连营,子技能-非陆逊5次火攻+燃烧,0,0,,S,,,122,子技能（有益）,0
210264,210264,6,59,5,0,100,100,21026401,0,2,0,0,0,0,避锐,子技能-命名效果,0,0,,S,,,0,,0
210265,210265,6,59,5,0,100,100,21026501,0,2,0,0,0,0,雅虑适时,子技能，用于区分各个回合的具体效果,0,0,,A,,,409,同心,0
210266,210266,6,59,2,0,100,100,21026601,0,2,0,0,0,0,怀橘遗亲,子技能,0,0,,C,,,202,防御属性降低,0
210267,210267,4,50,3,0,100,100,21026701,4,3,0,0,0,0,敛众定气,子技能,0,"3,",41,A,,,220,免疫围困,0
210269,210269,6,59,5,0,100,100,21026901,0,2,0,0,0,0,举贤决机,子技能,0,0,,S,,,122,子技能（有益）,0
210270,210270,6,59,5,0,100,100,21027001,0,2,0,0,0,0,天子诏令,子技能,0,0,,S,,,152,移除效果,0
210272,210272,6,59,5,0,100,100,21027201,0,2,0,0,0,0,当敌制决,子技能,0,0,,,,,523,受到策略攻击伤害提高,0
210273,210273,6,59,5,0,100,100,21027301,0,3,0,0,0,0,率尔方雅,子技能,0,0,,,,,301,攻击伤害,0
210274,210274,4,50,5,0,100,100,21027401,0,1,0,0,0,0,以诱待来,子技能挑衅,0,0,,,,,505,挑衅,0
210275,210275,6,59,5,0,100,100,21027501,0,2,0,0,0,0,心战为上,子技能,0,0,,A,,,122,子技能（有益）,0
210277,210277,6,59,5,0,100,100,21027701,0,2,0,0,0,0,守静却敌,子技能,我军全体,0,,A,,,533,策略攻击伤害提高,0
210278,210278,6,59,5,0,100,100,21027801,0,2,0,0,0,0,佐命晋武,增伤子技能,我军全体,0,,A,,,122,子技能（有益）,0
210280,210280,4,50,1,0,100,100,21028001,0,1,0,0,0,0,令无空悬,子技能，用于叠加主动战法伤害,0,0,,A,,,322,主动战法伤害提高,0
210282,210282,6,59,5,0,100,100,21028201,0,2,0,0,0,0,其徐如林,子技能,0,0,,S,,,152,移除效果,0
210286,210286,6,59,5,0,100,100,21028601,0,2,0,0,0,0,知人待士,子技能，用于恢复&减伤,0,0,,A,,,401,急救,0
210287,210287,6,59,5,0,100,100,21028701,0,3,0,0,0,0,举义诛暴,子技能，用于控制,0,0,,A,,,552,怯战,0
210288,210288,6,59,5,0,100,100,21028801,0,1,0,0,0,0,勇挚刚毅,子技能，用于物伤,0,0,,S,,,301,攻击伤害,0
210289,210289,4,50,5,0,100,100,21028901,0,1,0,0,0,0,先声夺人,子技能，用于连击、分兵,0,0,,A,,,544,连击,0
210290,210290,6,59,5,0,100,100,21029001,0,1,0,0,0,0,九伐中原,子技能，伤害模块,0,0,,A,,,301,攻击伤害,0
210291,210291,4,50,5,0,100,100,21029101,4,2,0,0,0,0,避锐治气,受伤时，释放者施加减伤回血，子技能,0,"4,3",,S,,,77,标记,0
210292,210292,6,59,6,0,100,100,21029201,4,4,0,0,0,0,万军取首,爆头伤害效果，子技能,0,"1,","14,51",S,,,301,攻击伤害,0
210293,210293,5,56,5,0,100,100,21029301,4,2,0,0,0,0,定军山,定军山子技能，大幅减出伤,0,"4,",,S,,,152,移除效果,0
210294,210294,6,59,5,0,100,100,21029401,0,2,0,0,0,0,徽言龙凤,徽言龙凤子技能,0,0,,S,,,151,触发效果,0
210295,210295,6,59,5,0,100,100,21029501,0,2,0,0,0,0,锦车持节,子技能,0,0,,S,,,532,攻击伤害降低,0
210296,210296,6,59,5,0,100,100,21029601,0,2,0,0,0,0,敛微穷极,子技能-收敛1次,0,0,,,,,152,移除效果,0
210297,210297,6,59,5,0,100,100,21029701,0,1,0,0,0,0,蛮王御众,触发计算器,0,0,,,,,151,触发效果,0
210298,210298,5,56,5,0,100,100,21029801,0,2,0,0,0,0,七擒七纵,子技能,0,0,,,,,122,子技能（有益）,0
210299,210299,4,50,5,0,100,100,21029901,0,1,0,0,0,0,恃强淬锋,子技能,0,0,,,,,524,受到策略攻击伤害降低,0
210622,210622,4,50,5,0,100,100,21062201,0,2,0,0,0,0,不攻,不攻子技能,0,0,,,,,302,策略攻击伤害,0
210642,210642,5,49,3,0,100,100,21064201,0,1,0,0,0,0,借刀斩叛,借刀斩叛子技能,0,0,,,,,902,无法发动主动战法,0
210643,210643,4,50,2,0,100,100,21064301,4,1,0,0,0,0,愈战愈勇,愈战愈勇子技能,0,"4,",,,,,531,攻击伤害提高,0
210644,210644,4,50,2,0,100,100,21064401,4,1,0,0,0,0,步步为营,步步为营子技能,0,"4,",,,,,522,受到攻击伤害降低,0
210645,210645,4,50,2,0,100,100,21064501,4,1,0,0,0,0,深谋远虑,深谋远虑子技能,0,"4,",,,,,533,策略攻击伤害提高,0
210646,210646,4,50,6,0,100,100,21064601,0,2,0,0,0,0,疾风迅雷,疾风迅雷的子技能,0,0,,,,,501,混乱,0
210674,210674,4,50,3,0,100,100,21067401,0,2,0,0,0,0,一夫当关,一夫当关子技能,0,0,,,,,522,受到攻击伤害降低,0
210677,210677,6,59,5,0,100,100,21067701,0,3,0,0,0,0,险途暗渡,子技能,0,0,"11,51",A,,,123,子技能（有害）,0
210680,210680,6,59,4,0,120,120,21068001,0,3,0,0,0,0,定军扬威,对敌军群体发动一次攻击（伤害率#effect_12#%）并进行挑衅，同时使自身受到攻击的伤害降低#effect_24#%（受防御属性影响）,敌军群体（有效距离内1-2个目标）,"1,4","11,51",A,,对敌军群体造成一次攻击伤害，并挑衅，使自身受到的攻击伤害降低,301,攻击伤害,0
210687,210687,4,50,5,0,100,100,21068701,0,2,0,0,0,0,始计,始计子技能1,0,0,,,,,511,洞察,0
210717,210717,4,41,3,0,100,100,21071701,2,2,0,0,0,0,鹤翼,鹤翼子技能,0,0,,,,,545,分兵,0
210723,210723,6,59,2,0,100,100,21072301,0,1,0,0,0,0,南蛮强袭,南蛮强袭子技能,0,0,,,,,401,急救,0
210724,210724,4,50,1,0,100,100,21072401,0,1,0,0,0,0,健卒不殆,健卒不殆子技能,0,"4,",,A,,,522,受到攻击伤害降低,0
210730,210730,6,59,4,0,100,100,21073001,0,1,0,0,0,0,火兽冲锋,火兽冲锋子技能,0,0,,,,,301,攻击伤害,0
210732,210732,6,59,2,0,120,120,21073201,0,3,0,0,0,0,去疾,子技能,0,0,41,C,,,401,急救,0
210754,210754,4,50,2,0,100,100,21075401,3,2,0,0,0,0,胜兵求战,胜兵求战子技能,0,0,,,,,122,子技能（有益）,0
210756,210756,6,59,1,0,100,100,21075601,0,1,0,0,0,0,藤甲突击,藤甲突击子技能,0,0,,,,,122,子技能（有益）,0
210766,210766,4,50,1,0,100,100,21076601,0,1,0,0,0,0,兵无常势,兵无常势子技能,0,0,,,,,122,子技能（有益）,0
210767,210767,4,50,2,0,100,100,21076701,0,1,0,0,0,0,谋定后动,谋定后动子技能,0,0,,,,,511,洞察,0
210770,210770,6,59,4,0,100,100,21077001,0,2,0,0,0,0,盲侯奋勇,盲侯奋勇子技能,0,0,,,,,301,攻击伤害,0
210771,210771,6,59,5,0,100,100,21077101,0,1,0,0,0,0,霸王渡江,霸王渡江子技能,0,0,,,,,301,攻击伤害,0
210772,210772,6,59,4,0,100,100,21077201,0,1,0,0,0,0,夔吼象踏,夔吼象踏子技能,0,0,,,,,302,策略攻击伤害,0
210776,210776,5,49,3,0,100,100,20077601,0,2,0,0,0,0,覆舟不弃,覆舟不弃子技能,0,0,,,,,522,受到攻击伤害降低,0
210777,210777,5,49,3,0,100,100,21077701,0,2,0,0,0,0,预识,预识子技能,0,0,,,,,401,急救,0
210782,210782,4,41,3,0,100,100,21078201,4,2,0,0,0,0,疏数,疏二数子技能,0,0,,,,,301,攻击伤害,0
210784,210784,5,56,3,0,100,100,21078401,0,2,0,0,0,0,桃园结义,桃园结义子技能,0,0,,,,,401,急救,0
210788,210788,5,56,1,0,100,100,21078801,2,1,0,0,0,0,枭雄,枭雄子技能,0,"4,",,,,,122,子技能（有益）,0
210789,210789,5,56,4,0,100,100,21078901,0,3,0,0,0,0,凤仪亭,凤仪亭子技能,0,0,,,,,301,攻击伤害,0
210790,210790,6,59,4,0,100,100,21079001,0,2,0,0,0,0,青丘媚祸,青丘媚祸子技能,0,0,,,,,703,暴走(预备),0
210791,210791,6,59,4,0,100,100,21079101,0,2,0,0,0,0,西乡武功,西乡武功子技能,0,0,,,,,302,策略攻击伤害,0
210796,210796,6,59,4,0,100,100,21079601,0,3,0,0,0,0,地公将军,地公将军子技能,0,0,,,,,77,标记,0
210798,210798,6,59,1,0,100,100,21079801,0,3,0,0,0,0,却羌破奴,却羌破奴子技能,0,0,,,,,502,犹豫,0
210800,210800,4,50,5,0,100,100,21080001,0,2,0,0,0,0,众谋不懈,众谋不懈子技能,0,0,,,,,122,子技能（有益）,0
210803,210803,6,59,2,0,100,100,21080301,0,2,0,0,0,0,困龙尤争,困龙尤争子技能,0,0,,,,,401,急救,0
210804,210804,6,59,2,0,100,100,21080401,0,2,0,0,0,0,明法御狄,明法御敌子技能,0,0,,,,,102,防御属性提高,0
210813,210813,4,55,1,0,100,100,21081301,40003,2,0,0,0,0,形兵之极,形兵之极子技能,0,0,,,,,531,攻击伤害提高,0
210815,210815,4,55,4,0,100,100,21081501,40003,3,0,0,0,0,奇正之势,奇正之势子技能,0,0,,,,,161,无视敌方属性,0
210816,210816,4,55,2,0,100,100,21081601,40003,2,0,0,0,0,磐阵善守,磐阵善守子技能,0,0,,,,,522,受到攻击伤害降低,0
210820,210820,4,45,3,0,100,100,21082001,3,2,0,0,0,0,文启,文伐子技能,0,0,,,,,302,策略攻击伤害,0
210822,210822,4,45,1,0,100,100,21082201,2,1,0,0,0,0,合众,合众子技能,0,0,,,,,401,急救,0
210824,210824,6,59,4,0,100,100,21082401,0,2,0,0,0,0,西陵克晋,西陵克晋子技能,0,0,,,,,122,子技能（有益）,0
210828,210828,6,59,2,0,100,100,21082801,0,2,0,0,0,0,难知如阴,难知如阴子技能,0,0,,,,,131,发动率提高,0
210843,210843,6,59,1,0,100,100,21084301,0,1,0,0,0,0,疮痍累身,疮痍累身子技能,0,0,,,,,101,攻击属性提高,0
210847,210847,3,40,4,0,100,100,21084701,0,3,0,0,0,0,落雷,河内世泽子技能,0,0,,,,,302,策略攻击伤害,0
210849,210849,6,59,4,0,100,100,21084901,0,3,0,0,0,0,兵行巧变,兵行巧变-子技能,0,0,,,,,301,攻击伤害,0
210851,210851,6,59,5,0,100,100,21085101,0,2,0,0,0,0,陷储立齐,陷储立齐子技能,0,0,,,,,122,子技能（有益）,0
210852,210852,6,59,5,0,100,100,21085201,0,2,0,0,0,0,俭仪蹈和,俭仪蹈和子技能,0,0,,,,,702,犹豫(预备),0
210853,210853,4,50,5,0,100,100,21085301,0,2,0,0,0,0,美人计,美人计子技能,0,0,,,,,532,攻击伤害降低,0
210854,210854,4,41,1,0,100,100,21085401,0,3,0,0,0,0,投殳驱前,投殳驱前子技能,0,0,,,,,544,连击,0
210856,210856,4,41,1,0,100,100,21085601,0,2,0,0,0,0,形兵险战,形兵险战子技能,0,0,,,,,531,攻击伤害提高,0
210859,210859,6,59,1,0,100,100,21085901,0,1,0,0,0,0,焚粮避祸,焚粮避祸子技能,0,0,,,,,714,规避(预备),0
210860,210860,6,59,1,0,100,100,21086001,0,1,0,0,0,0,威震江左,威震江左子技能,0,0,,,,,545,分兵,0
210862,210862,5,56,5,0,100,100,21086201,0,2,0,0,0,0,单骑救主,单骑救主子技能,0,0,,,,,714,规避(预备),0
210863,210863,4,50,1,0,100,100,21086301,0,1,0,0,0,0,击势,击势子技能,0,0,,,,,122,子技能（有益）,0
210865,210865,6,59,2,0,100,100,21086501,0,1,0,0,0,0,奉令护蜀,奉令护蜀子技能,0,0,,,,,321,普通攻击伤害提高,0
210880,210880,4,41,2,0,100,100,21088001,0,3,0,0,0,0,僭越,僭越子技能,0,0,,,,,513,镇静,0
210882,210882,6,59,5,0,100,100,21088201,0,2,0,0,0,0,谋谟帷幄,谋谟帷幄子技能,0,0,,,,,122,子技能（有益）,0
210883,210883,4,50,1,0,100,100,21088301,0,2,0,0,0,0,鸟云山兵,鸟云山兵子技能,0,0,,,,,522,受到攻击伤害降低,0
210887,210887,6,59,5,0,100,100,21088701,0,3,0,0,0,0,烽火覆周,烽火覆周子技能1,0,0,,,,,307,火攻,0
210898,210898,6,59,1,0,100,100,21089801,0,1,0,0,0,0,京观垒冢,京观垒冢子技能,0,0,,,,,122,子技能（有益）,0
210899,210899,6,59,1,0,100,100,21089901,0,1,0,0,0,0,断首何怒,断首何怒子技能,0,0,,,,,522,受到攻击伤害降低,0
210900,210900,4,50,2,0,100,100,21090001,0,1,0,0,0,0,垒实迎击,垒实迎击子技能,0,0,,,,,504,援护,0
210904,210904,5,49,2,0,100,100,21090401,0,2,0,0,0,0,去缚犒军,去缚犒军子技能,0,0,,,,,401,急救,0
210906,210906,5,49,3,0,100,100,21090601,0,3,0,0,0,0,羌帅衅敌,羌帅衅敌子技能,0,0,,,,,505,挑衅,0
210907,210907,5,49,3,0,100,100,21090701,0,3,0,0,0,0,岁贡固疆,岁贡固疆子技能,0,0,,,,,301,攻击伤害,0
210915,210915,6,59,2,0,100,100,21091501,0,2,0,0,0,0,统军畏慎,统军畏慎子技能,0,"4,",,S,,统军畏慎子技能,531,攻击伤害提高,0
210916,210916,6,59,2,0,100,100,21091601,0,3,0,0,0,0,治众刑咒,治众刑咒子技能,0,0,,,,,532,攻击伤害降低,0
210918,210918,4,41,2,0,100,100,21091801,0,2,0,0,0,0,天覆,天覆子技能,0,0,,,,,401,急救,0
210920,210920,4,41,3,0,100,100,21092001,4,2,0,0,0,0,风扬,子技能,0,"4,",,,,,544,连击,0
210921,210921,4,41,5,0,100,100,21092101,0,2,0,0,0,0,云垂,云垂子技能,0,0,,,,,201,攻击属性降低,0
210922,210922,4,41,5,0,100,100,21092201,4,2,0,0,0,0,龙飞,龙飞子技能,0,0,,,,,151,触发效果,0
210924,210924,4,41,2,0,100,100,21092401,4,2,0,0,0,0,鸟翔,鸟翔子技能,0,"4,",,,,,127,伤害分摊,0
210925,210925,4,41,2,0,100,100,21092501,0,2,0,0,0,0,蛇蟠,蛇蟠子技能,0,0,,,,,504,援护,0
210927,210927,6,59,4,0,100,100,21092701,0,3,0,0,0,0,将出关西,将出关西子技能,0,0,,,,,301,攻击伤害,0
210930,210930,6,59,5,0,100,100,21093001,0,2,0,0,0,0,奇兵拒北,子技能,0,0,,,,,301,攻击伤害,0
210932,210932,4,41,5,0,100,100,21093201,0,3,0,0,0,0,坐山观虎,坐山观虎-子技能,0,0,,,,,301,攻击伤害,0
210933,210933,6,59,1,0,100,100,21093301,0,1,0,0,0,0,将门有将,将门有将子技能,0,0,,,,,545,分兵,0
210934,210934,6,59,2,0,100,100,21093401,0,2,0,0,0,0,言出必克,言出必克子技能,0,0,,,,,524,受到策略攻击伤害降低,0
210935,210935,4,50,1,0,100,100,21093501,0,2,0,0,0,0,以直报怨,以直报怨子技能,0,0,,,,,122,子技能（有益）,0
210939,210939,6,59,1,0,100,100,21093901,0,1,0,0,0,0,登锋陷阵,登封陷阵子技能,0,0,,,,,131,发动率提高,0
210940,210940,6,59,2,0,100,100,21094001,0,2,0,0,0,0,文德椒房,文德椒房子技能,0,0,,,,,122,子技能（有益）,0
210941,210941,4,50,1,0,100,100,21094101,0,1,0,0,0,0,甚陷不惧,甚陷不惧子技能,0,0,,,,,131,发动率提高,0
210942,210942,6,59,5,0,100,100,21094201,0,2,0,0,0,0,暴戾恣睢,暴戾恣睢子技能,0,0,,,,,301,攻击伤害,0
210949,210949,4,50,1,0,100,100,21094901,0,1,0,0,0,0,势无虚动,势无虚动子技能,0,"4,",,,,,515,无视规避,0
210950,210950,6,59,5,0,100,100,21095001,0,2,0,0,0,0,七步释嫌,七步释嫌子技能,0,0,,,,,151,触发效果,0
210952,210952,6,59,3,0,100,100,21095201,0,2,0,0,0,0,抚民励德,抚民励德子技能,0,0,,,,,152,移除效果,0
210954,210954,6,59,5,0,100,100,21095401,0,2,0,0,0,0,汉韵旷野,子技能,0,0,,,,,532,攻击伤害降低,0
210956,210956,4,50,1,0,100,100,21095601,0,1,0,0,0,0,三军齐出,子技能,0,"4,",,,,,545,分兵,0
210957,210957,6,59,5,0,100,100,21095701,0,3,0,0,0,0,五兵之烈,子技能,0,0,,,,,301,攻击伤害,0
210960,210960,6,59,3,0,100,100,21096001,0,2,0,0,0,0,鸾凤和鸣,鸾凤和鸣子技能1,0,0,,,,,122,子技能（有益）,0
210961,210961,6,59,5,0,100,100,21096101,0,2,0,0,0,0,奋疾先登,子技能,0,0,,S,,,151,触发效果,0
210962,210962,6,59,3,0,100,100,21096201,0,2,0,0,0,0,赐剑长驱,赐剑长驱子技能,0,0,,A,,,111,额外参数,0
210963,210963,6,59,4,0,100,100,21096301,0,2,0,0,0,0,绮阁飘香,绮阁飘香子技能1,0,0,,A,,,302,策略攻击伤害,0
210964,210964,4,50,3,0,100,100,21096401,0,2,0,0,0,0,合纵连横,合纵连横子技能1,我军全体,"4,",,A,,,531,攻击伤害提高,0
210965,210965,6,59,5,0,100,100,21096501,0,1,0,0,0,0,持刀从武,持刀从武子技能,0,0,,A,,,122,子技能（有益）,0
210966,210966,6,59,3,0,100,100,21096611,0,2,0,0,0,0,尽言直谏,尽言直谏子技能,0,0,,S,,,77,标记,0
210968,210968,3,40,4,0,100,100,21096801,0,3,0,0,0,0,伐谋,连环计子技能,0,0,,A,,,302,策略攻击伤害,0
210972,210972,5,49,3,0,100,100,21097201,0,2,0,0,0,0,三让徐州,三让徐州子技能,0,0,,,,,401,急救,0
210975,210975,5,49,2,0,100,100,21097501,0,1,0,0,0,0,忧勤王事,忧勤王事子技能,0,0,,A,,,504,援护,0
210980,210980,4,50,6,0,100,100,21098001,0,4,0,0,0,0,乘胜追击,乘胜追击连发1,0,0,,,,,301,攻击伤害,0
210981,210981,4,50,1,0,100,100,21098101,0,1,0,0,0,0,胜负先征,胜负先征子技能,0,"4,",,A,,,322,主动战法伤害提高,0
210982,210982,4,50,5,0,100,100,21098201,0,3,0,0,0,0,望风而降,子技能,0,0,,,,,122,子技能（有益）,0
210983,210983,6,59,5,0,100,100,21098301,0,2,0,0,0,0,运筹决胜,运筹决胜子技能-暴走,0,0,,,,,503,暴走,0
210984,210984,6,59,5,0,100,100,21098401,0,3,0,0,0,0,怀德畏威,怀德畏威子技能,0,0,"11,21,31,51",S,,,301,攻击伤害,0
210987,210987,6,59,5,0,100,100,21098701,0,1,0,0,0,0,三军夺帅,触发计数,0,0,,,,,151,触发效果,0
210989,210989,6,59,5,0,100,100,21098901,0,2,0,0,0,0,持节镇西,持节镇西子技能,0,0,,A,,,122,子技能（有益）,0
210990,210990,6,59,5,0,100,100,21099001,0,1,0,0,0,0,赏顺伐逆,恢复友军,0,0,,A,,,401,急救,0
210991,210991,6,59,5,0,100,100,21099101,0,2,0,0,0,0,潜谋远计,羊祜主战法子技能，恢复+叠谋,0,0,,S,,,401,急救,0
210993,210993,6,59,2,0,100,100,21099301,0,1,0,0,0,0,舍身卫主,舍身卫主子技能，用于反击,0,0,,S,,,122,子技能（有益）,0
210995,210995,4,41,4,0,100,100,21099501,0,3,0,0,0,0,蓄盈待竭,给自己buff,0,0,,B,,,122,子技能（有益）,0
210996,210996,4,41,3,0,100,100,21099601,0,3,0,0,0,0,亡命一搏,亡命一搏子技能,0,0,11,B,,,301,攻击伤害,0
210998,210998,5,49,5,0,100,100,21099801,0,2,0,0,0,0,幕天席地,幕天席地子技能,0,0,,A,,,534,策略攻击伤害降低,0
210999,210999,5,49,5,0,100,100,21099901,0,3,0,0,0,0,青白分明,青白双眼子技能,0,0,,,,,302,策略攻击伤害,0
211001,211001,5,49,2,0,100,100,21100101,0,1,0,0,0,0,推己及人,推己及人子技能,0,0,,,,,511,洞察,0
211003,211003,5,49,5,0,100,100,21100301,0,2,0,0,0,0,卿卿我我,子技能,我军全体,0,,,,,522,受到攻击伤害降低,0
211004,211004,5,49,3,0,100,100,21100401,0,3,0,0,0,0,明德至亲,加属性,0,0,,,,,101,攻击属性提高,0
211006,211006,6,59,5,0,100,100,21100601,0,3,0,0,0,0,四世三公,子技能,0,0,,,,,301,攻击伤害,0
211016,211016,6,59,6,0,100,100,21101601,0,2,0,0,0,0,皇裔流离,皇裔流离子技能,0,0,,,,,141,生效几率提高,0
211215,211215,4,50,1,0,100,100,21121501,0,2,0,0,0,0,空城,空城子技能,0,"4,",,,,,122,子技能（有益）,0
211241,211241,4,55,3,0,100,100,21124101,0,2,0,0,0,0,悬权而动,气锐露锋子技能,0,0,,A,,,531,攻击伤害提高,0
211242,211242,6,59,5,0,100,100,21124201,0,2,0,0,0,0,举抑臧否,举抑臧否子技能，攻击,0,0,,A,,,201,攻击属性降低,0
211243,211243,4,55,4,0,100,100,21124301,0,3,0,0,0,0,九变之利,子技能,0,0,,A,,,123,子技能（有害）,0
211244,211244,5,56,5,0,100,100,21124401,0,2,0,0,0,0,正始之变,正始之变子技能,0,0,,S,,,151,触发效果,0
211246,211246,6,59,5,0,100,100,21124601,0,2,0,0,0,0,缓师徐持,子技能，用于扣除属性,0,0,,S,,,201,攻击属性降低,0
211248,211248,4,55,5,0,100,100,21124801,40003,2,0,0,0,0,计险远近,子技能,0,"1,",,A,,,151,触发效果,0
211249,211249,4,55,5,0,100,100,21124901,40003,2,0,0,0,0,知己知彼,子技能,敌我群体,"4,",,A,,,531,攻击伤害提高,0
211252,211252,4,50,1,0,100,100,21125201,0,1,0,0,0,0,百战无怯,子技能,自己,"4,",,S,,,524,受到策略攻击伤害降低,0
211253,211253,4,55,5,0,100,100,21125301,40003,1,0,0,0,0,兵者诡道,兵者诡道子技能,自己,0,,A,,,302,策略攻击伤害,0
211254,211254,6,59,5,0,100,100,21125401,0,2,0,0,0,0,衔命建功,子技能,敌军全体,0,,S,,,77,标记,0
211255,211255,6,59,5,0,100,100,21125501,0,2,0,0,0,0,伏波扬砂,子技能,我军全体,0,,S,,,544,连击,0
211256,211256,6,59,2,0,100,100,21125601,0,2,0,0,0,0,持玺兴兵,子技能,友军全体,0,,A,,,401,急救,0
211257,211257,6,59,5,0,100,100,21125701,0,2,0,0,0,0,审时定计,子技能,敌军全体,0,,S,,,122,子技能（有益）,0
211258,211258,6,59,5,0,100,100,21125801,0,1,0,0,0,0,雪奋短兵,子技能,0,0,,A,,,301,攻击伤害,0
211259,211259,4,50,4,0,100,100,21125901,4,2,0,0,0,0,乘间击隙,子技能,0,"1,",,A,,,301,攻击伤害,0
211262,211262,6,59,3,0,100,100,21126201,0,2,0,0,0,0,玉玺,子技能,我军全体,0,,S,,,515,无视规避,0
211263,211263,5,56,5,0,100,100,21126301,0,3,0,0,0,0,火烧连营,子技能-非陆逊火攻+易伤,0,0,,S,,,307,火攻,0
211264,211264,6,59,5,0,100,100,21126401,0,2,0,0,0,0,疲兵沮意,子技能-减伤&施加燃烧,0,0,,S,,,77,标记,0
211265,211265,6,59,5,0,100,100,21126501,0,2,0,0,0,0,雅虑适时,子技能，用于区分各个回合的具体效果,0,0,,A,,,522,受到攻击伤害降低,0
211266,211266,6,59,2,0,100,100,21126601,0,2,0,0,0,0,怀橘遗亲,子技能,0,0,,C,,,102,防御属性提高,0
211268,211268,6,59,5,0,100,100,21126801,0,3,0,0,0,0,忠克猛烈,子技能,0,0,,S,,,122,子技能（有益）,0
211269,211269,6,59,5,0,100,100,21126901,0,2,0,0,0,0,举贤决机,子技能,0,0,,S,,,122,子技能（有益）,0
211270,211270,6,59,5,0,100,100,21127001,0,2,0,0,0,0,天子诏令,子技能,0,0,,S,,,122,子技能（有益）,0
211273,211273,6,59,5,0,100,100,21127301,0,3,0,0,0,0,率尔方雅,子技能,0,0,,,,,302,策略攻击伤害,0
211274,211274,4,50,5,0,100,100,21127401,0,1,0,0,0,0,以诱待来,子技能判断挑衅状态,0,0,,,,,122,子技能（有益）,0
211275,211275,6,59,5,0,100,100,21127501,0,2,0,0,0,0,心战为上,子技能,0,0,,A,,,122,子技能（有益）,0
211277,211277,6,59,5,0,100,100,21127701,0,2,0,0,0,0,守静却敌,子技能,我军全体,0,,A,,,533,策略攻击伤害提高,0
211278,211278,6,59,5,0,100,100,21127801,0,2,0,0,0,0,佐命晋武,恢复子技能,我军全体,0,,A,,,401,急救,0
211280,211280,4,50,1,0,100,100,21128001,0,1,0,0,0,0,令无空悬,子技能，用于提升造成伤害的主动战法发动率,0,0,,A,,,131,发动率提高,0
211286,211286,6,59,5,0,100,100,21128601,0,2,0,0,0,0,知人待士,子技能，用于出伤,0,0,,A,,,302,策略攻击伤害,0
211288,211288,6,59,5,0,100,100,21128801,0,1,0,0,0,0,勇挚刚毅,子技能，用于物伤,0,0,,S,,,301,攻击伤害,0
211289,211289,4,50,5,0,100,100,21128901,0,1,0,0,0,0,先声夺人,子技能，用于物伤,0,0,,A,,,301,攻击伤害,0
211291,211291,4,50,5,0,100,100,21129101,4,2,0,0,0,0,避锐治气,减伤回血，子技能,0,"4,3",,S,,,77,标记,0
211293,211293,5,56,5,0,100,100,21129301,4,2,0,0,0,0,定军山,定军山子技能，爆头,0,"4,",,S,,,77,标记,0
211294,211294,6,59,5,0,100,100,21129401,0,2,0,0,0,0,徽言龙凤,徽言龙凤子技能,0,0,,S,,,152,移除效果,0
211295,211295,6,59,5,0,100,100,21129501,0,2,0,0,0,0,锦车持节,子技能,0,0,,S,,,152,移除效果,0
211296,211296,6,59,5,0,100,100,21129601,0,2,0,0,0,0,敛微穷极,子技能-收敛2次,0,0,,,,,152,移除效果,0
211297,211297,6,59,5,0,100,100,21129701,0,1,0,0,0,0,蛮王御众,选人,0,0,,,,,122,子技能（有益）,0
211298,211298,5,56,5,0,100,100,21129801,0,2,0,0,0,0,七擒七纵,子技能,0,0,,,,,152,移除效果,0
211643,211643,4,50,2,0,100,100,21164301,4,1,0,0,0,0,愈战愈勇,愈战愈勇子技能,0,"4,",,,,,151,触发效果,0
211644,211644,4,50,2,0,100,100,21164401,4,1,0,0,0,0,步步为营,步步为营子技能,0,"4,",,,,,151,触发效果,0
211645,211645,4,50,2,0,100,100,21164501,4,1,0,0,0,0,深谋远虑,深谋远虑子技能,0,"4,",,,,,151,触发效果,0
211677,211677,6,59,5,0,100,100,21167701,0,3,0,0,0,0,险途暗渡,子技能,0,0,"11,51",A,,,122,子技能（有益）,0
211687,211687,4,50,6,0,100,100,21168701,0,2,0,0,0,0,始计,始计子技能2,0,0,,,,,532,攻击伤害降低,0
211730,211730,6,59,4,0,100,100,21173001,0,1,0,0,0,0,火兽冲锋,火兽冲锋子技能,0,0,,,,,122,子技能（有益）,0
211754,211754,4,50,2,0,100,100,21175401,3,2,0,0,0,0,胜兵求战,胜兵求战子技能,0,0,,,,,581,减少自带战法准备回合,0
211756,211756,6,59,4,0,100,100,21175601,0,1,0,0,0,0,藤甲突击,藤甲突击子技能,0,0,,,,,301,攻击伤害,0
211766,211766,4,50,1,0,100,100,21176601,0,1,0,0,0,0,兵无常势,兵无常势子技能,0,0,,,,,122,子技能（有益）,0
211767,211767,4,50,2,0,100,100,21176701,0,1,0,0,0,0,谋定后动,谋定后动子技能,0,0,,,,,101,攻击属性提高,0
211770,211770,6,59,4,0,100,100,21177001,0,2,0,0,0,0,盲侯奋勇,盲侯奋勇子技能,0,0,,,,,122,子技能（有益）,0
211771,211771,6,59,5,0,100,100,21177101,0,1,0,0,0,0,霸王渡江,霸王渡江子技能,0,0,,,,,122,子技能（有益）,0
211782,211782,4,41,3,0,100,100,21178201,4,2,0,0,0,0,疏数,疏二数子技能,0,0,,,,,122,子技能（有益）,0
211784,211784,5,56,4,0,100,100,21178401,0,2,0,0,0,0,桃园结义,桃园结义子技能,0,0,,,,,302,策略攻击伤害,0
211788,211788,5,56,1,0,100,100,21178801,2,1,0,0,0,0,枭雄,枭雄子技能,0,"4,",,,,,511,洞察,0
211789,211789,5,56,4,0,100,100,21178901,0,3,0,0,0,0,凤仪亭,凤仪亭子技能2,0,0,,,,,531,攻击伤害提高,0
211790,211790,6,59,4,0,100,100,21179001,0,2,0,0,0,0,青丘媚祸,青丘媚祸子技能,0,0,,,,,122,子技能（有益）,0
211800,211800,4,50,5,0,100,100,21180001,0,2,0,0,0,0,众谋不懈,众谋不懈子技能,0,0,,,,,302,策略攻击伤害,0
211824,211824,6,59,4,0,100,100,21182401,0,2,0,0,0,0,西陵克晋,西陵克晋子技能,0,0,,,,,301,攻击伤害,0
211828,211828,6,59,2,0,100,100,21182801,0,2,0,0,0,0,难知如阴,难知如阴子技能,0,0,,,,,131,发动率提高,0
211843,211843,6,59,2,0,100,100,21184301,0,1,0,0,0,0,疮痍累身,疮痍累身子技能,0,0,,,,,504,援护,0
211847,211847,3,40,4,0,100,100,21184701,0,3,0,0,0,0,迷阵,河内世泽子技能,0,0,,,,,302,策略攻击伤害,0
211849,211849,6,59,4,0,100,100,21184901,0,3,0,0,0,0,兵行巧变,兵行巧变-子技能,0,0,,,,,301,攻击伤害,0
211851,211851,6,59,5,0,100,100,21185101,0,2,0,0,0,0,陷储立齐,陷储立齐子技能,0,0,,,,,201,攻击属性降低,0
211853,211853,4,50,1,0,100,100,21185301,0,2,0,0,0,0,美人计,美人计子技能,0,0,,,,,714,规避(预备),0
211854,211854,4,41,1,0,100,100,21185401,0,3,0,0,0,0,投殳驱前,投殳驱前子技能,0,0,,,,,545,分兵,0
211859,211859,6,59,1,0,100,100,21185901,0,1,0,0,0,0,焚粮避祸,焚粮避祸子技能-仅供概率显示使用，没有实际效果,0,0,,,,,714,规避(预备),0
211860,211860,6,59,1,0,100,100,21186001,0,1,0,0,0,0,威震江左,威震江左子技能,0,0,,,,,202,防御属性降低,0
211863,211863,4,50,1,0,100,100,21186301,0,1,0,0,0,0,击势,击势子技能,0,0,,,,,161,无视敌方属性,0
211865,211865,6,59,2,0,100,100,21186501,0,1,0,0,0,0,奉令护蜀,奉令护蜀技能,0,0,,A,,,151,触发效果,0
211882,211882,6,59,5,0,100,100,21188201,0,2,0,0,0,0,谋谟帷幄,谋谟帷幄子技能,0,0,,,,,302,策略攻击伤害,0
211883,211883,4,50,1,0,100,100,21188301,0,2,0,0,0,0,鸟云山兵,鸟云山兵子技能,0,0,,,,,524,受到策略攻击伤害降低,0
211887,211887,6,59,5,0,100,100,21188701,0,3,0,0,0,0,烽火覆周,烽火覆周子技能,0,0,,,,,307,火攻,0
211898,211898,6,59,5,0,100,100,21189801,0,1,0,0,0,0,京观垒冢,京观垒冢子技能,0,0,,,,,301,攻击伤害,0
211899,211899,6,59,5,0,100,100,21189901,0,1,0,0,0,0,断首何怒,断首何怒子技能,0,0,,,,,532,攻击伤害降低,0
211900,211900,4,50,1,0,100,100,21190001,0,1,0,0,0,0,垒实迎击,垒实迎击子技能,0,0,,,,,401,急救,0
211915,211915,6,59,2,0,100,100,21191501,0,2,0,0,0,0,统军畏慎,统军畏慎特性,0,"4,",,S,,统军畏慎特性,531,攻击伤害提高,0
211916,211916,6,59,1,0,100,100,21191601,0,3,0,0,0,0,治众刑咒,治众刑咒子技能,0,0,,,,,401,急救,0
211920,211920,4,41,3,0,100,100,21192001,4,2,0,0,0,0,风扬,子技能,0,"4,",,,,,545,分兵,0
211927,211927,6,59,4,0,100,100,21192701,0,3,0,0,0,0,将出关西,将出关西子技能,0,0,,,,,301,攻击伤害,0
211930,211930,6,59,5,0,100,100,21193001,0,2,0,0,0,0,奇兵拒北,子技能,0,0,,,,,301,攻击伤害,0
211933,211933,6,59,1,0,100,100,21193301,0,1,0,0,0,0,将门有将,将门有将子技能,0,0,,,,,544,连击,0
211934,211934,5,60,2,0,100,100,21193401,0,2,0,0,0,0,言出必克,言出必克子技能,0,0,,,,,127,伤害分摊,0
211935,211935,4,50,5,0,100,100,21193501,0,2,0,0,0,0,以直报怨,以直报怨子技能,0,0,,,,,534,策略攻击伤害降低,0
211940,211940,6,59,2,0,100,100,21194001,0,2,0,0,0,0,文德椒房,文德椒房子技能,0,0,,,,,533,策略攻击伤害提高,0
211942,211942,6,59,5,0,100,100,21194201,0,2,0,0,0,0,暴戾恣睢,暴戾恣睢子技能,0,0,,,,,122,子技能（有益）,0
211950,211950,6,59,5,0,100,100,21195001,0,2,0,0,0,0,七步释嫌,七步释嫌子技能,0,0,,,,,534,策略攻击伤害降低,0
211954,211954,6,59,5,0,100,100,21195401,0,2,0,0,0,0,汉韵旷野,子技能,0,0,,,,,141,生效几率提高,0
211956,211956,4,50,1,0,100,100,21195601,0,1,0,0,0,0,三军齐出,每回合行动时#subsk_210956_prob_param_01#几率使自身进入分兵状态，普通攻击后同时对附近的敌军造成伤害（伤害率#subsk_210956_effect_01#%）,0,"4,",,,,,122,子技能（有益）,0
211957,211957,6,59,5,0,100,100,21195701,0,3,0,0,0,0,五兵之烈,子技能,0,0,,,,,301,攻击伤害,0
211958,211958,6,59,3,0,100,100,21195801,0,2,0,0,0,0,鏖兵卫主,鏖兵卫主-子技能,0,0,,,,,504,援护,0
211961,211961,6,59,3,0,100,100,21196101,0,2,0,0,0,0,奋疾先登,子技能,0,0,,S,,,301,攻击伤害,0
211965,211965,6,59,5,0,100,100,21196501,0,1,0,0,0,0,持刀从武,持刀从武子技能,0,0,,A,,,112,数值变化,0
211966,211966,6,59,3,0,100,100,21196601,0,2,0,0,0,0,尽言直谏,尽言直谏子技能,0,0,,S,,,77,标记,0
211967,211967,4,50,2,0,100,100,21196701,0,2,0,0,0,0,勠力同心,勠力同心子技能,0,"4,",,A,,,152,移除效果,0
211968,211968,3,40,4,0,100,100,21196801,0,3,0,0,0,0,迷阵,连环计子技能,0,0,,A,,,302,策略攻击伤害,0
211982,211982,4,50,5,0,100,100,21198201,0,3,0,0,0,0,望风而降,子技能,0,0,,,,,304,恐慌,0
211983,211983,6,59,5,0,100,100,21198301,0,2,0,0,0,0,运筹决胜,运筹决胜子技能-谋伤,0,0,,,,,122,子技能（有益）,0
211987,211987,6,59,5,0,100,100,21198701,0,1,0,0,0,0,三军夺帅,攻击,0,0,,,,,301,攻击伤害,0
211989,211989,6,59,5,0,100,100,21198901,0,2,0,0,0,0,持节镇西,持节镇西子技能,0,0,,A,,,122,子技能（有益）,0
211993,211993,6,59,2,0,100,100,21199301,0,1,0,0,0,0,舍身卫主,舍身卫主子技能，用于判定反击时是否出伤以及标记,0,0,,S,,,77,标记,0
212241,212241,4,55,3,0,100,100,21224101,0,2,0,0,0,0,悬权而动,气锐露锋子技能,0,0,,A,,,113,士气提升,0
212242,212242,6,59,5,0,100,100,21224201,0,2,0,0,0,0,举抑臧否,举抑臧否子技能，防御,0,0,,A,,,202,防御属性降低,0
212243,212243,4,55,4,0,100,100,21224301,0,3,0,0,0,0,九变之利,怯战ordot,0,0,,A,,,122,子技能（有益）,0
212244,212244,5,56,5,0,100,100,21224401,0,2,0,0,0,0,正始之变,正始之变子技能,0,0,,S,,,111,额外参数,0
212246,212246,6,59,5,0,100,100,21224601,0,2,0,0,0,0,缓师徐持,子技能,0,0,,S,,,123,子技能（有害）,0
212248,212248,4,55,5,0,100,100,21224801,40003,2,0,0,0,0,计险远近,子技能,0,"1,",,A,,,523,受到策略攻击伤害提高,0
212249,212249,4,55,5,0,100,100,21224901,40003,2,0,0,0,0,知己知彼,子技能,敌我群体,"4,",,A,,,523,受到策略攻击伤害提高,0
212251,212251,6,59,6,0,120,120,21225101,0,4,0,0,0,0,烈火焚舟,子技能，用于判断自己是否已处于燃烧状态,攻击目标,0,"24,51",S,,,123,子技能（有害）,0
212252,212252,4,50,1,0,100,100,21225201,0,1,0,0,0,0,百战无怯,子技能,自己,"4,",,S,,,313,效果减少1次,0
212254,212254,6,59,5,0,100,100,21225401,0,2,0,0,0,0,衔命建功,子技能,敌军全体,0,,S,,,302,策略攻击伤害,0
212255,212255,6,59,5,0,100,100,21225501,0,2,0,0,0,0,伏波扬砂,子技能,我军全体,0,,S,,,210,命名flag,0
212257,212257,6,59,5,0,100,100,21225701,0,2,0,0,0,0,审时定计,子技能,敌军全体,0,,S,,,521,受到攻击伤害提高,0
212258,212258,6,59,5,0,100,100,21225801,0,1,0,0,0,0,雪奋短兵,子技能,0,0,,A,,,303,动摇,0
212259,212259,4,50,4,0,100,100,21225901,4,2,0,0,0,0,乘间击隙,子技能,0,"1,",,A,,,122,子技能（有益）,0
212263,212263,5,56,5,0,100,100,21226301,0,3,0,0,0,0,火烧连营,子技能-陆逊5次火攻+恐慌,0,0,,S,,,122,子技能（有益）,0
212264,212264,6,59,5,0,100,100,21226401,0,2,0,0,0,0,疲兵沮意,子技能-施加燃烧子技能,0,0,,S,,,122,子技能（有益）,0
212266,212266,6,59,2,0,100,100,21226601,0,2,0,0,0,0,怀橘遗亲,子技能,0,0,,C,,,151,触发效果,0
212268,212268,6,59,5,0,100,100,21226801,0,3,0,0,0,0,忠克猛烈,子技能,0,0,,S,,,122,子技能（有益）,0
212269,212269,6,59,5,0,100,100,21226901,0,2,0,0,0,0,举贤决机,子技能,0,0,,S,,,122,子技能（有益）,0
212270,212270,6,59,5,0,100,100,21227001,0,2,0,0,0,0,天子诏令,子技能,0,0,,S,,,151,触发效果,0
212274,212274,4,50,5,0,100,100,21227401,0,1,0,0,0,0,以诱待来,子技能转移,0,0,,,,,122,子技能（有益）,0
212275,212275,6,59,5,0,100,100,21227501,0,2,0,0,0,0,心战为上,子技能,0,0,,A,,,542,攻心,0
212278,212278,6,59,5,0,100,100,21227801,0,2,0,0,0,0,佐命晋武,增伤子技能,我军全体,0,,A,,,531,攻击伤害提高,0
212286,212286,6,59,5,0,100,100,21228601,0,2,0,0,0,0,知人待士,子技能，用于出伤,0,0,,A,,,301,攻击伤害,0
212288,212288,6,59,5,0,100,100,21228801,0,1,0,0,0,0,勇挚刚毅,子技能，用于增伤&增加恢复,0,0,,S,,,531,攻击伤害提高,0
212291,212291,4,50,5,0,100,100,21229101,4,2,0,0,0,0,避锐治气,回合结束时，释放者施加减伤回血，子技能,0,"4,3",,S,,,77,标记,0
212293,212293,5,56,5,0,100,100,21229301,4,2,0,0,0,0,定军山,定军山子技能，实际触发销毁效果+移除标记,0,"4,",,S,,,151,触发效果,0
212294,212294,6,59,5,0,100,100,21229401,0,2,0,0,0,0,徽言龙凤,徽言龙凤子技能,0,0,,S,,,113,士气提升,0
212295,212295,6,59,5,0,100,100,21229501,0,2,0,0,0,0,锦车持节,子技能,0,0,,S,,,122,子技能（有益）,0
212296,212296,6,59,5,0,100,100,21229601,0,2,0,0,0,0,敛微穷极,子技能-收敛3次,0,0,,,,,152,移除效果,0
212297,212297,6,59,5,0,100,100,21229701,0,1,0,0,0,0,蛮王御众,打输出,0,0,,,,,301,攻击伤害,0
212298,212298,5,56,5,0,100,100,21229801,0,2,0,0,0,0,七擒七纵,子技能,0,0,,,,,151,触发效果,0
212677,212677,6,59,5,0,100,100,21267701,0,3,0,0,0,0,险途暗渡,子技能,0,0,"11,51",A,,,113,士气提升,0
212687,212687,4,50,6,0,100,100,21268701,0,2,0,0,0,0,始计,始计子技能3,0,0,,,,,531,攻击伤害提高,0
212754,212754,4,50,2,0,100,100,21075401,3,2,0,0,0,0,胜兵求战,胜兵求战子技能,0,0,,,,,122,子技能（有益）,0
212766,212766,4,50,1,0,100,100,21276601,0,1,0,0,0,0,兵无常势,兵无常势子技能,0,0,,,,,401,急救,0
212767,212767,4,50,2,0,100,100,21276701,0,1,0,0,0,0,谋定后动,谋定后动子技能,0,0,,,,,122,子技能（有益）,0
212784,212784,5,56,3,0,100,100,21278401,0,2,0,0,0,0,桃园结义,桃园结义追加效果,0,0,,S,,,122,子技能（有益）,0
212824,212824,6,59,4,0,100,100,21282401,0,2,0,0,0,0,西陵克晋,西陵克晋子技能,0,0,,,,,302,策略攻击伤害,0
212843,212843,6,59,1,0,100,100,21284301,0,1,0,0,0,0,疮痍累身,疮痍累身子技能,0,0,,,,,122,子技能（有益）,0
212847,212847,3,40,4,0,100,100,21284701,0,3,0,0,0,0,夹攻,河内世泽子技能,0,0,,,,,302,策略攻击伤害,0
212849,212849,6,59,4,0,100,100,21084901,0,3,0,0,0,0,兵行巧变,兵行巧变-子技能,0,0,,,,,301,攻击伤害,0
212851,212851,6,59,5,0,100,100,21285101,0,2,0,0,0,0,陷储立齐,陷储立齐子技能,0,0,,,,,202,防御属性降低,0
212863,212863,4,50,1,0,100,100,21286301,0,1,0,0,0,0,击势,击势子技能,0,0,,,,,531,攻击伤害提高,0
212882,212882,6,59,5,0,100,100,21288201,0,2,0,0,0,0,谋谟帷幄,谋谟帷幄子技能,0,0,,,,,122,子技能（有益）,0
212887,212887,6,59,5,0,100,100,21288701,0,3,0,0,0,0,烽火覆周,烽火覆周子技能,0,0,,,,,307,火攻,0
212900,212900,4,50,1,0,100,100,21290001,0,1,0,0,0,0,垒实迎击,垒实迎击子技能,0,0,,,,,513,镇静,0
212927,212927,6,59,4,0,35,35,21092701,0,3,0,0,0,0,将出关西,子技能-仅供显示使用,敌军单体,0,,,,,301,攻击伤害,0
212930,212930,6,59,5,0,100,100,21293001,0,2,0,0,0,0,奇兵拒北,子技能,0,0,,,,,141,生效几率提高,0
212933,212933,6,59,1,0,100,100,21293301,0,1,0,0,0,0,将门有将,将门有将子技能,0,0,,A,,,122,子技能（有益）,0
212934,212934,5,60,2,0,100,100,21293401,0,2,0,0,0,0,言出必克,言出必克子技能,0,0,,,,,122,子技能（有益）,0
212935,212935,4,50,1,0,100,100,21293501,0,2,0,0,0,0,以直报怨,以直报怨子技能,0,0,,,,,122,子技能（有益）,0
212950,212950,6,59,5,0,100,100,21295001,0,2,0,0,0,0,七步释嫌,七步释嫌子技能,0,0,,,,,401,急救,0
212954,212954,6,59,5,0,100,100,21295401,0,2,0,0,0,0,汉韵旷野,子技能,0,0,,,,,122,子技能（有益）,0
212958,212958,6,59,3,0,100,100,21295801,0,2,0,0,0,0,鏖兵卫主,鏖兵卫主-子技能,0,0,,,,,151,触发效果,0
212961,212961,6,59,5,0,100,100,21296101,0,2,0,0,0,0,奋疾先登,子技能,0,0,,S,,,122,子技能（有益）,0
212965,212965,6,59,5,0,100,100,21296501,0,1,0,0,0,0,持刀从武,持刀从武子技能,0,0,,A,,,77,标记,0
212966,212966,6,59,3,0,100,100,21296601,0,2,0,0,0,0,尽言直谏,尽言直谏空子技能-展示用,0,0,,S,,,152,移除效果,0
212968,212968,3,40,4,0,100,100,21296801,0,3,0,0,0,0,落雷,连环计子技能,0,0,,A,,,302,策略攻击伤害,0
212989,212989,6,59,5,0,100,100,21298901,0,2,0,0,0,0,持节镇西,持节镇西子技能,0,0,,A,,,122,子技能（有益）,0
212990,212990,6,59,5,0,100,100,21299001,0,1,0,0,0,0,赏顺伐逆,策略伤害,0,0,,A,,,77,标记,0
212991,212991,6,59,5,0,100,100,21299101,0,2,0,0,0,0,潜谋远计,羊祜主战法子技能，进入标记目标阶段+尝试造成伤害,0,0,,S,,,122,子技能（有益）,0
212993,212993,6,59,2,0,100,100,21299301,0,1,0,0,0,0,舍身卫主,舍身卫主子技能，用于实际造成反击出伤,0,0,,S,,,301,攻击伤害,0
213242,213242,6,59,5,0,100,100,21324201,0,2,0,0,0,0,举抑臧否,举抑臧否子技能，谋略,0,0,,A,,,203,谋略属性降低,0
213243,213243,4,55,4,0,100,100,21324301,0,3,0,0,0,0,九变之利,dot实际生效,0,0,,A,,,303,动摇,0
213244,213244,5,56,5,0,100,100,21324401,0,2,0,0,0,0,正始之变,正始之变子技能,0,0,,S,,,122,子技能（有益）,0
213246,213246,6,59,5,0,100,100,21324601,0,2,0,0,0,0,缓师徐持,标记自己，让沮授给自己判定是否触发扣属性,0,0,,S,,,77,标记,0
213249,213249,4,55,5,0,100,100,21324901,40003,2,0,0,0,0,知己知彼,子技能,敌我群体,"4,",,A,,,533,策略攻击伤害提高,0
213251,213251,6,59,6,0,120,120,21325101,0,4,0,0,0,0,烈火焚舟,子技能，如果对方处于第1段燃烧下，则进入后续的效果,攻击目标,0,"24,51",S,,,151,触发效果,0
213252,213252,4,50,1,0,100,100,21325201,0,1,0,0,0,0,百战无怯,子技能,自己,"4,",,S,,,77,标记,0
213254,213254,6,59,5,0,100,100,21325401,0,2,0,0,0,0,衔命建功,子技能,敌军全体,0,,S,,,123,子技能（有害）,0
213255,213255,6,59,5,0,100,100,21325501,0,2,0,0,0,0,伏波扬砂,子技能,我军全体,0,,S,,,112,数值变化,0
213257,213257,6,59,5,0,100,100,21325701,0,2,0,0,0,0,审时定计,子技能,敌军全体,0,,S,,,77,标记,0
213258,213258,6,59,5,0,100,100,21325801,0,1,0,0,0,0,雪奋短兵,子技能,0,0,,A,,,122,子技能（有益）,0
213263,213263,5,56,5,0,100,100,21326301,0,3,0,0,0,0,火烧连营,子技能-陆逊火攻+易伤,0,0,,S,,,307,火攻,0
213264,213264,6,59,5,0,100,100,21326401,0,2,0,0,0,0,疲兵沮意,子技能-施加避锐层数,0,0,,S,,,210,命名flag,0
213268,213268,6,59,5,0,100,100,21326801,0,3,0,0,0,0,忠克猛烈,子技能,0,0,,S,,,122,子技能（有益）,0
213269,213269,6,59,5,0,100,100,21326901,0,2,0,0,0,0,举贤决机,子技能,0,0,,S,,,401,急救,0
213274,213274,4,50,5,0,100,100,21327401,0,1,0,0,0,0,以诱待来,子技能恢复,0,0,,,,,401,急救,0
213275,213275,6,59,5,0,100,100,21327501,0,2,0,0,0,0,心战为上,子技能,0,0,,A,,,122,子技能（有益）,0
213293,213293,5,56,5,0,100,100,21329301,4,2,0,0,0,0,定军山,定军山子技能，标记自身表示自己是伤害战法,0,"4,",,S,,,77,标记,0
213294,213294,6,59,5,0,100,100,21329401,0,2,0,0,0,0,徽言龙凤,徽言龙凤子技能,0,0,,S,,,301,攻击伤害,0
213295,213295,6,59,5,0,100,100,21329501,0,2,0,0,0,0,锦车持节,子技能,0,0,,S,,,181,战法有效距离降低,0
213296,213296,6,59,5,0,100,100,21329601,0,2,0,0,0,0,敛微穷极,子技能-收敛4次,0,0,,,,,152,移除效果,0
213297,213297,6,59,5,0,100,100,21329701,0,1,0,0,0,0,蛮王御众,打输出,0,0,,,,,301,攻击伤害,0
213298,213298,5,56,5,0,100,100,21329801,0,2,0,0,0,0,七擒七纵,子技能,0,0,,,,,514,规避,0
213677,213677,6,59,5,0,100,100,21367701,0,3,0,0,0,0,险途暗渡,子技能,0,0,"11,51",A,,,113,士气提升,0
213766,213766,4,50,1,0,100,100,21376601,0,1,0,0,0,0,兵无常势,兵无常势子技能,0,0,,,,,122,子技能（有益）,0
213767,213767,4,50,2,0,100,100,21376701,0,1,0,0,0,0,谋定后动,谋定后动子技能,0,0,,,,,122,子技能（有益）,0
213784,213784,5,56,3,0,100,100,21378401,0,2,0,0,0,0,桃园结义,桃园结义追加效果,0,0,,S,,,504,援护,0
213828,213828,6,59,2,0,100,100,21382801,0,2,0,0,0,0,难知如阴,难知如阴子技能,0,0,,,,,581,减少自带战法准备回合,0
213843,213843,6,59,1,0,100,100,21384301,0,1,0,0,0,0,疮痍累身,疮痍累身子技能,0,0,,,,,77,标记,0
213847,213847,3,40,4,0,100,100,21384701,0,3,0,0,0,0,溃堤,河内世泽子技能,0,0,,,,,302,策略攻击伤害,0
213849,213849,6,59,4,0,100,100,21184901,0,3,0,0,0,0,兵行巧变,兵行巧变-子技能,0,0,,,,,301,攻击伤害,0
213851,213851,6,59,5,0,100,100,21385101,0,2,0,0,0,0,陷储立齐,陷储立齐子技能,0,0,,,,,203,谋略属性降低,0
213882,213882,6,59,5,0,100,100,21388201,0,2,0,0,0,0,谋谟帷幄,谋谟帷幄子技能,0,0,,,,,122,子技能（有益）,0
213900,213900,4,50,1,0,100,100,21390001,0,1,0,0,0,0,垒实迎击,垒实迎击子技能,0,0,,,,,122,子技能（有益）,0
213930,213930,6,59,5,0,100,100,21393001,0,2,0,0,0,0,奇兵拒北,子技能,0,0,,,,,122,子技能（有益）,0
213935,213935,4,50,5,0,100,100,21393501,0,2,0,0,0,0,以直报怨,以直报怨子技能,0,0,,,,,524,受到策略攻击伤害降低,0
213958,213958,6,59,3,0,100,100,21395801,0,2,0,0,0,0,鏖兵卫主,鏖兵卫主-子技能,0,0,,,,,102,防御属性提高,0
213961,213961,6,59,5,0,100,100,21396101,0,2,0,0,0,0,奋疾先登,子技能,0,0,,S,,,531,攻击伤害提高,0
213965,213965,6,59,5,0,100,100,21396501,0,1,0,0,0,0,持刀从武,持刀从武子技能,0,0,,A,,,77,标记,0
213966,213966,6,59,3,0,100,100,21396601,0,2,0,0,0,0,尽言直谏,尽言直谏子技能,0,0,,S,,,322,主动战法伤害提高,0
213968,213968,3,40,4,0,100,100,21396801,0,3,0,0,0,0,连环计,连环计子技能,0,0,,A,,,151,触发效果,0
213989,213989,6,59,5,0,100,100,21398901,0,2,0,0,0,0,持节镇西,持节镇西子技能,0,0,,A,,,101,攻击属性提高,0
213990,213990,6,59,5,0,100,100,21399001,0,1,0,0,0,0,赏顺伐逆,标记目标来源,0,0,,A,,,122,子技能（有益）,0
213991,213991,6,59,5,0,100,100,21399101,0,2,0,0,0,0,潜谋远计,羊祜主战法子技能，标记目标,0,0,,S,,,77,标记,0
213993,213993,6,59,2,0,100,100,21399301,0,1,0,0,0,0,舍身卫主,舍身卫主子技能，用于代替大营承伤,0,0,,S,,,506,承担攻击伤害,0
214243,214243,4,55,4,0,100,100,21424301,0,3,0,0,0,0,九变之利,怯战,0,0,,A,,,152,移除效果,0
214244,214244,5,56,5,0,100,100,21424401,0,2,0,0,0,0,正始之变,正始之变子技能,0,0,,,,,502,犹豫,0
214246,214246,6,59,5,0,100,100,21424601,0,2,0,0,0,0,缓师徐持,让沮授触发扣属性子技能,0,0,,S,,,153,触发效果（受属性影响）,0
214249,214249,4,55,5,0,100,100,21424901,40003,2,0,0,0,0,知己知彼,子技能,敌我群体,"4,",,A,,,122,子技能（有益）,0
214252,214252,4,50,1,0,100,100,21425201,0,1,0,0,0,0,百战无怯,子技能,自己,"4,",,S,,,151,触发效果,0
214254,214254,6,59,5,0,100,100,21425401,0,2,0,0,0,0,衔命建功,子技能,敌军全体,0,,S,,,149,额外触发刚施加的效果   ,0
214257,214257,6,59,5,0,100,100,21425701,0,2,0,0,0,0,审时定计,子技能,敌军全体,0,,S,,,152,移除效果,0
214258,214258,6,59,5,0,100,100,21425801,0,1,0,0,0,0,雪奋短兵,子技能,0,0,,A,,,514,规避,0
214264,214264,6,59,5,0,100,100,21426401,0,2,0,0,0,0,疲兵沮意,子技能-控制每个武将吃到燃烧伤害率,0,0,,S,,,112,数值变化,0
214268,214268,6,59,5,0,100,100,21426801,0,3,0,0,0,0,忠克猛烈,子技能,0,0,,S,,,152,移除效果,0
214269,214269,6,59,5,0,100,100,21426901,0,2,0,0,0,0,举贤决机,子技能,0,0,,S,,,302,策略攻击伤害,0
214275,214275,6,59,5,0,100,100,21427501,0,2,0,0,0,0,心战为上,子技能,0,0,,A,,,114,士气降低,0
214293,214293,5,56,5,0,100,100,21429301,4,2,0,0,0,0,定军山,定军山子技能，发动者触发销毁,0,"4,",,S,,,122,子技能（有益）,0
214294,214294,6,59,5,0,100,100,21429401,0,2,0,0,0,0,徽言龙凤,触发自己的计数器,0,0,,S,,,151,触发效果,0
214295,214295,6,59,5,0,100,100,21429501,0,2,0,0,0,0,锦车持节,子技能,0,0,,S,,,401,急救,0
214296,214296,6,59,5,0,100,100,21429601,0,2,0,0,0,0,敛微穷极,子技能-收敛5次,0,0,,,,,152,移除效果,0
214297,214297,6,59,5,0,100,100,21429701,0,1,0,0,0,0,蛮王御众,前4回合援护&移除效果,0,0,,,,,122,子技能（有益）,0
214298,214298,5,56,5,0,100,100,21429801,0,2,0,0,0,0,七擒七纵,子技能,0,0,,,,,532,攻击伤害降低,0
214766,214766,4,50,1,0,100,100,21476601,0,1,0,0,0,0,兵无常势,兵无常势子技能,0,0,,,,,101,攻击属性提高,0
214843,214843,6,59,1,0,100,100,21484301,0,1,0,0,0,0,疮痍累身,疮痍累身子技能,0,0,,,,,122,子技能（有益）,0
214847,214847,3,40,4,0,100,100,21484701,0,3,0,0,0,0,雀伏,河内世泽子技能,0,0,,,,,302,策略攻击伤害,0
214882,214882,6,59,5,0,100,100,21488201,0,2,0,0,0,0,谋谟帷幄,谋谟帷幄子技能,0,0,,,,,302,策略攻击伤害,0
214958,214958,6,59,3,0,100,100,21495801,0,2,0,0,0,0,鏖兵卫主,鏖兵卫主-子技能,0,0,,,,,122,子技能（有益）,0
214965,214965,6,59,5,0,100,100,21496501,0,1,0,0,0,0,持刀从武,持刀从武子技能,0,0,,A,,,77,标记,0
214968,214968,3,40,4,0,100,100,21496801,0,3,0,0,0,0,连环计,连环计子技能,0,0,,A,,,151,触发效果,0
214989,214989,6,59,5,0,100,100,21498901,0,2,0,0,0,0,持节镇西,持节镇西子技能,0,0,,A,,,103,谋略属性提高,0
215243,215243,4,55,4,0,100,100,21524301,0,3,0,0,0,0,九变之利,怯战ordot,0,0,,A,,,552,怯战,0
215249,215249,4,55,5,0,100,100,21524901,40003,2,0,0,0,0,知己知彼,子技能,敌我群体,"4,",,A,,,123,子技能（有害）,0
215251,215251,6,59,6,0,120,120,21525101,0,4,0,0,0,0,烈火焚舟,子技能，标记临近目标,攻击目标,0,"24,51",S,,,77,标记,0
215257,215257,6,59,5,0,100,100,21525701,0,2,0,0,0,0,审时定计,子技能,敌军全体,0,,S,,,152,移除效果,0
215264,215264,6,59,5,0,100,100,21526401,0,2,0,0,0,0,疲兵沮意,子技能-控制每个武将吃到燃烧伤害率,0,0,,S,,,152,移除效果,0
215268,215268,6,59,5,0,100,100,21526801,0,3,0,0,0,0,忠克猛烈,子技能,敌军单体,0,,S,,,161,无视敌方属性,0
215275,215275,6,59,5,0,100,100,21527501,0,2,0,0,0,0,心战为上,子技能,0,0,,A,,,152,移除效果,0
215293,215293,5,56,5,0,100,100,21529301,4,2,0,0,0,0,定军山,定军山子技能，标记自身表示自己是伤害战法,0,"4,",,S,,,77,标记,0
215297,215297,6,59,5,0,100,100,21529701,0,1,0,0,0,0,蛮王御众,前4回合援护,0,0,,,,,504,援护,0
215766,215766,4,50,1,0,100,100,21576601,0,1,0,0,0,0,兵无常势,兵无常势子技能,0,0,,,,,522,受到攻击伤害降低,0
215847,215847,4,41,4,0,100,100,21584701,0,3,0,0,0,0,伐谋,河内世泽子技能,0,0,,,,,302,策略攻击伤害,0
215882,215882,6,59,5,0,100,100,21588201,0,2,0,0,0,0,谋谟帷幄,谋谟帷幄子技能,0,0,,,,,302,策略攻击伤害,0
215965,215965,6,59,5,0,100,100,21596501,0,1,0,0,0,0,持刀从武,持刀从武子技能，用于描述读取,0,0,,A,,,204,速度属性降低,0
215968,215968,3,40,4,0,100,100,21596801,0,3,0,0,0,0,连环计,连环计子技能,0,0,,A,,,122,子技能（有益）,0
215989,215989,6,59,5,0,100,100,21598901,0,2,0,0,0,0,持节镇西,持节镇西子技能,0,0,,A,,,102,防御属性提高,0
216264,216264,6,59,5,0,100,100,21626401,0,2,0,0,0,0,疲兵沮意,子技能-控制每个武将吃到燃烧伤害率,0,0,,S,,,152,移除效果,0
216268,216268,6,59,5,0,100,100,21626801,0,3,0,0,0,0,忠克猛烈,子技能,敌军单体,0,,S,,,152,移除效果,0
216847,216847,3,40,4,0,100,100,21684701,0,3,0,0,0,0,火辎,河内世泽子技能,0,0,,,,,302,策略攻击伤害,0
216968,216968,3,40,4,0,100,100,21696801,0,3,0,0,0,0,连环计,连环计子技能,0,0,,A,,,122,子技能（有益）,0
217264,217264,6,59,5,0,100,100,21726401,0,2,0,0,0,0,疲兵沮意,子技能-控制每个武将吃到燃烧伤害率,0,0,,S,,,522,受到攻击伤害降低,0
217847,217847,3,40,4,0,100,100,21784701,0,3,0,0,0,0,毒泉,河内世泽子技能,0,0,,,,,304,恐慌,0
220105,220105,4,41,3,0,100,100,22010501,0,3,0,0,0,0,枪阵,革甲众行强化,0,0,"11,51",B,,,301,攻击伤害,0
220106,220106,3,40,3,0,100,100,22010601,0,3,0,0,0,0,斩铁,断铁倾旗强化,0,"1,","11,31,51",B,,,301,攻击伤害,0
220107,220107,3,40,3,0,100,100,22010701,0,3,0,0,0,0,破魂,断铁倾旗强化,0,"1,","11,31,51",B,,,301,攻击伤害,0
220122,220122,4,41,3,0,100,100,22012201,0,3,0,0,0,0,水淹七军,速战迎击强化,0,0,"21,51",B,,,302,策略攻击伤害,0
220125,220125,4,41,2,0,100,100,22012501,0,3,0,0,0,0,危崖困军,速战迎击强化,0,0,"21,51",B,,,302,策略攻击伤害,0
220186,220186,3,40,3,0,100,100,22018601,0,2,0,0,0,0,援军秘策,避实击虚强化,0,0,,B,,,402,休整,0
220196,220196,3,40,1,0,100,100,22019601,0,1,0,0,0,0,激昂,伺机而动强化,0,0,,C,,,122,子技能（有益）,0
220217,220217,3,40,3,0,100,100,22021701,0,3,0,0,0,0,安抚军心,安营固军强化,0,0,41,B,,,513,镇静,0
220219,220219,3,40,4,0,100,100,22021901,0,3,0,0,0,0,了如指掌,安营固军强化,0,0,41,C,,,512,看破,0
220230,220230,3,40,4,0,100,100,22023001,0,2,0,0,0,0,措手不及,避实击虚强化,0,0,,B,,,752,怯战(预备),0
220232,220232,3,40,3,0,100,100,22023201,0,2,0,0,0,0,长驱直入,避实击虚强化,0,0,,C,,,761,先手(预备),0
220690,220690,4,41,4,0,100,100,22069001,0,3,0,0,0,0,闪击,革甲众行强化,0,0,"11,51",B,,,532,攻击伤害降低,0
220787,220787,4,45,1,0,100,100,22078701,3,1,0,0,0,0,分险,伺机而动强化,0,0,,B,,,106,攻击距离提高,0
220822,220822,4,45,1,0,100,100,22082201,3,1,0,0,0,0,合众,伺机而动强化,0,0,,B,,,122,子技能（有益）,0
220833,220833,4,50,4,0,100,100,22083301,4,3,0,0,0,0,铁戟金戈,革甲众行强化,敌军群体（有效距离内2-3个目标）,"1,","11,51",B,,,301,攻击伤害,0
220924,220924,4,41,2,0,100,100,22092401,4,2,0,0,0,0,鸟翔,鸟翔子技能,0,"4,",,,,,127,伤害分摊,0
220932,220932,4,41,5,0,100,100,22093201,0,3,0,0,0,0,坐山观虎,坐山观虎-子技能,0,0,,,,,301,攻击伤害,0
220960,220960,6,59,3,0,100,100,22096001,0,2,0,0,0,0,鸾凤和鸣,鸾凤和鸣子技能2,0,0,,,,,401,急救,0
220963,220963,6,59,4,0,100,100,22096301,0,2,0,0,0,0,绮阁飘香,绮阁飘香子技能2,0,0,,A,,,201,攻击属性降低,0
220964,220964,4,50,3,0,100,100,22096401,0,2,0,0,0,0,合纵连横,合纵连横子技能2,我军全体,"4,",,A,,,207,不可回复兵力,0
220980,220980,4,50,6,0,100,100,22098001,0,4,0,0,0,0,乘胜追击,乘胜追击连发2,0,0,,,,,301,攻击伤害,0
220983,220983,6,59,5,0,100,100,22098301,0,2,0,0,0,0,运筹决胜,运筹决胜子技能-谋伤,0,0,,,,,302,策略攻击伤害,0
220995,220995,4,41,4,0,100,100,22099501,0,3,0,0,0,0,蓄盈待竭,蓄盈待竭,0,0,,B,,,103,谋略属性提高,0
220996,220996,4,41,3,0,100,100,22099601,0,3,0,0,0,0,亡命一搏,亡命一搏子技能,0,0,11,B,,,301,攻击伤害,0
221004,221004,5,49,3,0,100,100,22100401,0,3,0,0,0,0,明德至亲,减伤,0,0,,,,,522,受到攻击伤害降低,0
221006,221006,6,59,1,0,100,100,22100601,0,1,0,0,0,0,同仇敌忾,子技能,0,0,,,,,151,触发效果,0
221008,221008,4,50,5,0,100,100,22100801,0,2,0,0,0,0,诱敌深入,子技能,0,0,,,,,302,策略攻击伤害,0
221196,221196,3,40,1,0,100,100,22119601,0,1,0,0,0,0,激昂,激昂子技能,0,0,,,,,531,攻击伤害提高,0
221822,221822,4,45,1,0,100,100,22182201,3,1,0,0,0,0,合众,合众子技能,0,0,,,,,401,急救,0
222006,222006,6,59,3,0,100,100,22200601,0,1,0,0,0,0,同仇敌忾,子技能,0,0,,,,,122,子技能（有益）,0
222008,222008,4,50,5,0,100,100,22200801,0,2,0,0,0,0,诱敌深入,子技能,0,0,,,,,77,标记,0
223006,223006,6,59,3,0,100,100,22300601,0,1,0,0,0,0,同仇敌忾,子技能,0,0,,,,,531,攻击伤害提高,0
223008,223008,4,50,5,0,100,100,22300801,0,2,0,0,0,0,诱敌深入,子技能,0,0,,,,,122,子技能（有益）,0
224008,224008,4,50,5,0,100,100,22400801,0,2,0,0,0,0,诱敌深入,子技能,0,0,,,,,122,子技能（有益）,0
230963,230963,6,59,4,0,100,100,23096301,0,2,0,0,0,0,绮阁飘香,绮阁飘香子技能3,0,0,,A,,,532,攻击伤害降低,0
230980,230980,4,50,6,0,100,100,23098001,0,4,0,0,0,0,乘胜追击,乘胜追击连发3,0,0,,,,,301,攻击伤害,0
240102,240102,4,41,4,1,35,35,24010201,0,3,0,0,0,0,箭岚,#prepare#准备，对敌军群体发动一次猛攻（伤害率#effect_01#%），并使其攻击属性降低#effect_02#，持续#available_round_02#,0,"1,","11,51",B,,,301,攻击伤害,0
240105,240105,4,41,3,1,35,35,24010501,0,3,0,0,0,0,枪阵,#prepare#准备，对敌军群体发动一次猛攻（伤害率#effect_01#%），并使其防御属性降低#effect_02#，持续#available_round_02#,0,"1,","11,51",B,,,301,攻击伤害,0
240108,240108,3,31,6,0,30,30,24010801,0,4,0,0,0,0,重伤,普通攻击后，对攻击目标再次发动攻击（伤害率#effect_01#%），并使其攻击属性降低#effect_02#，持续#available_round_02#,0,"1,","14,51",D,,,301,攻击伤害,0
240109,240109,3,40,6,0,30,30,24010901,0,4,0,0,0,0,破甲,普通攻击后，对攻击目标再次发动攻击（伤害率#effect_01#%），并使其防御属性降低#effect_02#，持续#available_round_02#,0,"1,","14,51",B,,,301,攻击伤害,0
240111,240111,3,40,3,0,30,30,24011115,0,3,0,0,0,0,冲锋,使自身进行攻击时的伤害提高#effect_01#%，持续#available_round_01#，并对敌军单体发动一次攻击（伤害率#effect_15#%）,0,"1,","11,51",C,,,301,攻击伤害,0
240114,240114,2,30,4,0,45,45,24011401,0,3,0,0,0,0,伏兵,对敌军单体发动策略攻击（伤害率#effect_01#%，受谋略属性影响）,0,"2,","21,51",C,,,302,策略攻击伤害,0
240115,240115,3,31,4,0,45,45,24011501,0,3,0,0,0,0,夹攻,对敌军群体发动策略攻击（伤害率#effect_01#%，受谋略属性影响）,0,"2,","21,51",C,,,302,策略攻击伤害,0
240116,240116,4,41,5,1,50,50,24011601,0,3,0,0,0,0,声东击西,#prepare#准备，对敌军群体发动强力策略攻击（伤害率#effect_01#%，受谋略属性影响）,0,"2,","21,51",B,,,302,策略攻击伤害,0
240118,240118,3,31,4,1,50,50,24011801,0,3,0,0,0,0,火辎,#prepare#准备，对敌军群体发动策略攻击（伤害率#effect_01#%，受谋略属性影响），并使其陷入燃烧状态，每回合损失一定兵力（伤害率#effect_02#%，受谋略属性影响），持续#available_round_02#,0,"2,","21,51",C,,,302,策略攻击伤害,0
240119,240119,4,41,4,1,50,50,24011901,0,3,0,0,0,0,焰焚箕轸,#prepare#准备，对敌军群体发动强力策略攻击（伤害率#effect_01#%，受谋略属性影响），并使其陷入燃烧状态，每回合损失一定兵力（伤害率#effect_02#%，受谋略属性影响），持续#available_round_02#,0,"2,","21,51",A,,,302,策略攻击伤害,0
240121,240121,3,31,3,0,45,45,24012101,0,3,0,0,0,0,溃堤,对敌军群体发动策略攻击（伤害率#effect_01#%，受谋略属性影响），并使其攻击属性降低#effect_02#（受谋略属性影响），持续#available_round_02#,0,"2,","21,51",C,,,302,策略攻击伤害,0
240122,240122,4,41,3,1,50,50,24012201,0,3,0,0,0,0,水淹七军,#prepare#准备，对敌军群体发动强力策略攻击（伤害率#effect_01#%，受谋略属性影响），并使其攻击属性降低#effect_02#（受谋略属性影响），持续#available_round_02#,0,"2,","21,51",B,,,302,策略攻击伤害,0
240128,240128,2,30,4,0,45,45,24012801,0,3,0,0,0,0,狼烟,使敌军群体陷入恐慌状态，每回合损失一定兵力（伤害率#effect_01#%，受谋略属性影响），持续#available_round_01#,0,"2,","21,51",C,,,304,恐慌,0
240134,240134,3,31,3,0,35,35,24013401,0,3,0,0,0,0,休整,使友军群体进入休整状态，每回合恢复一定兵力（恢复率#effect_01#%，受谋略属性影响），持续#available_round_01#,0,"3,",41,D,,,402,休整,0
240136,240136,3,40,1,0,100,100,24013601,0,1,0,0,0,0,青囊秘要,战斗中每回合都会恢复一定兵力（恢复率#effect_01#%）,0,"3,",,B,,,402,休整,0
240138,240138,3,31,3,0,35,35,24013801,0,3,0,0,0,0,包扎,恢复我军群体一定兵力（恢复率#effect_01#%，受谋略属性影响）,0,"3,",41,C,,,401,急救,0
240192,240192,3,31,1,0,100,100,24019201,0,1,0,0,0,0,铁壁,使自身受到攻击和策略攻击时的伤害降低#effect_01#%,0,"4,",,D,,,522,受到攻击伤害降低,0
240207,240207,3,31,6,0,20,35,24020701,0,4,0,0,0,0,攻其要害,普通攻击后，对攻击目标再次发动攻击（伤害率#effect_01#%）,0,"1,","14,51",C,,,301,攻击伤害,0
240223,240223,3,31,1,0,25,35,24022301,0,3,0,0,0,0,连战,使自身可以进行两次普通攻击，持续#available_round_01#,0,"4,",,B,,,544,连击,0
240666,240666,3,31,4,0,30,30,24066601,0,3,0,0,0,0,游击,使敌军单体陷入动摇，每回合产生逃兵（伤害率#effect_01#%），持续#available_round_01#,0,"1,","11,51",C,,,303,动摇,0
240671,240671,3,40,3,0,30,30,24067101,0,3,0,0,0,0,设伏,对敌军群体发动一次攻击（伤害率#effect_01#%）,0,"1,","11,51",C,,,301,攻击伤害,0
240672,240672,3,40,4,0,45,45,24067201,0,3,0,0,0,0,雀伏,对敌军单体发动一次策略攻击（伤害率#effect_01#%，受谋略属性影响）,0,"2,","21,51",C,,,302,策略攻击伤害,0
250005,250005,6,59,4,1,35,35,25000501,0,3,0,0,0,0,闭月,#prepare#准备，使敌军群体陷入暴走状态，进行无差别攻击，并使其防御属性降低#effect_02#（受谋略属性影响），持续#available_round_02#,0,"4,",31,A,,1回合准备，使敌军群体陷入暴走状态，并使其防御属性降低,503,暴走,0
250019,250019,6,59,1,0,100,100,25001901,0,1,0,0,0,0,红颜铁骑,使自身每回合可以进行两次普通攻击，并使攻击属性提高#effect_02#。^发动主动战法后，造成的攻击伤害提高^#subsk_251019_effect_01#^%，持续^#subsk_251019_available_round_01#,0,"4,",,A,,使自身每回合进入连击状态，并使自身攻击属性提高,544,连击,0
250021,250021,6,59,5,0,50,50,25002101,0,3,0,0,0,0,银龙冲阵,随机对敌军单体发动2次攻击（伤害率#effect_01#%），并使首次受到伤害的敌军单体受到攻击^和策略攻击^时的伤害提高#effect_03#%（受攻击属性影响），持续#available_round_03#,0,"1,","11,51",S,,随机对敌军单体造成2次攻击伤害，使首次受到伤害的敌军单体受到到的所有伤害提高,301,攻击伤害,0
250024,250024,6,59,5,0,30,30,25002401,0,3,0,0,0,0,驱虎吞狼,对敌军全体发动策略攻击（伤害率#effect_01#%，受谋略属性影响），并使其使其陷入围困状态，持续#available_round_02#,0,"2,","21,51",S,,对敌军全体造成策略攻击伤害，并使其无法恢复兵力,302,策略攻击伤害,0
250033,250033,6,59,6,0,100,100,25003301,0,2,0,0,0,0,遗志,战斗开始后@第3回合@，使我军前锋步兵或弓兵恢复极大量兵力，此后，受到普通攻击可以进行反击（伤害率#effect_02#%），持续直到战斗结束,0,"4,",,B,,第三回合使我军前锋步兵或弓兵恢复兵力，并使其受到普通攻击可以反计，同时无法恢复兵力，持续至战斗结束,401,急救,0
250072,250072,6,59,4,0,40,40,25007201,0,3,0,0,0,0,列营守险,使我军全体攻击、防御、速度、谋略属性提高#effect_01#（受谋略属性影响），持续#available_round_01#，同时^我军全体^受到下#available_hit_15#伤害时有#prob_param_15#几率进入规避状态，免疫该次伤害,0,"4,",,B,,使我军全体全属性提高；同时使友军全体受到下3次伤害时，进入规避状态。若自身士气高昂时，规避目标变为我军全体$$$使我军全体全属性提高；同时使^我军全体^受到下3次伤害时，进入规避状态,101,攻击属性提高,0
250080,250080,6,59,5,0,45,45,25008001,0,3,0,0,0,0,破凰,立即引发敌军全体由破凰带来的剩余妖术效果，同时对敌军^兵力最低^的单体发动一次策略攻击（伤害率#effect_12#%，受谋略属性影响），并使其每受到伤害时，额外引发一次妖术伤害（伤害率#effect_13#%，受谋略属性影响），最多生效#available_hit_13#，持续#available_round_13#,敌军单体,"2,","21,51",A,,立即引发敌军全体由破凰带来的妖术效果，对敌军造成一次策略攻击伤害，并使其受到伤害时，引发一次妖术伤害，最多生效3次,151,触发效果,0
250088,250088,6,59,6,0,30,30,25008801,0,4,0,0,0,0,方阵突击,普通攻击后，对攻击目标再次发动攻击（伤害率#effect_01#%），并使其陷入混乱状态，持续#available_round_02#；^战斗中，自身攻击距离+1^,0,"1,4","14,34,51",A,,普通攻击后，对攻击目标再造成一次攻击伤害，并使其陷入混乱状态,301,攻击伤害,0
250680,250680,6,59,2,0,120,120,25068001,0,3,0,0,0,0,定军扬威,对敌军群体发动攻击（伤害率#effect_12#%）并进行挑衅，同时使自身受到攻击的伤害降低#effect_24#%（受防御属性影响）,0,"1,","11,51",A,,对敌军群体造成一次攻击伤害，并挑衅，使自身受到的攻击伤害降低,531,攻击伤害提高,0
250681,250681,6,59,4,0,35,35,25068101,0,3,0,0,0,0,虎痴嗔怒,使敌军攻击属性最高武将的攻击、防御、谋略、速度属性全部降低#effect_02#%（受攻击属性影响），持续#available_round_02#，并对其发动一次猛攻（伤害率#effect_05#%）,0,"1,","11,51",B,,使敌军攻击属性最高的武将的全属性降低，并对其造成一次攻击伤害,201,攻击属性降低,0
250723,250723,6,59,2,0,100,100,25072301,0,2,0,0,0,0,南蛮强袭,战斗开始后前#available_round_01#，使自身与友军单体无视敌军的规避效果，进行攻击的伤害提高#effect_01#%（受攻击属性影响），并于@第3回合@使自身恢复^极大量兵力^，同时使友军全体蛮兵、象兵、藤甲兵恢复^极大量兵力^,0,"4,",,B,,前3回合，使自身与友军单体无视敌军规避效果，使其造成的攻击伤害提升，并于第三回合恢复自身兵力，同时使友军全体蛮兵、象兵、藤甲兵恢复兵力,531,攻击伤害提高,0
250825,250825,6,59,3,0,40,40,25082513,0,3,0,0,0,0,古之恶来,对敌军单体发动一次猛攻（伤害率#effect_13#%），并对^敌军全体^弓兵发动一次攻击（伤害率#effect_24#%），同时使自身受到所有伤害下降#effect_01#%（受防御属性影响），持续#available_round_01#,0,"1,","11,51",B,,对敌军单体造成一次攻击伤害，并对敌军单体弓兵造成一次攻击伤害，同时使自身受到的伤害降低,301,攻击伤害,0
250848,250848,6,59,5,0,40,40,25084801,0,3,0,0,0,0,未笄难言,使敌军^全体^陷入妖术诅咒，每回合损失一定兵力（伤害率#effect_01#%，受谋略属性影响），持续#available_round_01#；同时使敌军^全体^进行攻击和策略攻击时的伤害降低#effect_02#%，该效果可叠加，持续直到战斗结束,0,"2,","21,51",B,,使敌军群体陷入妖术状态；同时使敌军群体造成的伤害降低,306,妖术,0
250927,250927,6,59,4,0,35,35,25092701,0,3,0,0,0,0,将出关西,对随机敌军单体发动^2-5^次攻击（伤害率#effect_11#%），每次伤害率减少#subsk_251927_effect_01#%。首次攻击造成的伤害无视规避，并使该目标无法恢复兵力，持续#available_round_12#,敌军单体,"1,","11,51",A,,对敌军单体造成2-4次攻击伤害，首次造成的伤害无视规避，并使该目标无法恢复兵力,515,无视规避,0
251019,251019,6,59,1,0,100,100,25101901,0,14,0,0,0,0,红颜铁骑,子技能,0,0,,,,,531,攻击伤害提高,0
251723,251723,6,59,2,0,100,100,25172301,0,1,0,0,0,0,南蛮强袭,南蛮强袭子技能,0,"1,",,,,,401,急救,0
251927,251927,6,59,4,0,35,35,25192701,0,3,0,0,0,0,将出关西,子技能-仅供显示使用,敌军单体,0,,,,,301,攻击伤害,0
270005,270005,6,59,1,0,100,100,27000501,0,14,0,0,0,0,闭月,闭月特性,0,0,,A,,,77,标记,0
270006,270006,6,59,1,0,100,100,27000601,0,14,0,0,0,0,四世三公,四世三公特性,0,0,,C,,,77,标记,0
270009,270009,6,59,1,0,100,100,27000901,0,14,0,0,0,0,逆谋,战斗中，当自身位置处于中军或前锋时，自身攻击距离+2,0,0,,B,,,106,攻击距离提高,0
270011,270011,6,59,1,0,100,100,27001101,0,14,0,0,0,0,算无遗策,算无遗策特性,0,0,,A,,,77,标记,0
270012,270012,6,59,1,0,100,100,27001201,0,14,0,0,0,0,辕门射戟,战斗中@前4回合@，自身获得先手状态,0,0,,S,,,561,先手,0
270016,270016,6,59,1,0,100,100,27001601,0,14,0,0,0,0,皇裔流离,皇裔流离特性,0,0,,S,,,77,标记,0
270017,270017,6,59,1,0,100,100,27001701,0,14,0,0,0,0,诸葛锦囊,诸葛锦囊特性,0,0,,B,,,77,标记,0
270019,270019,6,59,1,0,100,100,27001901,0,14,0,0,0,0,红颜铁骑,红颜铁骑特性,0,0,,A,,,77,标记,0
270022,270022,6,59,1,0,100,100,27002201,0,14,0,0,0,0,长坂之吼,长坂之吼特性,敌军单体,0,,A,,,77,标记,0
270023,270023,6,59,1,0,100,100,27002301,0,14,0,0,0,0,魏武之世,魏武之世特性,0,0,,C,,,77,标记,0
270024,270024,6,59,1,0,100,100,27002401,0,14,0,0,0,0,驱虎吞狼,驱虎吞狼特性,0,0,,S,,,77,标记,0
270033,270033,6,59,1,0,100,100,27003301,0,14,0,0,0,0,遗志,遗志特性,0,0,,B,,,77,标记,0
270035,270035,6,59,1,0,100,100,27003501,0,14,0,0,0,0,枭姬,每次发动枭姬，有60%概率跳过准备回合,0,0,,B,,,581,减少自带战法准备回合,0
270072,270072,6,59,1,0,100,100,27007201,0,14,0,0,0,0,列营守险,列营守险特性,0,0,,B,,,77,标记,0
270080,270080,6,59,1,0,100,100,27008001,0,14,0,0,0,0,破凰,破凰特性,0,0,,A,,,77,标记,0
270270,270270,6,59,1,0,100,100,27027001,0,14,0,0,0,0,天子诏令,天子诏令特性,0,0,,C,,,77,标记,0
270603,270603,6,59,5,0,100,100,27060301,0,14,0,0,0,0,白楼独舞,战斗开始时，敌军每有1个男性武将，自身谋略提升10,0,0,,S,,,122,子技能（有益）,0
270655,270655,6,59,1,0,100,100,27065501,0,14,0,0,0,0,虎步关右,虎步关右特性,0,0,,B,,,77,标记,0
270677,270677,6,59,1,0,100,100,27067701,0,14,0,0,0,0,险途暗渡,险途暗渡特性,0,0,,A,,,77,标记,0
270680,270680,6,59,1,0,100,100,27068001,0,14,0,0,0,0,定军扬威,定军扬威特性,0,0,,A,,,77,标记,0
270681,270681,6,59,1,0,100,100,27068101,0,14,0,0,0,0,虎痴嗔怒,虎痴嗔怒特性,0,0,,B,,,77,标记,0
270689,270689,6,59,1,0,100,100,27068901,0,14,0,0,0,0,不动如山,不动如山特性,0,0,,A,,,77,标记,0
270723,270723,6,59,1,0,100,100,27072301,0,14,0,0,0,0,南蛮强袭,南蛮强袭特性,0,0,,B,,,77,标记,0
270732,270732,6,59,1,0,100,100,27073201,0,14,0,0,0,0,去疾,去疾特性,0,0,,C,,,77,标记,0
270756,270756,6,59,1,0,100,100,27075601,0,14,0,0,0,0,藤甲突击,藤甲突击特性,0,0,,B,,,77,标记,0
270764,270764,6,59,1,0,100,100,27076401,0,14,0,0,0,0,落首箭,落首箭特性,0,0,,A,,,77,标记,0
270771,270771,6,59,1,0,100,100,27077101,0,14,0,0,0,0,霸王渡江,霸王渡江特性,0,0,,A,,,77,标记,0
270785,270785,6,59,1,0,100,100,27078501,0,14,0,0,0,0,破阵强袭,自身攻击距离+2,0,0,,A,,,106,攻击距离提高,0
270825,270825,6,59,1,0,100,100,27082501,0,14,0,0,0,0,古之恶来,古之恶来特性,0,0,,B,,,77,标记,0
270828,270828,6,59,1,0,100,100,27082801,0,14,0,0,0,0,难知如阴,难知如阴特性,0,0,,S,,,77,标记,0
270848,270848,6,59,1,0,100,100,27084801,0,14,0,0,0,0,未笄难言,未笄难言特性,0,0,,,,,77,标记,0
270849,270849,6,59,1,0,100,100,27084901,0,14,0,0,0,0,兵行巧变,兵行巧变特性,0,0,,A,,,77,标记,0
270857,270857,6,59,5,0,100,100,27085701,0,14,0,0,0,0,计谕废立,战斗中敌军全体每次受到燃烧伤害，自身谋略提升5，最多叠加10次，持续至战斗结束,0,0,,A,,,122,子技能（有益）,0
270885,270885,6,59,1,0,100,100,27088501,0,14,0,0,0,0,宣威再战,战斗中，当自身位置处于中军或前锋时，自身攻击距离+1,0,0,,A,,,106,攻击距离提高,0
270915,270915,6,59,1,0,100,100,27091501,0,14,0,0,0,0,统军畏慎,统军畏慎特性,0,0,,S,,,77,标记,0
270927,270927,6,59,1,0,100,100,27092701,0,14,0,0,0,0,将出关西,将出关西特性,0,0,,A,,,77,标记,0
270939,270939,6,59,1,0,100,100,27093901,0,14,0,0,0,0,登锋陷阵,登锋陷阵特性,0,0,,A,,,77,标记,0
270947,270947,6,59,1,0,100,100,27094701,0,14,0,0,0,0,威震河朔,威震河朔特性,0,0,,C,,,77,标记,0
271603,271603,6,59,5,0,100,100,27160301,0,14,0,0,0,0,白楼独舞,白楼独舞子技能,0,0,,,,,103,谋略属性提高,0
271857,271857,6,59,5,0,100,100,27185701,0,14,0,0,0,0,计谕废立,计谕废立子技能,0,0,,,,,103,谋略属性提高,0
272603,272603,6,59,5,0,100,100,27260301,0,14,0,0,0,0,白楼独舞,白楼独舞子技能,0,0,,,,,151,触发效果,0
272857,272857,6,59,5,0,100,100,27285701,0,14,0,0,0,0,计谕废立,计谕废立子技能,0,0,,,,,151,触发效果,0
280001,280001,6,59,1,0,0,0,28000101,0,14,0,0,0,0,统帅提升,提升武将统率，同时提升该武将的攻击，防御，谋略属性及成长率,0,0,,B,,,0,,0
280002,280002,6,59,1,0,100,100,28000201,0,14,0,0,0,0,昂扬·攻,战斗开始后，武将造成的攻击伤害提高,0,0,,S,,,531,攻击伤害提高,0
280003,280003,6,59,1,0,100,100,28000301,0,14,0,0,0,0,昂扬·谋,战斗开始后，武将造成的策略伤害提高,0,0,,S,,,533,策略攻击伤害提高,0
280004,280004,6,59,1,0,100,100,28000401,0,14,0,0,0,0,审慎·攻,战斗开始后，武将受到的攻击伤害降低,0,0,,S,,,522,受到攻击伤害降低,0
280005,280005,6,59,1,0,100,100,28000501,0,14,0,0,0,0,审慎·谋,战斗开始后，武将受到的策略伤害降低,0,0,,S,,,524,受到策略攻击伤害降低,0
280006,280006,6,59,1,0,100,100,28000601,0,14,0,0,0,0,精进·攻,武将的攻击属性提高,0,0,,S,,,101,攻击属性提高,0
280007,280007,6,59,1,0,100,100,28000701,0,14,0,0,0,0,精进·防,武将的防御属性提高,0,0,,S,,,102,防御属性提高,0
280008,280008,6,59,1,0,100,100,28000801,0,14,0,0,0,0,精进·谋,武将的谋略属性提高,0,0,,S,,,103,谋略属性提高,0
280009,280009,6,59,1,0,100,100,28000901,0,14,0,0,0,0,精进·速,武将的速度属性提高,0,0,,S,,,104,速度属性提高,0
280010,280010,6,59,1,0,100,100,28001001,0,14,0,0,0,0,敏学,提升武将星级至五星，并大幅提升属性,0,0,,S,,,104,速度属性提高,0
280011,280011,6,59,1,0,100,100,28001101,0,14,0,0,0,0,纵横,令武将改为享受特定阵营的战斗、政策加成,0,0,,S,,,104,速度属性提高,0
280012,280012,6,59,1,0,100,100,28001201,0,14,0,0,0,0,出师·争先,令武将的统率值降低@0.5@,0,0,,S,,,104,速度属性提高,0
280013,280013,6,59,1,0,100,100,28001301,0,14,0,0,0,0,出师·持重,令武将的统率值提升@0.5@，并提升一定的属性，每个武将有所不同,0,0,,S,,,104,速度属性提高,0
280014,280014,6,59,1,0,100,100,28001401,0,14,0,0,0,0,砥砺,提升武将总计@6-12@点属性，随机分配到攻击、防御、谋略、速度,0,0,,S,,,104,速度属性提高,0
280015,280015,6,59,1,0,100,100,28001501,0,14,0,0,0,0,征募·俭,使用此特性的武将征兵资源消耗降低@5%@,0,0,,S,,,101,攻击属性提高,0
280016,280016,6,59,1,0,100,100,28001601,0,14,0,0,0,0,征募·速,使用此特性的武将征兵所需时间降低@5%@,0,0,,S,,,101,攻击属性提高,0
280017,280017,6,59,1,0,100,100,28001701,0,14,0,0,0,0,长驱,自身行军速度提升@10@,0,0,,S,,,101,攻击属性提高,0
280018,280018,6,59,1,0,100,100,28001801,0,14,0,0,0,0,拔城,自身的攻城属性提升@8@,0,0,,S,,,101,攻击属性提高,0
281002,281002,6,59,1,0,100,100,28100201,0,14,0,0,0,0,昂扬·攻,战斗开始后，武将造成的攻击伤害提高@5%@,0,0,,S,,,531,攻击伤害提高,0
281003,281003,6,59,1,0,100,100,28100301,0,14,0,0,0,0,昂扬·谋,战斗开始后，武将造成的策略伤害提高@5%@,0,0,,S,,,533,策略攻击伤害提高,0
281004,281004,6,59,1,0,100,100,28100401,0,14,0,0,0,0,审慎·攻,战斗开始后，武将受到的攻击伤害降低@5%@,0,0,,S,,,522,受到攻击伤害降低,0
281005,281005,6,59,1,0,100,100,28100501,0,14,0,0,0,0,审慎·谋,战斗开始后，武将受到的策略伤害降低@5%@,0,0,,S,,,524,受到策略攻击伤害降低,0
281006,281006,6,59,1,0,100,100,28100601,0,14,0,0,0,0,精进·攻,武将的攻击属性提高@5%@,0,0,,S,,,101,攻击属性提高,0
281007,281007,6,59,1,0,100,100,28100701,0,14,0,0,0,0,精进·防,武将的防御属性提高@5%@,0,0,,S,,,102,防御属性提高,0
281008,281008,6,59,1,0,100,100,28100801,0,14,0,0,0,0,精进·谋,武将的谋略属性提高@5%@,0,0,,S,,,103,谋略属性提高,0
281009,281009,6,59,1,0,100,100,28100901,0,14,0,0,0,0,精进·速,武将的速度属性提高@5%@,0,0,,S,,,104,速度属性提高,0
281010,281010,6,59,1,0,100,100,28101001,0,14,0,0,0,0,敏学,提升武将星级至五星，并大幅提升属性,0,0,,S,,,104,速度属性提高,0
281011,281011,6,59,1,0,100,100,28101101,0,14,0,0,0,0,纵横,令武将改为享受特定阵营的战斗、政策加成,0,0,,S,,,104,速度属性提高,0
281012,281012,6,59,1,0,100,100,28101201,0,14,0,0,0,0,出师·争先,令武将的统率值降低@0.5@,0,0,,S,,,104,速度属性提高,0
281013,281013,6,59,1,0,100,100,28101301,0,14,0,0,0,0,出师·持重,令武将的统率值提升@0.5@，并提升一定的属性，每个武将有所不同,0,0,,S,,,104,速度属性提高,0
281014,281014,6,59,1,0,100,100,28101401,0,14,0,0,0,0,砥砺,提升武将总计@6@点属性，随机分配到攻击、防御、谋略、速度,0,0,,S,,,101,攻击属性提高,0
281015,281015,6,59,1,0,100,100,28101501,0,14,0,0,0,0,征募·俭,使用此特性的武将征兵资源消耗降低@5%@,0,0,,S,,,101,攻击属性提高,0
281016,281016,6,59,1,0,100,100,28101601,0,14,0,0,0,0,征募·速,使用此特性的武将征兵所需时间降低@5%@,0,0,,S,,,101,攻击属性提高,0
281017,281017,6,59,1,0,100,100,28101701,0,14,0,0,0,0,长驱,自身行军速度提升@10@,0,0,,S,,,101,攻击属性提高,0
281018,281018,6,59,1,0,100,100,28101801,0,14,0,0,0,0,拔城,自身的攻城属性提升@8@,0,0,,S,,,105,攻城属性提高,0
281019,281019,6,59,1,0,100,100,28101901,0,14,0,0,0,0,砥砺,提升武将总计@6@点属性，随机分配到攻击、防御、谋略、速度,0,0,,S,,,101,攻击属性提高,0
281102,281102,6,59,1,0,100,100,28110201,0,14,0,0,0,0,昂扬·攻,战斗开始后，武将造成的攻击伤害提高@2%@,0,0,,S,,,531,攻击伤害提高,0
281103,281103,6,59,1,0,100,100,28110301,0,14,0,0,0,0,昂扬·谋,战斗开始后，武将造成的策略伤害提高@2%@,0,0,,S,,,533,策略攻击伤害提高,0
281104,281104,6,59,1,0,100,100,28110401,0,14,0,0,0,0,审慎·攻,战斗开始后，武将受到的攻击伤害降低@2%@,0,0,,S,,,522,受到攻击伤害降低,0
281105,281105,6,59,1,0,100,100,28110501,0,14,0,0,0,0,审慎·谋,战斗开始后，武将受到的策略伤害降低@2%@,0,0,,S,,,524,受到策略攻击伤害降低,0
281106,281106,6,59,1,0,100,100,28110601,0,14,0,0,0,0,精进·攻,武将的攻击属性提高@2%@,0,0,,S,,,101,攻击属性提高,0
281107,281107,6,59,1,0,100,100,28110701,0,14,0,0,0,0,精进·防,武将的防御属性提高@2%@,0,0,,S,,,102,防御属性提高,0
281108,281108,6,59,1,0,100,100,28110801,0,14,0,0,0,0,精进·谋,武将的谋略属性提高@2%@,0,0,,S,,,103,谋略属性提高,0
281109,281109,6,59,1,0,100,100,28110901,0,14,0,0,0,0,精进·速,武将的速度属性提高@2%@,0,0,,S,,,104,速度属性提高,0
281110,281110,6,59,1,0,100,100,28111001,0,14,0,0,0,0,敏学,提升武将星级至五星，大幅提升属性，并进阶高级兵种,0,0,,S,,,104,速度属性提高,0
281111,281111,6,59,1,0,100,100,28111101,0,14,0,0,0,0,纵横,令武将改为享受特定阵营的战斗、政策加成,0,0,,S,,,104,速度属性提高,0
281114,281114,6,59,1,0,100,100,28111401,0,14,0,0,0,0,砥砺,提升武将总计@7@点属性，随机分配到攻击、防御、谋略、速度,0,0,,S,,,101,攻击属性提高,0
281119,281119,6,59,1,0,100,100,28111901,0,14,0,0,0,0,砥砺,提升武将总计@7@点属性，随机分配到攻击、防御、谋略、速度,0,0,,S,,,101,攻击属性提高,0
281202,281202,6,59,1,0,100,100,28120201,0,14,0,0,0,0,昂扬·攻,战斗开始后，武将造成的攻击伤害提高@3%@,0,0,,S,,,531,攻击伤害提高,0
281203,281203,6,59,1,0,100,100,28120301,0,14,0,0,0,0,昂扬·谋,战斗开始后，武将造成的策略伤害提高@3%@,0,0,,S,,,533,策略攻击伤害提高,0
281204,281204,6,59,1,0,100,100,28120401,0,14,0,0,0,0,审慎·攻,战斗开始后，武将受到的攻击伤害降低@3%@,0,0,,S,,,522,受到攻击伤害降低,0
281205,281205,6,59,1,0,100,100,28120501,0,14,0,0,0,0,审慎·谋,战斗开始后，武将受到的策略伤害降低@3%@,0,0,,S,,,524,受到策略攻击伤害降低,0
281206,281206,6,59,1,0,100,100,28120601,0,14,0,0,0,0,精进·攻,武将的攻击属性提高@3%@,0,0,,S,,,101,攻击属性提高,0
281207,281207,6,59,1,0,100,100,28120701,0,14,0,0,0,0,精进·防,武将的防御属性提高@3%@,0,0,,S,,,102,防御属性提高,0
281208,281208,6,59,1,0,100,100,28120801,0,14,0,0,0,0,精进·谋,武将的谋略属性提高@3%@,0,0,,S,,,103,谋略属性提高,0
281209,281209,6,59,1,0,100,100,28120901,0,14,0,0,0,0,精进·速,武将的速度属性提高@3%@,0,0,,S,,,104,速度属性提高,0
281211,281211,6,59,1,0,100,100,28121101,0,14,0,0,0,0,纵横,令武将改为享受特定阵营的战斗、政策加成,0,0,,S,,,104,速度属性提高,0
281214,281214,6,59,1,0,100,100,28121401,0,14,0,0,0,0,砥砺,提升武将总计@8@点属性，随机分配到攻击、防御、谋略、速度,0,0,,S,,,101,攻击属性提高,0
281219,281219,6,59,1,0,100,100,28121901,0,14,0,0,0,0,砥砺,提升武将总计@8@点属性，随机分配到攻击、防御、谋略、速度,0,0,,S,,,101,攻击属性提高,0
281302,281302,6,59,1,0,100,100,28130201,0,14,0,0,0,0,昂扬·攻,战斗开始后，武将造成的攻击伤害提高@4%@,0,0,,S,,,531,攻击伤害提高,0
281303,281303,6,59,1,0,100,100,28130301,0,14,0,0,0,0,昂扬·谋,战斗开始后，武将造成的策略伤害提高@4%@,0,0,,S,,,533,策略攻击伤害提高,0
281304,281304,6,59,1,0,100,100,28130401,0,14,0,0,0,0,审慎·攻,战斗开始后，武将受到的攻击伤害降低@4%@,0,0,,S,,,522,受到攻击伤害降低,0
281305,281305,6,59,1,0,100,100,28130501,0,14,0,0,0,0,审慎·谋,战斗开始后，武将受到的策略伤害降低@4%@,0,0,,S,,,524,受到策略攻击伤害降低,0
281306,281306,6,59,1,0,100,100,28130601,0,14,0,0,0,0,精进·攻,武将的攻击属性提高@4%@,0,0,,S,,,101,攻击属性提高,0
281307,281307,6,59,1,0,100,100,28130701,0,14,0,0,0,0,精进·防,武将的防御属性提高@4%@,0,0,,S,,,102,防御属性提高,0
281308,281308,6,59,1,0,100,100,28130801,0,14,0,0,0,0,精进·谋,武将的谋略属性提高@4%@,0,0,,S,,,103,谋略属性提高,0
281309,281309,6,59,1,0,100,100,28130901,0,14,0,0,0,0,精进·速,武将的速度属性提高@4%@,0,0,,S,,,104,速度属性提高,0
281311,281311,6,59,1,0,100,100,28131101,0,14,0,0,0,0,纵横,令武将改为享受特定阵营的战斗、政策加成,0,0,,S,,,104,速度属性提高,0
281314,281314,6,59,1,0,100,100,28131401,0,14,0,0,0,0,砥砺,提升武将总计@9@点属性，随机分配到攻击、防御、谋略、速度,0,0,,S,,,101,攻击属性提高,0
281319,281319,6,59,1,0,100,100,28131901,0,14,0,0,0,0,砥砺,提升武将总计@9@点属性，随机分配到攻击、防御、谋略、速度,0,0,,S,,,101,攻击属性提高,0
281402,281402,6,59,1,0,100,100,28140201,0,14,0,0,0,0,昂扬·攻,战斗开始后，武将造成的攻击伤害提高@5%@,0,0,,S,,,531,攻击伤害提高,0
281403,281403,6,59,1,0,100,100,28140301,0,14,0,0,0,0,昂扬·谋,战斗开始后，武将造成的策略伤害提高@5%@,0,0,,S,,,533,策略攻击伤害提高,0
281404,281404,6,59,1,0,100,100,28140401,0,14,0,0,0,0,审慎·攻,战斗开始后，武将受到的攻击伤害降低@5%@,0,0,,S,,,522,受到攻击伤害降低,0
281405,281405,6,59,1,0,100,100,28140501,0,14,0,0,0,0,审慎·谋,战斗开始后，武将受到的策略伤害降低@5%@,0,0,,S,,,524,受到策略攻击伤害降低,0
281406,281406,6,59,1,0,100,100,28140601,0,14,0,0,0,0,精进·攻,武将的攻击属性提高@5%@,0,0,,S,,,101,攻击属性提高,0
281407,281407,6,59,1,0,100,100,28140701,0,14,0,0,0,0,精进·防,武将的防御属性提高@5%@,0,0,,S,,,102,防御属性提高,0
281408,281408,6,59,1,0,100,100,28140801,0,14,0,0,0,0,精进·谋,武将的谋略属性提高@5%@,0,0,,S,,,103,谋略属性提高,0
281409,281409,6,59,1,0,100,100,28140901,0,14,0,0,0,0,精进·速,武将的速度属性提高@5%@,0,0,,S,,,104,速度属性提高,0
281411,281411,6,59,1,0,100,100,28141101,0,14,0,0,0,0,纵横,令武将改为享受特定阵营的战斗、政策加成,0,0,,S,,,104,速度属性提高,0
281414,281414,6,59,1,0,100,100,28141401,0,14,0,0,0,0,砥砺,提升武将总计@10@点属性，随机分配到攻击、防御、谋略、速度,0,0,,S,,,101,攻击属性提高,0
281419,281419,6,59,1,0,100,100,28141901,0,14,0,0,0,0,砥砺,提升武将总计@10@点属性，随机分配到攻击、防御、谋略、速度,0,0,,S,,,101,攻击属性提高,0
281502,281502,6,59,1,0,100,100,28150201,0,14,0,0,0,0,昂扬·攻,战斗开始后，武将造成的攻击伤害提高@6%@,0,0,,S,,,531,攻击伤害提高,0
281503,281503,6,59,1,0,100,100,28150301,0,14,0,0,0,0,昂扬·谋,战斗开始后，武将造成的策略伤害提高@6%@,0,0,,S,,,533,策略攻击伤害提高,0
281504,281504,6,59,1,0,100,100,28150401,0,14,0,0,0,0,审慎·攻,战斗开始后，武将受到的攻击伤害降低@6%@,0,0,,S,,,522,受到攻击伤害降低,0
281505,281505,6,59,1,0,100,100,28150501,0,14,0,0,0,0,审慎·谋,战斗开始后，武将受到的策略伤害降低@6%@,0,0,,S,,,524,受到策略攻击伤害降低,0
281506,281506,6,59,1,0,100,100,28150601,0,14,0,0,0,0,精进·攻,武将的攻击属性提高@6%@,0,0,,S,,,101,攻击属性提高,0
281507,281507,6,59,1,0,100,100,28150701,0,14,0,0,0,0,精进·防,武将的防御属性提高@6%@,0,0,,S,,,102,防御属性提高,0
281508,281508,6,59,1,0,100,100,28150801,0,14,0,0,0,0,精进·谋,武将的谋略属性提高@6%@,0,0,,S,,,103,谋略属性提高,0
281509,281509,6,59,1,0,100,100,28150901,0,14,0,0,0,0,精进·速,武将的速度属性提高@6%@,0,0,,S,,,104,速度属性提高,0
281511,281511,6,59,1,0,100,100,28151101,0,14,0,0,0,0,纵横,令武将改为享受特定阵营的战斗、政策加成,0,0,,S,,,104,速度属性提高,0
281514,281514,6,59,1,0,100,100,28151401,0,14,0,0,0,0,砥砺,提升武将总计@11@点属性，随机分配到攻击、防御、谋略、速度,0,0,,S,,,101,攻击属性提高,0
281519,281519,6,59,1,0,100,100,28151901,0,14,0,0,0,0,砥砺,提升武将总计@11@点属性，随机分配到攻击、防御、谋略、速度,0,0,,S,,,101,攻击属性提高,0
281602,281602,6,59,1,0,100,100,28160201,0,14,0,0,0,0,昂扬·攻,战斗开始后，武将造成的攻击伤害提高@7%@,0,0,,S,,,531,攻击伤害提高,0
281603,281603,6,59,1,0,100,100,28160301,0,14,0,0,0,0,昂扬·谋,战斗开始后，武将造成的策略伤害提高@7%@,0,0,,S,,,533,策略攻击伤害提高,0
281604,281604,6,59,1,0,100,100,28160401,0,14,0,0,0,0,审慎·攻,战斗开始后，武将受到的攻击伤害降低@7%@,0,0,,S,,,522,受到攻击伤害降低,0
281605,281605,6,59,1,0,100,100,28160501,0,14,0,0,0,0,审慎·谋,战斗开始后，武将受到的策略伤害降低@7%@,0,0,,S,,,524,受到策略攻击伤害降低,0
281606,281606,6,59,1,0,100,100,28160601,0,14,0,0,0,0,精进·攻,武将的攻击属性提高@7%@,0,0,,S,,,101,攻击属性提高,0
281607,281607,6,59,1,0,100,100,28160701,0,14,0,0,0,0,精进·防,武将的防御属性提高@7%@,0,0,,S,,,102,防御属性提高,0
281608,281608,6,59,1,0,100,100,28160801,0,14,0,0,0,0,精进·谋,武将的谋略属性提高@7%@,0,0,,S,,,103,谋略属性提高,0
281609,281609,6,59,1,0,100,100,28160901,0,14,0,0,0,0,精进·速,武将的速度属性提高@7%@,0,0,,S,,,104,速度属性提高,0
281614,281614,6,59,1,0,100,100,28161401,0,14,0,0,0,0,砥砺,提升武将总计@12@点属性，随机分配到攻击、防御、谋略、速度,0,0,,S,,,101,攻击属性提高,0
281619,281619,6,59,1,0,100,100,28161901,0,14,0,0,0,0,砥砺,提升武将总计@12@点属性，随机分配到攻击、防御、谋略、速度,0,0,,S,,,101,攻击属性提高,0
281702,281702,6,59,1,0,100,100,28170201,0,14,0,0,0,0,昂扬·攻,战斗开始后，武将造成的攻击伤害提高@8%@,0,0,,S,,,531,攻击伤害提高,0
281703,281703,6,59,1,0,100,100,28170301,0,14,0,0,0,0,昂扬·谋,战斗开始后，武将造成的策略伤害提高@8%@,0,0,,S,,,533,策略攻击伤害提高,0
281704,281704,6,59,1,0,100,100,28170401,0,14,0,0,0,0,审慎·攻,战斗开始后，武将受到的攻击伤害降低@8%@,0,0,,S,,,522,受到攻击伤害降低,0
281705,281705,6,59,1,0,100,100,28170501,0,14,0,0,0,0,审慎·谋,战斗开始后，武将受到的策略伤害降低@8%@,0,0,,S,,,524,受到策略攻击伤害降低,0
281706,281706,6,59,1,0,100,100,28170601,0,14,0,0,0,0,精进·攻,武将的攻击属性提高@8%@,0,0,,S,,,101,攻击属性提高,0
281707,281707,6,59,1,0,100,100,28170701,0,14,0,0,0,0,精进·防,武将的防御属性提高@8%@,0,0,,S,,,102,防御属性提高,0
281708,281708,6,59,1,0,100,100,28170801,0,14,0,0,0,0,精进·谋,武将的谋略属性提高@8%@,0,0,,S,,,103,谋略属性提高,0
281709,281709,6,59,1,0,100,100,28170901,0,14,0,0,0,0,精进·速,武将的速度属性提高@8%@,0,0,,S,,,104,速度属性提高,0
281802,281802,6,59,1,0,100,100,28180201,0,14,0,0,0,0,昂扬·攻,战斗开始后，武将造成的攻击伤害提高@9%@,0,0,,S,,,531,攻击伤害提高,0
281803,281803,6,59,1,0,100,100,28180301,0,14,0,0,0,0,昂扬·谋,战斗开始后，武将造成的策略伤害提高@9%@,0,0,,S,,,533,策略攻击伤害提高,0
281804,281804,6,59,1,0,100,100,28180401,0,14,0,0,0,0,审慎·攻,战斗开始后，武将受到的攻击伤害降低@9%@,0,0,,S,,,522,受到攻击伤害降低,0
281805,281805,6,59,1,0,100,100,28180501,0,14,0,0,0,0,审慎·谋,战斗开始后，武将受到的策略伤害降低@9%@,0,0,,S,,,524,受到策略攻击伤害降低,0
281806,281806,6,59,1,0,100,100,28180601,0,14,0,0,0,0,精进·攻,武将的攻击属性提高@9%@,0,0,,S,,,101,攻击属性提高,0
281807,281807,6,59,1,0,100,100,28180701,0,14,0,0,0,0,精进·防,武将的防御属性提高@9%@,0,0,,S,,,102,防御属性提高,0
281808,281808,6,59,1,0,100,100,28180801,0,14,0,0,0,0,精进·谋,武将的谋略属性提高@9%@,0,0,,S,,,103,谋略属性提高,0
281809,281809,6,59,1,0,100,100,28180901,0,14,0,0,0,0,精进·速,武将的速度属性提高@9%@,0,0,,S,,,104,速度属性提高,0
281902,281902,6,59,1,0,100,100,28190201,0,14,0,0,0,0,昂扬·攻,战斗开始后，武将造成的攻击伤害提高@10%@,0,0,,S,,,531,攻击伤害提高,0
281903,281903,6,59,1,0,100,100,28190301,0,14,0,0,0,0,昂扬·谋,战斗开始后，武将造成的策略伤害提高@10%@,0,0,,S,,,533,策略攻击伤害提高,0
281904,281904,6,59,1,0,100,100,28190401,0,14,0,0,0,0,审慎·攻,战斗开始后，武将受到的攻击伤害降低@10%@,0,0,,S,,,522,受到攻击伤害降低,0
281905,281905,6,59,1,0,100,100,28190501,0,14,0,0,0,0,审慎·谋,战斗开始后，武将受到的策略伤害降低@10%@,0,0,,S,,,524,受到策略攻击伤害降低,0
281906,281906,6,59,1,0,100,100,28190601,0,14,0,0,0,0,精进·攻,武将的攻击属性提高@10%@,0,0,,S,,,101,攻击属性提高,0
281907,281907,6,59,1,0,100,100,28190701,0,14,0,0,0,0,精进·防,武将的防御属性提高@10%@,0,0,,S,,,102,防御属性提高,0
281908,281908,6,59,1,0,100,100,28190801,0,14,0,0,0,0,精进·谋,武将的谋略属性提高@10%@,0,0,,S,,,103,谋略属性提高,0
281909,281909,6,59,1,0,100,100,28190901,0,14,0,0,0,0,精进·速,武将的速度属性提高@10%@,0,0,,S,,,104,速度属性提高,0
282014,282014,6,59,1,0,100,100,28201401,0,14,0,0,0,0,砥砺,提升武将总计@6@点属性，随机分配到攻击、防御、谋略、速度,0,0,,S,,,103,谋略属性提高,0
282019,282019,6,59,1,0,100,100,28201901,0,14,0,0,0,0,砥砺,提升武将总计@6@点属性，随机分配到攻击、防御、谋略、速度,0,0,,S,,,103,谋略属性提高,0
282114,282114,6,59,1,0,100,100,28211401,0,14,0,0,0,0,砥砺,提升武将总计@7@点属性，随机分配到攻击、防御、谋略、速度,0,0,,S,,,103,谋略属性提高,0
282119,282119,6,59,1,0,100,100,28211901,0,14,0,0,0,0,砥砺,提升武将总计@7@点属性，随机分配到攻击、防御、谋略、速度,0,0,,S,,,103,谋略属性提高,0
282214,282214,6,59,1,0,100,100,28221401,0,14,0,0,0,0,砥砺,提升武将总计@8@点属性，随机分配到攻击、防御、谋略、速度,0,0,,S,,,103,谋略属性提高,0
282219,282219,6,59,1,0,100,100,28221901,0,14,0,0,0,0,砥砺,提升武将总计@8@点属性，随机分配到攻击、防御、谋略、速度,0,0,,S,,,103,谋略属性提高,0
282314,282314,6,59,1,0,100,100,28231401,0,14,0,0,0,0,砥砺,提升武将总计@9@点属性，随机分配到攻击、防御、谋略、速度,0,0,,S,,,103,谋略属性提高,0
282319,282319,6,59,1,0,100,100,28231901,0,14,0,0,0,0,砥砺,提升武将总计@9@点属性，随机分配到攻击、防御、谋略、速度,0,0,,S,,,103,谋略属性提高,0
282414,282414,6,59,1,0,100,100,28241401,0,14,0,0,0,0,砥砺,提升武将总计@10@点属性，随机分配到攻击、防御、谋略、速度,0,0,,S,,,103,谋略属性提高,0
282419,282419,6,59,1,0,100,100,28241901,0,14,0,0,0,0,砥砺,提升武将总计@10@点属性，随机分配到攻击、防御、谋略、速度,0,0,,S,,,103,谋略属性提高,0
282514,282514,6,59,1,0,100,100,28251401,0,14,0,0,0,0,砥砺,提升武将总计@11@点属性，随机分配到攻击、防御、谋略、速度,0,0,,S,,,103,谋略属性提高,0
282519,282519,6,59,1,0,100,100,28251901,0,14,0,0,0,0,砥砺,提升武将总计@11@点属性，随机分配到攻击、防御、谋略、速度,0,0,,S,,,103,谋略属性提高,0
282614,282614,6,59,1,0,100,100,28261401,0,14,0,0,0,0,砥砺,提升武将总计@12@点属性，随机分配到攻击、防御、谋略、速度,0,0,,S,,,103,谋略属性提高,0
282619,282619,6,59,1,0,100,100,28261901,0,14,0,0,0,0,砥砺,提升武将总计@12@点属性，随机分配到攻击、防御、谋略、速度,0,0,,S,,,103,谋略属性提高,0
283014,283014,6,59,1,0,100,100,28301401,0,14,0,0,0,0,砥砺,提升武将总计@6@点属性，随机分配到攻击、防御、谋略、速度,0,0,,S,,,104,速度属性提高,0
283019,283019,6,59,1,0,100,100,28301901,0,14,0,0,0,0,砥砺,提升武将总计@6@点属性，随机分配到攻击、防御、谋略、速度,0,0,,S,,,104,速度属性提高,0
283114,283114,6,59,1,0,100,100,28311401,0,14,0,0,0,0,砥砺,提升武将总计@7@点属性，随机分配到攻击、防御、谋略、速度,0,0,,S,,,104,速度属性提高,0
283119,283119,6,59,1,0,100,100,28311901,0,14,0,0,0,0,砥砺,提升武将总计@7@点属性，随机分配到攻击、防御、谋略、速度,0,0,,S,,,104,速度属性提高,0
283214,283214,6,59,1,0,100,100,28321401,0,14,0,0,0,0,砥砺,提升武将总计@8@点属性，随机分配到攻击、防御、谋略、速度,0,0,,S,,,104,速度属性提高,0
283219,283219,6,59,1,0,100,100,28321901,0,14,0,0,0,0,砥砺,提升武将总计@8@点属性，随机分配到攻击、防御、谋略、速度,0,0,,S,,,104,速度属性提高,0
283314,283314,6,59,1,0,100,100,28331401,0,14,0,0,0,0,砥砺,提升武将总计@9@点属性，随机分配到攻击、防御、谋略、速度,0,0,,S,,,104,速度属性提高,0
283319,283319,6,59,1,0,100,100,28331901,0,14,0,0,0,0,砥砺,提升武将总计@9@点属性，随机分配到攻击、防御、谋略、速度,0,0,,S,,,104,速度属性提高,0
283414,283414,6,59,1,0,100,100,28341401,0,14,0,0,0,0,砥砺,提升武将总计@10@点属性，随机分配到攻击、防御、谋略、速度,0,0,,S,,,104,速度属性提高,0
283419,283419,6,59,1,0,100,100,28341901,0,14,0,0,0,0,砥砺,提升武将总计@10@点属性，随机分配到攻击、防御、谋略、速度,0,0,,S,,,104,速度属性提高,0
283514,283514,6,59,1,0,100,100,28351401,0,14,0,0,0,0,砥砺,提升武将总计@11@点属性，随机分配到攻击、防御、谋略、速度,0,0,,S,,,104,速度属性提高,0
283519,283519,6,59,1,0,100,100,28351901,0,14,0,0,0,0,砥砺,提升武将总计@11@点属性，随机分配到攻击、防御、谋略、速度,0,0,,S,,,104,速度属性提高,0
283614,283614,6,59,1,0,100,100,28361401,0,14,0,0,0,0,砥砺,提升武将总计@12@点属性，随机分配到攻击、防御、谋略、速度,0,0,,S,,,104,速度属性提高,0
283619,283619,6,59,1,0,100,100,28361901,0,14,0,0,0,0,砥砺,提升武将总计@12@点属性，随机分配到攻击、防御、谋略、速度,0,0,,S,,,104,速度属性提高,0
284014,284014,6,59,1,0,100,100,28401401,0,14,0,0,0,0,砥砺,提升武将总计@6@点属性，随机分配到攻击、防御、谋略、速度,0,0,,S,,,101,攻击属性提高,0
284019,284019,6,59,1,0,100,100,28401901,0,14,0,0,0,0,砥砺,提升武将总计@6@点属性，随机分配到攻击、防御、谋略、速度,0,0,,S,,,101,攻击属性提高,0
284114,284114,6,59,1,0,100,100,28411401,0,14,0,0,0,0,砥砺,提升武将总计@7@点属性，随机分配到攻击、防御、谋略、速度,0,0,,S,,,101,攻击属性提高,0
284119,284119,6,59,1,0,100,100,28411901,0,14,0,0,0,0,砥砺,提升武将总计@7@点属性，随机分配到攻击、防御、谋略、速度,0,0,,S,,,101,攻击属性提高,0
284214,284214,6,59,1,0,100,100,28421401,0,14,0,0,0,0,砥砺,提升武将总计@8@点属性，随机分配到攻击、防御、谋略、速度,0,0,,S,,,101,攻击属性提高,0
284219,284219,6,59,1,0,100,100,28421901,0,14,0,0,0,0,砥砺,提升武将总计@8@点属性，随机分配到攻击、防御、谋略、速度,0,0,,S,,,101,攻击属性提高,0
284314,284314,6,59,1,0,100,100,28431401,0,14,0,0,0,0,砥砺,提升武将总计@9@点属性，随机分配到攻击、防御、谋略、速度,0,0,,S,,,101,攻击属性提高,0
284319,284319,6,59,1,0,100,100,28431901,0,14,0,0,0,0,砥砺,提升武将总计@9@点属性，随机分配到攻击、防御、谋略、速度,0,0,,S,,,101,攻击属性提高,0
284414,284414,6,59,1,0,100,100,28441401,0,14,0,0,0,0,砥砺,提升武将总计@10@点属性，随机分配到攻击、防御、谋略、速度,0,0,,S,,,101,攻击属性提高,0
284419,284419,6,59,1,0,100,100,28441901,0,14,0,0,0,0,砥砺,提升武将总计@10@点属性，随机分配到攻击、防御、谋略、速度,0,0,,S,,,101,攻击属性提高,0
284514,284514,6,59,1,0,100,100,28451401,0,14,0,0,0,0,砥砺,提升武将总计@11@点属性，随机分配到攻击、防御、谋略、速度,0,0,,S,,,101,攻击属性提高,0
284519,284519,6,59,1,0,100,100,28451901,0,14,0,0,0,0,砥砺,提升武将总计@11@点属性，随机分配到攻击、防御、谋略、速度,0,0,,S,,,101,攻击属性提高,0
284614,284614,6,59,1,0,100,100,28461401,0,14,0,0,0,0,砥砺,提升武将总计@12@点属性，随机分配到攻击、防御、谋略、速度,0,0,,S,,,101,攻击属性提高,0
284619,284619,6,59,1,0,100,100,28461901,0,14,0,0,0,0,砥砺,提升武将总计@12@点属性，随机分配到攻击、防御、谋略、速度,0,0,,S,,,101,攻击属性提高,0
285014,285014,6,59,1,0,100,100,28501401,0,14,0,0,0,0,砥砺,提升武将总计@6@点属性，随机分配到攻击、防御、谋略、速度,0,0,,S,,,104,速度属性提高,0
285114,285114,6,59,1,0,100,100,28511401,0,14,0,0,0,0,砥砺,提升武将总计@7@点属性，随机分配到攻击、防御、谋略、速度,0,0,,S,,,104,速度属性提高,0
285214,285214,6,59,1,0,100,100,28521401,0,14,0,0,0,0,砥砺,提升武将总计@8@点属性，随机分配到攻击、防御、谋略、速度,0,0,,S,,,104,速度属性提高,0
285314,285314,6,59,1,0,100,100,28531401,0,14,0,0,0,0,砥砺,提升武将总计@9@点属性，随机分配到攻击、防御、谋略、速度,0,0,,S,,,104,速度属性提高,0
285414,285414,6,59,1,0,100,100,28541401,0,14,0,0,0,0,砥砺,提升武将总计@10@点属性，随机分配到攻击、防御、谋略、速度,0,0,,S,,,104,速度属性提高,0
285514,285514,6,59,1,0,100,100,28551401,0,14,0,0,0,0,砥砺,提升武将总计@11@点属性，随机分配到攻击、防御、谋略、速度,0,0,,S,,,104,速度属性提高,0
285614,285614,6,59,1,0,100,100,28561401,0,14,0,0,0,0,砥砺,提升武将总计@12@点属性，随机分配到攻击、防御、谋略、速度,0,0,,S,,,104,速度属性提高,0
286014,286014,6,59,1,0,100,100,28601401,0,14,0,0,0,0,砥砺,提升武将总计@6@点属性，随机分配到攻击、防御、谋略、速度,0,0,,S,,,101,攻击属性提高,0
286114,286114,6,59,1,0,100,100,28611401,0,14,0,0,0,0,砥砺,提升武将总计@7@点属性，随机分配到攻击、防御、谋略、速度,0,0,,S,,,101,攻击属性提高,0
286214,286214,6,59,1,0,100,100,28621401,0,14,0,0,0,0,砥砺,提升武将总计@8@点属性，随机分配到攻击、防御、谋略、速度,0,0,,S,,,101,攻击属性提高,0
286314,286314,6,59,1,0,100,100,28631401,0,14,0,0,0,0,砥砺,提升武将总计@9@点属性，随机分配到攻击、防御、谋略、速度,0,0,,S,,,101,攻击属性提高,0
286414,286414,6,59,1,0,100,100,28641401,0,14,0,0,0,0,砥砺,提升武将总计@10@点属性，随机分配到攻击、防御、谋略、速度,0,0,,S,,,101,攻击属性提高,0
286514,286514,6,59,1,0,100,100,28651401,0,14,0,0,0,0,砥砺,提升武将总计@11@点属性，随机分配到攻击、防御、谋略、速度,0,0,,S,,,101,攻击属性提高,0
286614,286614,6,59,1,0,100,100,28661401,0,14,0,0,0,0,砥砺,提升武将总计@12@点属性，随机分配到攻击、防御、谋略、速度,0,0,,S,,,101,攻击属性提高,0
290001,290001,1,1,5,0,100,100,29000101,0,10,0,0,0,0,弓兵对长枪兵相克,弓兵对长枪兵相克,0,0,,,,,99,受兵种伤害-,0
290002,290002,1,1,5,0,100,100,29000201,0,10,0,0,0,0,弓兵对骑兵相克,弓兵对骑兵相克,0,0,,,,,99,受兵种伤害-,0
290003,290003,1,1,5,0,100,100,29000301,0,10,0,0,0,0,弓兵对重骑兵相克,弓兵对重骑兵相克,0,0,,,,,99,受兵种伤害-,0
290004,290004,1,1,5,0,100,100,29000401,0,10,0,0,0,0,弓兵对轻骑兵相克,弓兵对轻骑兵相克,0,0,,,,,99,受兵种伤害-,0
290005,290005,1,1,5,0,100,100,29000501,0,10,0,0,0,0,弓兵对铁骑兵相克,弓兵对铁骑兵相克,0,0,,,,,99,受兵种伤害-,0
290006,290006,1,1,5,0,100,100,29000601,0,10,0,0,0,0,弓兵对象兵相克,弓兵对象兵相克,0,0,,,,,99,受兵种伤害-,0
290007,290007,1,1,5,0,100,100,29000701,0,10,0,0,0,0,长弓兵对长枪兵相克,长弓兵对长枪兵相克,0,0,,,,,99,受兵种伤害-,0
290008,290008,1,1,5,0,100,100,29000801,0,10,0,0,0,0,长弓兵对骑兵相克,长弓兵对骑兵相克,0,0,,,,,99,受兵种伤害-,0
290009,290009,1,1,5,0,100,100,29000901,0,10,0,0,0,0,长弓兵对重骑兵相克,长弓兵对重骑兵相克,0,0,,,,,99,受兵种伤害-,0
290010,290010,1,1,5,0,100,100,29001001,0,10,0,0,0,0,长弓兵对轻骑兵相克,长弓兵对轻骑兵相克,0,0,,,,,99,受兵种伤害-,0
290011,290011,1,1,5,0,100,100,29001101,0,10,0,0,0,0,长弓兵对弓骑兵相克,长弓兵对弓骑兵相克,0,0,,,,,99,受兵种伤害-,0
290012,290012,1,1,5,0,100,100,29001201,0,10,0,0,0,0,长弓兵对铁骑兵相克,长弓兵对铁骑兵相克,0,0,,,,,99,受兵种伤害-,0
290013,290013,1,1,5,0,100,100,29001301,0,10,0,0,0,0,长弓兵对象兵相克,长弓兵对象兵相克,0,0,,,,,99,受兵种伤害-,0
290014,290014,1,1,5,0,100,100,29001401,0,10,0,0,0,0,弩兵对长枪兵相克,弩兵对长枪兵相克,0,0,,,,,99,受兵种伤害-,0
290015,290015,1,1,5,0,100,100,29001501,0,10,0,0,0,0,弩兵对骑兵相克,弩兵对骑兵相克,0,0,,,,,99,受兵种伤害-,0
290016,290016,1,1,5,0,100,100,29001601,0,10,0,0,0,0,弩兵对重骑兵相克,弩兵对重骑兵相克,0,0,,,,,99,受兵种伤害-,0
290017,290017,1,1,5,0,100,100,29001701,0,10,0,0,0,0,弩兵对轻骑兵相克,弩兵对轻骑兵相克,0,0,,,,,99,受兵种伤害-,0
290018,290018,1,1,5,0,100,100,29001801,0,10,0,0,0,0,弩兵对铁骑兵相克,弩兵对铁骑兵相克,0,0,,,,,99,受兵种伤害-,0
290019,290019,1,1,5,0,100,100,29001901,0,10,0,0,0,0,弩兵对象兵相克,弩兵对象兵相克,0,0,,,,,99,受兵种伤害-,0
290020,290020,1,1,5,0,100,100,29002001,0,10,0,0,0,0,死士对长枪兵相克,死士对长枪兵相克,0,0,,,,,99,受兵种伤害-,0
290021,290021,1,1,5,0,100,100,29002101,0,10,0,0,0,0,死士对骑兵相克,死士对骑兵相克,0,0,,,,,99,受兵种伤害-,0
290022,290022,1,1,5,0,100,100,29002201,0,10,0,0,0,0,死士对重骑兵相克,死士对重骑兵相克,0,0,,,,,99,受兵种伤害-,0
290023,290023,1,1,5,0,100,100,29002301,0,10,0,0,0,0,死士对轻骑兵相克,死士对轻骑兵相克,0,0,,,,,99,受兵种伤害-,0
290024,290024,1,1,5,0,100,100,29002401,0,10,0,0,0,0,死士对弓骑兵相克,死士对弓骑兵相克,0,0,,,,,99,受兵种伤害-,0
290025,290025,1,1,5,0,100,100,29002501,0,10,0,0,0,0,死士对铁骑兵相克,死士对铁骑兵相克,0,0,,,,,99,受兵种伤害-,0
290026,290026,1,1,5,0,100,100,29002601,0,10,0,0,0,0,死士对象兵相克,死士对象兵相克,0,0,,,,,99,受兵种伤害-,0
290027,290027,1,1,5,0,100,100,29002701,0,10,0,0,0,0,连弩兵对长枪兵相克,连弩兵对长枪兵相克,0,0,,,,,99,受兵种伤害-,0
290028,290028,1,1,5,0,100,100,29002801,0,10,0,0,0,0,连弩兵对骑兵相克,连弩兵对骑兵相克,0,0,,,,,99,受兵种伤害-,0
290029,290029,1,1,5,0,100,100,29002901,0,10,0,0,0,0,连弩兵对重骑兵相克,连弩兵对重骑兵相克,0,0,,,,,99,受兵种伤害-,0
290030,290030,1,1,5,0,100,100,29003001,0,10,0,0,0,0,连弩兵对轻骑兵相克,连弩兵对轻骑兵相克,0,0,,,,,99,受兵种伤害-,0
290031,290031,1,1,5,0,100,100,29003101,0,10,0,0,0,0,连弩兵对弓骑兵相克,连弩兵对弓骑兵相克,0,0,,,,,99,受兵种伤害-,0
290032,290032,1,1,5,0,100,100,29003201,0,10,0,0,0,0,连弩兵对铁骑兵相克,连弩兵对铁骑兵相克,0,0,,,,,99,受兵种伤害-,0
290033,290033,1,1,5,0,100,100,29003301,0,10,0,0,0,0,连弩兵对象兵相克,连弩兵对象兵相克,0,0,,,,,99,受兵种伤害-,0
290034,290034,1,1,5,0,100,100,29003401,0,10,0,0,0,0,步兵对弓兵相克,步兵对弓兵相克,0,0,,,,,99,受兵种伤害-,0
290035,290035,1,1,5,0,100,100,29003501,0,10,0,0,0,0,步兵对长弓兵相克,步兵对长弓兵相克,0,0,,,,,99,受兵种伤害-,0
290036,290036,1,1,5,0,100,100,29003601,0,10,0,0,0,0,步兵对弩兵相克,步兵对弩兵相克,0,0,,,,,99,受兵种伤害-,0
290037,290037,1,1,5,0,100,100,29003701,0,10,0,0,0,0,步兵对死士相克,步兵对死士相克,0,0,,,,,99,受兵种伤害-,0
290038,290038,1,1,5,0,100,100,29003801,0,10,0,0,0,0,步兵对连弩兵相克,步兵对连弩兵相克,0,0,,,,,99,受兵种伤害-,0
290039,290039,1,1,5,0,100,100,29003901,0,10,0,0,0,0,重步兵对弓兵相克,重步兵对弓兵相克,0,0,,,,,99,受兵种伤害-,0
290040,290040,1,1,5,0,100,100,29004001,0,10,0,0,0,0,重步兵对长弓兵相克,重步兵对长弓兵相克,0,0,,,,,99,受兵种伤害-,0
290041,290041,1,1,5,0,100,100,29004101,0,10,0,0,0,0,重步兵对弩兵相克,重步兵对弩兵相克,0,0,,,,,99,受兵种伤害-,0
290042,290042,1,1,5,0,100,100,29004201,0,10,0,0,0,0,重步兵对死士相克,重步兵对死士相克,0,0,,,,,99,受兵种伤害-,0
290043,290043,1,1,5,0,100,100,29004301,0,10,0,0,0,0,重步兵对连弩兵相克,重步兵对连弩兵相克,0,0,,,,,99,受兵种伤害-,0
290044,290044,1,1,5,0,100,100,29004401,0,10,0,0,0,0,长枪兵对骑兵相克,长枪兵对骑兵相克,0,0,,,,,99,受兵种伤害-,0
290045,290045,1,1,5,0,100,100,29004501,0,10,0,0,0,0,长枪兵对重骑兵相克,长枪兵对重骑兵相克,0,0,,,,,99,受兵种伤害-,0
290046,290046,1,1,5,0,100,100,29004601,0,10,0,0,0,0,长枪兵对轻骑兵相克,长枪兵对轻骑兵相克,0,0,,,,,99,受兵种伤害-,0
290047,290047,1,1,5,0,100,100,29004701,0,10,0,0,0,0,长枪兵对铁骑兵相克,长枪兵对铁骑兵相克,0,0,,,,,99,受兵种伤害-,0
290048,290048,1,1,5,0,100,100,29004801,0,10,0,0,0,0,长枪兵对象兵相克,长枪兵对象兵相克,0,0,,,,,99,受兵种伤害-,0
290049,290049,1,1,5,0,100,100,29004901,0,10,0,0,0,0,蛮兵对弓兵相克,蛮兵对弓兵相克,0,0,,,,,99,受兵种伤害-,0
290050,290050,1,1,5,0,100,100,29005001,0,10,0,0,0,0,蛮兵对长弓兵相克,蛮兵对长弓兵相克,0,0,,,,,99,受兵种伤害-,0
290051,290051,1,1,5,0,100,100,29005101,0,10,0,0,0,0,蛮兵对弩兵相克,蛮兵对弩兵相克,0,0,,,,,99,受兵种伤害-,0
290052,290052,1,1,5,0,100,100,29005201,0,10,0,0,0,0,蛮兵对死士相克,蛮兵对死士相克,0,0,,,,,99,受兵种伤害-,0
290053,290053,1,1,5,0,100,100,29005301,0,10,0,0,0,0,蛮兵对连弩兵相克,蛮兵对连弩兵相克,0,0,,,,,99,受兵种伤害-,0
290054,290054,1,1,5,0,100,100,29005401,0,10,0,0,0,0,禁卫对弓兵相克,禁卫对弓兵相克,0,0,,,,,99,受兵种伤害-,0
290055,290055,1,1,5,0,100,100,29005501,0,10,0,0,0,0,禁卫对长弓兵相克,禁卫对长弓兵相克,0,0,,,,,99,受兵种伤害-,0
290056,290056,1,1,5,0,100,100,29005601,0,10,0,0,0,0,禁卫对弩兵相克,禁卫对弩兵相克,0,0,,,,,99,受兵种伤害-,0
290057,290057,1,1,5,0,100,100,29005701,0,10,0,0,0,0,禁卫对死士相克,禁卫对死士相克,0,0,,,,,99,受兵种伤害-,0
290058,290058,1,1,5,0,100,100,29005801,0,10,0,0,0,0,禁卫对连弩兵相克,禁卫对连弩兵相克,0,0,,,,,99,受兵种伤害-,0
290059,290059,1,1,5,0,100,100,29005901,0,10,0,0,0,0,藤甲兵对弓兵相克,藤甲兵对弓兵相克,0,0,,,,,99,受兵种伤害-,0
290060,290060,1,1,5,0,100,100,29006001,0,10,0,0,0,0,藤甲兵对长弓兵相克,藤甲兵对长弓兵相克,0,0,,,,,99,受兵种伤害-,0
290061,290061,1,1,5,0,100,100,29006101,0,10,0,0,0,0,藤甲兵对弩兵相克,藤甲兵对弩兵相克,0,0,,,,,99,受兵种伤害-,0
290062,290062,1,1,5,0,100,100,29006201,0,10,0,0,0,0,藤甲兵对死士相克,藤甲兵对死士相克,0,0,,,,,99,受兵种伤害-,0
290063,290063,1,1,5,0,100,100,29006301,0,10,0,0,0,0,藤甲兵对连弩兵相克,藤甲兵对连弩兵相克,0,0,,,,,99,受兵种伤害-,0
290064,290064,1,1,5,0,100,100,29006401,0,10,0,0,0,0,骑兵对步兵相克,骑兵对步兵相克,0,0,,,,,99,受兵种伤害-,0
290065,290065,1,1,5,0,100,100,29006501,0,10,0,0,0,0,骑兵对重步兵相克,骑兵对重步兵相克,0,0,,,,,99,受兵种伤害-,0
290066,290066,1,1,5,0,100,100,29006601,0,10,0,0,0,0,骑兵对蛮兵相克,骑兵对蛮兵相克,0,0,,,,,99,受兵种伤害-,0
290067,290067,1,1,5,0,100,100,29006701,0,10,0,0,0,0,骑兵对禁卫相克,骑兵对禁卫相克,0,0,,,,,99,受兵种伤害-,0
290068,290068,1,1,5,0,100,100,29006801,0,10,0,0,0,0,骑兵对藤甲兵相克,骑兵对藤甲兵相克,0,0,,,,,99,受兵种伤害-,0
290069,290069,1,1,5,0,100,100,29006901,0,10,0,0,0,0,重骑兵对步兵相克,重骑兵对步兵相克,0,0,,,,,99,受兵种伤害-,0
290070,290070,1,1,5,0,100,100,29007001,0,10,0,0,0,0,重骑兵对重步兵相克,重骑兵对重步兵相克,0,0,,,,,99,受兵种伤害-,0
290071,290071,1,1,5,0,100,100,29007101,0,10,0,0,0,0,重骑兵对蛮兵相克,重骑兵对蛮兵相克,0,0,,,,,99,受兵种伤害-,0
290072,290072,1,1,5,0,100,100,29007201,0,10,0,0,0,0,重骑兵对禁卫相克,重骑兵对禁卫相克,0,0,,,,,99,受兵种伤害-,0
290073,290073,1,1,5,0,100,100,29007301,0,10,0,0,0,0,重骑兵对藤甲兵相克,重骑兵对藤甲兵相克,0,0,,,,,99,受兵种伤害-,0
290074,290074,1,1,5,0,100,100,29007401,0,10,0,0,0,0,轻骑兵对步兵相克,轻骑兵对步兵相克,0,0,,,,,99,受兵种伤害-,0
290075,290075,1,1,5,0,100,100,29007501,0,10,0,0,0,0,轻骑兵对重步兵相克,轻骑兵对重步兵相克,0,0,,,,,99,受兵种伤害-,0
290076,290076,1,1,5,0,100,100,29007601,0,10,0,0,0,0,轻骑兵对蛮兵相克,轻骑兵对蛮兵相克,0,0,,,,,99,受兵种伤害-,0
290077,290077,1,1,5,0,100,100,29007701,0,10,0,0,0,0,轻骑兵对禁卫相克,轻骑兵对禁卫相克,0,0,,,,,99,受兵种伤害-,0
290078,290078,1,1,5,0,100,100,29007801,0,10,0,0,0,0,轻骑兵对藤甲兵相克,轻骑兵对藤甲兵相克,0,0,,,,,99,受兵种伤害-,0
290079,290079,1,1,5,0,100,100,29007901,0,10,0,0,0,0,弓骑兵对步兵相克,弓骑兵对步兵相克,0,0,,,,,99,受兵种伤害-,0
290080,290080,1,1,5,0,100,100,29008001,0,10,0,0,0,0,弓骑兵对重步兵相克,弓骑兵对重步兵相克,0,0,,,,,99,受兵种伤害-,0
290081,290081,1,1,5,0,100,100,29008101,0,10,0,0,0,0,弓骑兵对长枪兵相克,弓骑兵对长枪兵相克,0,0,,,,,99,受兵种伤害-,0
290082,290082,1,1,5,0,100,100,29008201,0,10,0,0,0,0,弓骑兵对蛮兵相克,弓骑兵对蛮兵相克,0,0,,,,,99,受兵种伤害-,0
290083,290083,1,1,5,0,100,100,29008301,0,10,0,0,0,0,弓骑兵对禁卫相克,弓骑兵对禁卫相克,0,0,,,,,99,受兵种伤害-,0
290084,290084,1,1,5,0,100,100,29008401,0,10,0,0,0,0,弓骑兵对藤甲兵相克,弓骑兵对藤甲兵相克,0,0,,,,,99,受兵种伤害-,0
290085,290085,1,1,5,0,100,100,29008501,0,10,0,0,0,0,铁骑兵对步兵相克,铁骑兵对步兵相克,0,0,,,,,99,受兵种伤害-,0
290086,290086,1,1,5,0,100,100,29008601,0,10,0,0,0,0,铁骑兵对重步兵相克,铁骑兵对重步兵相克,0,0,,,,,99,受兵种伤害-,0
290087,290087,1,1,5,0,100,100,29008701,0,10,0,0,0,0,铁骑兵对蛮兵相克,铁骑兵对蛮兵相克,0,0,,,,,99,受兵种伤害-,0
290088,290088,1,1,5,0,100,100,29008801,0,10,0,0,0,0,铁骑兵对禁卫相克,铁骑兵对禁卫相克,0,0,,,,,99,受兵种伤害-,0
290089,290089,1,1,5,0,100,100,29008901,0,10,0,0,0,0,铁骑兵对藤甲兵相克,铁骑兵对藤甲兵相克,0,0,,,,,99,受兵种伤害-,0
290090,290090,1,1,5,0,100,100,29009001,0,10,0,0,0,0,弓兵对羽林骑相克,弓兵对羽林骑相克,0,0,,,,,99,受兵种伤害-,0
290091,290091,1,1,5,0,100,100,29009101,0,10,0,0,0,0,长弓兵对羽林骑相克,长弓兵对羽林骑相克,0,0,,,,,99,受兵种伤害-,0
290092,290092,1,1,5,0,100,100,29009201,0,10,0,0,0,0,弩兵对羽林骑相克,弩兵对羽林骑相克,0,0,,,,,99,受兵种伤害-,0
290093,290093,1,1,5,0,100,100,29009301,0,10,0,0,0,0,死士对羽林骑相克,死士对羽林骑相克,0,0,,,,,99,受兵种伤害-,0
290094,290094,1,1,5,0,100,100,29009401,0,10,0,0,0,0,连弩兵对羽林骑相克,连弩兵对羽林骑相克,0,0,,,,,99,受兵种伤害-,0
290095,290095,1,1,5,0,100,100,29009501,0,10,0,0,0,0,长枪兵对羽林骑相克,长枪兵对羽林骑相克,0,0,,,,,99,受兵种伤害-,0
290096,290096,1,1,5,0,100,100,29009601,0,10,0,0,0,0,黄巾兵对弓兵相克,黄巾兵对弓兵相克,0,0,,,,,99,受兵种伤害-,0
290097,290097,1,1,5,0,100,100,29009701,0,10,0,0,0,0,黄巾兵对长弓兵相克,黄巾兵对长弓兵相克,0,0,,,,,99,受兵种伤害-,0
290098,290098,1,1,5,0,100,100,29009801,0,10,0,0,0,0,黄巾兵对弩兵相克,黄巾兵对弩兵相克,0,0,,,,,99,受兵种伤害-,0
290099,290099,1,1,5,0,100,100,29009901,0,10,0,0,0,0,黄巾兵对死士相克,黄巾兵对死士相克,0,0,,,,,99,受兵种伤害-,0
290100,290100,1,1,5,0,100,100,29010001,0,10,0,0,0,0,黄巾兵对连弩兵相克,黄巾兵对连弩兵相克,0,0,,,,,99,受兵种伤害-,0
290101,290101,1,1,5,0,100,100,29010101,0,10,0,0,0,0,骑兵对黄巾兵相克,骑兵对黄巾兵相克,0,0,,,,,99,受兵种伤害-,0
290102,290102,1,1,5,0,100,100,29010201,0,10,0,0,0,0,重骑兵对黄巾兵相克,重骑兵对黄巾兵相克,0,0,,,,,99,受兵种伤害-,0
290103,290103,1,1,5,0,100,100,29010301,0,10,0,0,0,0,轻骑兵对黄巾兵相克,轻骑兵对黄巾兵相克,0,0,,,,,99,受兵种伤害-,0
290104,290104,1,1,5,0,100,100,29010401,0,10,0,0,0,0,弓骑兵对黄巾兵相克,弓骑兵对黄巾兵相克,0,0,,,,,99,受兵种伤害-,0
290105,290105,1,1,5,0,100,100,29010501,0,10,0,0,0,0,铁骑兵对黄巾兵相克,铁骑兵对黄巾兵相克,0,0,,,,,99,受兵种伤害-,0
290106,290106,1,1,5,0,100,100,29010601,0,10,0,0,0,0,羽林骑对步兵相克,羽林骑对步兵相克,0,0,,,,,99,受兵种伤害-,0
290107,290107,1,1,5,0,100,100,29010701,0,10,0,0,0,0,羽林骑对重步兵相克,羽林骑对重步兵相克,0,0,,,,,99,受兵种伤害-,0
290108,290108,1,1,5,0,100,100,29010801,0,10,0,0,0,0,羽林骑对蛮兵相克,羽林骑对蛮兵相克,0,0,,,,,99,受兵种伤害-,0
290109,290109,1,1,5,0,100,100,29010901,0,10,0,0,0,0,羽林骑对禁卫相克,羽林骑对禁卫相克,0,0,,,,,99,受兵种伤害-,0
290110,290110,1,1,5,0,100,100,29011001,0,10,0,0,0,0,羽林骑对藤甲兵相克,羽林骑对藤甲兵相克,0,0,,,,,99,受兵种伤害-,0
290111,290111,1,1,5,0,100,100,29011101,0,10,0,0,0,0,羽林骑对黄巾兵相克,羽林骑对黄巾兵相克,0,0,,,,,99,受兵种伤害-,0
290112,290112,1,1,5,0,100,100,29011201,0,10,0,0,0,0,飞熊军对弓兵相克,飞熊军对弓兵相克,0,0,,,,,99,受兵种伤害-,0
290113,290113,1,1,5,0,100,100,29011301,0,10,0,0,0,0,飞熊军对长弓兵相克,飞熊军对长弓兵相克,0,0,,,,,99,受兵种伤害-,0
290114,290114,1,1,5,0,100,100,29011401,0,10,0,0,0,0,飞熊军对弩兵相克,飞熊军对弩兵相克,0,0,,,,,99,受兵种伤害-,0
290115,290115,1,1,5,0,100,100,29011501,0,10,0,0,0,0,飞熊军对死士相克,飞熊军对死士相克,0,0,,,,,99,受兵种伤害-,0
290116,290116,1,1,5,0,100,100,29011601,0,10,0,0,0,0,飞熊军对连弩兵相克,飞熊军对连弩兵相克,0,0,,,,,99,受兵种伤害-,0
290117,290117,1,1,5,0,100,100,29011701,0,10,0,0,0,0,骑兵对飞熊军相克,骑兵对飞熊军相克,0,0,,,,,99,受兵种伤害-,0
290118,290118,1,1,5,0,100,100,29011801,0,10,0,0,0,0,重骑兵对飞熊军相克,重骑兵对飞熊军相克,0,0,,,,,99,受兵种伤害-,0
290119,290119,1,1,5,0,100,100,29011901,0,10,0,0,0,0,轻骑兵对飞熊军相克,轻骑兵对飞熊军相克,0,0,,,,,99,受兵种伤害-,0
290120,290120,1,1,5,0,100,100,29012001,0,10,0,0,0,0,弓骑兵对飞熊军相克,弓骑兵对飞熊军相克,0,0,,,,,99,受兵种伤害-,0
290121,290121,1,1,5,0,100,100,29012101,0,10,0,0,0,0,铁骑兵对飞熊军相克,铁骑兵对飞熊军相克,0,0,,,,,99,受兵种伤害-,0
290122,290122,1,1,5,0,100,100,29012201,0,10,0,0,0,0,羽林骑对飞熊军相克,羽林骑对飞熊军相克,0,0,,,,,99,受兵种伤害-,0
290123,290123,1,1,5,0,100,100,29012301,0,10,0,0,0,0,弓兵对乡勇弓手相克,弓兵对乡勇弓手相克,0,0,,,,,99,受兵种伤害-,0
290124,290124,1,1,5,0,100,100,29012401,0,10,0,0,0,0,弓兵对乡勇步卒相克,弓兵对乡勇步卒相克,0,0,,,,,99,受兵种伤害-,0
290125,290125,1,1,5,0,100,100,29012501,0,10,0,0,0,0,弓兵对虎豹骑相克,弓兵对虎豹骑相克,0,0,,,,,99,受兵种伤害-,0
290126,290126,1,1,5,0,100,100,29012601,0,10,0,0,0,0,弓兵对乡勇轻骑相克,弓兵对乡勇轻骑相克,0,0,,,,,99,受兵种伤害-,0
290127,290127,1,1,5,0,100,100,29012701,0,10,0,0,0,0,弓兵对黄巾轻骑相克,弓兵对黄巾轻骑相克,0,0,,,,,99,受兵种伤害-,0
290128,290128,1,1,5,0,100,100,29012801,0,10,0,0,0,0,弓兵对白波轻骑相克,弓兵对白波轻骑相克,0,0,,,,,99,受兵种伤害-,0
290129,290129,1,1,5,0,100,100,29012901,0,10,0,0,0,0,弓兵对黑山轻骑相克,弓兵对黑山轻骑相克,0,0,,,,,99,受兵种伤害-,0
290130,290130,1,1,5,0,100,100,29013001,0,10,0,0,0,0,弓兵对西凉铁骑相克,弓兵对西凉铁骑相克,0,0,,,,,99,受兵种伤害-,0
290131,290131,1,1,5,0,100,100,29013101,0,10,0,0,0,0,弓兵对伏龙军相克,弓兵对伏龙军相克,0,0,,,,,99,受兵种伤害-,0
290132,290132,1,1,5,0,100,100,29013201,0,10,0,0,0,0,长弓兵对乡勇弓手相克,长弓兵对乡勇弓手相克,0,0,,,,,99,受兵种伤害-,0
290133,290133,1,1,5,0,100,100,29013301,0,10,0,0,0,0,长弓兵对乡勇步卒相克,长弓兵对乡勇步卒相克,0,0,,,,,99,受兵种伤害-,0
290134,290134,1,1,5,0,100,100,29013401,0,10,0,0,0,0,长弓兵对白马义从相克,长弓兵对白马义从相克,0,0,,,,,99,受兵种伤害-,0
290135,290135,1,1,5,0,100,100,29013501,0,10,0,0,0,0,长弓兵对虎豹骑相克,长弓兵对虎豹骑相克,0,0,,,,,99,受兵种伤害-,0
290136,290136,1,1,5,0,100,100,29013601,0,10,0,0,0,0,长弓兵对乡勇轻骑相克,长弓兵对乡勇轻骑相克,0,0,,,,,99,受兵种伤害-,0
290137,290137,1,1,5,0,100,100,29013701,0,10,0,0,0,0,长弓兵对黄巾轻骑相克,长弓兵对黄巾轻骑相克,0,0,,,,,99,受兵种伤害-,0
290138,290138,1,1,5,0,100,100,29013801,0,10,0,0,0,0,长弓兵对白波轻骑相克,长弓兵对白波轻骑相克,0,0,,,,,99,受兵种伤害-,0
290139,290139,1,1,5,0,100,100,29013901,0,10,0,0,0,0,长弓兵对黑山轻骑相克,长弓兵对黑山轻骑相克,0,0,,,,,99,受兵种伤害-,0
290140,290140,1,1,5,0,100,100,29014001,0,10,0,0,0,0,长弓兵对西凉铁骑相克,长弓兵对西凉铁骑相克,0,0,,,,,99,受兵种伤害-,0
290141,290141,1,1,5,0,100,100,29014101,0,10,0,0,0,0,长弓兵对伏龙军相克,长弓兵对伏龙军相克,0,0,,,,,99,受兵种伤害-,0
290142,290142,1,1,5,0,100,100,29014201,0,10,0,0,0,0,弩兵对乡勇弓手相克,弩兵对乡勇弓手相克,0,0,,,,,99,受兵种伤害-,0
290143,290143,1,1,5,0,100,100,29014301,0,10,0,0,0,0,弩兵对乡勇步卒相克,弩兵对乡勇步卒相克,0,0,,,,,99,受兵种伤害-,0
290144,290144,1,1,5,0,100,100,29014401,0,10,0,0,0,0,弩兵对虎豹骑相克,弩兵对虎豹骑相克,0,0,,,,,99,受兵种伤害-,0
290145,290145,1,1,5,0,100,100,29014501,0,10,0,0,0,0,弩兵对乡勇轻骑相克,弩兵对乡勇轻骑相克,0,0,,,,,99,受兵种伤害-,0
290146,290146,1,1,5,0,100,100,29014601,0,10,0,0,0,0,弩兵对黄巾轻骑相克,弩兵对黄巾轻骑相克,0,0,,,,,99,受兵种伤害-,0
290147,290147,1,1,5,0,100,100,29014701,0,10,0,0,0,0,弩兵对白波轻骑相克,弩兵对白波轻骑相克,0,0,,,,,99,受兵种伤害-,0
290148,290148,1,1,5,0,100,100,29014801,0,10,0,0,0,0,弩兵对黑山轻骑相克,弩兵对黑山轻骑相克,0,0,,,,,99,受兵种伤害-,0
290149,290149,1,1,5,0,100,100,29014901,0,10,0,0,0,0,弩兵对西凉铁骑相克,弩兵对西凉铁骑相克,0,0,,,,,99,受兵种伤害-,0
290150,290150,1,1,5,0,100,100,29015001,0,10,0,0,0,0,弩兵对伏龙军相克,弩兵对伏龙军相克,0,0,,,,,99,受兵种伤害-,0
290151,290151,1,1,5,0,100,100,29015101,0,10,0,0,0,0,死士对乡勇弓手相克,死士对乡勇弓手相克,0,0,,,,,99,受兵种伤害-,0
290152,290152,1,1,5,0,100,100,29015201,0,10,0,0,0,0,死士对乡勇步卒相克,死士对乡勇步卒相克,0,0,,,,,99,受兵种伤害-,0
290153,290153,1,1,5,0,100,100,29015301,0,10,0,0,0,0,死士对白马义从相克,死士对白马义从相克,0,0,,,,,99,受兵种伤害-,0
290154,290154,1,1,5,0,100,100,29015401,0,10,0,0,0,0,死士对虎豹骑相克,死士对虎豹骑相克,0,0,,,,,99,受兵种伤害-,0
290155,290155,1,1,5,0,100,100,29015501,0,10,0,0,0,0,死士对乡勇轻骑相克,死士对乡勇轻骑相克,0,0,,,,,99,受兵种伤害-,0
290156,290156,1,1,5,0,100,100,29015601,0,10,0,0,0,0,死士对黄巾轻骑相克,死士对黄巾轻骑相克,0,0,,,,,99,受兵种伤害-,0
290157,290157,1,1,5,0,100,100,29015701,0,10,0,0,0,0,死士对白波轻骑相克,死士对白波轻骑相克,0,0,,,,,99,受兵种伤害-,0
290158,290158,1,1,5,0,100,100,29015801,0,10,0,0,0,0,死士对黑山轻骑相克,死士对黑山轻骑相克,0,0,,,,,99,受兵种伤害-,0
290159,290159,1,1,5,0,100,100,29015901,0,10,0,0,0,0,死士对西凉铁骑相克,死士对西凉铁骑相克,0,0,,,,,99,受兵种伤害-,0
290160,290160,1,1,5,0,100,100,29016001,0,10,0,0,0,0,死士对伏龙军相克,死士对伏龙军相克,0,0,,,,,99,受兵种伤害-,0
290161,290161,1,1,5,0,100,100,29016101,0,10,0,0,0,0,连弩兵对乡勇弓手相克,连弩兵对乡勇弓手相克,0,0,,,,,99,受兵种伤害-,0
290162,290162,1,1,5,0,100,100,29016201,0,10,0,0,0,0,连弩兵对乡勇步卒相克,连弩兵对乡勇步卒相克,0,0,,,,,99,受兵种伤害-,0
290163,290163,1,1,5,0,100,100,29016301,0,10,0,0,0,0,连弩兵对白马义从相克,连弩兵对白马义从相克,0,0,,,,,99,受兵种伤害-,0
290164,290164,1,1,5,0,100,100,29016401,0,10,0,0,0,0,连弩兵对虎豹骑相克,连弩兵对虎豹骑相克,0,0,,,,,99,受兵种伤害-,0
290165,290165,1,1,5,0,100,100,29016501,0,10,0,0,0,0,连弩兵对乡勇轻骑相克,连弩兵对乡勇轻骑相克,0,0,,,,,99,受兵种伤害-,0
290166,290166,1,1,5,0,100,100,29016601,0,10,0,0,0,0,连弩兵对黄巾轻骑相克,连弩兵对黄巾轻骑相克,0,0,,,,,99,受兵种伤害-,0
290167,290167,1,1,5,0,100,100,29016701,0,10,0,0,0,0,连弩兵对白波轻骑相克,连弩兵对白波轻骑相克,0,0,,,,,99,受兵种伤害-,0
290168,290168,1,1,5,0,100,100,29016801,0,10,0,0,0,0,连弩兵对黑山轻骑相克,连弩兵对黑山轻骑相克,0,0,,,,,99,受兵种伤害-,0
290169,290169,1,1,5,0,100,100,29016901,0,10,0,0,0,0,连弩兵对西凉铁骑相克,连弩兵对西凉铁骑相克,0,0,,,,,99,受兵种伤害-,0
290170,290170,1,1,5,0,100,100,29017001,0,10,0,0,0,0,连弩兵对伏龙军相克,连弩兵对伏龙军相克,0,0,,,,,99,受兵种伤害-,0
290171,290171,1,1,5,0,100,100,29017101,0,10,0,0,0,0,火矢兵对乡勇弓手相克,火矢兵对乡勇弓手相克,0,0,,,,,99,受兵种伤害-,0
290172,290172,1,1,5,0,100,100,29017201,0,10,0,0,0,0,火矢兵对长枪兵相克,火矢兵对长枪兵相克,0,0,,,,,99,受兵种伤害-,0
290173,290173,1,1,5,0,100,100,29017301,0,10,0,0,0,0,火矢兵对乡勇步卒相克,火矢兵对乡勇步卒相克,0,0,,,,,99,受兵种伤害-,0
290174,290174,1,1,5,0,100,100,29017401,0,10,0,0,0,0,火矢兵对骑兵相克,火矢兵对骑兵相克,0,0,,,,,99,受兵种伤害-,0
290175,290175,1,1,5,0,100,100,29017501,0,10,0,0,0,0,火矢兵对重骑兵相克,火矢兵对重骑兵相克,0,0,,,,,99,受兵种伤害-,0
290176,290176,1,1,5,0,100,100,29017601,0,10,0,0,0,0,火矢兵对轻骑兵相克,火矢兵对轻骑兵相克,0,0,,,,,99,受兵种伤害-,0
290177,290177,1,1,5,0,100,100,29017701,0,10,0,0,0,0,火矢兵对弓骑兵相克,火矢兵对弓骑兵相克,0,0,,,,,99,受兵种伤害-,0
290178,290178,1,1,5,0,100,100,29017801,0,10,0,0,0,0,火矢兵对铁骑兵相克,火矢兵对铁骑兵相克,0,0,,,,,99,受兵种伤害-,0
290179,290179,1,1,5,0,100,100,29017901,0,10,0,0,0,0,火矢兵对象兵相克,火矢兵对象兵相克,0,0,,,,,99,受兵种伤害-,0
290180,290180,1,1,5,0,100,100,29018001,0,10,0,0,0,0,火矢兵对羽林骑相克,火矢兵对羽林骑相克,0,0,,,,,99,受兵种伤害-,0
290181,290181,1,1,5,0,100,100,29018101,0,10,0,0,0,0,火矢兵对白马义从相克,火矢兵对白马义从相克,0,0,,,,,99,受兵种伤害-,0
290182,290182,1,1,5,0,100,100,29018201,0,10,0,0,0,0,火矢兵对虎豹骑相克,火矢兵对虎豹骑相克,0,0,,,,,99,受兵种伤害-,0
290183,290183,1,1,5,0,100,100,29018301,0,10,0,0,0,0,火矢兵对乡勇轻骑相克,火矢兵对乡勇轻骑相克,0,0,,,,,99,受兵种伤害-,0
290184,290184,1,1,5,0,100,100,29018401,0,10,0,0,0,0,火矢兵对黄巾轻骑相克,火矢兵对黄巾轻骑相克,0,0,,,,,99,受兵种伤害-,0
290185,290185,1,1,5,0,100,100,29018501,0,10,0,0,0,0,火矢兵对白波轻骑相克,火矢兵对白波轻骑相克,0,0,,,,,99,受兵种伤害-,0
290186,290186,1,1,5,0,100,100,29018601,0,10,0,0,0,0,火矢兵对黑山轻骑相克,火矢兵对黑山轻骑相克,0,0,,,,,99,受兵种伤害-,0
290187,290187,1,1,5,0,100,100,29018701,0,10,0,0,0,0,火矢兵对西凉铁骑相克,火矢兵对西凉铁骑相克,0,0,,,,,99,受兵种伤害-,0
290188,290188,1,1,5,0,100,100,29018801,0,10,0,0,0,0,火矢兵对伏龙军相克,火矢兵对伏龙军相克,0,0,,,,,99,受兵种伤害-,0
290189,290189,1,1,5,0,100,100,29018901,0,10,0,0,0,0,无当飞军对乡勇弓手相克,无当飞军对乡勇弓手相克,0,0,,,,,99,受兵种伤害-,0
290190,290190,1,1,5,0,100,100,29019001,0,10,0,0,0,0,无当飞军对长枪兵相克,无当飞军对长枪兵相克,0,0,,,,,99,受兵种伤害-,0
290191,290191,1,1,5,0,100,100,29019101,0,10,0,0,0,0,无当飞军对乡勇步卒相克,无当飞军对乡勇步卒相克,0,0,,,,,99,受兵种伤害-,0
290192,290192,1,1,5,0,100,100,29019201,0,10,0,0,0,0,无当飞军对骑兵相克,无当飞军对骑兵相克,0,0,,,,,99,受兵种伤害-,0
290193,290193,1,1,5,0,100,100,29019301,0,10,0,0,0,0,无当飞军对重骑兵相克,无当飞军对重骑兵相克,0,0,,,,,99,受兵种伤害-,0
290194,290194,1,1,5,0,100,100,29019401,0,10,0,0,0,0,无当飞军对轻骑兵相克,无当飞军对轻骑兵相克,0,0,,,,,99,受兵种伤害-,0
290195,290195,1,1,5,0,100,100,29019501,0,10,0,0,0,0,无当飞军对弓骑兵相克,无当飞军对弓骑兵相克,0,0,,,,,99,受兵种伤害-,0
290196,290196,1,1,5,0,100,100,29019601,0,10,0,0,0,0,无当飞军对铁骑兵相克,无当飞军对铁骑兵相克,0,0,,,,,99,受兵种伤害-,0
290197,290197,1,1,5,0,100,100,29019701,0,10,0,0,0,0,无当飞军对象兵相克,无当飞军对象兵相克,0,0,,,,,99,受兵种伤害-,0
290198,290198,1,1,5,0,100,100,29019801,0,10,0,0,0,0,无当飞军对羽林骑相克,无当飞军对羽林骑相克,0,0,,,,,99,受兵种伤害-,0
290199,290199,1,1,5,0,100,100,29019901,0,10,0,0,0,0,无当飞军对白马义从相克,无当飞军对白马义从相克,0,0,,,,,99,受兵种伤害-,0
290200,290200,1,1,5,0,100,100,29020001,0,10,0,0,0,0,无当飞军对虎豹骑相克,无当飞军对虎豹骑相克,0,0,,,,,99,受兵种伤害-,0
290201,290201,1,1,5,0,100,100,29020101,0,10,0,0,0,0,无当飞军对乡勇轻骑相克,无当飞军对乡勇轻骑相克,0,0,,,,,99,受兵种伤害-,0
290202,290202,1,1,5,0,100,100,29020201,0,10,0,0,0,0,无当飞军对黄巾轻骑相克,无当飞军对黄巾轻骑相克,0,0,,,,,99,受兵种伤害-,0
290203,290203,1,1,5,0,100,100,29020301,0,10,0,0,0,0,无当飞军对白波轻骑相克,无当飞军对白波轻骑相克,0,0,,,,,99,受兵种伤害-,0
290204,290204,1,1,5,0,100,100,29020401,0,10,0,0,0,0,无当飞军对黑山轻骑相克,无当飞军对黑山轻骑相克,0,0,,,,,99,受兵种伤害-,0
290205,290205,1,1,5,0,100,100,29020501,0,10,0,0,0,0,无当飞军对西凉铁骑相克,无当飞军对西凉铁骑相克,0,0,,,,,99,受兵种伤害-,0
290206,290206,1,1,5,0,100,100,29020601,0,10,0,0,0,0,无当飞军对伏龙军相克,无当飞军对伏龙军相克,0,0,,,,,99,受兵种伤害-,0
290207,290207,1,1,5,0,100,100,29020701,0,10,0,0,0,0,乡勇弓手对乡勇轻骑相克,乡勇弓手对乡勇轻骑相克,0,0,,,,,99,受兵种伤害-,0
290208,290208,1,1,5,0,100,100,29020801,0,10,0,0,0,0,丹阳兵对乡勇弓手相克,丹阳兵对乡勇弓手相克,0,0,,,,,99,受兵种伤害-,0
290209,290209,1,1,5,0,100,100,29020901,0,10,0,0,0,0,丹阳兵对长枪兵相克,丹阳兵对长枪兵相克,0,0,,,,,99,受兵种伤害-,0
290210,290210,1,1,5,0,100,100,29021001,0,10,0,0,0,0,丹阳兵对乡勇步卒相克,丹阳兵对乡勇步卒相克,0,0,,,,,99,受兵种伤害-,0
290211,290211,1,1,5,0,100,100,29021101,0,10,0,0,0,0,丹阳兵对骑兵相克,丹阳兵对骑兵相克,0,0,,,,,99,受兵种伤害-,0
290212,290212,1,1,5,0,100,100,29021201,0,10,0,0,0,0,丹阳兵对重骑兵相克,丹阳兵对重骑兵相克,0,0,,,,,99,受兵种伤害-,0
290213,290213,1,1,5,0,100,100,29021301,0,10,0,0,0,0,丹阳兵对轻骑兵相克,丹阳兵对轻骑兵相克,0,0,,,,,99,受兵种伤害-,0
290214,290214,1,1,5,0,100,100,29021401,0,10,0,0,0,0,丹阳兵对弓骑兵相克,丹阳兵对弓骑兵相克,0,0,,,,,99,受兵种伤害-,0
290215,290215,1,1,5,0,100,100,29021501,0,10,0,0,0,0,丹阳兵对铁骑兵相克,丹阳兵对铁骑兵相克,0,0,,,,,99,受兵种伤害-,0
290216,290216,1,1,5,0,100,100,29021601,0,10,0,0,0,0,丹阳兵对象兵相克,丹阳兵对象兵相克,0,0,,,,,99,受兵种伤害-,0
290217,290217,1,1,5,0,100,100,29021701,0,10,0,0,0,0,丹阳兵对羽林骑相克,丹阳兵对羽林骑相克,0,0,,,,,99,受兵种伤害-,0
290218,290218,1,1,5,0,100,100,29021801,0,10,0,0,0,0,丹阳兵对白马义从相克,丹阳兵对白马义从相克,0,0,,,,,99,受兵种伤害-,0
290219,290219,1,1,5,0,100,100,29021901,0,10,0,0,0,0,丹阳兵对虎豹骑相克,丹阳兵对虎豹骑相克,0,0,,,,,99,受兵种伤害-,0
290220,290220,1,1,5,0,100,100,29022001,0,10,0,0,0,0,丹阳兵对乡勇轻骑相克,丹阳兵对乡勇轻骑相克,0,0,,,,,99,受兵种伤害-,0
290221,290221,1,1,5,0,100,100,29022101,0,10,0,0,0,0,丹阳兵对黄巾轻骑相克,丹阳兵对黄巾轻骑相克,0,0,,,,,99,受兵种伤害-,0
290222,290222,1,1,5,0,100,100,29022201,0,10,0,0,0,0,丹阳兵对白波轻骑相克,丹阳兵对白波轻骑相克,0,0,,,,,99,受兵种伤害-,0
290223,290223,1,1,5,0,100,100,29022301,0,10,0,0,0,0,丹阳兵对黑山轻骑相克,丹阳兵对黑山轻骑相克,0,0,,,,,99,受兵种伤害-,0
290224,290224,1,1,5,0,100,100,29022401,0,10,0,0,0,0,丹阳兵对西凉铁骑相克,丹阳兵对西凉铁骑相克,0,0,,,,,99,受兵种伤害-,0
290225,290225,1,1,5,0,100,100,29022501,0,10,0,0,0,0,丹阳兵对伏龙军相克,丹阳兵对伏龙军相克,0,0,,,,,99,受兵种伤害-,0
290226,290226,1,1,5,0,100,100,29022601,0,10,0,0,0,0,黄巾长弓对乡勇弓手相克,黄巾长弓对乡勇弓手相克,0,0,,,,,99,受兵种伤害-,0
290227,290227,1,1,5,0,100,100,29022701,0,10,0,0,0,0,黄巾长弓对长枪兵相克,黄巾长弓对长枪兵相克,0,0,,,,,99,受兵种伤害-,0
290228,290228,1,1,5,0,100,100,29022801,0,10,0,0,0,0,黄巾长弓对乡勇步卒相克,黄巾长弓对乡勇步卒相克,0,0,,,,,99,受兵种伤害-,0
290229,290229,1,1,5,0,100,100,29022901,0,10,0,0,0,0,黄巾长弓对骑兵相克,黄巾长弓对骑兵相克,0,0,,,,,99,受兵种伤害-,0
290230,290230,1,1,5,0,100,100,29023001,0,10,0,0,0,0,黄巾长弓对重骑兵相克,黄巾长弓对重骑兵相克,0,0,,,,,99,受兵种伤害-,0
290231,290231,1,1,5,0,100,100,29023101,0,10,0,0,0,0,黄巾长弓对轻骑兵相克,黄巾长弓对轻骑兵相克,0,0,,,,,99,受兵种伤害-,0
290232,290232,1,1,5,0,100,100,29023201,0,10,0,0,0,0,黄巾长弓对弓骑兵相克,黄巾长弓对弓骑兵相克,0,0,,,,,99,受兵种伤害-,0
290233,290233,1,1,5,0,100,100,29023301,0,10,0,0,0,0,黄巾长弓对铁骑兵相克,黄巾长弓对铁骑兵相克,0,0,,,,,99,受兵种伤害-,0
290234,290234,1,1,5,0,100,100,29023401,0,10,0,0,0,0,黄巾长弓对象兵相克,黄巾长弓对象兵相克,0,0,,,,,99,受兵种伤害-,0
290235,290235,1,1,5,0,100,100,29023501,0,10,0,0,0,0,黄巾长弓对羽林骑相克,黄巾长弓对羽林骑相克,0,0,,,,,99,受兵种伤害-,0
290236,290236,1,1,5,0,100,100,29023601,0,10,0,0,0,0,黄巾长弓对白马义从相克,黄巾长弓对白马义从相克,0,0,,,,,99,受兵种伤害-,0
290237,290237,1,1,5,0,100,100,29023701,0,10,0,0,0,0,黄巾长弓对虎豹骑相克,黄巾长弓对虎豹骑相克,0,0,,,,,99,受兵种伤害-,0
290238,290238,1,1,5,0,100,100,29023801,0,10,0,0,0,0,黄巾长弓对乡勇轻骑相克,黄巾长弓对乡勇轻骑相克,0,0,,,,,99,受兵种伤害-,0
290239,290239,1,1,5,0,100,100,29023901,0,10,0,0,0,0,黄巾长弓对黄巾轻骑相克,黄巾长弓对黄巾轻骑相克,0,0,,,,,99,受兵种伤害-,0
290240,290240,1,1,5,0,100,100,29024001,0,10,0,0,0,0,黄巾长弓对白波轻骑相克,黄巾长弓对白波轻骑相克,0,0,,,,,99,受兵种伤害-,0
290241,290241,1,1,5,0,100,100,29024101,0,10,0,0,0,0,黄巾长弓对黑山轻骑相克,黄巾长弓对黑山轻骑相克,0,0,,,,,99,受兵种伤害-,0
290242,290242,1,1,5,0,100,100,29024201,0,10,0,0,0,0,黄巾长弓对西凉铁骑相克,黄巾长弓对西凉铁骑相克,0,0,,,,,99,受兵种伤害-,0
290243,290243,1,1,5,0,100,100,29024301,0,10,0,0,0,0,黄巾长弓对伏龙军相克,黄巾长弓对伏龙军相克,0,0,,,,,99,受兵种伤害-,0
290244,290244,1,1,5,0,100,100,29024401,0,10,0,0,0,0,解烦兵对乡勇弓手相克,解烦兵对乡勇弓手相克,0,0,,,,,99,受兵种伤害-,0
290245,290245,1,1,5,0,100,100,29024501,0,10,0,0,0,0,解烦兵对长枪兵相克,解烦兵对长枪兵相克,0,0,,,,,99,受兵种伤害-,0
290246,290246,1,1,5,0,100,100,29024601,0,10,0,0,0,0,解烦兵对乡勇步卒相克,解烦兵对乡勇步卒相克,0,0,,,,,99,受兵种伤害-,0
290247,290247,1,1,5,0,100,100,29024701,0,10,0,0,0,0,解烦兵对骑兵相克,解烦兵对骑兵相克,0,0,,,,,99,受兵种伤害-,0
290248,290248,1,1,5,0,100,100,29024801,0,10,0,0,0,0,解烦兵对重骑兵相克,解烦兵对重骑兵相克,0,0,,,,,99,受兵种伤害-,0
290249,290249,1,1,5,0,100,100,29024901,0,10,0,0,0,0,解烦兵对轻骑兵相克,解烦兵对轻骑兵相克,0,0,,,,,99,受兵种伤害-,0
290250,290250,1,1,5,0,100,100,29025001,0,10,0,0,0,0,解烦兵对弓骑兵相克,解烦兵对弓骑兵相克,0,0,,,,,99,受兵种伤害-,0
290251,290251,1,1,5,0,100,100,29025101,0,10,0,0,0,0,解烦兵对铁骑兵相克,解烦兵对铁骑兵相克,0,0,,,,,99,受兵种伤害-,0
290252,290252,1,1,5,0,100,100,29025201,0,10,0,0,0,0,解烦兵对象兵相克,解烦兵对象兵相克,0,0,,,,,99,受兵种伤害-,0
290253,290253,1,1,5,0,100,100,29025301,0,10,0,0,0,0,解烦兵对羽林骑相克,解烦兵对羽林骑相克,0,0,,,,,99,受兵种伤害-,0
290254,290254,1,1,5,0,100,100,29025401,0,10,0,0,0,0,解烦兵对白马义从相克,解烦兵对白马义从相克,0,0,,,,,99,受兵种伤害-,0
290255,290255,1,1,5,0,100,100,29025501,0,10,0,0,0,0,解烦兵对虎豹骑相克,解烦兵对虎豹骑相克,0,0,,,,,99,受兵种伤害-,0
290256,290256,1,1,5,0,100,100,29025601,0,10,0,0,0,0,解烦兵对乡勇轻骑相克,解烦兵对乡勇轻骑相克,0,0,,,,,99,受兵种伤害-,0
290257,290257,1,1,5,0,100,100,29025701,0,10,0,0,0,0,解烦兵对黄巾轻骑相克,解烦兵对黄巾轻骑相克,0,0,,,,,99,受兵种伤害-,0
290258,290258,1,1,5,0,100,100,29025801,0,10,0,0,0,0,解烦兵对白波轻骑相克,解烦兵对白波轻骑相克,0,0,,,,,99,受兵种伤害-,0
290259,290259,1,1,5,0,100,100,29025901,0,10,0,0,0,0,解烦兵对黑山轻骑相克,解烦兵对黑山轻骑相克,0,0,,,,,99,受兵种伤害-,0
290260,290260,1,1,5,0,100,100,29026001,0,10,0,0,0,0,解烦兵对西凉铁骑相克,解烦兵对西凉铁骑相克,0,0,,,,,99,受兵种伤害-,0
290261,290261,1,1,5,0,100,100,29026101,0,10,0,0,0,0,解烦兵对伏龙军相克,解烦兵对伏龙军相克,0,0,,,,,99,受兵种伤害-,0
290262,290262,1,1,5,0,100,100,29026201,0,10,0,0,0,0,白波长弓对乡勇弓手相克,白波长弓对乡勇弓手相克,0,0,,,,,99,受兵种伤害-,0
290263,290263,1,1,5,0,100,100,29026301,0,10,0,0,0,0,白波长弓对长枪兵相克,白波长弓对长枪兵相克,0,0,,,,,99,受兵种伤害-,0
290264,290264,1,1,5,0,100,100,29026401,0,10,0,0,0,0,白波长弓对乡勇步卒相克,白波长弓对乡勇步卒相克,0,0,,,,,99,受兵种伤害-,0
290265,290265,1,1,5,0,100,100,29026501,0,10,0,0,0,0,白波长弓对骑兵相克,白波长弓对骑兵相克,0,0,,,,,99,受兵种伤害-,0
290266,290266,1,1,5,0,100,100,29026601,0,10,0,0,0,0,白波长弓对重骑兵相克,白波长弓对重骑兵相克,0,0,,,,,99,受兵种伤害-,0
290267,290267,1,1,5,0,100,100,29026701,0,10,0,0,0,0,白波长弓对轻骑兵相克,白波长弓对轻骑兵相克,0,0,,,,,99,受兵种伤害-,0
290268,290268,1,1,5,0,100,100,29026801,0,10,0,0,0,0,白波长弓对弓骑兵相克,白波长弓对弓骑兵相克,0,0,,,,,99,受兵种伤害-,0
290269,290269,1,1,5,0,100,100,29026901,0,10,0,0,0,0,白波长弓对铁骑兵相克,白波长弓对铁骑兵相克,0,0,,,,,99,受兵种伤害-,0
290270,290270,1,1,5,0,100,100,29027001,0,10,0,0,0,0,白波长弓对象兵相克,白波长弓对象兵相克,0,0,,,,,99,受兵种伤害-,0
290271,290271,1,1,5,0,100,100,29027101,0,10,0,0,0,0,白波长弓对羽林骑相克,白波长弓对羽林骑相克,0,0,,,,,99,受兵种伤害-,0
290272,290272,1,1,5,0,100,100,29027201,0,10,0,0,0,0,白波长弓对白马义从相克,白波长弓对白马义从相克,0,0,,,,,99,受兵种伤害-,0
290273,290273,1,1,5,0,100,100,29027301,0,10,0,0,0,0,白波长弓对虎豹骑相克,白波长弓对虎豹骑相克,0,0,,,,,99,受兵种伤害-,0
290274,290274,1,1,5,0,100,100,29027401,0,10,0,0,0,0,白波长弓对乡勇轻骑相克,白波长弓对乡勇轻骑相克,0,0,,,,,99,受兵种伤害-,0
290275,290275,1,1,5,0,100,100,29027501,0,10,0,0,0,0,白波长弓对黄巾轻骑相克,白波长弓对黄巾轻骑相克,0,0,,,,,99,受兵种伤害-,0
290276,290276,1,1,5,0,100,100,29027601,0,10,0,0,0,0,白波长弓对白波轻骑相克,白波长弓对白波轻骑相克,0,0,,,,,99,受兵种伤害-,0
290277,290277,1,1,5,0,100,100,29027701,0,10,0,0,0,0,白波长弓对黑山轻骑相克,白波长弓对黑山轻骑相克,0,0,,,,,99,受兵种伤害-,0
290278,290278,1,1,5,0,100,100,29027801,0,10,0,0,0,0,白波长弓对西凉铁骑相克,白波长弓对西凉铁骑相克,0,0,,,,,99,受兵种伤害-,0
290279,290279,1,1,5,0,100,100,29027901,0,10,0,0,0,0,白波长弓对伏龙军相克,白波长弓对伏龙军相克,0,0,,,,,99,受兵种伤害-,0
290280,290280,1,1,5,0,100,100,29028001,0,10,0,0,0,0,黑山长弓对乡勇弓手相克,黑山长弓对乡勇弓手相克,0,0,,,,,99,受兵种伤害-,0
290281,290281,1,1,5,0,100,100,29028101,0,10,0,0,0,0,黑山长弓对长枪兵相克,黑山长弓对长枪兵相克,0,0,,,,,99,受兵种伤害-,0
290282,290282,1,1,5,0,100,100,29028201,0,10,0,0,0,0,黑山长弓对乡勇步卒相克,黑山长弓对乡勇步卒相克,0,0,,,,,99,受兵种伤害-,0
290283,290283,1,1,5,0,100,100,29028301,0,10,0,0,0,0,黑山长弓对骑兵相克,黑山长弓对骑兵相克,0,0,,,,,99,受兵种伤害-,0
290284,290284,1,1,5,0,100,100,29028401,0,10,0,0,0,0,黑山长弓对重骑兵相克,黑山长弓对重骑兵相克,0,0,,,,,99,受兵种伤害-,0
290285,290285,1,1,5,0,100,100,29028501,0,10,0,0,0,0,黑山长弓对轻骑兵相克,黑山长弓对轻骑兵相克,0,0,,,,,99,受兵种伤害-,0
290286,290286,1,1,5,0,100,100,29028601,0,10,0,0,0,0,黑山长弓对弓骑兵相克,黑山长弓对弓骑兵相克,0,0,,,,,99,受兵种伤害-,0
290287,290287,1,1,5,0,100,100,29028701,0,10,0,0,0,0,黑山长弓对铁骑兵相克,黑山长弓对铁骑兵相克,0,0,,,,,99,受兵种伤害-,0
290288,290288,1,1,5,0,100,100,29028801,0,10,0,0,0,0,黑山长弓对象兵相克,黑山长弓对象兵相克,0,0,,,,,99,受兵种伤害-,0
290289,290289,1,1,5,0,100,100,29028901,0,10,0,0,0,0,黑山长弓对羽林骑相克,黑山长弓对羽林骑相克,0,0,,,,,99,受兵种伤害-,0
290290,290290,1,1,5,0,100,100,29029001,0,10,0,0,0,0,黑山长弓对白马义从相克,黑山长弓对白马义从相克,0,0,,,,,99,受兵种伤害-,0
290291,290291,1,1,5,0,100,100,29029101,0,10,0,0,0,0,黑山长弓对虎豹骑相克,黑山长弓对虎豹骑相克,0,0,,,,,99,受兵种伤害-,0
290292,290292,1,1,5,0,100,100,29029201,0,10,0,0,0,0,黑山长弓对乡勇轻骑相克,黑山长弓对乡勇轻骑相克,0,0,,,,,99,受兵种伤害-,0
290293,290293,1,1,5,0,100,100,29029301,0,10,0,0,0,0,黑山长弓对黄巾轻骑相克,黑山长弓对黄巾轻骑相克,0,0,,,,,99,受兵种伤害-,0
290294,290294,1,1,5,0,100,100,29029401,0,10,0,0,0,0,黑山长弓对白波轻骑相克,黑山长弓对白波轻骑相克,0,0,,,,,99,受兵种伤害-,0
290295,290295,1,1,5,0,100,100,29029501,0,10,0,0,0,0,黑山长弓对黑山轻骑相克,黑山长弓对黑山轻骑相克,0,0,,,,,99,受兵种伤害-,0
290296,290296,1,1,5,0,100,100,29029601,0,10,0,0,0,0,黑山长弓对西凉铁骑相克,黑山长弓对西凉铁骑相克,0,0,,,,,99,受兵种伤害-,0
290297,290297,1,1,5,0,100,100,29029701,0,10,0,0,0,0,黑山长弓对伏龙军相克,黑山长弓对伏龙军相克,0,0,,,,,99,受兵种伤害-,0
290298,290298,1,1,5,0,100,100,29029801,0,10,0,0,0,0,耕战营对乡勇弓手相克,耕战营对乡勇弓手相克,0,0,,,,,99,受兵种伤害-,0
290299,290299,1,1,5,0,100,100,29029901,0,10,0,0,0,0,耕战营对长枪兵相克,耕战营对长枪兵相克,0,0,,,,,99,受兵种伤害-,0
290300,290300,1,1,5,0,100,100,29030001,0,10,0,0,0,0,耕战营对乡勇步卒相克,耕战营对乡勇步卒相克,0,0,,,,,99,受兵种伤害-,0
290301,290301,1,1,5,0,100,100,29030101,0,10,0,0,0,0,耕战营对骑兵相克,耕战营对骑兵相克,0,0,,,,,99,受兵种伤害-,0
290302,290302,1,1,5,0,100,100,29030201,0,10,0,0,0,0,耕战营对重骑兵相克,耕战营对重骑兵相克,0,0,,,,,99,受兵种伤害-,0
290303,290303,1,1,5,0,100,100,29030301,0,10,0,0,0,0,耕战营对轻骑兵相克,耕战营对轻骑兵相克,0,0,,,,,99,受兵种伤害-,0
290304,290304,1,1,5,0,100,100,29030401,0,10,0,0,0,0,耕战营对弓骑兵相克,耕战营对弓骑兵相克,0,0,,,,,99,受兵种伤害-,0
290305,290305,1,1,5,0,100,100,29030501,0,10,0,0,0,0,耕战营对铁骑兵相克,耕战营对铁骑兵相克,0,0,,,,,99,受兵种伤害-,0
290306,290306,1,1,5,0,100,100,29030601,0,10,0,0,0,0,耕战营对象兵相克,耕战营对象兵相克,0,0,,,,,99,受兵种伤害-,0
290307,290307,1,1,5,0,100,100,29030701,0,10,0,0,0,0,耕战营对羽林骑相克,耕战营对羽林骑相克,0,0,,,,,99,受兵种伤害-,0
290308,290308,1,1,5,0,100,100,29030801,0,10,0,0,0,0,耕战营对白马义从相克,耕战营对白马义从相克,0,0,,,,,99,受兵种伤害-,0
290309,290309,1,1,5,0,100,100,29030901,0,10,0,0,0,0,耕战营对虎豹骑相克,耕战营对虎豹骑相克,0,0,,,,,99,受兵种伤害-,0
290310,290310,1,1,5,0,100,100,29031001,0,10,0,0,0,0,耕战营对乡勇轻骑相克,耕战营对乡勇轻骑相克,0,0,,,,,99,受兵种伤害-,0
290311,290311,1,1,5,0,100,100,29031101,0,10,0,0,0,0,耕战营对黄巾轻骑相克,耕战营对黄巾轻骑相克,0,0,,,,,99,受兵种伤害-,0
290312,290312,1,1,5,0,100,100,29031201,0,10,0,0,0,0,耕战营对白波轻骑相克,耕战营对白波轻骑相克,0,0,,,,,99,受兵种伤害-,0
290313,290313,1,1,5,0,100,100,29031301,0,10,0,0,0,0,耕战营对黑山轻骑相克,耕战营对黑山轻骑相克,0,0,,,,,99,受兵种伤害-,0
290314,290314,1,1,5,0,100,100,29031401,0,10,0,0,0,0,耕战营对西凉铁骑相克,耕战营对西凉铁骑相克,0,0,,,,,99,受兵种伤害-,0
290315,290315,1,1,5,0,100,100,29031501,0,10,0,0,0,0,耕战营对伏龙军相克,耕战营对伏龙军相克,0,0,,,,,99,受兵种伤害-,0
290316,290316,1,1,5,0,100,100,29031601,0,10,0,0,0,0,青囊兵对乡勇弓手相克,青囊兵对乡勇弓手相克,0,0,,,,,99,受兵种伤害-,0
290317,290317,1,1,5,0,100,100,29031701,0,10,0,0,0,0,青囊兵对长枪兵相克,青囊兵对长枪兵相克,0,0,,,,,99,受兵种伤害-,0
290318,290318,1,1,5,0,100,100,29031801,0,10,0,0,0,0,青囊兵对乡勇步卒相克,青囊兵对乡勇步卒相克,0,0,,,,,99,受兵种伤害-,0
290319,290319,1,1,5,0,100,100,29031901,0,10,0,0,0,0,青囊兵对骑兵相克,青囊兵对骑兵相克,0,0,,,,,99,受兵种伤害-,0
290320,290320,1,1,5,0,100,100,29032001,0,10,0,0,0,0,青囊兵对重骑兵相克,青囊兵对重骑兵相克,0,0,,,,,99,受兵种伤害-,0
290321,290321,1,1,5,0,100,100,29032101,0,10,0,0,0,0,青囊兵对轻骑兵相克,青囊兵对轻骑兵相克,0,0,,,,,99,受兵种伤害-,0
290322,290322,1,1,5,0,100,100,29032201,0,10,0,0,0,0,青囊兵对弓骑兵相克,青囊兵对弓骑兵相克,0,0,,,,,99,受兵种伤害-,0
290323,290323,1,1,5,0,100,100,29032301,0,10,0,0,0,0,青囊兵对铁骑兵相克,青囊兵对铁骑兵相克,0,0,,,,,99,受兵种伤害-,0
290324,290324,1,1,5,0,100,100,29032401,0,10,0,0,0,0,青囊兵对象兵相克,青囊兵对象兵相克,0,0,,,,,99,受兵种伤害-,0
290325,290325,1,1,5,0,100,100,29032501,0,10,0,0,0,0,青囊兵对羽林骑相克,青囊兵对羽林骑相克,0,0,,,,,99,受兵种伤害-,0
290326,290326,1,1,5,0,100,100,29032601,0,10,0,0,0,0,青囊兵对白马义从相克,青囊兵对白马义从相克,0,0,,,,,99,受兵种伤害-,0
290327,290327,1,1,5,0,100,100,29032701,0,10,0,0,0,0,青囊兵对虎豹骑相克,青囊兵对虎豹骑相克,0,0,,,,,99,受兵种伤害-,0
290328,290328,1,1,5,0,100,100,29032801,0,10,0,0,0,0,青囊兵对乡勇轻骑相克,青囊兵对乡勇轻骑相克,0,0,,,,,99,受兵种伤害-,0
290329,290329,1,1,5,0,100,100,29032901,0,10,0,0,0,0,青囊兵对黄巾轻骑相克,青囊兵对黄巾轻骑相克,0,0,,,,,99,受兵种伤害-,0
290330,290330,1,1,5,0,100,100,29033001,0,10,0,0,0,0,青囊兵对白波轻骑相克,青囊兵对白波轻骑相克,0,0,,,,,99,受兵种伤害-,0
290331,290331,1,1,5,0,100,100,29033101,0,10,0,0,0,0,青囊兵对黑山轻骑相克,青囊兵对黑山轻骑相克,0,0,,,,,99,受兵种伤害-,0
290332,290332,1,1,5,0,100,100,29033201,0,10,0,0,0,0,青囊兵对西凉铁骑相克,青囊兵对西凉铁骑相克,0,0,,,,,99,受兵种伤害-,0
290333,290333,1,1,5,0,100,100,29033301,0,10,0,0,0,0,青囊兵对伏龙军相克,青囊兵对伏龙军相克,0,0,,,,,99,受兵种伤害-,0
290334,290334,1,1,5,0,100,100,29033401,0,10,0,0,0,0,步兵对火矢兵相克,步兵对火矢兵相克,0,0,,,,,99,受兵种伤害-,0
290335,290335,1,1,5,0,100,100,29033501,0,10,0,0,0,0,步兵对无当飞军相克,步兵对无当飞军相克,0,0,,,,,99,受兵种伤害-,0
290336,290336,1,1,5,0,100,100,29033601,0,10,0,0,0,0,步兵对乡勇弓手相克,步兵对乡勇弓手相克,0,0,,,,,99,受兵种伤害-,0
290337,290337,1,1,5,0,100,100,29033701,0,10,0,0,0,0,步兵对丹阳兵相克,步兵对丹阳兵相克,0,0,,,,,99,受兵种伤害-,0
290338,290338,1,1,5,0,100,100,29033801,0,10,0,0,0,0,步兵对黄巾长弓相克,步兵对黄巾长弓相克,0,0,,,,,99,受兵种伤害-,0
290339,290339,1,1,5,0,100,100,29033901,0,10,0,0,0,0,步兵对解烦兵相克,步兵对解烦兵相克,0,0,,,,,99,受兵种伤害-,0
290340,290340,1,1,5,0,100,100,29034001,0,10,0,0,0,0,步兵对白波长弓相克,步兵对白波长弓相克,0,0,,,,,99,受兵种伤害-,0
290341,290341,1,1,5,0,100,100,29034101,0,10,0,0,0,0,步兵对黑山长弓相克,步兵对黑山长弓相克,0,0,,,,,99,受兵种伤害-,0
290342,290342,1,1,5,0,100,100,29034201,0,10,0,0,0,0,步兵对耕战营相克,步兵对耕战营相克,0,0,,,,,99,受兵种伤害-,0
290343,290343,1,1,5,0,100,100,29034301,0,10,0,0,0,0,步兵对青囊兵相克,步兵对青囊兵相克,0,0,,,,,99,受兵种伤害-,0
290344,290344,1,1,5,0,100,100,29034401,0,10,0,0,0,0,步兵对大戟士相克,步兵对大戟士相克,0,0,,,,,99,受兵种伤害-,0
290345,290345,1,1,5,0,100,100,29034501,0,10,0,0,0,0,步兵对乡勇步卒相克,步兵对乡勇步卒相克,0,0,,,,,99,受兵种伤害-,0
290346,290346,1,1,5,0,100,100,29034601,0,10,0,0,0,0,步兵对乡勇轻骑相克,步兵对乡勇轻骑相克,0,0,,,,,99,受兵种伤害-,0
290347,290347,1,1,5,0,100,100,29034701,0,10,0,0,0,0,重步兵对火矢兵相克,重步兵对火矢兵相克,0,0,,,,,99,受兵种伤害-,0
290348,290348,1,1,5,0,100,100,29034801,0,10,0,0,0,0,重步兵对无当飞军相克,重步兵对无当飞军相克,0,0,,,,,99,受兵种伤害-,0
290349,290349,1,1,5,0,100,100,29034901,0,10,0,0,0,0,重步兵对乡勇弓手相克,重步兵对乡勇弓手相克,0,0,,,,,99,受兵种伤害-,0
290350,290350,1,1,5,0,100,100,29035001,0,10,0,0,0,0,重步兵对丹阳兵相克,重步兵对丹阳兵相克,0,0,,,,,99,受兵种伤害-,0
290351,290351,1,1,5,0,100,100,29035101,0,10,0,0,0,0,重步兵对黄巾长弓相克,重步兵对黄巾长弓相克,0,0,,,,,99,受兵种伤害-,0
290352,290352,1,1,5,0,100,100,29035201,0,10,0,0,0,0,重步兵对解烦兵相克,重步兵对解烦兵相克,0,0,,,,,99,受兵种伤害-,0
290353,290353,1,1,5,0,100,100,29035301,0,10,0,0,0,0,重步兵对白波长弓相克,重步兵对白波长弓相克,0,0,,,,,99,受兵种伤害-,0
290354,290354,1,1,5,0,100,100,29035401,0,10,0,0,0,0,重步兵对黑山长弓相克,重步兵对黑山长弓相克,0,0,,,,,99,受兵种伤害-,0
290355,290355,1,1,5,0,100,100,29035501,0,10,0,0,0,0,重步兵对耕战营相克,重步兵对耕战营相克,0,0,,,,,99,受兵种伤害-,0
290356,290356,1,1,5,0,100,100,29035601,0,10,0,0,0,0,重步兵对青囊兵相克,重步兵对青囊兵相克,0,0,,,,,99,受兵种伤害-,0
290357,290357,1,1,5,0,100,100,29035701,0,10,0,0,0,0,重步兵对大戟士相克,重步兵对大戟士相克,0,0,,,,,99,受兵种伤害-,0
290358,290358,1,1,5,0,100,100,29035801,0,10,0,0,0,0,重步兵对乡勇步卒相克,重步兵对乡勇步卒相克,0,0,,,,,99,受兵种伤害-,0
290359,290359,1,1,5,0,100,100,29035901,0,10,0,0,0,0,重步兵对乡勇轻骑相克,重步兵对乡勇轻骑相克,0,0,,,,,99,受兵种伤害-,0
290360,290360,1,1,5,0,100,100,29036001,0,10,0,0,0,0,长枪兵对乡勇弓手相克,长枪兵对乡勇弓手相克,0,0,,,,,99,受兵种伤害-,0
290361,290361,1,1,5,0,100,100,29036101,0,10,0,0,0,0,长枪兵对乡勇步卒相克,长枪兵对乡勇步卒相克,0,0,,,,,99,受兵种伤害-,0
290362,290362,1,1,5,0,100,100,29036201,0,10,0,0,0,0,长枪兵对虎豹骑相克,长枪兵对虎豹骑相克,0,0,,,,,99,受兵种伤害-,0
290363,290363,1,1,5,0,100,100,29036301,0,10,0,0,0,0,长枪兵对乡勇轻骑相克,长枪兵对乡勇轻骑相克,0,0,,,,,99,受兵种伤害-,0
290364,290364,1,1,5,0,100,100,29036401,0,10,0,0,0,0,长枪兵对黄巾轻骑相克,长枪兵对黄巾轻骑相克,0,0,,,,,99,受兵种伤害-,0
290365,290365,1,1,5,0,100,100,29036501,0,10,0,0,0,0,长枪兵对白波轻骑相克,长枪兵对白波轻骑相克,0,0,,,,,99,受兵种伤害-,0
290366,290366,1,1,5,0,100,100,29036601,0,10,0,0,0,0,长枪兵对黑山轻骑相克,长枪兵对黑山轻骑相克,0,0,,,,,99,受兵种伤害-,0
290367,290367,1,1,5,0,100,100,29036701,0,10,0,0,0,0,长枪兵对西凉铁骑相克,长枪兵对西凉铁骑相克,0,0,,,,,99,受兵种伤害-,0
290368,290368,1,1,5,0,100,100,29036801,0,10,0,0,0,0,长枪兵对伏龙军相克,长枪兵对伏龙军相克,0,0,,,,,99,受兵种伤害-,0
290369,290369,1,1,5,0,100,100,29036901,0,10,0,0,0,0,蛮兵对火矢兵相克,蛮兵对火矢兵相克,0,0,,,,,99,受兵种伤害-,0
290370,290370,1,1,5,0,100,100,29037001,0,10,0,0,0,0,蛮兵对无当飞军相克,蛮兵对无当飞军相克,0,0,,,,,99,受兵种伤害-,0
290371,290371,1,1,5,0,100,100,29037101,0,10,0,0,0,0,蛮兵对乡勇弓手相克,蛮兵对乡勇弓手相克,0,0,,,,,99,受兵种伤害-,0
290372,290372,1,1,5,0,100,100,29037201,0,10,0,0,0,0,蛮兵对丹阳兵相克,蛮兵对丹阳兵相克,0,0,,,,,99,受兵种伤害-,0
290373,290373,1,1,5,0,100,100,29037301,0,10,0,0,0,0,蛮兵对黄巾长弓相克,蛮兵对黄巾长弓相克,0,0,,,,,99,受兵种伤害-,0
290374,290374,1,1,5,0,100,100,29037401,0,10,0,0,0,0,蛮兵对解烦兵相克,蛮兵对解烦兵相克,0,0,,,,,99,受兵种伤害-,0
290375,290375,1,1,5,0,100,100,29037501,0,10,0,0,0,0,蛮兵对白波长弓相克,蛮兵对白波长弓相克,0,0,,,,,99,受兵种伤害-,0
290376,290376,1,1,5,0,100,100,29037601,0,10,0,0,0,0,蛮兵对黑山长弓相克,蛮兵对黑山长弓相克,0,0,,,,,99,受兵种伤害-,0
290377,290377,1,1,5,0,100,100,29037701,0,10,0,0,0,0,蛮兵对耕战营相克,蛮兵对耕战营相克,0,0,,,,,99,受兵种伤害-,0
290378,290378,1,1,5,0,100,100,29037801,0,10,0,0,0,0,蛮兵对青囊兵相克,蛮兵对青囊兵相克,0,0,,,,,99,受兵种伤害-,0
290379,290379,1,1,5,0,100,100,29037901,0,10,0,0,0,0,蛮兵对大戟士相克,蛮兵对大戟士相克,0,0,,,,,99,受兵种伤害-,0
290380,290380,1,1,5,0,100,100,29038001,0,10,0,0,0,0,蛮兵对乡勇步卒相克,蛮兵对乡勇步卒相克,0,0,,,,,99,受兵种伤害-,0
290381,290381,1,1,5,0,100,100,29038101,0,10,0,0,0,0,蛮兵对乡勇轻骑相克,蛮兵对乡勇轻骑相克,0,0,,,,,99,受兵种伤害-,0
290382,290382,1,1,5,0,100,100,29038201,0,10,0,0,0,0,禁卫对火矢兵相克,禁卫对火矢兵相克,0,0,,,,,99,受兵种伤害-,0
290383,290383,1,1,5,0,100,100,29038301,0,10,0,0,0,0,禁卫对无当飞军相克,禁卫对无当飞军相克,0,0,,,,,99,受兵种伤害-,0
290384,290384,1,1,5,0,100,100,29038401,0,10,0,0,0,0,禁卫对乡勇弓手相克,禁卫对乡勇弓手相克,0,0,,,,,99,受兵种伤害-,0
290385,290385,1,1,5,0,100,100,29038501,0,10,0,0,0,0,禁卫对丹阳兵相克,禁卫对丹阳兵相克,0,0,,,,,99,受兵种伤害-,0
290386,290386,1,1,5,0,100,100,29038601,0,10,0,0,0,0,禁卫对黄巾长弓相克,禁卫对黄巾长弓相克,0,0,,,,,99,受兵种伤害-,0
290387,290387,1,1,5,0,100,100,29038701,0,10,0,0,0,0,禁卫对解烦兵相克,禁卫对解烦兵相克,0,0,,,,,99,受兵种伤害-,0
290388,290388,1,1,5,0,100,100,29038801,0,10,0,0,0,0,禁卫对白波长弓相克,禁卫对白波长弓相克,0,0,,,,,99,受兵种伤害-,0
290389,290389,1,1,5,0,100,100,29038901,0,10,0,0,0,0,禁卫对黑山长弓相克,禁卫对黑山长弓相克,0,0,,,,,99,受兵种伤害-,0
290390,290390,1,1,5,0,100,100,29039001,0,10,0,0,0,0,禁卫对耕战营相克,禁卫对耕战营相克,0,0,,,,,99,受兵种伤害-,0
290391,290391,1,1,5,0,100,100,29039101,0,10,0,0,0,0,禁卫对青囊兵相克,禁卫对青囊兵相克,0,0,,,,,99,受兵种伤害-,0
290392,290392,1,1,5,0,100,100,29039201,0,10,0,0,0,0,禁卫对大戟士相克,禁卫对大戟士相克,0,0,,,,,99,受兵种伤害-,0
290393,290393,1,1,5,0,100,100,29039301,0,10,0,0,0,0,禁卫对乡勇步卒相克,禁卫对乡勇步卒相克,0,0,,,,,99,受兵种伤害-,0
290394,290394,1,1,5,0,100,100,29039401,0,10,0,0,0,0,禁卫对乡勇轻骑相克,禁卫对乡勇轻骑相克,0,0,,,,,99,受兵种伤害-,0
290395,290395,1,1,5,0,100,100,29039501,0,10,0,0,0,0,藤甲兵对火矢兵相克,藤甲兵对火矢兵相克,0,0,,,,,99,受兵种伤害-,0
290396,290396,1,1,5,0,100,100,29039601,0,10,0,0,0,0,藤甲兵对无当飞军相克,藤甲兵对无当飞军相克,0,0,,,,,99,受兵种伤害-,0
290397,290397,1,1,5,0,100,100,29039701,0,10,0,0,0,0,藤甲兵对乡勇弓手相克,藤甲兵对乡勇弓手相克,0,0,,,,,99,受兵种伤害-,0
290398,290398,1,1,5,0,100,100,29039801,0,10,0,0,0,0,藤甲兵对丹阳兵相克,藤甲兵对丹阳兵相克,0,0,,,,,99,受兵种伤害-,0
290399,290399,1,1,5,0,100,100,29039901,0,10,0,0,0,0,藤甲兵对黄巾长弓相克,藤甲兵对黄巾长弓相克,0,0,,,,,99,受兵种伤害-,0
290400,290400,1,1,5,0,100,100,29040001,0,10,0,0,0,0,藤甲兵对解烦兵相克,藤甲兵对解烦兵相克,0,0,,,,,99,受兵种伤害-,0
290401,290401,1,1,5,0,100,100,29040101,0,10,0,0,0,0,藤甲兵对白波长弓相克,藤甲兵对白波长弓相克,0,0,,,,,99,受兵种伤害-,0
290402,290402,1,1,5,0,100,100,29040201,0,10,0,0,0,0,藤甲兵对黑山长弓相克,藤甲兵对黑山长弓相克,0,0,,,,,99,受兵种伤害-,0
290403,290403,1,1,5,0,100,100,29040301,0,10,0,0,0,0,藤甲兵对耕战营相克,藤甲兵对耕战营相克,0,0,,,,,99,受兵种伤害-,0
290404,290404,1,1,5,0,100,100,29040401,0,10,0,0,0,0,藤甲兵对青囊兵相克,藤甲兵对青囊兵相克,0,0,,,,,99,受兵种伤害-,0
290405,290405,1,1,5,0,100,100,29040501,0,10,0,0,0,0,藤甲兵对大戟士相克,藤甲兵对大戟士相克,0,0,,,,,99,受兵种伤害-,0
290406,290406,1,1,5,0,100,100,29040601,0,10,0,0,0,0,藤甲兵对乡勇步卒相克,藤甲兵对乡勇步卒相克,0,0,,,,,99,受兵种伤害-,0
290407,290407,1,1,5,0,100,100,29040701,0,10,0,0,0,0,藤甲兵对乡勇轻骑相克,藤甲兵对乡勇轻骑相克,0,0,,,,,99,受兵种伤害-,0
290408,290408,1,1,5,0,100,100,29040801,0,10,0,0,0,0,飞熊军对火矢兵相克,飞熊军对火矢兵相克,0,0,,,,,99,受兵种伤害-,0
290409,290409,1,1,5,0,100,100,29040901,0,10,0,0,0,0,飞熊军对无当飞军相克,飞熊军对无当飞军相克,0,0,,,,,99,受兵种伤害-,0
290410,290410,1,1,5,0,100,100,29041001,0,10,0,0,0,0,飞熊军对乡勇弓手相克,飞熊军对乡勇弓手相克,0,0,,,,,99,受兵种伤害-,0
290411,290411,1,1,5,0,100,100,29041101,0,10,0,0,0,0,飞熊军对丹阳兵相克,飞熊军对丹阳兵相克,0,0,,,,,99,受兵种伤害-,0
290412,290412,1,1,5,0,100,100,29041201,0,10,0,0,0,0,飞熊军对黄巾长弓相克,飞熊军对黄巾长弓相克,0,0,,,,,99,受兵种伤害-,0
290413,290413,1,1,5,0,100,100,29041301,0,10,0,0,0,0,飞熊军对解烦兵相克,飞熊军对解烦兵相克,0,0,,,,,99,受兵种伤害-,0
290414,290414,1,1,5,0,100,100,29041401,0,10,0,0,0,0,飞熊军对白波长弓相克,飞熊军对白波长弓相克,0,0,,,,,99,受兵种伤害-,0
290415,290415,1,1,5,0,100,100,29041501,0,10,0,0,0,0,飞熊军对黑山长弓相克,飞熊军对黑山长弓相克,0,0,,,,,99,受兵种伤害-,0
290416,290416,1,1,5,0,100,100,29041601,0,10,0,0,0,0,飞熊军对耕战营相克,飞熊军对耕战营相克,0,0,,,,,99,受兵种伤害-,0
290417,290417,1,1,5,0,100,100,29041701,0,10,0,0,0,0,飞熊军对青囊兵相克,飞熊军对青囊兵相克,0,0,,,,,99,受兵种伤害-,0
290418,290418,1,1,5,0,100,100,29041801,0,10,0,0,0,0,飞熊军对大戟士相克,飞熊军对大戟士相克,0,0,,,,,99,受兵种伤害-,0
290419,290419,1,1,5,0,100,100,29041901,0,10,0,0,0,0,飞熊军对乡勇步卒相克,飞熊军对乡勇步卒相克,0,0,,,,,99,受兵种伤害-,0
290420,290420,1,1,5,0,100,100,29042001,0,10,0,0,0,0,飞熊军对乡勇轻骑相克,飞熊军对乡勇轻骑相克,0,0,,,,,99,受兵种伤害-,0
290421,290421,1,1,5,0,100,100,29042101,0,10,0,0,0,0,舷卫对弓兵相克,舷卫对弓兵相克,0,0,,,,,99,受兵种伤害-,0
290422,290422,1,1,5,0,100,100,29042201,0,10,0,0,0,0,舷卫对长弓兵相克,舷卫对长弓兵相克,0,0,,,,,99,受兵种伤害-,0
290423,290423,1,1,5,0,100,100,29042301,0,10,0,0,0,0,舷卫对弩兵相克,舷卫对弩兵相克,0,0,,,,,99,受兵种伤害-,0
290424,290424,1,1,5,0,100,100,29042401,0,10,0,0,0,0,舷卫对死士相克,舷卫对死士相克,0,0,,,,,99,受兵种伤害-,0
290425,290425,1,1,5,0,100,100,29042501,0,10,0,0,0,0,舷卫对连弩兵相克,舷卫对连弩兵相克,0,0,,,,,99,受兵种伤害-,0
290426,290426,1,1,5,0,100,100,29042601,0,10,0,0,0,0,舷卫对火矢兵相克,舷卫对火矢兵相克,0,0,,,,,99,受兵种伤害-,0
290427,290427,1,1,5,0,100,100,29042701,0,10,0,0,0,0,舷卫对无当飞军相克,舷卫对无当飞军相克,0,0,,,,,99,受兵种伤害-,0
290428,290428,1,1,5,0,100,100,29042801,0,10,0,0,0,0,舷卫对乡勇弓手相克,舷卫对乡勇弓手相克,0,0,,,,,99,受兵种伤害-,0
290429,290429,1,1,5,0,100,100,29042901,0,10,0,0,0,0,舷卫对丹阳兵相克,舷卫对丹阳兵相克,0,0,,,,,99,受兵种伤害-,0
290430,290430,1,1,5,0,100,100,29043001,0,10,0,0,0,0,舷卫对黄巾长弓相克,舷卫对黄巾长弓相克,0,0,,,,,99,受兵种伤害-,0
290431,290431,1,1,5,0,100,100,29043101,0,10,0,0,0,0,舷卫对解烦兵相克,舷卫对解烦兵相克,0,0,,,,,99,受兵种伤害-,0
290432,290432,1,1,5,0,100,100,29043201,0,10,0,0,0,0,舷卫对白波长弓相克,舷卫对白波长弓相克,0,0,,,,,99,受兵种伤害-,0
290433,290433,1,1,5,0,100,100,29043301,0,10,0,0,0,0,舷卫对黑山长弓相克,舷卫对黑山长弓相克,0,0,,,,,99,受兵种伤害-,0
290434,290434,1,1,5,0,100,100,29043401,0,10,0,0,0,0,舷卫对耕战营相克,舷卫对耕战营相克,0,0,,,,,99,受兵种伤害-,0
290435,290435,1,1,5,0,100,100,29043501,0,10,0,0,0,0,舷卫对青囊兵相克,舷卫对青囊兵相克,0,0,,,,,99,受兵种伤害-,0
290436,290436,1,1,5,0,100,100,29043601,0,10,0,0,0,0,舷卫对大戟士相克,舷卫对大戟士相克,0,0,,,,,99,受兵种伤害-,0
290437,290437,1,1,5,0,100,100,29043701,0,10,0,0,0,0,舷卫对乡勇步卒相克,舷卫对乡勇步卒相克,0,0,,,,,99,受兵种伤害-,0
290438,290438,1,1,5,0,100,100,29043801,0,10,0,0,0,0,舷卫对乡勇轻骑相克,舷卫对乡勇轻骑相克,0,0,,,,,99,受兵种伤害-,0
290439,290439,1,1,5,0,100,100,29043901,0,10,0,0,0,0,黄巾兵对火矢兵相克,黄巾兵对火矢兵相克,0,0,,,,,99,受兵种伤害-,0
290440,290440,1,1,5,0,100,100,29044001,0,10,0,0,0,0,黄巾兵对无当飞军相克,黄巾兵对无当飞军相克,0,0,,,,,99,受兵种伤害-,0
290441,290441,1,1,5,0,100,100,29044101,0,10,0,0,0,0,黄巾兵对乡勇弓手相克,黄巾兵对乡勇弓手相克,0,0,,,,,99,受兵种伤害-,0
290442,290442,1,1,5,0,100,100,29044201,0,10,0,0,0,0,黄巾兵对丹阳兵相克,黄巾兵对丹阳兵相克,0,0,,,,,99,受兵种伤害-,0
290443,290443,1,1,5,0,100,100,29044301,0,10,0,0,0,0,黄巾兵对黄巾长弓相克,黄巾兵对黄巾长弓相克,0,0,,,,,99,受兵种伤害-,0
290444,290444,1,1,5,0,100,100,29044401,0,10,0,0,0,0,黄巾兵对解烦兵相克,黄巾兵对解烦兵相克,0,0,,,,,99,受兵种伤害-,0
290445,290445,1,1,5,0,100,100,29044501,0,10,0,0,0,0,黄巾兵对白波长弓相克,黄巾兵对白波长弓相克,0,0,,,,,99,受兵种伤害-,0
290446,290446,1,1,5,0,100,100,29044601,0,10,0,0,0,0,黄巾兵对黑山长弓相克,黄巾兵对黑山长弓相克,0,0,,,,,99,受兵种伤害-,0
290447,290447,1,1,5,0,100,100,29044701,0,10,0,0,0,0,黄巾兵对耕战营相克,黄巾兵对耕战营相克,0,0,,,,,99,受兵种伤害-,0
290448,290448,1,1,5,0,100,100,29044801,0,10,0,0,0,0,黄巾兵对青囊兵相克,黄巾兵对青囊兵相克,0,0,,,,,99,受兵种伤害-,0
290449,290449,1,1,5,0,100,100,29044901,0,10,0,0,0,0,黄巾兵对大戟士相克,黄巾兵对大戟士相克,0,0,,,,,99,受兵种伤害-,0
290450,290450,1,1,5,0,100,100,29045001,0,10,0,0,0,0,黄巾兵对乡勇步卒相克,黄巾兵对乡勇步卒相克,0,0,,,,,99,受兵种伤害-,0
290451,290451,1,1,5,0,100,100,29045101,0,10,0,0,0,0,黄巾兵对乡勇轻骑相克,黄巾兵对乡勇轻骑相克,0,0,,,,,99,受兵种伤害-,0
290452,290452,1,1,5,0,100,100,29045201,0,10,0,0,0,0,大戟士对弓兵相克,大戟士对弓兵相克,0,0,,,,,99,受兵种伤害-,0
290453,290453,1,1,5,0,100,100,29045301,0,10,0,0,0,0,大戟士对长弓兵相克,大戟士对长弓兵相克,0,0,,,,,99,受兵种伤害-,0
290454,290454,1,1,5,0,100,100,29045401,0,10,0,0,0,0,大戟士对弩兵相克,大戟士对弩兵相克,0,0,,,,,99,受兵种伤害-,0
290455,290455,1,1,5,0,100,100,29045501,0,10,0,0,0,0,大戟士对死士相克,大戟士对死士相克,0,0,,,,,99,受兵种伤害-,0
290456,290456,1,1,5,0,100,100,29045601,0,10,0,0,0,0,大戟士对连弩兵相克,大戟士对连弩兵相克,0,0,,,,,99,受兵种伤害-,0
290457,290457,1,1,5,0,100,100,29045701,0,10,0,0,0,0,大戟士对火矢兵相克,大戟士对火矢兵相克,0,0,,,,,99,受兵种伤害-,0
290458,290458,1,1,5,0,100,100,29045801,0,10,0,0,0,0,大戟士对无当飞军相克,大戟士对无当飞军相克,0,0,,,,,99,受兵种伤害-,0
290459,290459,1,1,5,0,100,100,29045901,0,10,0,0,0,0,大戟士对乡勇弓手相克,大戟士对乡勇弓手相克,0,0,,,,,99,受兵种伤害-,0
290460,290460,1,1,5,0,100,100,29046001,0,10,0,0,0,0,大戟士对丹阳兵相克,大戟士对丹阳兵相克,0,0,,,,,99,受兵种伤害-,0
290461,290461,1,1,5,0,100,100,29046101,0,10,0,0,0,0,大戟士对黄巾长弓相克,大戟士对黄巾长弓相克,0,0,,,,,99,受兵种伤害-,0
290462,290462,1,1,5,0,100,100,29046201,0,10,0,0,0,0,大戟士对解烦兵相克,大戟士对解烦兵相克,0,0,,,,,99,受兵种伤害-,0
290463,290463,1,1,5,0,100,100,29046301,0,10,0,0,0,0,大戟士对白波长弓相克,大戟士对白波长弓相克,0,0,,,,,99,受兵种伤害-,0
290464,290464,1,1,5,0,100,100,29046401,0,10,0,0,0,0,大戟士对黑山长弓相克,大戟士对黑山长弓相克,0,0,,,,,99,受兵种伤害-,0
290465,290465,1,1,5,0,100,100,29046501,0,10,0,0,0,0,大戟士对耕战营相克,大戟士对耕战营相克,0,0,,,,,99,受兵种伤害-,0
290466,290466,1,1,5,0,100,100,29046601,0,10,0,0,0,0,大戟士对青囊兵相克,大戟士对青囊兵相克,0,0,,,,,99,受兵种伤害-,0
290467,290467,1,1,5,0,100,100,29046701,0,10,0,0,0,0,大戟士对乡勇步卒相克,大戟士对乡勇步卒相克,0,0,,,,,99,受兵种伤害-,0
290468,290468,1,1,5,0,100,100,29046801,0,10,0,0,0,0,大戟士对骑兵相克,大戟士对骑兵相克,0,0,,,,,99,受兵种伤害-,0
290469,290469,1,1,5,0,100,100,29046901,0,10,0,0,0,0,大戟士对重骑兵相克,大戟士对重骑兵相克,0,0,,,,,99,受兵种伤害-,0
290470,290470,1,1,5,0,100,100,29047001,0,10,0,0,0,0,大戟士对轻骑兵相克,大戟士对轻骑兵相克,0,0,,,,,99,受兵种伤害-,0
290471,290471,1,1,5,0,100,100,29047101,0,10,0,0,0,0,大戟士对弓骑兵相克,大戟士对弓骑兵相克,0,0,,,,,99,受兵种伤害-,0
290472,290472,1,1,5,0,100,100,29047201,0,10,0,0,0,0,大戟士对铁骑兵相克,大戟士对铁骑兵相克,0,0,,,,,99,受兵种伤害-,0
290473,290473,1,1,5,0,100,100,29047301,0,10,0,0,0,0,大戟士对象兵相克,大戟士对象兵相克,0,0,,,,,99,受兵种伤害-,0
290474,290474,1,1,5,0,100,100,29047401,0,10,0,0,0,0,大戟士对羽林骑相克,大戟士对羽林骑相克,0,0,,,,,99,受兵种伤害-,0
290475,290475,1,1,5,0,100,100,29047501,0,10,0,0,0,0,大戟士对白马义从相克,大戟士对白马义从相克,0,0,,,,,99,受兵种伤害-,0
290476,290476,1,1,5,0,100,100,29047601,0,10,0,0,0,0,大戟士对虎豹骑相克,大戟士对虎豹骑相克,0,0,,,,,99,受兵种伤害-,0
290477,290477,1,1,5,0,100,100,29047701,0,10,0,0,0,0,大戟士对乡勇轻骑相克,大戟士对乡勇轻骑相克,0,0,,,,,99,受兵种伤害-,0
290478,290478,1,1,5,0,100,100,29047801,0,10,0,0,0,0,大戟士对黄巾轻骑相克,大戟士对黄巾轻骑相克,0,0,,,,,99,受兵种伤害-,0
290479,290479,1,1,5,0,100,100,29047901,0,10,0,0,0,0,大戟士对白波轻骑相克,大戟士对白波轻骑相克,0,0,,,,,99,受兵种伤害-,0
290480,290480,1,1,5,0,100,100,29048001,0,10,0,0,0,0,大戟士对黑山轻骑相克,大戟士对黑山轻骑相克,0,0,,,,,99,受兵种伤害-,0
290481,290481,1,1,5,0,100,100,29048101,0,10,0,0,0,0,大戟士对西凉铁骑相克,大戟士对西凉铁骑相克,0,0,,,,,99,受兵种伤害-,0
290482,290482,1,1,5,0,100,100,29048201,0,10,0,0,0,0,大戟士对伏龙军相克,大戟士对伏龙军相克,0,0,,,,,99,受兵种伤害-,0
290483,290483,1,1,5,0,100,100,29048301,0,10,0,0,0,0,白毦兵对弓兵相克,白毦兵对弓兵相克,0,0,,,,,99,受兵种伤害-,0
290484,290484,1,1,5,0,100,100,29048401,0,10,0,0,0,0,白毦兵对长弓兵相克,白毦兵对长弓兵相克,0,0,,,,,99,受兵种伤害-,0
290485,290485,1,1,5,0,100,100,29048501,0,10,0,0,0,0,白毦兵对弩兵相克,白毦兵对弩兵相克,0,0,,,,,99,受兵种伤害-,0
290486,290486,1,1,5,0,100,100,29048601,0,10,0,0,0,0,白毦兵对死士相克,白毦兵对死士相克,0,0,,,,,99,受兵种伤害-,0
290487,290487,1,1,5,0,100,100,29048701,0,10,0,0,0,0,白毦兵对连弩兵相克,白毦兵对连弩兵相克,0,0,,,,,99,受兵种伤害-,0
290488,290488,1,1,5,0,100,100,29048801,0,10,0,0,0,0,白毦兵对火矢兵相克,白毦兵对火矢兵相克,0,0,,,,,99,受兵种伤害-,0
290489,290489,1,1,5,0,100,100,29048901,0,10,0,0,0,0,白毦兵对无当飞军相克,白毦兵对无当飞军相克,0,0,,,,,99,受兵种伤害-,0
290490,290490,1,1,5,0,100,100,29049001,0,10,0,0,0,0,白毦兵对乡勇弓手相克,白毦兵对乡勇弓手相克,0,0,,,,,99,受兵种伤害-,0
290491,290491,1,1,5,0,100,100,29049101,0,10,0,0,0,0,白毦兵对丹阳兵相克,白毦兵对丹阳兵相克,0,0,,,,,99,受兵种伤害-,0
290492,290492,1,1,5,0,100,100,29049201,0,10,0,0,0,0,白毦兵对黄巾长弓相克,白毦兵对黄巾长弓相克,0,0,,,,,99,受兵种伤害-,0
290493,290493,1,1,5,0,100,100,29049301,0,10,0,0,0,0,白毦兵对解烦兵相克,白毦兵对解烦兵相克,0,0,,,,,99,受兵种伤害-,0
290494,290494,1,1,5,0,100,100,29049401,0,10,0,0,0,0,白毦兵对白波长弓相克,白毦兵对白波长弓相克,0,0,,,,,99,受兵种伤害-,0
290495,290495,1,1,5,0,100,100,29049501,0,10,0,0,0,0,白毦兵对黑山长弓相克,白毦兵对黑山长弓相克,0,0,,,,,99,受兵种伤害-,0
290496,290496,1,1,5,0,100,100,29049601,0,10,0,0,0,0,白毦兵对耕战营相克,白毦兵对耕战营相克,0,0,,,,,99,受兵种伤害-,0
290497,290497,1,1,5,0,100,100,29049701,0,10,0,0,0,0,白毦兵对青囊兵相克,白毦兵对青囊兵相克,0,0,,,,,99,受兵种伤害-,0
290498,290498,1,1,5,0,100,100,29049801,0,10,0,0,0,0,白毦兵对大戟士相克,白毦兵对大戟士相克,0,0,,,,,99,受兵种伤害-,0
290499,290499,1,1,5,0,100,100,29049901,0,10,0,0,0,0,白毦兵对乡勇步卒相克,白毦兵对乡勇步卒相克,0,0,,,,,99,受兵种伤害-,0
290500,290500,1,1,5,0,100,100,29050001,0,10,0,0,0,0,白毦兵对乡勇轻骑相克,白毦兵对乡勇轻骑相克,0,0,,,,,99,受兵种伤害-,0
290501,290501,1,1,5,0,100,100,29050101,0,10,0,0,0,0,乡勇步卒对乡勇弓手相克,乡勇步卒对乡勇弓手相克,0,0,,,,,99,受兵种伤害-,0
290502,290502,1,1,5,0,100,100,29050201,0,10,0,0,0,0,白波轻步对弓兵相克,白波轻步对弓兵相克,0,0,,,,,99,受兵种伤害-,0
290503,290503,1,1,5,0,100,100,29050301,0,10,0,0,0,0,白波轻步对长弓兵相克,白波轻步对长弓兵相克,0,0,,,,,99,受兵种伤害-,0
290504,290504,1,1,5,0,100,100,29050401,0,10,0,0,0,0,白波轻步对弩兵相克,白波轻步对弩兵相克,0,0,,,,,99,受兵种伤害-,0
290505,290505,1,1,5,0,100,100,29050501,0,10,0,0,0,0,白波轻步对死士相克,白波轻步对死士相克,0,0,,,,,99,受兵种伤害-,0
290506,290506,1,1,5,0,100,100,29050601,0,10,0,0,0,0,白波轻步对连弩兵相克,白波轻步对连弩兵相克,0,0,,,,,99,受兵种伤害-,0
290507,290507,1,1,5,0,100,100,29050701,0,10,0,0,0,0,白波轻步对火矢兵相克,白波轻步对火矢兵相克,0,0,,,,,99,受兵种伤害-,0
290508,290508,1,1,5,0,100,100,29050801,0,10,0,0,0,0,白波轻步对无当飞军相克,白波轻步对无当飞军相克,0,0,,,,,99,受兵种伤害-,0
290509,290509,1,1,5,0,100,100,29050901,0,10,0,0,0,0,白波轻步对乡勇弓手相克,白波轻步对乡勇弓手相克,0,0,,,,,99,受兵种伤害-,0
290510,290510,1,1,5,0,100,100,29051001,0,10,0,0,0,0,白波轻步对丹阳兵相克,白波轻步对丹阳兵相克,0,0,,,,,99,受兵种伤害-,0
290511,290511,1,1,5,0,100,100,29051101,0,10,0,0,0,0,白波轻步对黄巾长弓相克,白波轻步对黄巾长弓相克,0,0,,,,,99,受兵种伤害-,0
290512,290512,1,1,5,0,100,100,29051201,0,10,0,0,0,0,白波轻步对解烦兵相克,白波轻步对解烦兵相克,0,0,,,,,99,受兵种伤害-,0
290513,290513,1,1,5,0,100,100,29051301,0,10,0,0,0,0,白波轻步对白波长弓相克,白波轻步对白波长弓相克,0,0,,,,,99,受兵种伤害-,0
290514,290514,1,1,5,0,100,100,29051401,0,10,0,0,0,0,白波轻步对黑山长弓相克,白波轻步对黑山长弓相克,0,0,,,,,99,受兵种伤害-,0
290515,290515,1,1,5,0,100,100,29051501,0,10,0,0,0,0,白波轻步对耕战营相克,白波轻步对耕战营相克,0,0,,,,,99,受兵种伤害-,0
290516,290516,1,1,5,0,100,100,29051601,0,10,0,0,0,0,白波轻步对青囊兵相克,白波轻步对青囊兵相克,0,0,,,,,99,受兵种伤害-,0
290517,290517,1,1,5,0,100,100,29051701,0,10,0,0,0,0,白波轻步对大戟士相克,白波轻步对大戟士相克,0,0,,,,,99,受兵种伤害-,0
290518,290518,1,1,5,0,100,100,29051801,0,10,0,0,0,0,白波轻步对乡勇步卒相克,白波轻步对乡勇步卒相克,0,0,,,,,99,受兵种伤害-,0
290519,290519,1,1,5,0,100,100,29051901,0,10,0,0,0,0,白波轻步对乡勇轻骑相克,白波轻步对乡勇轻骑相克,0,0,,,,,99,受兵种伤害-,0
290520,290520,1,1,5,0,100,100,29052001,0,10,0,0,0,0,黑山轻步对弓兵相克,黑山轻步对弓兵相克,0,0,,,,,99,受兵种伤害-,0
290521,290521,1,1,5,0,100,100,29052101,0,10,0,0,0,0,黑山轻步对长弓兵相克,黑山轻步对长弓兵相克,0,0,,,,,99,受兵种伤害-,0
290522,290522,1,1,5,0,100,100,29052201,0,10,0,0,0,0,黑山轻步对弩兵相克,黑山轻步对弩兵相克,0,0,,,,,99,受兵种伤害-,0
290523,290523,1,1,5,0,100,100,29052301,0,10,0,0,0,0,黑山轻步对死士相克,黑山轻步对死士相克,0,0,,,,,99,受兵种伤害-,0
290524,290524,1,1,5,0,100,100,29052401,0,10,0,0,0,0,黑山轻步对连弩兵相克,黑山轻步对连弩兵相克,0,0,,,,,99,受兵种伤害-,0
290525,290525,1,1,5,0,100,100,29052501,0,10,0,0,0,0,黑山轻步对火矢兵相克,黑山轻步对火矢兵相克,0,0,,,,,99,受兵种伤害-,0
290526,290526,1,1,5,0,100,100,29052601,0,10,0,0,0,0,黑山轻步对无当飞军相克,黑山轻步对无当飞军相克,0,0,,,,,99,受兵种伤害-,0
290527,290527,1,1,5,0,100,100,29052701,0,10,0,0,0,0,黑山轻步对乡勇弓手相克,黑山轻步对乡勇弓手相克,0,0,,,,,99,受兵种伤害-,0
290528,290528,1,1,5,0,100,100,29052801,0,10,0,0,0,0,黑山轻步对丹阳兵相克,黑山轻步对丹阳兵相克,0,0,,,,,99,受兵种伤害-,0
290529,290529,1,1,5,0,100,100,29052901,0,10,0,0,0,0,黑山轻步对黄巾长弓相克,黑山轻步对黄巾长弓相克,0,0,,,,,99,受兵种伤害-,0
290530,290530,1,1,5,0,100,100,29053001,0,10,0,0,0,0,黑山轻步对解烦兵相克,黑山轻步对解烦兵相克,0,0,,,,,99,受兵种伤害-,0
290531,290531,1,1,5,0,100,100,29053101,0,10,0,0,0,0,黑山轻步对白波长弓相克,黑山轻步对白波长弓相克,0,0,,,,,99,受兵种伤害-,0
290532,290532,1,1,5,0,100,100,29053201,0,10,0,0,0,0,黑山轻步对黑山长弓相克,黑山轻步对黑山长弓相克,0,0,,,,,99,受兵种伤害-,0
290533,290533,1,1,5,0,100,100,29053301,0,10,0,0,0,0,黑山轻步对耕战营相克,黑山轻步对耕战营相克,0,0,,,,,99,受兵种伤害-,0
290534,290534,1,1,5,0,100,100,29053401,0,10,0,0,0,0,黑山轻步对青囊兵相克,黑山轻步对青囊兵相克,0,0,,,,,99,受兵种伤害-,0
290535,290535,1,1,5,0,100,100,29053501,0,10,0,0,0,0,黑山轻步对大戟士相克,黑山轻步对大戟士相克,0,0,,,,,99,受兵种伤害-,0
290536,290536,1,1,5,0,100,100,29053601,0,10,0,0,0,0,黑山轻步对乡勇步卒相克,黑山轻步对乡勇步卒相克,0,0,,,,,99,受兵种伤害-,0
290537,290537,1,1,5,0,100,100,29053701,0,10,0,0,0,0,黑山轻步对乡勇轻骑相克,黑山轻步对乡勇轻骑相克,0,0,,,,,99,受兵种伤害-,0
290538,290538,1,1,5,0,100,100,29053801,0,10,0,0,0,0,陷阵营对弓兵相克,陷阵营对弓兵相克,0,0,,,,,99,受兵种伤害-,0
290539,290539,1,1,5,0,100,100,29053901,0,10,0,0,0,0,陷阵营对长弓兵相克,陷阵营对长弓兵相克,0,0,,,,,99,受兵种伤害-,0
290540,290540,1,1,5,0,100,100,29054001,0,10,0,0,0,0,陷阵营对弩兵相克,陷阵营对弩兵相克,0,0,,,,,99,受兵种伤害-,0
290541,290541,1,1,5,0,100,100,29054101,0,10,0,0,0,0,陷阵营对死士相克,陷阵营对死士相克,0,0,,,,,99,受兵种伤害-,0
290542,290542,1,1,5,0,100,100,29054201,0,10,0,0,0,0,陷阵营对连弩兵相克,陷阵营对连弩兵相克,0,0,,,,,99,受兵种伤害-,0
290543,290543,1,1,5,0,100,100,29054301,0,10,0,0,0,0,陷阵营对火矢兵相克,陷阵营对火矢兵相克,0,0,,,,,99,受兵种伤害-,0
290544,290544,1,1,5,0,100,100,29054401,0,10,0,0,0,0,陷阵营对无当飞军相克,陷阵营对无当飞军相克,0,0,,,,,99,受兵种伤害-,0
290545,290545,1,1,5,0,100,100,29054501,0,10,0,0,0,0,陷阵营对乡勇弓手相克,陷阵营对乡勇弓手相克,0,0,,,,,99,受兵种伤害-,0
290546,290546,1,1,5,0,100,100,29054601,0,10,0,0,0,0,陷阵营对丹阳兵相克,陷阵营对丹阳兵相克,0,0,,,,,99,受兵种伤害-,0
290547,290547,1,1,5,0,100,100,29054701,0,10,0,0,0,0,陷阵营对黄巾长弓相克,陷阵营对黄巾长弓相克,0,0,,,,,99,受兵种伤害-,0
290548,290548,1,1,5,0,100,100,29054801,0,10,0,0,0,0,陷阵营对解烦兵相克,陷阵营对解烦兵相克,0,0,,,,,99,受兵种伤害-,0
290549,290549,1,1,5,0,100,100,29054901,0,10,0,0,0,0,陷阵营对白波长弓相克,陷阵营对白波长弓相克,0,0,,,,,99,受兵种伤害-,0
290550,290550,1,1,5,0,100,100,29055001,0,10,0,0,0,0,陷阵营对黑山长弓相克,陷阵营对黑山长弓相克,0,0,,,,,99,受兵种伤害-,0
290551,290551,1,1,5,0,100,100,29055101,0,10,0,0,0,0,陷阵营对耕战营相克,陷阵营对耕战营相克,0,0,,,,,99,受兵种伤害-,0
290552,290552,1,1,5,0,100,100,29055201,0,10,0,0,0,0,陷阵营对青囊兵相克,陷阵营对青囊兵相克,0,0,,,,,99,受兵种伤害-,0
290553,290553,1,1,5,0,100,100,29055301,0,10,0,0,0,0,陷阵营对大戟士相克,陷阵营对大戟士相克,0,0,,,,,99,受兵种伤害-,0
290554,290554,1,1,5,0,100,100,29055401,0,10,0,0,0,0,陷阵营对乡勇步卒相克,陷阵营对乡勇步卒相克,0,0,,,,,99,受兵种伤害-,0
290555,290555,1,1,5,0,100,100,29055501,0,10,0,0,0,0,陷阵营对乡勇轻骑相克,陷阵营对乡勇轻骑相克,0,0,,,,,99,受兵种伤害-,0
290556,290556,1,1,5,0,100,100,29055601,0,10,0,0,0,0,黄巾轻步对弓兵相克,黄巾轻步对弓兵相克,0,0,,,,,99,受兵种伤害-,0
290557,290557,1,1,5,0,100,100,29055701,0,10,0,0,0,0,黄巾轻步对长弓兵相克,黄巾轻步对长弓兵相克,0,0,,,,,99,受兵种伤害-,0
290558,290558,1,1,5,0,100,100,29055801,0,10,0,0,0,0,黄巾轻步对弩兵相克,黄巾轻步对弩兵相克,0,0,,,,,99,受兵种伤害-,0
290559,290559,1,1,5,0,100,100,29055901,0,10,0,0,0,0,黄巾轻步对死士相克,黄巾轻步对死士相克,0,0,,,,,99,受兵种伤害-,0
290560,290560,1,1,5,0,100,100,29056001,0,10,0,0,0,0,黄巾轻步对连弩兵相克,黄巾轻步对连弩兵相克,0,0,,,,,99,受兵种伤害-,0
290561,290561,1,1,5,0,100,100,29056101,0,10,0,0,0,0,黄巾轻步对火矢兵相克,黄巾轻步对火矢兵相克,0,0,,,,,99,受兵种伤害-,0
290562,290562,1,1,5,0,100,100,29056201,0,10,0,0,0,0,黄巾轻步对无当飞军相克,黄巾轻步对无当飞军相克,0,0,,,,,99,受兵种伤害-,0
290563,290563,1,1,5,0,100,100,29056301,0,10,0,0,0,0,黄巾轻步对乡勇弓手相克,黄巾轻步对乡勇弓手相克,0,0,,,,,99,受兵种伤害-,0
290564,290564,1,1,5,0,100,100,29056401,0,10,0,0,0,0,黄巾轻步对丹阳兵相克,黄巾轻步对丹阳兵相克,0,0,,,,,99,受兵种伤害-,0
290565,290565,1,1,5,0,100,100,29056501,0,10,0,0,0,0,黄巾轻步对黄巾长弓相克,黄巾轻步对黄巾长弓相克,0,0,,,,,99,受兵种伤害-,0
290566,290566,1,1,5,0,100,100,29056601,0,10,0,0,0,0,黄巾轻步对解烦兵相克,黄巾轻步对解烦兵相克,0,0,,,,,99,受兵种伤害-,0
290567,290567,1,1,5,0,100,100,29056701,0,10,0,0,0,0,黄巾轻步对白波长弓相克,黄巾轻步对白波长弓相克,0,0,,,,,99,受兵种伤害-,0
290568,290568,1,1,5,0,100,100,29056801,0,10,0,0,0,0,黄巾轻步对黑山长弓相克,黄巾轻步对黑山长弓相克,0,0,,,,,99,受兵种伤害-,0
290569,290569,1,1,5,0,100,100,29056901,0,10,0,0,0,0,黄巾轻步对耕战营相克,黄巾轻步对耕战营相克,0,0,,,,,99,受兵种伤害-,0
290570,290570,1,1,5,0,100,100,29057001,0,10,0,0,0,0,黄巾轻步对青囊兵相克,黄巾轻步对青囊兵相克,0,0,,,,,99,受兵种伤害-,0
290571,290571,1,1,5,0,100,100,29057101,0,10,0,0,0,0,黄巾轻步对大戟士相克,黄巾轻步对大戟士相克,0,0,,,,,99,受兵种伤害-,0
290572,290572,1,1,5,0,100,100,29057201,0,10,0,0,0,0,黄巾轻步对乡勇步卒相克,黄巾轻步对乡勇步卒相克,0,0,,,,,99,受兵种伤害-,0
290573,290573,1,1,5,0,100,100,29057301,0,10,0,0,0,0,黄巾轻步对乡勇轻骑相克,黄巾轻步对乡勇轻骑相克,0,0,,,,,99,受兵种伤害-,0
290574,290574,1,1,5,0,100,100,29057401,0,10,0,0,0,0,重垣军对弓兵相克,重垣军对弓兵相克,0,0,,,,,99,受兵种伤害-,0
290575,290575,1,1,5,0,100,100,29057501,0,10,0,0,0,0,重垣军对长弓兵相克,重垣军对长弓兵相克,0,0,,,,,99,受兵种伤害-,0
290576,290576,1,1,5,0,100,100,29057601,0,10,0,0,0,0,重垣军对弩兵相克,重垣军对弩兵相克,0,0,,,,,99,受兵种伤害-,0
290577,290577,1,1,5,0,100,100,29057701,0,10,0,0,0,0,重垣军对死士相克,重垣军对死士相克,0,0,,,,,99,受兵种伤害-,0
290578,290578,1,1,5,0,100,100,29057801,0,10,0,0,0,0,重垣军对连弩兵相克,重垣军对连弩兵相克,0,0,,,,,99,受兵种伤害-,0
290579,290579,1,1,5,0,100,100,29057901,0,10,0,0,0,0,重垣军对火矢兵相克,重垣军对火矢兵相克,0,0,,,,,99,受兵种伤害-,0
290580,290580,1,1,5,0,100,100,29058001,0,10,0,0,0,0,重垣军对无当飞军相克,重垣军对无当飞军相克,0,0,,,,,99,受兵种伤害-,0
290581,290581,1,1,5,0,100,100,29058101,0,10,0,0,0,0,重垣军对乡勇弓手相克,重垣军对乡勇弓手相克,0,0,,,,,99,受兵种伤害-,0
290582,290582,1,1,5,0,100,100,29058201,0,10,0,0,0,0,重垣军对丹阳兵相克,重垣军对丹阳兵相克,0,0,,,,,99,受兵种伤害-,0
290583,290583,1,1,5,0,100,100,29058301,0,10,0,0,0,0,重垣军对黄巾长弓相克,重垣军对黄巾长弓相克,0,0,,,,,99,受兵种伤害-,0
290584,290584,1,1,5,0,100,100,29058401,0,10,0,0,0,0,重垣军对解烦兵相克,重垣军对解烦兵相克,0,0,,,,,99,受兵种伤害-,0
290585,290585,1,1,5,0,100,100,29058501,0,10,0,0,0,0,重垣军对白波长弓相克,重垣军对白波长弓相克,0,0,,,,,99,受兵种伤害-,0
290586,290586,1,1,5,0,100,100,29058601,0,10,0,0,0,0,重垣军对黑山长弓相克,重垣军对黑山长弓相克,0,0,,,,,99,受兵种伤害-,0
290587,290587,1,1,5,0,100,100,29058701,0,10,0,0,0,0,重垣军对耕战营相克,重垣军对耕战营相克,0,0,,,,,99,受兵种伤害-,0
290588,290588,1,1,5,0,100,100,29058801,0,10,0,0,0,0,重垣军对青囊兵相克,重垣军对青囊兵相克,0,0,,,,,99,受兵种伤害-,0
290589,290589,1,1,5,0,100,100,29058901,0,10,0,0,0,0,重垣军对大戟士相克,重垣军对大戟士相克,0,0,,,,,99,受兵种伤害-,0
290590,290590,1,1,5,0,100,100,29059001,0,10,0,0,0,0,重垣军对乡勇步卒相克,重垣军对乡勇步卒相克,0,0,,,,,99,受兵种伤害-,0
290591,290591,1,1,5,0,100,100,29059101,0,10,0,0,0,0,重垣军对乡勇轻骑相克,重垣军对乡勇轻骑相克,0,0,,,,,99,受兵种伤害-,0
290592,290592,1,1,5,0,100,100,29059201,0,10,0,0,0,0,骑兵对乡勇弓手相克,骑兵对乡勇弓手相克,0,0,,,,,99,受兵种伤害-,0
290593,290593,1,1,5,0,100,100,29059301,0,10,0,0,0,0,骑兵对舷卫相克,骑兵对舷卫相克,0,0,,,,,99,受兵种伤害-,0
290594,290594,1,1,5,0,100,100,29059401,0,10,0,0,0,0,骑兵对白毦兵相克,骑兵对白毦兵相克,0,0,,,,,99,受兵种伤害-,0
290595,290595,1,1,5,0,100,100,29059501,0,10,0,0,0,0,骑兵对乡勇步卒相克,骑兵对乡勇步卒相克,0,0,,,,,99,受兵种伤害-,0
290596,290596,1,1,5,0,100,100,29059601,0,10,0,0,0,0,骑兵对白波轻步相克,骑兵对白波轻步相克,0,0,,,,,99,受兵种伤害-,0
290597,290597,1,1,5,0,100,100,29059701,0,10,0,0,0,0,骑兵对黑山轻步相克,骑兵对黑山轻步相克,0,0,,,,,99,受兵种伤害-,0
290598,290598,1,1,5,0,100,100,29059801,0,10,0,0,0,0,骑兵对陷阵营相克,骑兵对陷阵营相克,0,0,,,,,99,受兵种伤害-,0
290599,290599,1,1,5,0,100,100,29059901,0,10,0,0,0,0,骑兵对黄巾轻步相克,骑兵对黄巾轻步相克,0,0,,,,,99,受兵种伤害-,0
290600,290600,1,1,5,0,100,100,29060001,0,10,0,0,0,0,骑兵对重垣军相克,骑兵对重垣军相克,0,0,,,,,99,受兵种伤害-,0
290601,290601,1,1,5,0,100,100,29060101,0,10,0,0,0,0,骑兵对乡勇轻骑相克,骑兵对乡勇轻骑相克,0,0,,,,,99,受兵种伤害-,0
290602,290602,1,1,5,0,100,100,29060201,0,10,0,0,0,0,重骑兵对乡勇弓手相克,重骑兵对乡勇弓手相克,0,0,,,,,99,受兵种伤害-,0
290603,290603,1,1,5,0,100,100,29060301,0,10,0,0,0,0,重骑兵对舷卫相克,重骑兵对舷卫相克,0,0,,,,,99,受兵种伤害-,0
290604,290604,1,1,5,0,100,100,29060401,0,10,0,0,0,0,重骑兵对白毦兵相克,重骑兵对白毦兵相克,0,0,,,,,99,受兵种伤害-,0
290605,290605,1,1,5,0,100,100,29060501,0,10,0,0,0,0,重骑兵对乡勇步卒相克,重骑兵对乡勇步卒相克,0,0,,,,,99,受兵种伤害-,0
290606,290606,1,1,5,0,100,100,29060601,0,10,0,0,0,0,重骑兵对白波轻步相克,重骑兵对白波轻步相克,0,0,,,,,99,受兵种伤害-,0
290607,290607,1,1,5,0,100,100,29060701,0,10,0,0,0,0,重骑兵对黑山轻步相克,重骑兵对黑山轻步相克,0,0,,,,,99,受兵种伤害-,0
290608,290608,1,1,5,0,100,100,29060801,0,10,0,0,0,0,重骑兵对陷阵营相克,重骑兵对陷阵营相克,0,0,,,,,99,受兵种伤害-,0
290609,290609,1,1,5,0,100,100,29060901,0,10,0,0,0,0,重骑兵对黄巾轻步相克,重骑兵对黄巾轻步相克,0,0,,,,,99,受兵种伤害-,0
290610,290610,1,1,5,0,100,100,29061001,0,10,0,0,0,0,重骑兵对重垣军相克,重骑兵对重垣军相克,0,0,,,,,99,受兵种伤害-,0
290611,290611,1,1,5,0,100,100,29061101,0,10,0,0,0,0,重骑兵对乡勇轻骑相克,重骑兵对乡勇轻骑相克,0,0,,,,,99,受兵种伤害-,0
290612,290612,1,1,5,0,100,100,29061201,0,10,0,0,0,0,轻骑兵对乡勇弓手相克,轻骑兵对乡勇弓手相克,0,0,,,,,99,受兵种伤害-,0
290613,290613,1,1,5,0,100,100,29061301,0,10,0,0,0,0,轻骑兵对舷卫相克,轻骑兵对舷卫相克,0,0,,,,,99,受兵种伤害-,0
290614,290614,1,1,5,0,100,100,29061401,0,10,0,0,0,0,轻骑兵对白毦兵相克,轻骑兵对白毦兵相克,0,0,,,,,99,受兵种伤害-,0
290615,290615,1,1,5,0,100,100,29061501,0,10,0,0,0,0,轻骑兵对乡勇步卒相克,轻骑兵对乡勇步卒相克,0,0,,,,,99,受兵种伤害-,0
290616,290616,1,1,5,0,100,100,29061601,0,10,0,0,0,0,轻骑兵对白波轻步相克,轻骑兵对白波轻步相克,0,0,,,,,99,受兵种伤害-,0
290617,290617,1,1,5,0,100,100,29061701,0,10,0,0,0,0,轻骑兵对黑山轻步相克,轻骑兵对黑山轻步相克,0,0,,,,,99,受兵种伤害-,0
290618,290618,1,1,5,0,100,100,29061801,0,10,0,0,0,0,轻骑兵对陷阵营相克,轻骑兵对陷阵营相克,0,0,,,,,99,受兵种伤害-,0
290619,290619,1,1,5,0,100,100,29061901,0,10,0,0,0,0,轻骑兵对黄巾轻步相克,轻骑兵对黄巾轻步相克,0,0,,,,,99,受兵种伤害-,0
290620,290620,1,1,5,0,100,100,29062001,0,10,0,0,0,0,轻骑兵对重垣军相克,轻骑兵对重垣军相克,0,0,,,,,99,受兵种伤害-,0
290621,290621,1,1,5,0,100,100,29062101,0,10,0,0,0,0,轻骑兵对乡勇轻骑相克,轻骑兵对乡勇轻骑相克,0,0,,,,,99,受兵种伤害-,0
290622,290622,1,1,5,0,100,100,29062201,0,10,0,0,0,0,弓骑兵对乡勇弓手相克,弓骑兵对乡勇弓手相克,0,0,,,,,99,受兵种伤害-,0
290623,290623,1,1,5,0,100,100,29062301,0,10,0,0,0,0,弓骑兵对舷卫相克,弓骑兵对舷卫相克,0,0,,,,,99,受兵种伤害-,0
290624,290624,1,1,5,0,100,100,29062401,0,10,0,0,0,0,弓骑兵对白毦兵相克,弓骑兵对白毦兵相克,0,0,,,,,99,受兵种伤害-,0
290625,290625,1,1,5,0,100,100,29062501,0,10,0,0,0,0,弓骑兵对乡勇步卒相克,弓骑兵对乡勇步卒相克,0,0,,,,,99,受兵种伤害-,0
290626,290626,1,1,5,0,100,100,29062601,0,10,0,0,0,0,弓骑兵对白波轻步相克,弓骑兵对白波轻步相克,0,0,,,,,99,受兵种伤害-,0
290627,290627,1,1,5,0,100,100,29062701,0,10,0,0,0,0,弓骑兵对黑山轻步相克,弓骑兵对黑山轻步相克,0,0,,,,,99,受兵种伤害-,0
290628,290628,1,1,5,0,100,100,29062801,0,10,0,0,0,0,弓骑兵对陷阵营相克,弓骑兵对陷阵营相克,0,0,,,,,99,受兵种伤害-,0
290629,290629,1,1,5,0,100,100,29062901,0,10,0,0,0,0,弓骑兵对黄巾轻步相克,弓骑兵对黄巾轻步相克,0,0,,,,,99,受兵种伤害-,0
290630,290630,1,1,5,0,100,100,29063001,0,10,0,0,0,0,弓骑兵对重垣军相克,弓骑兵对重垣军相克,0,0,,,,,99,受兵种伤害-,0
290631,290631,1,1,5,0,100,100,29063101,0,10,0,0,0,0,弓骑兵对乡勇轻骑相克,弓骑兵对乡勇轻骑相克,0,0,,,,,99,受兵种伤害-,0
290632,290632,1,1,5,0,100,100,29063201,0,10,0,0,0,0,铁骑兵对乡勇弓手相克,铁骑兵对乡勇弓手相克,0,0,,,,,99,受兵种伤害-,0
290633,290633,1,1,5,0,100,100,29063301,0,10,0,0,0,0,铁骑兵对舷卫相克,铁骑兵对舷卫相克,0,0,,,,,99,受兵种伤害-,0
290634,290634,1,1,5,0,100,100,29063401,0,10,0,0,0,0,铁骑兵对白毦兵相克,铁骑兵对白毦兵相克,0,0,,,,,99,受兵种伤害-,0
290635,290635,1,1,5,0,100,100,29063501,0,10,0,0,0,0,铁骑兵对乡勇步卒相克,铁骑兵对乡勇步卒相克,0,0,,,,,99,受兵种伤害-,0
290636,290636,1,1,5,0,100,100,29063601,0,10,0,0,0,0,铁骑兵对白波轻步相克,铁骑兵对白波轻步相克,0,0,,,,,99,受兵种伤害-,0
290637,290637,1,1,5,0,100,100,29063701,0,10,0,0,0,0,铁骑兵对黑山轻步相克,铁骑兵对黑山轻步相克,0,0,,,,,99,受兵种伤害-,0
290638,290638,1,1,5,0,100,100,29063801,0,10,0,0,0,0,铁骑兵对陷阵营相克,铁骑兵对陷阵营相克,0,0,,,,,99,受兵种伤害-,0
290639,290639,1,1,5,0,100,100,29063901,0,10,0,0,0,0,铁骑兵对黄巾轻步相克,铁骑兵对黄巾轻步相克,0,0,,,,,99,受兵种伤害-,0
290640,290640,1,1,5,0,100,100,29064001,0,10,0,0,0,0,铁骑兵对重垣军相克,铁骑兵对重垣军相克,0,0,,,,,99,受兵种伤害-,0
290641,290641,1,1,5,0,100,100,29064101,0,10,0,0,0,0,铁骑兵对乡勇轻骑相克,铁骑兵对乡勇轻骑相克,0,0,,,,,99,受兵种伤害-,0
290642,290642,1,1,5,0,100,100,29064201,0,10,0,0,0,0,象兵对乡勇弓手相克,象兵对乡勇弓手相克,0,0,,,,,99,受兵种伤害-,0
290643,290643,1,1,5,0,100,100,29064301,0,10,0,0,0,0,象兵对步兵相克,象兵对步兵相克,0,0,,,,,99,受兵种伤害-,0
290644,290644,1,1,5,0,100,100,29064401,0,10,0,0,0,0,象兵对重步兵相克,象兵对重步兵相克,0,0,,,,,99,受兵种伤害-,0
290645,290645,1,1,5,0,100,100,29064501,0,10,0,0,0,0,象兵对蛮兵相克,象兵对蛮兵相克,0,0,,,,,99,受兵种伤害-,0
290646,290646,1,1,5,0,100,100,29064601,0,10,0,0,0,0,象兵对禁卫相克,象兵对禁卫相克,0,0,,,,,99,受兵种伤害-,0
290647,290647,1,1,5,0,100,100,29064701,0,10,0,0,0,0,象兵对藤甲兵相克,象兵对藤甲兵相克,0,0,,,,,99,受兵种伤害-,0
290648,290648,1,1,5,0,100,100,29064801,0,10,0,0,0,0,象兵对飞熊军相克,象兵对飞熊军相克,0,0,,,,,99,受兵种伤害-,0
290649,290649,1,1,5,0,100,100,29064901,0,10,0,0,0,0,象兵对舷卫相克,象兵对舷卫相克,0,0,,,,,99,受兵种伤害-,0
290650,290650,1,1,5,0,100,100,29065001,0,10,0,0,0,0,象兵对黄巾兵相克,象兵对黄巾兵相克,0,0,,,,,99,受兵种伤害-,0
290651,290651,1,1,5,0,100,100,29065101,0,10,0,0,0,0,象兵对白毦兵相克,象兵对白毦兵相克,0,0,,,,,99,受兵种伤害-,0
290652,290652,1,1,5,0,100,100,29065201,0,10,0,0,0,0,象兵对乡勇步卒相克,象兵对乡勇步卒相克,0,0,,,,,99,受兵种伤害-,0
290653,290653,1,1,5,0,100,100,29065301,0,10,0,0,0,0,象兵对白波轻步相克,象兵对白波轻步相克,0,0,,,,,99,受兵种伤害-,0
290654,290654,1,1,5,0,100,100,29065401,0,10,0,0,0,0,象兵对黑山轻步相克,象兵对黑山轻步相克,0,0,,,,,99,受兵种伤害-,0
290655,290655,1,1,5,0,100,100,29065501,0,10,0,0,0,0,象兵对陷阵营相克,象兵对陷阵营相克,0,0,,,,,99,受兵种伤害-,0
290656,290656,1,1,5,0,100,100,29065601,0,10,0,0,0,0,象兵对黄巾轻步相克,象兵对黄巾轻步相克,0,0,,,,,99,受兵种伤害-,0
290657,290657,1,1,5,0,100,100,29065701,0,10,0,0,0,0,象兵对重垣军相克,象兵对重垣军相克,0,0,,,,,99,受兵种伤害-,0
290658,290658,1,1,5,0,100,100,29065801,0,10,0,0,0,0,象兵对乡勇轻骑相克,象兵对乡勇轻骑相克,0,0,,,,,99,受兵种伤害-,0
290659,290659,1,1,5,0,100,100,29065901,0,10,0,0,0,0,羽林骑对乡勇弓手相克,羽林骑对乡勇弓手相克,0,0,,,,,99,受兵种伤害-,0
290660,290660,1,1,5,0,100,100,29066001,0,10,0,0,0,0,羽林骑对舷卫相克,羽林骑对舷卫相克,0,0,,,,,99,受兵种伤害-,0
290661,290661,1,1,5,0,100,100,29066101,0,10,0,0,0,0,羽林骑对白毦兵相克,羽林骑对白毦兵相克,0,0,,,,,99,受兵种伤害-,0
290662,290662,1,1,5,0,100,100,29066201,0,10,0,0,0,0,羽林骑对乡勇步卒相克,羽林骑对乡勇步卒相克,0,0,,,,,99,受兵种伤害-,0
290663,290663,1,1,5,0,100,100,29066301,0,10,0,0,0,0,羽林骑对白波轻步相克,羽林骑对白波轻步相克,0,0,,,,,99,受兵种伤害-,0
290664,290664,1,1,5,0,100,100,29066401,0,10,0,0,0,0,羽林骑对黑山轻步相克,羽林骑对黑山轻步相克,0,0,,,,,99,受兵种伤害-,0
290665,290665,1,1,5,0,100,100,29066501,0,10,0,0,0,0,羽林骑对陷阵营相克,羽林骑对陷阵营相克,0,0,,,,,99,受兵种伤害-,0
290666,290666,1,1,5,0,100,100,29066601,0,10,0,0,0,0,羽林骑对黄巾轻步相克,羽林骑对黄巾轻步相克,0,0,,,,,99,受兵种伤害-,0
290667,290667,1,1,5,0,100,100,29066701,0,10,0,0,0,0,羽林骑对重垣军相克,羽林骑对重垣军相克,0,0,,,,,99,受兵种伤害-,0
290668,290668,1,1,5,0,100,100,29066801,0,10,0,0,0,0,羽林骑对乡勇轻骑相克,羽林骑对乡勇轻骑相克,0,0,,,,,99,受兵种伤害-,0
290669,290669,1,1,5,0,100,100,29066901,0,10,0,0,0,0,白马义从对乡勇弓手相克,白马义从对乡勇弓手相克,0,0,,,,,99,受兵种伤害-,0
290670,290670,1,1,5,0,100,100,29067001,0,10,0,0,0,0,白马义从对步兵相克,白马义从对步兵相克,0,0,,,,,99,受兵种伤害-,0
290671,290671,1,1,5,0,100,100,29067101,0,10,0,0,0,0,白马义从对重步兵相克,白马义从对重步兵相克,0,0,,,,,99,受兵种伤害-,0
290672,290672,1,1,5,0,100,100,29067201,0,10,0,0,0,0,白马义从对长枪兵相克,白马义从对长枪兵相克,0,0,,,,,99,受兵种伤害-,0
290673,290673,1,1,5,0,100,100,29067301,0,10,0,0,0,0,白马义从对蛮兵相克,白马义从对蛮兵相克,0,0,,,,,99,受兵种伤害-,0
290674,290674,1,1,5,0,100,100,29067401,0,10,0,0,0,0,白马义从对禁卫相克,白马义从对禁卫相克,0,0,,,,,99,受兵种伤害-,0
290675,290675,1,1,5,0,100,100,29067501,0,10,0,0,0,0,白马义从对藤甲兵相克,白马义从对藤甲兵相克,0,0,,,,,99,受兵种伤害-,0
290676,290676,1,1,5,0,100,100,29067601,0,10,0,0,0,0,白马义从对飞熊军相克,白马义从对飞熊军相克,0,0,,,,,99,受兵种伤害-,0
290677,290677,1,1,5,0,100,100,29067701,0,10,0,0,0,0,白马义从对舷卫相克,白马义从对舷卫相克,0,0,,,,,99,受兵种伤害-,0
290678,290678,1,1,5,0,100,100,29067801,0,10,0,0,0,0,白马义从对黄巾兵相克,白马义从对黄巾兵相克,0,0,,,,,99,受兵种伤害-,0
290679,290679,1,1,5,0,100,100,29067901,0,10,0,0,0,0,白马义从对白毦兵相克,白马义从对白毦兵相克,0,0,,,,,99,受兵种伤害-,0
290680,290680,1,1,5,0,100,100,29068001,0,10,0,0,0,0,白马义从对乡勇步卒相克,白马义从对乡勇步卒相克,0,0,,,,,99,受兵种伤害-,0
290681,290681,1,1,5,0,100,100,29068101,0,10,0,0,0,0,白马义从对白波轻步相克,白马义从对白波轻步相克,0,0,,,,,99,受兵种伤害-,0
290682,290682,1,1,5,0,100,100,29068201,0,10,0,0,0,0,白马义从对黑山轻步相克,白马义从对黑山轻步相克,0,0,,,,,99,受兵种伤害-,0
290683,290683,1,1,5,0,100,100,29068301,0,10,0,0,0,0,白马义从对陷阵营相克,白马义从对陷阵营相克,0,0,,,,,99,受兵种伤害-,0
290684,290684,1,1,5,0,100,100,29068401,0,10,0,0,0,0,白马义从对黄巾轻步相克,白马义从对黄巾轻步相克,0,0,,,,,99,受兵种伤害-,0
290685,290685,1,1,5,0,100,100,29068501,0,10,0,0,0,0,白马义从对重垣军相克,白马义从对重垣军相克,0,0,,,,,99,受兵种伤害-,0
290686,290686,1,1,5,0,100,100,29068601,0,10,0,0,0,0,白马义从对乡勇轻骑相克,白马义从对乡勇轻骑相克,0,0,,,,,99,受兵种伤害-,0
290687,290687,1,1,5,0,100,100,29068701,0,10,0,0,0,0,虎豹骑对乡勇弓手相克,虎豹骑对乡勇弓手相克,0,0,,,,,99,受兵种伤害-,0
290688,290688,1,1,5,0,100,100,29068801,0,10,0,0,0,0,虎豹骑对步兵相克,虎豹骑对步兵相克,0,0,,,,,99,受兵种伤害-,0
290689,290689,1,1,5,0,100,100,29068901,0,10,0,0,0,0,虎豹骑对重步兵相克,虎豹骑对重步兵相克,0,0,,,,,99,受兵种伤害-,0
290690,290690,1,1,5,0,100,100,29069001,0,10,0,0,0,0,虎豹骑对蛮兵相克,虎豹骑对蛮兵相克,0,0,,,,,99,受兵种伤害-,0
290691,290691,1,1,5,0,100,100,29069101,0,10,0,0,0,0,虎豹骑对禁卫相克,虎豹骑对禁卫相克,0,0,,,,,99,受兵种伤害-,0
290692,290692,1,1,5,0,100,100,29069201,0,10,0,0,0,0,虎豹骑对藤甲兵相克,虎豹骑对藤甲兵相克,0,0,,,,,99,受兵种伤害-,0
290693,290693,1,1,5,0,100,100,29069301,0,10,0,0,0,0,虎豹骑对飞熊军相克,虎豹骑对飞熊军相克,0,0,,,,,99,受兵种伤害-,0
290694,290694,1,1,5,0,100,100,29069401,0,10,0,0,0,0,虎豹骑对舷卫相克,虎豹骑对舷卫相克,0,0,,,,,99,受兵种伤害-,0
290695,290695,1,1,5,0,100,100,29069501,0,10,0,0,0,0,虎豹骑对黄巾兵相克,虎豹骑对黄巾兵相克,0,0,,,,,99,受兵种伤害-,0
290696,290696,1,1,5,0,100,100,29069601,0,10,0,0,0,0,虎豹骑对白毦兵相克,虎豹骑对白毦兵相克,0,0,,,,,99,受兵种伤害-,0
290697,290697,1,1,5,0,100,100,29069701,0,10,0,0,0,0,虎豹骑对乡勇步卒相克,虎豹骑对乡勇步卒相克,0,0,,,,,99,受兵种伤害-,0
290698,290698,1,1,5,0,100,100,29069801,0,10,0,0,0,0,虎豹骑对白波轻步相克,虎豹骑对白波轻步相克,0,0,,,,,99,受兵种伤害-,0
290699,290699,1,1,5,0,100,100,29069901,0,10,0,0,0,0,虎豹骑对黑山轻步相克,虎豹骑对黑山轻步相克,0,0,,,,,99,受兵种伤害-,0
290700,290700,1,1,5,0,100,100,29070001,0,10,0,0,0,0,虎豹骑对陷阵营相克,虎豹骑对陷阵营相克,0,0,,,,,99,受兵种伤害-,0
290701,290701,1,1,5,0,100,100,29070101,0,10,0,0,0,0,虎豹骑对黄巾轻步相克,虎豹骑对黄巾轻步相克,0,0,,,,,99,受兵种伤害-,0
290702,290702,1,1,5,0,100,100,29070201,0,10,0,0,0,0,虎豹骑对重垣军相克,虎豹骑对重垣军相克,0,0,,,,,99,受兵种伤害-,0
290703,290703,1,1,5,0,100,100,29070301,0,10,0,0,0,0,虎豹骑对乡勇轻骑相克,虎豹骑对乡勇轻骑相克,0,0,,,,,99,受兵种伤害-,0
290704,290704,1,1,5,0,100,100,29070401,0,10,0,0,0,0,乡勇轻骑对乡勇步卒相克,乡勇轻骑对乡勇步卒相克,0,0,,,,,99,受兵种伤害-,0
290705,290705,1,1,5,0,100,100,29070501,0,10,0,0,0,0,黄巾轻骑对乡勇弓手相克,黄巾轻骑对乡勇弓手相克,0,0,,,,,99,受兵种伤害-,0
290706,290706,1,1,5,0,100,100,29070601,0,10,0,0,0,0,黄巾轻骑对步兵相克,黄巾轻骑对步兵相克,0,0,,,,,99,受兵种伤害-,0
290707,290707,1,1,5,0,100,100,29070701,0,10,0,0,0,0,黄巾轻骑对重步兵相克,黄巾轻骑对重步兵相克,0,0,,,,,99,受兵种伤害-,0
290708,290708,1,1,5,0,100,100,29070801,0,10,0,0,0,0,黄巾轻骑对蛮兵相克,黄巾轻骑对蛮兵相克,0,0,,,,,99,受兵种伤害-,0
290709,290709,1,1,5,0,100,100,29070901,0,10,0,0,0,0,黄巾轻骑对禁卫相克,黄巾轻骑对禁卫相克,0,0,,,,,99,受兵种伤害-,0
290710,290710,1,1,5,0,100,100,29071001,0,10,0,0,0,0,黄巾轻骑对藤甲兵相克,黄巾轻骑对藤甲兵相克,0,0,,,,,99,受兵种伤害-,0
290711,290711,1,1,5,0,100,100,29071101,0,10,0,0,0,0,黄巾轻骑对飞熊军相克,黄巾轻骑对飞熊军相克,0,0,,,,,99,受兵种伤害-,0
290712,290712,1,1,5,0,100,100,29071201,0,10,0,0,0,0,黄巾轻骑对舷卫相克,黄巾轻骑对舷卫相克,0,0,,,,,99,受兵种伤害-,0
290713,290713,1,1,5,0,100,100,29071301,0,10,0,0,0,0,黄巾轻骑对黄巾兵相克,黄巾轻骑对黄巾兵相克,0,0,,,,,99,受兵种伤害-,0
290714,290714,1,1,5,0,100,100,29071401,0,10,0,0,0,0,黄巾轻骑对白毦兵相克,黄巾轻骑对白毦兵相克,0,0,,,,,99,受兵种伤害-,0
290715,290715,1,1,5,0,100,100,29071501,0,10,0,0,0,0,黄巾轻骑对乡勇步卒相克,黄巾轻骑对乡勇步卒相克,0,0,,,,,99,受兵种伤害-,0
290716,290716,1,1,5,0,100,100,29071601,0,10,0,0,0,0,黄巾轻骑对白波轻步相克,黄巾轻骑对白波轻步相克,0,0,,,,,99,受兵种伤害-,0
290717,290717,1,1,5,0,100,100,29071701,0,10,0,0,0,0,黄巾轻骑对黑山轻步相克,黄巾轻骑对黑山轻步相克,0,0,,,,,99,受兵种伤害-,0
290718,290718,1,1,5,0,100,100,29071801,0,10,0,0,0,0,黄巾轻骑对陷阵营相克,黄巾轻骑对陷阵营相克,0,0,,,,,99,受兵种伤害-,0
290719,290719,1,1,5,0,100,100,29071901,0,10,0,0,0,0,黄巾轻骑对黄巾轻步相克,黄巾轻骑对黄巾轻步相克,0,0,,,,,99,受兵种伤害-,0
290720,290720,1,1,5,0,100,100,29072001,0,10,0,0,0,0,黄巾轻骑对重垣军相克,黄巾轻骑对重垣军相克,0,0,,,,,99,受兵种伤害-,0
290721,290721,1,1,5,0,100,100,29072101,0,10,0,0,0,0,黄巾轻骑对乡勇轻骑相克,黄巾轻骑对乡勇轻骑相克,0,0,,,,,99,受兵种伤害-,0
290722,290722,1,1,5,0,100,100,29072201,0,10,0,0,0,0,白波轻骑对乡勇弓手相克,白波轻骑对乡勇弓手相克,0,0,,,,,99,受兵种伤害-,0
290723,290723,1,1,5,0,100,100,29072301,0,10,0,0,0,0,白波轻骑对步兵相克,白波轻骑对步兵相克,0,0,,,,,99,受兵种伤害-,0
290724,290724,1,1,5,0,100,100,29072401,0,10,0,0,0,0,白波轻骑对重步兵相克,白波轻骑对重步兵相克,0,0,,,,,99,受兵种伤害-,0
290725,290725,1,1,5,0,100,100,29072501,0,10,0,0,0,0,白波轻骑对蛮兵相克,白波轻骑对蛮兵相克,0,0,,,,,99,受兵种伤害-,0
290726,290726,1,1,5,0,100,100,29072601,0,10,0,0,0,0,白波轻骑对禁卫相克,白波轻骑对禁卫相克,0,0,,,,,99,受兵种伤害-,0
290727,290727,1,1,5,0,100,100,29072701,0,10,0,0,0,0,白波轻骑对藤甲兵相克,白波轻骑对藤甲兵相克,0,0,,,,,99,受兵种伤害-,0
290728,290728,1,1,5,0,100,100,29072801,0,10,0,0,0,0,白波轻骑对飞熊军相克,白波轻骑对飞熊军相克,0,0,,,,,99,受兵种伤害-,0
290729,290729,1,1,5,0,100,100,29072901,0,10,0,0,0,0,白波轻骑对舷卫相克,白波轻骑对舷卫相克,0,0,,,,,99,受兵种伤害-,0
290730,290730,1,1,5,0,100,100,29073001,0,10,0,0,0,0,白波轻骑对黄巾兵相克,白波轻骑对黄巾兵相克,0,0,,,,,99,受兵种伤害-,0
290731,290731,1,1,5,0,100,100,29073101,0,10,0,0,0,0,白波轻骑对白毦兵相克,白波轻骑对白毦兵相克,0,0,,,,,99,受兵种伤害-,0
290732,290732,1,1,5,0,100,100,29073201,0,10,0,0,0,0,白波轻骑对乡勇步卒相克,白波轻骑对乡勇步卒相克,0,0,,,,,99,受兵种伤害-,0
290733,290733,1,1,5,0,100,100,29073301,0,10,0,0,0,0,白波轻骑对白波轻步相克,白波轻骑对白波轻步相克,0,0,,,,,99,受兵种伤害-,0
290734,290734,1,1,5,0,100,100,29073401,0,10,0,0,0,0,白波轻骑对黑山轻步相克,白波轻骑对黑山轻步相克,0,0,,,,,99,受兵种伤害-,0
290735,290735,1,1,5,0,100,100,29073501,0,10,0,0,0,0,白波轻骑对陷阵营相克,白波轻骑对陷阵营相克,0,0,,,,,99,受兵种伤害-,0
290736,290736,1,1,5,0,100,100,29073601,0,10,0,0,0,0,白波轻骑对黄巾轻步相克,白波轻骑对黄巾轻步相克,0,0,,,,,99,受兵种伤害-,0
290737,290737,1,1,5,0,100,100,29073701,0,10,0,0,0,0,白波轻骑对重垣军相克,白波轻骑对重垣军相克,0,0,,,,,99,受兵种伤害-,0
290738,290738,1,1,5,0,100,100,29073801,0,10,0,0,0,0,白波轻骑对乡勇轻骑相克,白波轻骑对乡勇轻骑相克,0,0,,,,,99,受兵种伤害-,0
290739,290739,1,1,5,0,100,100,29073901,0,10,0,0,0,0,黑山轻骑对乡勇弓手相克,黑山轻骑对乡勇弓手相克,0,0,,,,,99,受兵种伤害-,0
290740,290740,1,1,5,0,100,100,29074001,0,10,0,0,0,0,黑山轻骑对步兵相克,黑山轻骑对步兵相克,0,0,,,,,99,受兵种伤害-,0
290741,290741,1,1,5,0,100,100,29074101,0,10,0,0,0,0,黑山轻骑对重步兵相克,黑山轻骑对重步兵相克,0,0,,,,,99,受兵种伤害-,0
290742,290742,1,1,5,0,100,100,29074201,0,10,0,0,0,0,黑山轻骑对蛮兵相克,黑山轻骑对蛮兵相克,0,0,,,,,99,受兵种伤害-,0
290743,290743,1,1,5,0,100,100,29074301,0,10,0,0,0,0,黑山轻骑对禁卫相克,黑山轻骑对禁卫相克,0,0,,,,,99,受兵种伤害-,0
290744,290744,1,1,5,0,100,100,29074401,0,10,0,0,0,0,黑山轻骑对藤甲兵相克,黑山轻骑对藤甲兵相克,0,0,,,,,99,受兵种伤害-,0
290745,290745,1,1,5,0,100,100,29074501,0,10,0,0,0,0,黑山轻骑对飞熊军相克,黑山轻骑对飞熊军相克,0,0,,,,,99,受兵种伤害-,0
290746,290746,1,1,5,0,100,100,29074601,0,10,0,0,0,0,黑山轻骑对舷卫相克,黑山轻骑对舷卫相克,0,0,,,,,99,受兵种伤害-,0
290747,290747,1,1,5,0,100,100,29074701,0,10,0,0,0,0,黑山轻骑对黄巾兵相克,黑山轻骑对黄巾兵相克,0,0,,,,,99,受兵种伤害-,0
290748,290748,1,1,5,0,100,100,29074801,0,10,0,0,0,0,黑山轻骑对白毦兵相克,黑山轻骑对白毦兵相克,0,0,,,,,99,受兵种伤害-,0
290749,290749,1,1,5,0,100,100,29074901,0,10,0,0,0,0,黑山轻骑对乡勇步卒相克,黑山轻骑对乡勇步卒相克,0,0,,,,,99,受兵种伤害-,0
290750,290750,1,1,5,0,100,100,29075001,0,10,0,0,0,0,黑山轻骑对白波轻步相克,黑山轻骑对白波轻步相克,0,0,,,,,99,受兵种伤害-,0
290751,290751,1,1,5,0,100,100,29075101,0,10,0,0,0,0,黑山轻骑对黑山轻步相克,黑山轻骑对黑山轻步相克,0,0,,,,,99,受兵种伤害-,0
290752,290752,1,1,5,0,100,100,29075201,0,10,0,0,0,0,黑山轻骑对陷阵营相克,黑山轻骑对陷阵营相克,0,0,,,,,99,受兵种伤害-,0
290753,290753,1,1,5,0,100,100,29075301,0,10,0,0,0,0,黑山轻骑对黄巾轻步相克,黑山轻骑对黄巾轻步相克,0,0,,,,,99,受兵种伤害-,0
290754,290754,1,1,5,0,100,100,29075401,0,10,0,0,0,0,黑山轻骑对重垣军相克,黑山轻骑对重垣军相克,0,0,,,,,99,受兵种伤害-,0
290755,290755,1,1,5,0,100,100,29075501,0,10,0,0,0,0,黑山轻骑对乡勇轻骑相克,黑山轻骑对乡勇轻骑相克,0,0,,,,,99,受兵种伤害-,0
290756,290756,1,1,5,0,100,100,29075601,0,10,0,0,0,0,西凉铁骑对乡勇弓手相克,西凉铁骑对乡勇弓手相克,0,0,,,,,99,受兵种伤害-,0
290757,290757,1,1,5,0,100,100,29075701,0,10,0,0,0,0,西凉铁骑对步兵相克,西凉铁骑对步兵相克,0,0,,,,,99,受兵种伤害-,0
290758,290758,1,1,5,0,100,100,29075801,0,10,0,0,0,0,西凉铁骑对重步兵相克,西凉铁骑对重步兵相克,0,0,,,,,99,受兵种伤害-,0
290759,290759,1,1,5,0,100,100,29075901,0,10,0,0,0,0,西凉铁骑对蛮兵相克,西凉铁骑对蛮兵相克,0,0,,,,,99,受兵种伤害-,0
290760,290760,1,1,5,0,100,100,29076001,0,10,0,0,0,0,西凉铁骑对禁卫相克,西凉铁骑对禁卫相克,0,0,,,,,99,受兵种伤害-,0
290761,290761,1,1,5,0,100,100,29076101,0,10,0,0,0,0,西凉铁骑对藤甲兵相克,西凉铁骑对藤甲兵相克,0,0,,,,,99,受兵种伤害-,0
290762,290762,1,1,5,0,100,100,29076201,0,10,0,0,0,0,西凉铁骑对飞熊军相克,西凉铁骑对飞熊军相克,0,0,,,,,99,受兵种伤害-,0
290763,290763,1,1,5,0,100,100,29076301,0,10,0,0,0,0,西凉铁骑对舷卫相克,西凉铁骑对舷卫相克,0,0,,,,,99,受兵种伤害-,0
290764,290764,1,1,5,0,100,100,29076401,0,10,0,0,0,0,西凉铁骑对黄巾兵相克,西凉铁骑对黄巾兵相克,0,0,,,,,99,受兵种伤害-,0
290765,290765,1,1,5,0,100,100,29076501,0,10,0,0,0,0,西凉铁骑对白毦兵相克,西凉铁骑对白毦兵相克,0,0,,,,,99,受兵种伤害-,0
290766,290766,1,1,5,0,100,100,29076601,0,10,0,0,0,0,西凉铁骑对乡勇步卒相克,西凉铁骑对乡勇步卒相克,0,0,,,,,99,受兵种伤害-,0
290767,290767,1,1,5,0,100,100,29076701,0,10,0,0,0,0,西凉铁骑对白波轻步相克,西凉铁骑对白波轻步相克,0,0,,,,,99,受兵种伤害-,0
290768,290768,1,1,5,0,100,100,29076801,0,10,0,0,0,0,西凉铁骑对黑山轻步相克,西凉铁骑对黑山轻步相克,0,0,,,,,99,受兵种伤害-,0
290769,290769,1,1,5,0,100,100,29076901,0,10,0,0,0,0,西凉铁骑对陷阵营相克,西凉铁骑对陷阵营相克,0,0,,,,,99,受兵种伤害-,0
290770,290770,1,1,5,0,100,100,29077001,0,10,0,0,0,0,西凉铁骑对黄巾轻步相克,西凉铁骑对黄巾轻步相克,0,0,,,,,99,受兵种伤害-,0
290771,290771,1,1,5,0,100,100,29077101,0,10,0,0,0,0,西凉铁骑对重垣军相克,西凉铁骑对重垣军相克,0,0,,,,,99,受兵种伤害-,0
290772,290772,1,1,5,0,100,100,29077201,0,10,0,0,0,0,西凉铁骑对乡勇轻骑相克,西凉铁骑对乡勇轻骑相克,0,0,,,,,99,受兵种伤害-,0
290773,290773,1,1,5,0,100,100,29077301,0,10,0,0,0,0,伏龙军对乡勇弓手相克,伏龙军对乡勇弓手相克,0,0,,,,,99,受兵种伤害-,0
290774,290774,1,1,5,0,100,100,29077401,0,10,0,0,0,0,伏龙军对步兵相克,伏龙军对步兵相克,0,0,,,,,99,受兵种伤害-,0
290775,290775,1,1,5,0,100,100,29077501,0,10,0,0,0,0,伏龙军对重步兵相克,伏龙军对重步兵相克,0,0,,,,,99,受兵种伤害-,0
290776,290776,1,1,5,0,100,100,29077601,0,10,0,0,0,0,伏龙军对蛮兵相克,伏龙军对蛮兵相克,0,0,,,,,99,受兵种伤害-,0
290777,290777,1,1,5,0,100,100,29077701,0,10,0,0,0,0,伏龙军对禁卫相克,伏龙军对禁卫相克,0,0,,,,,99,受兵种伤害-,0
290778,290778,1,1,5,0,100,100,29077801,0,10,0,0,0,0,伏龙军对藤甲兵相克,伏龙军对藤甲兵相克,0,0,,,,,99,受兵种伤害-,0
290779,290779,1,1,5,0,100,100,29077901,0,10,0,0,0,0,伏龙军对飞熊军相克,伏龙军对飞熊军相克,0,0,,,,,99,受兵种伤害-,0
290780,290780,1,1,5,0,100,100,29078001,0,10,0,0,0,0,伏龙军对舷卫相克,伏龙军对舷卫相克,0,0,,,,,99,受兵种伤害-,0
290781,290781,1,1,5,0,100,100,29078101,0,10,0,0,0,0,伏龙军对黄巾兵相克,伏龙军对黄巾兵相克,0,0,,,,,99,受兵种伤害-,0
290782,290782,1,1,5,0,100,100,29078201,0,10,0,0,0,0,伏龙军对白毦兵相克,伏龙军对白毦兵相克,0,0,,,,,99,受兵种伤害-,0
290783,290783,1,1,5,0,100,100,29078301,0,10,0,0,0,0,伏龙军对乡勇步卒相克,伏龙军对乡勇步卒相克,0,0,,,,,99,受兵种伤害-,0
290784,290784,1,1,5,0,100,100,29078401,0,10,0,0,0,0,伏龙军对白波轻步相克,伏龙军对白波轻步相克,0,0,,,,,99,受兵种伤害-,0
290785,290785,1,1,5,0,100,100,29078501,0,10,0,0,0,0,伏龙军对黑山轻步相克,伏龙军对黑山轻步相克,0,0,,,,,99,受兵种伤害-,0
290786,290786,1,1,5,0,100,100,29078601,0,10,0,0,0,0,伏龙军对陷阵营相克,伏龙军对陷阵营相克,0,0,,,,,99,受兵种伤害-,0
290787,290787,1,1,5,0,100,100,29078701,0,10,0,0,0,0,伏龙军对黄巾轻步相克,伏龙军对黄巾轻步相克,0,0,,,,,99,受兵种伤害-,0
290788,290788,1,1,5,0,100,100,29078801,0,10,0,0,0,0,伏龙军对重垣军相克,伏龙军对重垣军相克,0,0,,,,,99,受兵种伤害-,0
290789,290789,1,1,5,0,100,100,29078901,0,10,0,0,0,0,伏龙军对乡勇轻骑相克,伏龙军对乡勇轻骑相克,0,0,,,,,99,受兵种伤害-,0
290790,290790,1,1,5,0,100,100,29079001,0,10,0,0,0,0,木牛流马对乡勇弓手相克,木牛流马对乡勇弓手相克,0,0,,,,,99,受兵种伤害-,0
290791,290791,1,1,5,0,100,100,29079101,0,10,0,0,0,0,木牛流马对步兵相克,木牛流马对步兵相克,0,0,,,,,99,受兵种伤害-,0
290792,290792,1,1,5,0,100,100,29079201,0,10,0,0,0,0,木牛流马对重步兵相克,木牛流马对重步兵相克,0,0,,,,,99,受兵种伤害-,0
290793,290793,1,1,5,0,100,100,29079301,0,10,0,0,0,0,木牛流马对蛮兵相克,木牛流马对蛮兵相克,0,0,,,,,99,受兵种伤害-,0
290794,290794,1,1,5,0,100,100,29079401,0,10,0,0,0,0,木牛流马对禁卫相克,木牛流马对禁卫相克,0,0,,,,,99,受兵种伤害-,0
290795,290795,1,1,5,0,100,100,29079501,0,10,0,0,0,0,木牛流马对藤甲兵相克,木牛流马对藤甲兵相克,0,0,,,,,99,受兵种伤害-,0
290796,290796,1,1,5,0,100,100,29079601,0,10,0,0,0,0,木牛流马对飞熊军相克,木牛流马对飞熊军相克,0,0,,,,,99,受兵种伤害-,0
290797,290797,1,1,5,0,100,100,29079701,0,10,0,0,0,0,木牛流马对舷卫相克,木牛流马对舷卫相克,0,0,,,,,99,受兵种伤害-,0
290798,290798,1,1,5,0,100,100,29079801,0,10,0,0,0,0,木牛流马对黄巾兵相克,木牛流马对黄巾兵相克,0,0,,,,,99,受兵种伤害-,0
290799,290799,1,1,5,0,100,100,29079901,0,10,0,0,0,0,木牛流马对白毦兵相克,木牛流马对白毦兵相克,0,0,,,,,99,受兵种伤害-,0
290800,290800,1,1,5,0,100,100,29080001,0,10,0,0,0,0,木牛流马对乡勇步卒相克,木牛流马对乡勇步卒相克,0,0,,,,,99,受兵种伤害-,0
290801,290801,1,1,5,0,100,100,29080101,0,10,0,0,0,0,木牛流马对白波轻步相克,木牛流马对白波轻步相克,0,0,,,,,99,受兵种伤害-,0
290802,290802,1,1,5,0,100,100,29080201,0,10,0,0,0,0,木牛流马对黑山轻步相克,木牛流马对黑山轻步相克,0,0,,,,,99,受兵种伤害-,0
290803,290803,1,1,5,0,100,100,29080301,0,10,0,0,0,0,木牛流马对陷阵营相克,木牛流马对陷阵营相克,0,0,,,,,99,受兵种伤害-,0
290804,290804,1,1,5,0,100,100,29080401,0,10,0,0,0,0,木牛流马对黄巾轻步相克,木牛流马对黄巾轻步相克,0,0,,,,,99,受兵种伤害-,0
290805,290805,1,1,5,0,100,100,29080501,0,10,0,0,0,0,木牛流马对重垣军相克,木牛流马对重垣军相克,0,0,,,,,99,受兵种伤害-,0
290806,290806,1,1,5,0,100,100,29080601,0,10,0,0,0,0,木牛流马对乡勇轻骑相克,木牛流马对乡勇轻骑相克,0,0,,,,,99,受兵种伤害-,0
290807,290807,1,1,5,0,100,100,29080701,0,10,0,0,0,0,弓兵对木牛流马相克,弓兵对木牛流马相克,0,0,,,,,99,受兵种伤害-,0
290808,290808,1,1,5,0,100,100,29080801,0,10,0,0,0,0,长弓兵对木牛流马相克,长弓兵对木牛流马相克,0,0,,,,,99,受兵种伤害-,0
290809,290809,1,1,5,0,100,100,29080901,0,10,0,0,0,0,弩兵对木牛流马相克,弩兵对木牛流马相克,0,0,,,,,99,受兵种伤害-,0
290810,290810,1,1,5,0,100,100,29081001,0,10,0,0,0,0,死士对木牛流马相克,死士对木牛流马相克,0,0,,,,,99,受兵种伤害-,0
290811,290811,1,1,5,0,100,100,29081101,0,10,0,0,0,0,连弩兵对木牛流马相克,连弩兵对木牛流马相克,0,0,,,,,99,受兵种伤害-,0
290812,290812,1,1,5,0,100,100,29081201,0,10,0,0,0,0,火矢兵对木牛流马相克,火矢兵对木牛流马相克,0,0,,,,,99,受兵种伤害-,0
290813,290813,1,1,5,0,100,100,29081301,0,10,0,0,0,0,无当飞军对木牛流马相克,无当飞军对木牛流马相克,0,0,,,,,99,受兵种伤害-,0
290814,290814,1,1,5,0,100,100,29081401,0,10,0,0,0,0,丹阳兵对木牛流马相克,丹阳兵对木牛流马相克,0,0,,,,,99,受兵种伤害-,0
290815,290815,1,1,5,0,100,100,29081501,0,10,0,0,0,0,黄巾长弓对木牛流马相克,黄巾长弓对木牛流马相克,0,0,,,,,99,受兵种伤害-,0
290816,290816,1,1,5,0,100,100,29081601,0,10,0,0,0,0,解烦兵对木牛流马相克,解烦兵对木牛流马相克,0,0,,,,,99,受兵种伤害-,0
290817,290817,1,1,5,0,100,100,29081701,0,10,0,0,0,0,白波长弓对木牛流马相克,白波长弓对木牛流马相克,0,0,,,,,99,受兵种伤害-,0
290818,290818,1,1,5,0,100,100,29081801,0,10,0,0,0,0,黑山长弓对木牛流马相克,黑山长弓对木牛流马相克,0,0,,,,,99,受兵种伤害-,0
290819,290819,1,1,5,0,100,100,29081901,0,10,0,0,0,0,耕战营对木牛流马相克,耕战营对木牛流马相克,0,0,,,,,99,受兵种伤害-,0
290820,290820,1,1,5,0,100,100,29082001,0,10,0,0,0,0,青囊兵对木牛流马相克,青囊兵对木牛流马相克,0,0,,,,,99,受兵种伤害-,0
290821,290821,1,1,5,0,100,100,29082101,0,10,0,0,0,0,长枪兵对木牛流马相克,长枪兵对木牛流马相克,0,0,,,,,99,受兵种伤害-,0
290822,290822,1,1,5,0,100,100,29082201,0,10,0,0,0,0,大戟士对木牛流马相克,大戟士对木牛流马相克,0,0,,,,,99,受兵种伤害-,0
290823,290823,1,1,5,0,100,100,29082301,0,10,0,0,0,0,白衣死士对弓兵相克,白衣死士对弓兵相克,0,0,,,,,99,受兵种伤害-,0
290824,290824,1,1,5,0,100,100,29082401,0,10,0,0,0,0,白衣死士对长弓兵相克,白衣死士对长弓兵相克,0,0,,,,,99,受兵种伤害-,0
290825,290825,1,1,5,0,100,100,29082501,0,10,0,0,0,0,白衣死士对弩兵相克,白衣死士对弩兵相克,0,0,,,,,99,受兵种伤害-,0
290826,290826,1,1,5,0,100,100,29082601,0,10,0,0,0,0,白衣死士对死士相克,白衣死士对死士相克,0,0,,,,,99,受兵种伤害-,0
290827,290827,1,1,5,0,100,100,29082701,0,10,0,0,0,0,白衣死士对连弩兵相克,白衣死士对连弩兵相克,0,0,,,,,99,受兵种伤害-,0
290828,290828,1,1,5,0,100,100,29082801,0,10,0,0,0,0,白衣死士对火矢兵相克,白衣死士对火矢兵相克,0,0,,,,,99,受兵种伤害-,0
290829,290829,1,1,5,0,100,100,29082901,0,10,0,0,0,0,白衣死士对无当飞军相克,白衣死士对无当飞军相克,0,0,,,,,99,受兵种伤害-,0
290830,290830,1,1,5,0,100,100,29083001,0,10,0,0,0,0,白衣死士对乡勇弓手相克,白衣死士对乡勇弓手相克,0,0,,,,,99,受兵种伤害-,0
290831,290831,1,1,5,0,100,100,29083101,0,10,0,0,0,0,白衣死士对丹阳兵相克,白衣死士对丹阳兵相克,0,0,,,,,99,受兵种伤害-,0
290832,290832,1,1,5,0,100,100,29083201,0,10,0,0,0,0,白衣死士对黄巾长弓相克,白衣死士对黄巾长弓相克,0,0,,,,,99,受兵种伤害-,0
290833,290833,1,1,5,0,100,100,29083301,0,10,0,0,0,0,白衣死士对解烦兵相克,白衣死士对解烦兵相克,0,0,,,,,99,受兵种伤害-,0
290834,290834,1,1,5,0,100,100,29083401,0,10,0,0,0,0,白衣死士对白波长弓相克,白衣死士对白波长弓相克,0,0,,,,,99,受兵种伤害-,0
290835,290835,1,1,5,0,100,100,29083501,0,10,0,0,0,0,白衣死士对黑山长弓相克,白衣死士对黑山长弓相克,0,0,,,,,99,受兵种伤害-,0
290836,290836,1,1,5,0,100,100,29083601,0,10,0,0,0,0,白衣死士对耕战营相克,白衣死士对耕战营相克,0,0,,,,,99,受兵种伤害-,0
290837,290837,1,1,5,0,100,100,29083701,0,10,0,0,0,0,白衣死士对青囊兵相克,白衣死士对青囊兵相克,0,0,,,,,99,受兵种伤害-,0
290838,290838,1,1,5,0,100,100,29083801,0,10,0,0,0,0,白衣死士对大戟士相克,白衣死士对大戟士相克,0,0,,,,,99,受兵种伤害-,0
290839,290839,1,1,5,0,100,100,29083901,0,10,0,0,0,0,白衣死士对乡勇步卒相克,白衣死士对乡勇步卒相克,0,0,,,,,99,受兵种伤害-,0
290840,290840,1,1,5,0,100,100,29084001,0,10,0,0,0,0,白衣死士对乡勇轻骑相克,白衣死士对乡勇轻骑相克,0,0,,,,,99,受兵种伤害-,0
290841,290841,1,1,5,0,100,100,29084101,0,10,0,0,0,0,骑兵对白衣死士相克,骑兵对白衣死士相克,0,0,,,,,99,受兵种伤害-,0
290842,290842,1,1,5,0,100,100,29084201,0,10,0,0,0,0,重骑兵对白衣死士相克,重骑兵对白衣死士相克,0,0,,,,,99,受兵种伤害-,0
290843,290843,1,1,5,0,100,100,29084301,0,10,0,0,0,0,轻骑兵对白衣死士相克,轻骑兵对白衣死士相克,0,0,,,,,99,受兵种伤害-,0
290844,290844,1,1,5,0,100,100,29084401,0,10,0,0,0,0,弓骑兵对白衣死士相克,弓骑兵对白衣死士相克,0,0,,,,,99,受兵种伤害-,0
290845,290845,1,1,5,0,100,100,29084501,0,10,0,0,0,0,铁骑兵对白衣死士相克,铁骑兵对白衣死士相克,0,0,,,,,99,受兵种伤害-,0
290846,290846,1,1,5,0,100,100,29084601,0,10,0,0,0,0,象兵对白衣死士相克,象兵对白衣死士相克,0,0,,,,,99,受兵种伤害-,0
290847,290847,1,1,5,0,100,100,29084701,0,10,0,0,0,0,羽林骑对白衣死士相克,羽林骑对白衣死士相克,0,0,,,,,99,受兵种伤害-,0
290848,290848,1,1,5,0,100,100,29084801,0,10,0,0,0,0,白马义从对白衣死士相克,白马义从对白衣死士相克,0,0,,,,,99,受兵种伤害-,0
290849,290849,1,1,5,0,100,100,29084901,0,10,0,0,0,0,虎豹骑对白衣死士相克,虎豹骑对白衣死士相克,0,0,,,,,99,受兵种伤害-,0
290850,290850,1,1,5,0,100,100,29085001,0,10,0,0,0,0,黄巾轻骑对白衣死士相克,黄巾轻骑对白衣死士相克,0,0,,,,,99,受兵种伤害-,0
290851,290851,1,1,5,0,100,100,29085101,0,10,0,0,0,0,白波轻骑对白衣死士相克,白波轻骑对白衣死士相克,0,0,,,,,99,受兵种伤害-,0
290852,290852,1,1,5,0,100,100,29085201,0,10,0,0,0,0,黑山轻骑对白衣死士相克,黑山轻骑对白衣死士相克,0,0,,,,,99,受兵种伤害-,0
290853,290853,1,1,5,0,100,100,29085301,0,10,0,0,0,0,西凉铁骑对白衣死士相克,西凉铁骑对白衣死士相克,0,0,,,,,99,受兵种伤害-,0
290854,290854,1,1,5,0,100,100,29085401,0,10,0,0,0,0,伏龙军对白衣死士相克,伏龙军对白衣死士相克,0,0,,,,,99,受兵种伤害-,0
290855,290855,1,1,5,0,100,100,29085501,0,10,0,0,0,0,木牛流马对白衣死士相克,木牛流马对白衣死士相克,0,0,,,,,99,受兵种伤害-,0
291001,291001,1,1,5,0,100,100,29100101,0,8,0,0,0,0,2骑兵属性加成,2骑兵加成-技能,0,0,,,,,101,攻击属性提高,0
291002,291002,1,1,5,0,100,100,29100201,0,8,0,0,0,0,3骑兵属性加成,3骑兵加成-技能,0,0,,,,,101,攻击属性提高,0
291003,291003,1,1,5,0,100,100,29100301,0,8,0,0,0,0,2步兵属性加成,2步兵加成-技能,0,0,,,,,101,攻击属性提高,0
291004,291004,1,1,5,0,100,100,29100401,0,8,0,0,0,0,3步兵属性加成,3步兵加成-技能,0,0,,,,,101,攻击属性提高,0
291005,291005,1,1,5,0,100,100,29100501,0,8,0,0,0,0,2弓兵属性加成,2弓兵加成-技能,0,0,,,,,102,防御属性提高,0
291006,291006,1,1,5,0,100,100,29100601,0,8,0,0,0,0,3弓兵属性加成,3弓兵加成-技能,0,0,,,,,102,防御属性提高,0
292001,292001,1,1,6,0,100,100,29200101,0,5,0,0,0,0,军师加成,军师加成,0,0,,,,,101,攻击属性提高,0
293001,293001,1,1,5,0,100,100,29300101,0,9,0,0,0,0,汉朝皇族 组合加成,汉朝皇族,0,0,,,,,102,防御属性提高,0
293002,293002,1,1,5,0,100,100,29300201,0,9,0,0,0,0,献帝父子 组合加成,献帝父子,0,0,,,,,102,防御属性提高,0
293003,293003,1,1,5,0,100,100,29300301,0,9,0,0,0,0,少帝父子 组合加成,少帝父子,0,0,,,,,102,防御属性提高,0
293004,293004,1,1,5,0,100,100,29300401,0,9,0,0,0,0,汉朝仕官 组合加成,汉朝仕官,0,0,,,,,102,防御属性提高,0
293005,293005,1,1,5,0,100,100,29300501,0,9,0,0,0,0,汉朝官军 组合加成,汉朝官军,0,0,,,,,101,攻击属性提高,0
293006,293006,1,1,5,0,100,100,29300601,0,9,0,0,0,0,末路尽忠 组合加成,末路尽忠,0,0,,,,,102,防御属性提高,0
293007,293007,1,1,5,0,100,100,29300701,0,9,0,0,0,0,末路尽忠 组合加成,末路尽忠,0,0,,,,,102,防御属性提高,0
293008,293008,1,1,5,0,100,100,29300801,0,9,0,0,0,0,末路尽忠 组合加成,末路尽忠,0,0,,,,,102,防御属性提高,0
293009,293009,1,1,5,0,100,100,29300901,0,9,0,0,0,0,末路尽忠 组合加成,末路尽忠,0,0,,,,,102,防御属性提高,0
293010,293010,1,1,5,0,100,100,29301001,0,9,0,0,0,0,宦官斗外戚 组合加成,宦官斗外戚,0,0,,,,,106,攻击距离提高,0
293011,293011,1,1,5,0,100,100,29301101,0,9,0,0,0,0,潜龙在渊 组合加成,潜龙在渊,0,0,,,,,101,攻击属性提高,0
293012,293012,1,1,5,0,100,100,29301201,0,9,0,0,0,0,魏之智 组合加成,魏之智,0,0,,,,,103,谋略属性提高,0
293013,293013,1,1,5,0,100,100,29301301,0,9,0,0,0,0,魏之智 组合加成,魏之智,0,0,,,,,103,谋略属性提高,0
293014,293014,1,1,5,0,100,100,29301401,0,9,0,0,0,0,魏之智 组合加成,魏之智,0,0,,,,,103,谋略属性提高,0
293015,293015,1,1,5,0,100,100,29301501,0,9,0,0,0,0,魏之智 组合加成,魏之智,0,0,,,,,103,谋略属性提高,0
293016,293016,1,1,5,0,100,100,29301601,0,9,0,0,0,0,魏武强将 组合加成,魏武强将,0,0,,,,,101,攻击属性提高,0
293017,293017,1,1,5,0,100,100,29301701,0,9,0,0,0,0,魏武强将 组合加成,魏武强将,0,0,,,,,101,攻击属性提高,0
293018,293018,1,1,5,0,100,100,29301801,0,9,0,0,0,0,魏武强将 组合加成,魏武强将,0,0,,,,,101,攻击属性提高,0
293019,293019,1,1,5,0,100,100,29301901,0,9,0,0,0,0,魏武强将 组合加成,魏武强将,0,0,,,,,101,攻击属性提高,0
293020,293020,1,1,5,0,100,100,29302001,0,9,0,0,0,0,魏武强将 组合加成,魏武强将,0,0,,,,,101,攻击属性提高,0
293021,293021,1,1,5,0,100,100,29302101,0,9,0,0,0,0,魏武强将 组合加成,魏武强将,0,0,,,,,101,攻击属性提高,0
293022,293022,1,1,5,0,100,100,29302201,0,9,0,0,0,0,魏武强将 组合加成,魏武强将,0,0,,,,,101,攻击属性提高,0
293023,293023,1,1,5,0,100,100,29302301,0,9,0,0,0,0,魏武强将 组合加成,魏武强将,0,0,,,,,101,攻击属性提高,0
293024,293024,1,1,5,0,100,100,29302401,0,9,0,0,0,0,魏武强将 组合加成,魏武强将,0,0,,,,,101,攻击属性提高,0
293025,293025,1,1,5,0,100,100,29302501,0,9,0,0,0,0,魏武强将 组合加成,魏武强将,0,0,,,,,101,攻击属性提高,0
293026,293026,1,1,5,0,100,100,29302601,0,9,0,0,0,0,五子良将 组合加成,五子良将,0,0,,,,,101,攻击属性提高,0
293027,293027,1,1,5,0,100,100,29302701,0,9,0,0,0,0,五子良将 组合加成,五子良将,0,0,,,,,101,攻击属性提高,0
293028,293028,1,1,5,0,100,100,29302801,0,9,0,0,0,0,五子良将 组合加成,五子良将,0,0,,,,,101,攻击属性提高,0
293029,293029,1,1,5,0,100,100,29302901,0,9,0,0,0,0,五子良将 组合加成,五子良将,0,0,,,,,101,攻击属性提高,0
293030,293030,1,1,5,0,100,100,29303001,0,9,0,0,0,0,五子良将 组合加成,五子良将,0,0,,,,,101,攻击属性提高,0
293031,293031,1,1,5,0,100,100,29303101,0,9,0,0,0,0,五子良将 组合加成,五子良将,0,0,,,,,101,攻击属性提高,0
293032,293032,1,1,5,0,100,100,29303201,0,9,0,0,0,0,五子良将 组合加成,五子良将,0,0,,,,,101,攻击属性提高,0
293033,293033,1,1,5,0,100,100,29303301,0,9,0,0,0,0,五子良将 组合加成,五子良将,0,0,,,,,101,攻击属性提高,0
293034,293034,1,1,5,0,100,100,29303401,0,9,0,0,0,0,五子良将 组合加成,五子良将,0,0,,,,,101,攻击属性提高,0
293035,293035,1,1,5,0,100,100,29303501,0,9,0,0,0,0,五子良将 组合加成,五子良将,0,0,,,,,101,攻击属性提高,0
293036,293036,1,1,5,0,100,100,29303601,0,9,0,0,0,0,孟德之子 组合加成,孟德之子,0,0,,,,,101,攻击属性提高,0
293037,293037,1,1,5,0,100,100,29303701,0,9,0,0,0,0,孟德之子 组合加成,孟德之子,0,0,,,,,101,攻击属性提高,0
293038,293038,1,1,5,0,100,100,29303801,0,9,0,0,0,0,孟德之子 组合加成,孟德之子,0,0,,,,,101,攻击属性提高,0
293039,293039,1,1,5,0,100,100,29303901,0,9,0,0,0,0,孟德之子 组合加成,孟德之子,0,0,,,,,101,攻击属性提高,0
293040,293040,1,1,5,0,100,100,29304001,0,9,0,0,0,0,蜀之智 组合加成,蜀之智,0,0,,,,,103,谋略属性提高,0
293041,293041,1,1,5,0,100,100,29304101,0,9,0,0,0,0,蜀之智 组合加成,蜀之智,0,0,,,,,103,谋略属性提高,0
293042,293042,1,1,5,0,100,100,29304201,0,9,0,0,0,0,蜀之智 组合加成,蜀之智,0,0,,,,,103,谋略属性提高,0
293043,293043,1,1,5,0,100,100,29304301,0,9,0,0,0,0,蜀之智 组合加成,蜀之智,0,0,,,,,103,谋略属性提高,0
293044,293044,1,1,5,0,100,100,29304401,0,9,0,0,0,0,五虎上将 组合加成,五虎上将,0,0,,,,,101,攻击属性提高,0
293045,293045,1,1,5,0,100,100,29304501,0,9,0,0,0,0,五虎上将 组合加成,五虎上将,0,0,,,,,101,攻击属性提高,0
293046,293046,1,1,5,0,100,100,29304601,0,9,0,0,0,0,五虎上将 组合加成,五虎上将,0,0,,,,,101,攻击属性提高,0
293047,293047,1,1,5,0,100,100,29304701,0,9,0,0,0,0,五虎上将 组合加成,五虎上将,0,0,,,,,101,攻击属性提高,0
293048,293048,1,1,5,0,100,100,29304801,0,9,0,0,0,0,五虎上将 组合加成,五虎上将,0,0,,,,,101,攻击属性提高,0
293049,293049,1,1,5,0,100,100,29304901,0,9,0,0,0,0,五虎上将 组合加成,五虎上将,0,0,,,,,101,攻击属性提高,0
293050,293050,1,1,5,0,100,100,29305001,0,9,0,0,0,0,五虎上将 组合加成,五虎上将,0,0,,,,,101,攻击属性提高,0
293051,293051,1,1,5,0,100,100,29305101,0,9,0,0,0,0,五虎上将 组合加成,五虎上将,0,0,,,,,101,攻击属性提高,0
293052,293052,1,1,5,0,100,100,29305201,0,9,0,0,0,0,五虎上将 组合加成,五虎上将,0,0,,,,,101,攻击属性提高,0
293053,293053,1,1,5,0,100,100,29305301,0,9,0,0,0,0,五虎上将 组合加成,五虎上将,0,0,,,,,101,攻击属性提高,0
293054,293054,1,1,5,0,100,100,29305401,0,9,0,0,0,0,五虎上将 组合加成,五虎上将,0,0,,,,,101,攻击属性提高,0
293055,293055,1,1,5,0,100,100,29305501,0,9,0,0,0,0,五虎上将 组合加成,五虎上将,0,0,,,,,101,攻击属性提高,0
293056,293056,1,1,5,0,100,100,29305601,0,9,0,0,0,0,五虎上将 组合加成,五虎上将,0,0,,,,,101,攻击属性提高,0
293057,293057,1,1,5,0,100,100,29305701,0,9,0,0,0,0,五虎上将 组合加成,五虎上将,0,0,,,,,101,攻击属性提高,0
293058,293058,1,1,5,0,100,100,29305801,0,9,0,0,0,0,五虎上将 组合加成,五虎上将,0,0,,,,,101,攻击属性提高,0
293059,293059,1,1,5,0,100,100,29305901,0,9,0,0,0,0,五虎上将 组合加成,五虎上将,0,0,,,,,101,攻击属性提高,0
293060,293060,1,1,5,0,100,100,29306001,0,9,0,0,0,0,枭雄父子 组合加成,枭雄父子,0,0,,,,,101,攻击属性提高,0
293061,293061,1,1,5,0,100,100,29306101,0,9,0,0,0,0,枭雄父子 组合加成,枭雄父子,0,0,,,,,101,攻击属性提高,0
293062,293062,1,1,5,0,100,100,29306201,0,9,0,0,0,0,桃园结义 组合加成,桃园结义,0,0,,,,,102,防御属性提高,0
293063,293063,1,1,5,0,100,100,29306301,0,9,0,0,0,0,桃园结义 组合加成,桃园结义,0,0,,,,,102,防御属性提高,0
293064,293064,1,1,5,0,100,100,29306401,0,9,0,0,0,0,苦肉计 组合加成,苦肉计,0,0,,,,,101,攻击属性提高,0
293065,293065,1,1,5,0,100,100,29306501,0,9,0,0,0,0,苦肉计 组合加成,苦肉计,0,0,,,,,101,攻击属性提高,0
293066,293066,1,1,5,0,100,100,29306601,0,9,0,0,0,0,苦肉计 组合加成,苦肉计,0,0,,,,,101,攻击属性提高,0
293067,293067,1,1,5,0,100,100,29306701,0,9,0,0,0,0,苦肉计 组合加成,苦肉计,0,0,,,,,101,攻击属性提高,0
293068,293068,1,1,5,0,100,100,29306801,0,9,0,0,0,0,二乔 组合加成,二乔,0,0,,,,,103,谋略属性提高,0
293069,293069,1,1,5,0,100,100,29306901,0,9,0,0,0,0,二乔 组合加成,二乔,0,0,,,,,103,谋略属性提高,0
293070,293070,1,1,5,0,100,100,29307001,0,9,0,0,0,0,二乔 组合加成,二乔,0,0,,,,,103,谋略属性提高,0
293071,293071,1,1,5,0,100,100,29307101,0,9,0,0,0,0,二乔 组合加成,二乔,0,0,,,,,103,谋略属性提高,0
293072,293072,1,1,5,0,100,100,29307201,0,9,0,0,0,0,东吴老将 组合加成,东吴老将,0,0,,,,,101,攻击属性提高,0
293073,293073,1,1,5,0,100,100,29307301,0,9,0,0,0,0,东吴老将 组合加成,东吴老将,0,0,,,,,101,攻击属性提高,0
293074,293074,1,1,5,0,100,100,29307401,0,9,0,0,0,0,东吴老将 组合加成,东吴老将,0,0,,,,,101,攻击属性提高,0
293075,293075,1,1,5,0,100,100,29307501,0,9,0,0,0,0,东吴老将 组合加成,东吴老将,0,0,,,,,101,攻击属性提高,0
293076,293076,1,1,5,0,100,100,29307601,0,9,0,0,0,0,东吴老将 组合加成,东吴老将,0,0,,,,,101,攻击属性提高,0
293077,293077,1,1,5,0,100,100,29307701,0,9,0,0,0,0,东吴老将 组合加成,东吴老将,0,0,,,,,101,攻击属性提高,0
293078,293078,1,1,5,0,100,100,29307801,0,9,0,0,0,0,东吴老将 组合加成,东吴老将,0,0,,,,,101,攻击属性提高,0
293079,293079,1,1,5,0,100,100,29307901,0,9,0,0,0,0,东吴大都督 组合加成,东吴大都督,0,0,,,,,103,谋略属性提高,0
293080,293080,1,1,5,0,100,100,29308001,0,9,0,0,0,0,东吴大都督 组合加成,东吴大都督,0,0,,,,,103,谋略属性提高,0
293081,293081,1,1,5,0,100,100,29308101,0,9,0,0,0,0,东吴大都督 组合加成,东吴大都督,0,0,,,,,103,谋略属性提高,0
293082,293082,1,1,5,0,100,100,29308201,0,9,0,0,0,0,东吴大都督 组合加成,东吴大都督,0,0,,,,,103,谋略属性提高,0
293083,293083,1,1,5,0,100,100,29308301,0,9,0,0,0,0,东吴大都督 组合加成,东吴大都督,0,0,,,,,103,谋略属性提高,0
293084,293084,1,1,5,0,100,100,29308401,0,9,0,0,0,0,东吴大都督 组合加成,东吴大都督,0,0,,,,,103,谋略属性提高,0
293085,293085,1,1,5,0,100,100,29308501,0,9,0,0,0,0,东吴大都督 组合加成,东吴大都督,0,0,,,,,103,谋略属性提高,0
293086,293086,1,1,5,0,100,100,29308601,0,9,0,0,0,0,纵横江海 组合加成,纵横江海,0,0,,,,,102,防御属性提高,0
293087,293087,1,1,5,0,100,100,29308701,0,9,0,0,0,0,纵横江海 组合加成,纵横江海,0,0,,,,,102,防御属性提高,0
293088,293088,1,1,5,0,100,100,29308801,0,9,0,0,0,0,吴之智 组合加成,吴之智,0,0,,,,,103,谋略属性提高,0
293089,293089,1,1,5,0,100,100,29308901,0,9,0,0,0,0,吴之智 组合加成,吴之智,0,0,,,,,103,谋略属性提高,0
293090,293090,1,1,5,0,100,100,29309001,0,9,0,0,0,0,吴之智 组合加成,吴之智,0,0,,,,,103,谋略属性提高,0
293091,293091,1,1,5,0,100,100,29309101,0,9,0,0,0,0,吴之智 组合加成,吴之智,0,0,,,,,103,谋略属性提高,0
293092,293092,1,1,5,0,100,100,29309201,0,9,0,0,0,0,黄巾游勇 组合加成,黄巾游勇,0,0,,,,,101,攻击属性提高,0
293093,293093,1,1,5,0,100,100,29309301,0,9,0,0,0,0,黄巾游勇 组合加成,黄巾游勇,0,0,,,,,101,攻击属性提高,0
293094,293094,1,1,5,0,100,100,29309401,0,9,0,0,0,0,黄巾游勇 组合加成,黄巾游勇,0,0,,,,,101,攻击属性提高,0
293095,293095,1,1,5,0,100,100,29309501,0,9,0,0,0,0,黄巾游勇 组合加成,黄巾游勇,0,0,,,,,101,攻击属性提高,0
293096,293096,1,1,5,0,100,100,29309601,0,9,0,0,0,0,苍天已死 组合加成,苍天已死,0,0,,,,,103,谋略属性提高,0
293097,293097,1,1,5,0,100,100,29309701,0,9,0,0,0,0,驰马西凉 组合加成,驰马西凉,0,0,,,,,102,防御属性提高,0
293098,293098,1,1,5,0,100,100,29309801,0,9,0,0,0,0,驰马西凉 组合加成,驰马西凉,0,0,,,,,102,防御属性提高,0
293099,293099,1,1,5,0,100,100,29309901,0,9,0,0,0,0,驰马西凉 组合加成,驰马西凉,0,0,,,,,102,防御属性提高,0
293100,293100,1,1,5,0,100,100,29310001,0,9,0,0,0,0,驰马西凉 组合加成,驰马西凉,0,0,,,,,102,防御属性提高,0
293101,293101,1,1,5,0,100,100,29310101,0,9,0,0,0,0,驰马西凉 组合加成,驰马西凉,0,0,,,,,102,防御属性提高,0
293102,293102,1,1,5,0,100,100,29310201,0,9,0,0,0,0,驰马西凉 组合加成,驰马西凉,0,0,,,,,102,防御属性提高,0
293103,293103,1,1,5,0,100,100,29310301,0,9,0,0,0,0,驰马西凉 组合加成,驰马西凉,0,0,,,,,102,防御属性提高,0
293104,293104,1,1,5,0,100,100,29310401,0,9,0,0,0,0,黄巾强将 组合加成,黄巾强将,0,0,,,,,105,攻城属性提高,0
293105,293105,1,1,5,0,100,100,29310501,0,9,0,0,0,0,河北四庭柱 组合加成,河北四庭柱,0,0,,,,,101,攻击属性提高,0
293106,293106,1,1,5,0,100,100,29310601,0,9,0,0,0,0,河北四庭柱 组合加成,河北四庭柱,0,0,,,,,101,攻击属性提高,0
293107,293107,1,1,5,0,100,100,29310701,0,9,0,0,0,0,河北四庭柱 组合加成,河北四庭柱,0,0,,,,,101,攻击属性提高,0
293108,293108,1,1,5,0,100,100,29310801,0,9,0,0,0,0,河北四庭柱 组合加成,河北四庭柱,0,0,,,,,101,攻击属性提高,0
293109,293109,1,1,5,0,100,100,29310901,0,9,0,0,0,0,旗本八骑 组合加成,旗本八骑,0,0,,,,,104,速度属性提高,0
293110,293110,1,1,5,0,100,100,29311001,0,9,0,0,0,0,旗本八骑 组合加成,旗本八骑,0,0,,,,,104,速度属性提高,0
293111,293111,1,1,5,0,100,100,29311101,0,9,0,0,0,0,旗本八骑 组合加成,旗本八骑,0,0,,,,,104,速度属性提高,0
293112,293112,1,1,5,0,100,100,29311201,0,9,0,0,0,0,旗本八骑 组合加成,旗本八骑,0,0,,,,,104,速度属性提高,0
293113,293113,1,1,5,0,100,100,29311301,0,9,0,0,0,0,旗本八骑 组合加成,旗本八骑,0,0,,,,,104,速度属性提高,0
293114,293114,1,1,5,0,100,100,29311401,0,9,0,0,0,0,旗本八骑 组合加成,旗本八骑,0,0,,,,,104,速度属性提高,0
293115,293115,1,1,5,0,100,100,29311501,0,9,0,0,0,0,旗本八骑 组合加成,旗本八骑,0,0,,,,,104,速度属性提高,0
293116,293116,1,1,5,0,100,100,29311601,0,9,0,0,0,0,旗本八骑 组合加成,旗本八骑,0,0,,,,,104,速度属性提高,0
293117,293117,1,1,5,0,100,100,29311701,0,9,0,0,0,0,旗本八骑 组合加成,旗本八骑,0,0,,,,,104,速度属性提高,0
293118,293118,1,1,5,0,100,100,29311801,0,9,0,0,0,0,旗本八骑 组合加成,旗本八骑,0,0,,,,,104,速度属性提高,0
293119,293119,1,1,5,0,100,100,29311901,0,9,0,0,0,0,旗本八骑 组合加成,旗本八骑,0,0,,,,,104,速度属性提高,0
293120,293120,1,1,5,0,100,100,29312001,0,9,0,0,0,0,旗本八骑 组合加成,旗本八骑,0,0,,,,,104,速度属性提高,0
293121,293121,1,1,5,0,100,100,29312101,0,9,0,0,0,0,旗本八骑 组合加成,旗本八骑,0,0,,,,,104,速度属性提高,0
293122,293122,1,1,5,0,100,100,29312201,0,9,0,0,0,0,旗本八骑 组合加成,旗本八骑,0,0,,,,,104,速度属性提高,0
293123,293123,1,1,5,0,100,100,29312301,0,9,0,0,0,0,旗本八骑 组合加成,旗本八骑,0,0,,,,,104,速度属性提高,0
293124,293124,1,1,5,0,100,100,29312401,0,9,0,0,0,0,旗本八骑 组合加成,旗本八骑,0,0,,,,,104,速度属性提高,0
293125,293125,1,1,5,0,100,100,29312501,0,9,0,0,0,0,旗本八骑 组合加成,旗本八骑,0,0,,,,,104,速度属性提高,0
293126,293126,1,1,5,0,100,100,29312601,0,9,0,0,0,0,旗本八骑 组合加成,旗本八骑,0,0,,,,,104,速度属性提高,0
293127,293127,1,1,5,0,100,100,29312701,0,9,0,0,0,0,旗本八骑 组合加成,旗本八骑,0,0,,,,,104,速度属性提高,0
293128,293128,1,1,5,0,100,100,29312801,0,9,0,0,0,0,旗本八骑 组合加成,旗本八骑,0,0,,,,,104,速度属性提高,0
293129,293129,1,1,5,0,100,100,29312901,0,9,0,0,0,0,旗本八骑 组合加成,旗本八骑,0,0,,,,,104,速度属性提高,0
293130,293130,1,1,5,0,100,100,29313001,0,9,0,0,0,0,旗本八骑 组合加成,旗本八骑,0,0,,,,,104,速度属性提高,0
293131,293131,1,1,5,0,100,100,29313101,0,9,0,0,0,0,旗本八骑 组合加成,旗本八骑,0,0,,,,,104,速度属性提高,0
293132,293132,1,1,5,0,100,100,29313201,0,9,0,0,0,0,旗本八骑 组合加成,旗本八骑,0,0,,,,,104,速度属性提高,0
293133,293133,1,1,5,0,100,100,29313301,0,9,0,0,0,0,旗本八骑 组合加成,旗本八骑,0,0,,,,,104,速度属性提高,0
293134,293134,1,1,5,0,100,100,29313401,0,9,0,0,0,0,旗本八骑 组合加成,旗本八骑,0,0,,,,,104,速度属性提高,0
293135,293135,1,1,5,0,100,100,29313501,0,9,0,0,0,0,旗本八骑 组合加成,旗本八骑,0,0,,,,,104,速度属性提高,0
293136,293136,1,1,5,0,100,100,29313601,0,9,0,0,0,0,旗本八骑 组合加成,旗本八骑,0,0,,,,,104,速度属性提高,0
293137,293137,1,1,5,0,100,100,29313701,0,9,0,0,0,0,旗本八骑 组合加成,旗本八骑,0,0,,,,,104,速度属性提高,0
293138,293138,1,1,5,0,100,100,29313801,0,9,0,0,0,0,旗本八骑 组合加成,旗本八骑,0,0,,,,,104,速度属性提高,0
293139,293139,1,1,5,0,100,100,29313901,0,9,0,0,0,0,旗本八骑 组合加成,旗本八骑,0,0,,,,,104,速度属性提高,0
293140,293140,1,1,5,0,100,100,29314001,0,9,0,0,0,0,旗本八骑 组合加成,旗本八骑,0,0,,,,,104,速度属性提高,0
293141,293141,1,1,5,0,100,100,29314101,0,9,0,0,0,0,旗本八骑 组合加成,旗本八骑,0,0,,,,,104,速度属性提高,0
293142,293142,1,1,5,0,100,100,29314201,0,9,0,0,0,0,旗本八骑 组合加成,旗本八骑,0,0,,,,,104,速度属性提高,0
293143,293143,1,1,5,0,100,100,29314301,0,9,0,0,0,0,旗本八骑 组合加成,旗本八骑,0,0,,,,,104,速度属性提高,0
293144,293144,1,1,5,0,100,100,29314401,0,9,0,0,0,0,旗本八骑 组合加成,旗本八骑,0,0,,,,,104,速度属性提高,0
293145,293145,1,1,5,0,100,100,29314501,0,9,0,0,0,0,旗本八骑 组合加成,旗本八骑,0,0,,,,,104,速度属性提高,0
293146,293146,1,1,5,0,100,100,29314601,0,9,0,0,0,0,旗本八骑 组合加成,旗本八骑,0,0,,,,,104,速度属性提高,0
293147,293147,1,1,5,0,100,100,29314701,0,9,0,0,0,0,旗本八骑 组合加成,旗本八骑,0,0,,,,,104,速度属性提高,0
293148,293148,1,1,5,0,100,100,29314801,0,9,0,0,0,0,旗本八骑 组合加成,旗本八骑,0,0,,,,,104,速度属性提高,0
293149,293149,1,1,5,0,100,100,29314901,0,9,0,0,0,0,旗本八骑 组合加成,旗本八骑,0,0,,,,,104,速度属性提高,0
293150,293150,1,1,5,0,100,100,29315001,0,9,0,0,0,0,旗本八骑 组合加成,旗本八骑,0,0,,,,,104,速度属性提高,0
293151,293151,1,1,5,0,100,100,29315101,0,9,0,0,0,0,旗本八骑 组合加成,旗本八骑,0,0,,,,,104,速度属性提高,0
293152,293152,1,1,5,0,100,100,29315201,0,9,0,0,0,0,旗本八骑 组合加成,旗本八骑,0,0,,,,,104,速度属性提高,0
293153,293153,1,1,5,0,100,100,29315301,0,9,0,0,0,0,旗本八骑 组合加成,旗本八骑,0,0,,,,,104,速度属性提高,0
293154,293154,1,1,5,0,100,100,29315401,0,9,0,0,0,0,旗本八骑 组合加成,旗本八骑,0,0,,,,,104,速度属性提高,0
293155,293155,1,1,5,0,100,100,29315501,0,9,0,0,0,0,旗本八骑 组合加成,旗本八骑,0,0,,,,,104,速度属性提高,0
293156,293156,1,1,5,0,100,100,29315601,0,9,0,0,0,0,旗本八骑 组合加成,旗本八骑,0,0,,,,,104,速度属性提高,0
293157,293157,1,1,5,0,100,100,29315701,0,9,0,0,0,0,旗本八骑 组合加成,旗本八骑,0,0,,,,,104,速度属性提高,0
293158,293158,1,1,5,0,100,100,29315801,0,9,0,0,0,0,旗本八骑 组合加成,旗本八骑,0,0,,,,,104,速度属性提高,0
293159,293159,1,1,5,0,100,100,29315901,0,9,0,0,0,0,旗本八骑 组合加成,旗本八骑,0,0,,,,,104,速度属性提高,0
293160,293160,1,1,5,0,100,100,29316001,0,9,0,0,0,0,旗本八骑 组合加成,旗本八骑,0,0,,,,,104,速度属性提高,0
293161,293161,1,1,5,0,100,100,29316101,0,9,0,0,0,0,旗本八骑 组合加成,旗本八骑,0,0,,,,,104,速度属性提高,0
293162,293162,1,1,5,0,100,100,29316201,0,9,0,0,0,0,旗本八骑 组合加成,旗本八骑,0,0,,,,,104,速度属性提高,0
293163,293163,1,1,5,0,100,100,29316301,0,9,0,0,0,0,旗本八骑 组合加成,旗本八骑,0,0,,,,,104,速度属性提高,0
293164,293164,1,1,5,0,100,100,29316401,0,9,0,0,0,0,旗本八骑 组合加成,旗本八骑,0,0,,,,,104,速度属性提高,0
293165,293165,1,1,5,0,100,100,29316501,0,9,0,0,0,0,勾心斗角 组合加成,勾心斗角,0,0,,,,,103,谋略属性提高,0
293166,293166,1,1,5,0,100,100,29316601,0,9,0,0,0,0,老当益壮 组合加成,老当益壮,0,0,,,,,102,防御属性提高,0
293167,293167,1,1,5,0,100,100,29316701,0,9,0,0,0,0,老当益壮 组合加成,老当益壮,0,0,,,,,102,防御属性提高,0
293168,293168,1,1,5,0,100,100,29316801,0,9,0,0,0,0,偏安一隅 组合加成,偏安一隅,0,0,,,,,102,防御属性提高,0
293169,293169,1,1,5,0,100,100,29316901,0,9,0,0,0,0,三国智将 组合加成,三国智将,0,0,,,,,103,谋略属性提高,0
293170,293170,1,1,5,0,100,100,29317001,0,9,0,0,0,0,惧内 组合加成,惧内,0,0,,,,,522,受到攻击伤害降低,0
293171,293171,1,1,5,0,100,100,29317101,0,9,0,0,0,0,三足鼎立 组合加成,三足鼎立,0,0,,,,,101,攻击属性提高,0
293172,293172,1,1,5,0,100,100,29317201,0,9,0,0,0,0,温侯无双 组合加成,温侯无双,0,0,,,,,101,攻击属性提高,0
293173,293173,1,1,5,0,100,100,29317301,0,9,0,0,0,0,温侯无双 组合加成,温侯无双,0,0,,,,,101,攻击属性提高,0
293174,293174,1,1,5,0,100,100,29317401,0,9,0,0,0,0,温侯无双 组合加成,温侯无双,0,0,,,,,101,攻击属性提高,0
293175,293175,1,1,5,0,100,100,29317501,0,9,0,0,0,0,温侯无双 组合加成,温侯无双,0,0,,,,,101,攻击属性提高,0
293176,293176,1,1,5,0,100,100,29317601,0,9,0,0,0,0,温侯无双 组合加成,温侯无双,0,0,,,,,101,攻击属性提高,0
293177,293177,1,1,5,0,100,100,29317701,0,9,0,0,0,0,温侯无双 组合加成,温侯无双,0,0,,,,,101,攻击属性提高,0
293178,293178,1,1,5,0,100,100,29317801,0,9,0,0,0,0,温侯无双 组合加成,温侯无双,0,0,,,,,101,攻击属性提高,0
293179,293179,1,1,5,0,100,100,29317901,0,9,0,0,0,0,温侯无双 组合加成,温侯无双,0,0,,,,,101,攻击属性提高,0
293180,293180,1,1,5,0,100,100,29318001,0,9,0,0,0,0,温侯无双 组合加成,温侯无双,0,0,,,,,101,攻击属性提高,0
293181,293181,1,1,5,0,100,100,29318101,0,9,0,0,0,0,温侯无双 组合加成,温侯无双,0,0,,,,,101,攻击属性提高,0
293182,293182,1,1,5,0,100,100,29318201,0,9,0,0,0,0,温侯无双 组合加成,温侯无双,0,0,,,,,101,攻击属性提高,0
293183,293183,1,1,5,0,100,100,29318301,0,9,0,0,0,0,温侯无双 组合加成,温侯无双,0,0,,,,,101,攻击属性提高,0
293184,293184,1,1,5,0,100,100,29318401,0,9,0,0,0,0,温侯无双 组合加成,温侯无双,0,0,,,,,101,攻击属性提高,0
293185,293185,1,1,5,0,100,100,29318501,0,9,0,0,0,0,温侯无双 组合加成,温侯无双,0,0,,,,,101,攻击属性提高,0
293186,293186,1,1,5,0,100,100,29318601,0,9,0,0,0,0,温侯无双 组合加成,温侯无双,0,0,,,,,101,攻击属性提高,0
293187,293187,1,1,5,0,100,100,29318701,0,9,0,0,0,0,温侯无双 组合加成,温侯无双,0,0,,,,,101,攻击属性提高,0
293188,293188,1,1,5,0,100,100,29318801,0,9,0,0,0,0,温侯无双 组合加成,温侯无双,0,0,,,,,101,攻击属性提高,0
293189,293189,1,1,5,0,100,100,29318901,0,9,0,0,0,0,温侯无双 组合加成,温侯无双,0,0,,,,,101,攻击属性提高,0
293190,293190,1,1,5,0,100,100,29319001,0,9,0,0,0,0,温侯无双 组合加成,温侯无双,0,0,,,,,101,攻击属性提高,0
293191,293191,1,1,5,0,100,100,29319101,0,9,0,0,0,0,温侯无双 组合加成,温侯无双,0,0,,,,,101,攻击属性提高,0
293192,293192,1,1,5,0,100,100,29319201,0,9,0,0,0,0,温侯无双 组合加成,温侯无双,0,0,,,,,101,攻击属性提高,0
293193,293193,1,1,5,0,100,100,29319301,0,9,0,0,0,0,温侯无双 组合加成,温侯无双,0,0,,,,,101,攻击属性提高,0
293194,293194,1,1,5,0,100,100,29319401,0,9,0,0,0,0,温侯无双 组合加成,温侯无双,0,0,,,,,101,攻击属性提高,0
293195,293195,1,1,5,0,100,100,29319501,0,9,0,0,0,0,温侯无双 组合加成,温侯无双,0,0,,,,,101,攻击属性提高,0
293196,293196,1,1,5,0,100,100,29319601,0,9,0,0,0,0,温侯无双 组合加成,温侯无双,0,0,,,,,101,攻击属性提高,0
293197,293197,1,1,5,0,100,100,29319701,0,9,0,0,0,0,温侯无双 组合加成,温侯无双,0,0,,,,,101,攻击属性提高,0
293198,293198,1,1,5,0,100,100,29319801,0,9,0,0,0,0,温侯无双 组合加成,温侯无双,0,0,,,,,101,攻击属性提高,0
293199,293199,1,1,5,0,100,100,29319901,0,9,0,0,0,0,温侯无双 组合加成,温侯无双,0,0,,,,,101,攻击属性提高,0
293200,293200,1,1,5,0,100,100,29320001,0,9,0,0,0,0,温侯无双 组合加成,温侯无双,0,0,,,,,101,攻击属性提高,0
293201,293201,1,1,5,0,100,100,29320101,0,9,0,0,0,0,温侯无双 组合加成,温侯无双,0,0,,,,,101,攻击属性提高,0
293202,293202,1,1,5,0,100,100,29320201,0,9,0,0,0,0,温侯无双 组合加成,温侯无双,0,0,,,,,101,攻击属性提高,0
293203,293203,1,1,5,0,100,100,29320301,0,9,0,0,0,0,温侯无双 组合加成,温侯无双,0,0,,,,,101,攻击属性提高,0
293204,293204,1,1,5,0,100,100,29320401,0,9,0,0,0,0,温侯无双 组合加成,温侯无双,0,0,,,,,101,攻击属性提高,0
293205,293205,1,1,5,0,100,100,29320501,0,9,0,0,0,0,温侯无双 组合加成,温侯无双,0,0,,,,,101,攻击属性提高,0
293206,293206,1,1,5,0,100,100,29320601,0,9,0,0,0,0,温侯无双 组合加成,温侯无双,0,0,,,,,101,攻击属性提高,0
293207,293207,1,1,5,0,100,100,29320701,0,9,0,0,0,0,温侯无双 组合加成,温侯无双,0,0,,,,,101,攻击属性提高,0
293208,293208,1,1,5,0,100,100,29320801,0,9,0,0,0,0,温侯无双 组合加成,温侯无双,0,0,,,,,101,攻击属性提高,0
293209,293209,1,1,5,0,100,100,29320901,0,9,0,0,0,0,温侯无双 组合加成,温侯无双,0,0,,,,,101,攻击属性提高,0
293210,293210,1,1,5,0,100,100,29321001,0,9,0,0,0,0,温侯无双 组合加成,温侯无双,0,0,,,,,101,攻击属性提高,0
293211,293211,1,1,5,0,100,100,29321101,0,9,0,0,0,0,温侯无双 组合加成,温侯无双,0,0,,,,,101,攻击属性提高,0
293212,293212,1,1,5,0,100,100,29321201,0,9,0,0,0,0,温侯无双 组合加成,温侯无双,0,0,,,,,101,攻击属性提高,0
293213,293213,1,1,5,0,100,100,29321301,0,9,0,0,0,0,温侯无双 组合加成,温侯无双,0,0,,,,,101,攻击属性提高,0
293214,293214,1,1,5,0,100,100,29321401,0,9,0,0,0,0,温侯无双 组合加成,温侯无双,0,0,,,,,101,攻击属性提高,0
293215,293215,1,1,5,0,100,100,29321501,0,9,0,0,0,0,温侯无双 组合加成,温侯无双,0,0,,,,,101,攻击属性提高,0
293216,293216,1,1,5,0,100,100,29321601,0,9,0,0,0,0,母仪天下 组合加成,母仪天下,0,0,,,,,103,谋略属性提高,0
293217,293217,1,1,5,0,100,100,29321701,0,9,0,0,0,0,母仪天下 组合加成,母仪天下,0,0,,,,,103,谋略属性提高,0
293218,293218,1,1,5,0,100,100,29321801,0,9,0,0,0,0,母仪天下 组合加成,母仪天下,0,0,,,,,103,谋略属性提高,0
293219,293219,1,1,5,0,100,100,29321901,0,9,0,0,0,0,母仪天下 组合加成,母仪天下,0,0,,,,,103,谋略属性提高,0
293220,293220,1,1,5,0,100,100,29322001,0,9,0,0,0,0,母仪天下 组合加成,母仪天下,0,0,,,,,103,谋略属性提高,0
293221,293221,1,1,5,0,100,100,29322101,0,9,0,0,0,0,母仪天下 组合加成,母仪天下,0,0,,,,,103,谋略属性提高,0
293222,293222,1,1,5,0,100,100,29322201,0,9,0,0,0,0,母仪天下 组合加成,母仪天下,0,0,,,,,103,谋略属性提高,0
293223,293223,1,1,5,0,100,100,29322301,0,9,0,0,0,0,母仪天下 组合加成,母仪天下,0,0,,,,,103,谋略属性提高,0
293224,293224,1,1,5,0,100,100,29322401,0,9,0,0,0,0,母仪天下 组合加成,母仪天下,0,0,,,,,103,谋略属性提高,0
293225,293225,1,1,5,0,100,100,29322501,0,9,0,0,0,0,母仪天下 组合加成,母仪天下,0,0,,,,,103,谋略属性提高,0
293226,293226,1,1,5,0,100,100,29322601,0,9,0,0,0,0,母仪天下 组合加成,母仪天下,0,0,,,,,103,谋略属性提高,0
293227,293227,1,1,5,0,100,100,29322701,0,9,0,0,0,0,母仪天下 组合加成,母仪天下,0,0,,,,,103,谋略属性提高,0
293228,293228,1,1,5,0,100,100,29322801,0,9,0,0,0,0,母仪天下 组合加成,母仪天下,0,0,,,,,103,谋略属性提高,0
293229,293229,1,1,5,0,100,100,29322901,0,9,0,0,0,0,母仪天下 组合加成,母仪天下,0,0,,,,,103,谋略属性提高,0
293230,293230,1,1,5,0,100,100,29323001,0,9,0,0,0,0,母仪天下 组合加成,母仪天下,0,0,,,,,103,谋略属性提高,0
293231,293231,1,1,5,0,100,100,29323101,0,9,0,0,0,0,母仪天下 组合加成,母仪天下,0,0,,,,,103,谋略属性提高,0
293232,293232,1,1,5,0,100,100,29323201,0,9,0,0,0,0,母仪天下 组合加成,母仪天下,0,0,,,,,103,谋略属性提高,0
293233,293233,1,1,5,0,100,100,29323301,0,9,0,0,0,0,母仪天下 组合加成,母仪天下,0,0,,,,,103,谋略属性提高,0
293234,293234,1,1,5,0,100,100,29323401,0,9,0,0,0,0,母仪天下 组合加成,母仪天下,0,0,,,,,103,谋略属性提高,0
293235,293235,1,1,5,0,100,100,29323501,0,9,0,0,0,0,母仪天下 组合加成,母仪天下,0,0,,,,,103,谋略属性提高,0
293236,293236,1,1,5,0,100,100,29323601,0,9,0,0,0,0,行刺太师 组合加成,行刺太师,0,0,,,,,101,攻击属性提高,0
293237,293237,1,1,5,0,100,100,29323701,0,9,0,0,0,0,叔侄阋墙 组合加成,叔侄阋墙,0,0,,,,,104,速度属性提高,0
293238,293238,1,1,5,0,100,100,29323801,0,9,0,0,0,0,叔侄阋墙 组合加成,叔侄阋墙,0,0,,,,,104,速度属性提高,0
293239,293239,1,1,5,0,100,100,29323901,0,9,0,0,0,0,五虎上将 组合加成,五虎上将,0,0,,,,,101,攻击属性提高,0
293240,293240,1,1,5,0,100,100,29324001,0,9,0,0,0,0,五虎上将 组合加成,五虎上将,0,0,,,,,101,攻击属性提高,0
293241,293241,1,1,5,0,100,100,29324101,0,9,0,0,0,0,五虎上将 组合加成,五虎上将,0,0,,,,,101,攻击属性提高,0
293242,293242,1,1,5,0,100,100,29324201,0,9,0,0,0,0,五虎上将 组合加成,五虎上将,0,0,,,,,101,攻击属性提高,0
293243,293243,1,1,5,0,100,100,29324301,0,9,0,0,0,0,五虎上将 组合加成,五虎上将,0,0,,,,,101,攻击属性提高,0
293244,293244,1,1,5,0,100,100,29324401,0,9,0,0,0,0,五虎上将 组合加成,五虎上将,0,0,,,,,101,攻击属性提高,0
293245,293245,1,1,5,0,100,100,29324501,0,9,0,0,0,0,五虎上将 组合加成,五虎上将,0,0,,,,,101,攻击属性提高,0
293246,293246,1,1,5,0,100,100,29324601,0,9,0,0,0,0,五虎上将 组合加成,五虎上将,0,0,,,,,101,攻击属性提高,0
293247,293247,1,1,5,0,100,100,29324701,0,9,0,0,0,0,五虎上将 组合加成,五虎上将,0,0,,,,,101,攻击属性提高,0
293248,293248,1,1,5,0,100,100,29324801,0,9,0,0,0,0,末路尽忠 组合加成,末路尽忠,0,0,,,,,102,防御属性提高,0
293249,293249,1,1,5,0,100,100,29324901,0,9,0,0,0,0,末路尽忠 组合加成,末路尽忠,0,0,,,,,102,防御属性提高,0
293250,293250,1,1,5,0,100,100,29325001,0,9,0,0,0,0,末路尽忠 组合加成,末路尽忠,0,0,,,,,102,防御属性提高,0
293251,293251,1,1,5,0,100,100,29325101,0,9,0,0,0,0,末路尽忠 组合加成,末路尽忠,0,0,,,,,102,防御属性提高,0
293252,293252,1,1,5,0,100,100,29325201,0,9,0,0,0,0,末路尽忠 组合加成,末路尽忠,0,0,,,,,102,防御属性提高,0
293253,293253,1,1,5,0,100,100,29325301,0,9,0,0,0,0,末路尽忠 组合加成,末路尽忠,0,0,,,,,102,防御属性提高,0
293254,293254,1,1,5,0,100,100,29325401,0,9,0,0,0,0,末路尽忠 组合加成,末路尽忠,0,0,,,,,102,防御属性提高,0
293255,293255,1,1,5,0,100,100,29325501,0,9,0,0,0,0,末路尽忠 组合加成,末路尽忠,0,0,,,,,102,防御属性提高,0
293256,293256,1,1,5,0,100,100,29325601,0,9,0,0,0,0,魏之智 组合加成,魏之智,0,0,,,,,103,谋略属性提高,0
293257,293257,1,1,5,0,100,100,29325701,0,9,0,0,0,0,魏之智 组合加成,魏之智,0,0,,,,,103,谋略属性提高,0
293258,293258,1,1,5,0,100,100,29325801,0,9,0,0,0,0,魏之智 组合加成,魏之智,0,0,,,,,103,谋略属性提高,0
293259,293259,1,1,5,0,100,100,29325901,0,9,0,0,0,0,魏武强将 组合加成,魏武强将,0,0,,,,,101,攻击属性提高,0
293260,293260,1,1,5,0,100,100,29326001,0,9,0,0,0,0,魏武强将 组合加成,魏武强将,0,0,,,,,101,攻击属性提高,0
293261,293261,1,1,5,0,100,100,29326101,0,9,0,0,0,0,魏武强将 组合加成,魏武强将,0,0,,,,,101,攻击属性提高,0
293262,293262,1,1,5,0,100,100,29326201,0,9,0,0,0,0,蜀之智 组合加成,蜀之智,0,0,,,,,103,谋略属性提高,0
293263,293263,1,1,5,0,100,100,29326301,0,9,0,0,0,0,蜀之智 组合加成,蜀之智,0,0,,,,,103,谋略属性提高,0
293264,293264,1,1,5,0,100,100,29326401,0,9,0,0,0,0,蜀之智 组合加成,蜀之智,0,0,,,,,103,谋略属性提高,0
293265,293265,1,1,5,0,100,100,29326501,0,9,0,0,0,0,五虎上将 组合加成,五虎上将,0,0,,,,,101,攻击属性提高,0
293266,293266,1,1,5,0,100,100,29326601,0,9,0,0,0,0,五虎上将 组合加成,五虎上将,0,0,,,,,101,攻击属性提高,0
293267,293267,1,1,5,0,100,100,29326701,0,9,0,0,0,0,五虎上将 组合加成,五虎上将,0,0,,,,,101,攻击属性提高,0
293268,293268,1,1,5,0,100,100,29326801,0,9,0,0,0,0,五虎上将 组合加成,五虎上将,0,0,,,,,101,攻击属性提高,0
293269,293269,1,1,5,0,100,100,29326901,0,9,0,0,0,0,五虎上将 组合加成,五虎上将,0,0,,,,,101,攻击属性提高,0
293270,293270,1,1,5,0,100,100,29327001,0,9,0,0,0,0,五虎上将 组合加成,五虎上将,0,0,,,,,101,攻击属性提高,0
293271,293271,1,1,5,0,100,100,29327101,0,9,0,0,0,0,五虎上将 组合加成,五虎上将,0,0,,,,,101,攻击属性提高,0
293272,293272,1,1,5,0,100,100,29327201,0,9,0,0,0,0,五虎上将 组合加成,五虎上将,0,0,,,,,101,攻击属性提高,0
293273,293273,1,1,5,0,100,100,29327301,0,9,0,0,0,0,五虎上将 组合加成,五虎上将,0,0,,,,,101,攻击属性提高,0
293274,293274,1,1,5,0,100,100,29327401,0,9,0,0,0,0,五虎上将 组合加成,五虎上将,0,0,,,,,101,攻击属性提高,0
293275,293275,1,1,5,0,100,100,29327501,0,9,0,0,0,0,五虎上将 组合加成,五虎上将,0,0,,,,,101,攻击属性提高,0
293276,293276,1,1,5,0,100,100,29327601,0,9,0,0,0,0,五虎上将 组合加成,五虎上将,0,0,,,,,101,攻击属性提高,0
293277,293277,1,1,5,0,100,100,29327701,0,9,0,0,0,0,五虎上将 组合加成,五虎上将,0,0,,,,,101,攻击属性提高,0
293278,293278,1,1,5,0,100,100,29327801,0,9,0,0,0,0,东吴大都督 组合加成,东吴大都督,0,0,,,,,103,谋略属性提高,0
293279,293279,1,1,5,0,100,100,29327901,0,9,0,0,0,0,东吴大都督 组合加成,东吴大都督,0,0,,,,,103,谋略属性提高,0
293280,293280,1,1,5,0,100,100,29328001,0,9,0,0,0,0,东吴大都督 组合加成,东吴大都督,0,0,,,,,103,谋略属性提高,0
293281,293281,1,1,5,0,100,100,29328101,0,9,0,0,0,0,东吴大都督 组合加成,东吴大都督,0,0,,,,,103,谋略属性提高,0
293282,293282,1,1,5,0,100,100,29328201,0,9,0,0,0,0,东吴大都督 组合加成,东吴大都督,0,0,,,,,103,谋略属性提高,0
293283,293283,1,1,5,0,100,100,29328301,0,9,0,0,0,0,吴之智 组合加成,吴之智,0,0,,,,,103,谋略属性提高,0
293284,293284,1,1,5,0,100,100,29328401,0,9,0,0,0,0,吴之智 组合加成,吴之智,0,0,,,,,103,谋略属性提高,0
293285,293285,1,1,5,0,100,100,29328501,0,9,0,0,0,0,吴之智 组合加成,吴之智,0,0,,,,,103,谋略属性提高,0
293286,293286,1,1,5,0,100,100,29328601,0,9,0,0,0,0,老当益壮 组合加成,老当益壮,0,0,,,,,102,防御属性提高,0
293287,293287,1,1,5,0,100,100,29328701,0,9,0,0,0,0,老当益壮 组合加成,老当益壮,0,0,,,,,102,防御属性提高,0
293288,293288,1,1,5,0,100,100,29328801,0,9,0,0,0,0,行刺太师 组合加成,行刺太师,0,0,,,,,101,攻击属性提高,0
293289,293289,1,1,5,0,100,100,29328901,0,9,0,0,0,0,叔侄阋墙 组合加成,叔侄阋墙,0,0,,,,,104,速度属性提高,0
293290,293290,1,1,5,0,100,100,29329001,0,9,0,0,0,0,叔侄阋墙 组合加成,叔侄阋墙,0,0,,,,,104,速度属性提高,0
293291,293291,1,1,5,0,100,100,29329101,0,9,0,0,0,0,温侯无双 组合加成,温侯无双,0,0,,,,,101,攻击属性提高,0
293292,293292,1,1,5,0,100,100,29329201,0,9,0,0,0,0,温侯无双 组合加成,温侯无双,0,0,,,,,101,攻击属性提高,0
293293,293293,1,1,5,0,100,100,29329301,0,9,0,0,0,0,温侯无双 组合加成,温侯无双,0,0,,,,,101,攻击属性提高,0
293294,293294,1,1,5,0,100,100,29329401,0,9,0,0,0,0,温侯无双 组合加成,温侯无双,0,0,,,,,101,攻击属性提高,0
293295,293295,1,1,5,0,100,100,29329501,0,9,0,0,0,0,温侯无双 组合加成,温侯无双,0,0,,,,,101,攻击属性提高,0
293296,293296,1,1,5,0,100,100,29329601,0,9,0,0,0,0,温侯无双 组合加成,温侯无双,0,0,,,,,101,攻击属性提高,0
293297,293297,1,1,5,0,100,100,29329701,0,9,0,0,0,0,温侯无双 组合加成,温侯无双,0,0,,,,,101,攻击属性提高,0
293298,293298,1,1,5,0,100,100,29329801,0,9,0,0,0,0,温侯无双 组合加成,温侯无双,0,0,,,,,101,攻击属性提高,0
293299,293299,1,1,5,0,100,100,29329901,0,9,0,0,0,0,温侯无双 组合加成,温侯无双,0,0,,,,,101,攻击属性提高,0
293300,293300,1,1,5,0,100,100,29330001,0,9,0,0,0,0,温侯无双 组合加成,温侯无双,0,0,,,,,101,攻击属性提高,0
293301,293301,1,1,5,0,100,100,29330101,0,9,0,0,0,0,温侯无双 组合加成,温侯无双,0,0,,,,,101,攻击属性提高,0
293302,293302,1,1,5,0,100,100,29330201,0,9,0,0,0,0,温侯无双 组合加成,温侯无双,0,0,,,,,101,攻击属性提高,0
293303,293303,1,1,5,0,100,100,29330301,0,9,0,0,0,0,温侯无双 组合加成,温侯无双,0,0,,,,,101,攻击属性提高,0
293304,293304,1,1,5,0,100,100,29330401,0,9,0,0,0,0,温侯无双 组合加成,温侯无双,0,0,,,,,101,攻击属性提高,0
293305,293305,1,1,5,0,100,100,29330501,0,9,0,0,0,0,母仪天下 组合加成,母仪天下,0,0,,,,,103,谋略属性提高,0
293306,293306,1,1,5,0,100,100,29330601,0,9,0,0,0,0,母仪天下 组合加成,母仪天下,0,0,,,,,103,谋略属性提高,0
293307,293307,1,1,5,0,100,100,29330701,0,9,0,0,0,0,母仪天下 组合加成,母仪天下,0,0,,,,,103,谋略属性提高,0
293308,293308,1,1,5,0,100,100,29330801,0,9,0,0,0,0,母仪天下 组合加成,母仪天下,0,0,,,,,103,谋略属性提高,0
293309,293309,1,1,5,0,100,100,29330901,0,9,0,0,0,0,母仪天下 组合加成,母仪天下,0,0,,,,,103,谋略属性提高,0
293310,293310,1,1,5,0,100,100,29331001,0,9,0,0,0,0,母仪天下 组合加成,母仪天下,0,0,,,,,103,谋略属性提高,0
293311,293311,1,1,5,0,100,100,29331101,0,9,0,0,0,0,母仪天下 组合加成,母仪天下,0,0,,,,,103,谋略属性提高,0
293312,293312,1,1,5,0,100,100,29331201,0,9,0,0,0,0,母仪天下 组合加成,母仪天下,0,0,,,,,103,谋略属性提高,0
293313,293313,1,1,5,0,100,100,29331301,0,9,0,0,0,0,母仪天下 组合加成,母仪天下,0,0,,,,,103,谋略属性提高,0
293314,293314,1,1,5,0,100,100,29331401,0,9,0,0,0,0,母仪天下 组合加成,母仪天下,0,0,,,,,103,谋略属性提高,0
293315,293315,1,1,5,0,100,100,29331501,0,9,0,0,0,0,温侯无双 组合加成,温侯无双,0,0,,,,,101,攻击属性提高,0
293316,293316,1,1,5,0,100,100,29331601,0,9,0,0,0,0,温侯无双 组合加成,温侯无双,0,0,,,,,101,攻击属性提高,0
293317,293317,1,1,5,0,100,100,29331701,0,9,0,0,0,0,温侯无双 组合加成,温侯无双,0,0,,,,,101,攻击属性提高,0
293318,293318,1,1,5,0,100,100,29331801,0,9,0,0,0,0,温侯无双 组合加成,温侯无双,0,0,,,,,101,攻击属性提高,0
293319,293319,1,1,5,0,100,100,29331901,0,9,0,0,0,0,温侯无双 组合加成,温侯无双,0,0,,,,,101,攻击属性提高,0
293320,293320,1,1,5,0,100,100,29332001,0,9,0,0,0,0,温侯无双 组合加成,温侯无双,0,0,,,,,101,攻击属性提高,0
293321,293321,1,1,5,0,100,100,29332101,0,9,0,0,0,0,温侯无双 组合加成,温侯无双,0,0,,,,,101,攻击属性提高,0
293322,293322,1,1,5,0,100,100,29332201,0,9,0,0,0,0,温侯无双 组合加成,温侯无双,0,0,,,,,101,攻击属性提高,0
293323,293323,1,1,5,0,100,100,29332301,0,9,0,0,0,0,温侯无双 组合加成,温侯无双,0,0,,,,,101,攻击属性提高,0
293324,293324,1,1,5,0,100,100,29332401,0,9,0,0,0,0,温侯无双 组合加成,温侯无双,0,0,,,,,101,攻击属性提高,0
293325,293325,1,1,5,0,100,100,29332501,0,9,0,0,0,0,温侯无双 组合加成,温侯无双,0,0,,,,,101,攻击属性提高,0
293326,293326,1,1,5,0,100,100,29332601,0,9,0,0,0,0,温侯无双 组合加成,温侯无双,0,0,,,,,101,攻击属性提高,0
293327,293327,1,1,5,0,100,100,29332701,0,9,0,0,0,0,温侯无双 组合加成,温侯无双,0,0,,,,,101,攻击属性提高,0
293328,293328,1,1,5,0,100,100,29332801,0,9,0,0,0,0,温侯无双 组合加成,温侯无双,0,0,,,,,101,攻击属性提高,0
293329,293329,1,1,5,0,100,100,29332901,0,9,0,0,0,0,温侯无双 组合加成,温侯无双,0,0,,,,,101,攻击属性提高,0
293330,293330,1,1,5,0,100,100,29333001,0,9,0,0,0,0,温侯无双 组合加成,温侯无双,0,0,,,,,101,攻击属性提高,0
293331,293331,1,1,5,0,100,100,29333101,0,9,0,0,0,0,温侯无双 组合加成,温侯无双,0,0,,,,,101,攻击属性提高,0
293332,293332,1,1,5,0,100,100,29333201,0,9,0,0,0,0,温侯无双 组合加成,温侯无双,0,0,,,,,101,攻击属性提高,0
293333,293333,1,1,5,0,100,100,29333301,0,9,0,0,0,0,温侯无双 组合加成,温侯无双,0,0,,,,,101,攻击属性提高,0
293334,293334,1,1,5,0,100,100,29333401,0,9,0,0,0,0,温侯无双 组合加成,温侯无双,0,0,,,,,101,攻击属性提高,0
293335,293335,1,1,5,0,100,100,29333501,0,9,0,0,0,0,温侯无双 组合加成,温侯无双,0,0,,,,,101,攻击属性提高,0
293336,293336,1,1,5,0,100,100,29333601,0,9,0,0,0,0,温侯无双 组合加成,温侯无双,0,0,,,,,101,攻击属性提高,0
293337,293337,1,1,5,0,100,100,29333701,0,9,0,0,0,0,温侯无双 组合加成,温侯无双,0,0,,,,,101,攻击属性提高,0
293338,293338,1,1,5,0,100,100,29333801,0,9,0,0,0,0,温侯无双 组合加成,温侯无双,0,0,,,,,101,攻击属性提高,0
293339,293339,1,1,5,0,100,100,29333901,0,9,0,0,0,0,五子良将 组合加成,五子良将,0,0,,,,,101,攻击属性提高,0
293340,293340,1,1,5,0,100,100,29334001,0,9,0,0,0,0,五子良将 组合加成,五子良将,0,0,,,,,101,攻击属性提高,0
293341,293341,1,1,5,0,100,100,29334101,0,9,0,0,0,0,五子良将 组合加成,五子良将,0,0,,,,,101,攻击属性提高,0
293342,293342,1,1,5,0,100,100,29334201,0,9,0,0,0,0,五子良将 组合加成,五子良将,0,0,,,,,101,攻击属性提高,0
293343,293343,1,1,5,0,100,100,29334301,0,9,0,0,0,0,五子良将 组合加成,五子良将,0,0,,,,,101,攻击属性提高,0
293344,293344,1,1,5,0,100,100,29334401,0,9,0,0,0,0,五子良将 组合加成,五子良将,0,0,,,,,101,攻击属性提高,0
293345,293345,1,1,5,0,100,100,29334501,0,9,0,0,0,0,孟德之子 组合加成,孟德之子,0,0,,,,,101,攻击属性提高,0
293346,293346,1,1,5,0,100,100,29334601,0,9,0,0,0,0,孟德之子 组合加成,孟德之子,0,0,,,,,101,攻击属性提高,0
293347,293347,1,1,5,0,100,100,29334701,0,9,0,0,0,0,孟德之子 组合加成,孟德之子,0,0,,,,,101,攻击属性提高,0
293348,293348,1,1,5,0,100,100,29334801,0,9,0,0,0,0,蜀之智 组合加成,蜀之智,0,0,,,,,103,谋略属性提高,0
293349,293349,1,1,5,0,100,100,29334901,0,9,0,0,0,0,蜀之智 组合加成,蜀之智,0,0,,,,,103,谋略属性提高,0
293350,293350,1,1,5,0,100,100,29335001,0,9,0,0,0,0,蜀之智 组合加成,蜀之智,0,0,,,,,103,谋略属性提高,0
293351,293351,1,1,5,0,100,100,29335101,0,9,0,0,0,0,蜀之智 组合加成,蜀之智,0,0,,,,,103,谋略属性提高,0
293352,293352,1,1,5,0,100,100,29335201,0,9,0,0,0,0,蜀之智 组合加成,蜀之智,0,0,,,,,103,谋略属性提高,0
293353,293353,1,1,5,0,100,100,29335301,0,9,0,0,0,0,吴之智 组合加成,吴之智,0,0,,,,,103,谋略属性提高,0
293354,293354,1,1,5,0,100,100,29335401,0,9,0,0,0,0,吴之智 组合加成,吴之智,0,0,,,,,103,谋略属性提高,0
293355,293355,1,1,5,0,100,100,29335501,0,9,0,0,0,0,吴之智 组合加成,吴之智,0,0,,,,,103,谋略属性提高,0
293356,293356,1,1,5,0,100,100,29335601,0,9,0,0,0,0,吴之智 组合加成,吴之智,0,0,,,,,103,谋略属性提高,0
293357,293357,1,1,5,0,100,100,29335701,0,9,0,0,0,0,吴之智 组合加成,吴之智,0,0,,,,,103,谋略属性提高,0
293358,293358,1,1,5,0,100,100,29335801,0,9,0,0,0,0,勾心斗角 组合加成,勾心斗角,0,0,,,,,103,谋略属性提高,0
293359,293359,1,1,5,0,100,100,29335901,0,9,0,0,0,0,南蛮王者 组合加成,南蛮王者,0,0,,,,,101,攻击属性提高,0
293360,293360,1,1,5,0,100,100,29336001,0,9,0,0,0,0,南蛮王者 组合加成,南蛮王者,0,0,,,,,101,攻击属性提高,0
293361,293361,1,1,5,0,100,100,29336101,0,9,0,0,0,0,南蛮王者 组合加成,南蛮王者,0,0,,,,,101,攻击属性提高,0
293362,293362,1,1,5,0,100,100,29336201,0,9,0,0,0,0,南蛮王者 组合加成,南蛮王者,0,0,,,,,101,攻击属性提高,0
293363,293363,1,1,5,0,100,100,29336301,0,9,0,0,0,0,魏之智 组合加成,魏之智,0,0,,,,,103,谋略属性提高,0
293364,293364,1,1,5,0,100,100,29336401,0,9,0,0,0,0,魏之智 组合加成,魏之智,0,0,,,,,103,谋略属性提高,0
293365,293365,1,1,5,0,100,100,29336501,0,9,0,0,0,0,魏之智 组合加成,魏之智,0,0,,,,,103,谋略属性提高,0
293366,293366,1,1,5,0,100,100,29336601,0,9,0,0,0,0,魏之智 组合加成,魏之智,0,0,,,,,103,谋略属性提高,0
293367,293367,1,1,5,0,100,100,29336701,0,9,0,0,0,0,魏之智 组合加成,魏之智,0,0,,,,,103,谋略属性提高,0
293368,293368,1,1,5,0,100,100,29336801,0,9,0,0,0,0,魏之智 组合加成,魏之智,0,0,,,,,103,谋略属性提高,0
293369,293369,1,1,5,0,100,100,29336901,0,9,0,0,0,0,魏之智 组合加成,魏之智,0,0,,,,,103,谋略属性提高,0
293370,293370,1,1,5,0,100,100,29337001,0,9,0,0,0,0,魏之智 组合加成,魏之智,0,0,,,,,103,谋略属性提高,0
293371,293371,1,1,5,0,100,100,29337101,0,9,0,0,0,0,魏之智 组合加成,魏之智,0,0,,,,,103,谋略属性提高,0
293372,293372,1,1,5,0,100,100,29337201,0,9,0,0,0,0,魏武强将 组合加成,魏武强将,0,0,,,,,101,攻击属性提高,0
293373,293373,1,1,5,0,100,100,29337301,0,9,0,0,0,0,魏武强将 组合加成,魏武强将,0,0,,,,,101,攻击属性提高,0
293374,293374,1,1,5,0,100,100,29337401,0,9,0,0,0,0,魏武强将 组合加成,魏武强将,0,0,,,,,101,攻击属性提高,0
293375,293375,1,1,5,0,100,100,29337501,0,9,0,0,0,0,魏武强将 组合加成,魏武强将,0,0,,,,,101,攻击属性提高,0
293376,293376,1,1,5,0,100,100,29337601,0,9,0,0,0,0,魏武强将 组合加成,魏武强将,0,0,,,,,101,攻击属性提高,0
293377,293377,1,1,5,0,100,100,29337701,0,9,0,0,0,0,魏武强将 组合加成,魏武强将,0,0,,,,,101,攻击属性提高,0
293378,293378,1,1,5,0,100,100,29337801,0,9,0,0,0,0,魏武强将 组合加成,魏武强将,0,0,,,,,101,攻击属性提高,0
293379,293379,1,1,5,0,100,100,29337901,0,9,0,0,0,0,魏武强将 组合加成,魏武强将,0,0,,,,,101,攻击属性提高,0
293380,293380,1,1,5,0,100,100,29338001,0,9,0,0,0,0,魏武强将 组合加成,魏武强将,0,0,,,,,101,攻击属性提高,0
293381,293381,1,1,5,0,100,100,29338101,0,9,0,0,0,0,五子良将 组合加成,五子良将,0,0,,,,,101,攻击属性提高,0
293382,293382,1,1,5,0,100,100,29338201,0,9,0,0,0,0,五子良将 组合加成,五子良将,0,0,,,,,101,攻击属性提高,0
293383,293383,1,1,5,0,100,100,29338301,0,9,0,0,0,0,五子良将 组合加成,五子良将,0,0,,,,,101,攻击属性提高,0
293384,293384,1,1,5,0,100,100,29338401,0,9,0,0,0,0,五子良将 组合加成,五子良将,0,0,,,,,101,攻击属性提高,0
293385,293385,1,1,5,0,100,100,29338501,0,9,0,0,0,0,五子良将 组合加成,五子良将,0,0,,,,,101,攻击属性提高,0
293386,293386,1,1,5,0,100,100,29338601,0,9,0,0,0,0,五子良将 组合加成,五子良将,0,0,,,,,101,攻击属性提高,0
293387,293387,1,1,5,0,100,100,29338701,0,9,0,0,0,0,五子良将 组合加成,五子良将,0,0,,,,,101,攻击属性提高,0
293388,293388,1,1,5,0,100,100,29338801,0,9,0,0,0,0,五子良将 组合加成,五子良将,0,0,,,,,101,攻击属性提高,0
293389,293389,1,1,5,0,100,100,29338901,0,9,0,0,0,0,五子良将 组合加成,五子良将,0,0,,,,,101,攻击属性提高,0
293398,293398,1,1,5,0,100,100,29339801,0,9,0,0,0,0,五虎上将 组合加成,五虎上将,0,0,,,,,101,攻击属性提高,0
293399,293399,1,1,5,0,100,100,29339901,0,9,0,0,0,0,五虎上将 组合加成,五虎上将,0,0,,,,,101,攻击属性提高,0
293400,293400,1,1,5,0,100,100,29340001,0,9,0,0,0,0,五虎上将 组合加成,五虎上将,0,0,,,,,101,攻击属性提高,0
293401,293401,1,1,5,0,100,100,29340101,0,9,0,0,0,0,五虎上将 组合加成,五虎上将,0,0,,,,,101,攻击属性提高,0
293402,293402,1,1,5,0,100,100,29340201,0,9,0,0,0,0,五虎上将 组合加成,五虎上将,0,0,,,,,101,攻击属性提高,0
293403,293403,1,1,5,0,100,100,29340301,0,9,0,0,0,0,五虎上将 组合加成,五虎上将,0,0,,,,,101,攻击属性提高,0
293404,293404,1,1,5,0,100,100,29340401,0,9,0,0,0,0,五虎上将 组合加成,五虎上将,0,0,,,,,101,攻击属性提高,0
293405,293405,1,1,5,0,100,100,29340501,0,9,0,0,0,0,五虎上将 组合加成,五虎上将,0,0,,,,,101,攻击属性提高,0
293406,293406,1,1,5,0,100,100,29340601,0,9,0,0,0,0,五虎上将 组合加成,五虎上将,0,0,,,,,101,攻击属性提高,0
293407,293407,1,1,5,0,100,100,29340701,0,9,0,0,0,0,五虎上将 组合加成,五虎上将,0,0,,,,,101,攻击属性提高,0
293408,293408,1,1,5,0,100,100,29340801,0,9,0,0,0,0,五虎上将 组合加成,五虎上将,0,0,,,,,101,攻击属性提高,0
293409,293409,1,1,5,0,100,100,29340901,0,9,0,0,0,0,五虎上将 组合加成,五虎上将,0,0,,,,,101,攻击属性提高,0
293410,293410,1,1,5,0,100,100,29341001,0,9,0,0,0,0,五虎上将 组合加成,五虎上将,0,0,,,,,101,攻击属性提高,0
293411,293411,1,1,5,0,100,100,29341101,0,9,0,0,0,0,五虎上将 组合加成,五虎上将,0,0,,,,,101,攻击属性提高,0
293412,293412,1,1,5,0,100,100,29341201,0,9,0,0,0,0,五虎上将 组合加成,五虎上将,0,0,,,,,101,攻击属性提高,0
293413,293413,1,1,5,0,100,100,29341301,0,9,0,0,0,0,五虎上将 组合加成,五虎上将,0,0,,,,,101,攻击属性提高,0
293414,293414,1,1,5,0,100,100,29341401,0,9,0,0,0,0,五虎上将 组合加成,五虎上将,0,0,,,,,101,攻击属性提高,0
293415,293415,1,1,5,0,100,100,29341501,0,9,0,0,0,0,五虎上将 组合加成,五虎上将,0,0,,,,,101,攻击属性提高,0
293416,293416,1,1,5,0,100,100,29341601,0,9,0,0,0,0,枭雄父子 组合加成,枭雄父子,0,0,,,,,101,攻击属性提高,0
293417,293417,1,1,5,0,100,100,29341701,0,9,0,0,0,0,枭雄父子 组合加成,枭雄父子,0,0,,,,,101,攻击属性提高,0
293418,293418,1,1,5,0,100,100,29341801,0,9,0,0,0,0,桃园结义 组合加成,桃园结义,0,0,,,,,102,防御属性提高,0
293419,293419,1,1,5,0,100,100,29341901,0,9,0,0,0,0,桃园结义 组合加成,桃园结义,0,0,,,,,102,防御属性提高,0
293420,293420,1,1,5,0,100,100,29342001,0,9,0,0,0,0,二乔 组合加成,二乔,0,0,,,,,103,谋略属性提高,0
293421,293421,1,1,5,0,100,100,29342101,0,9,0,0,0,0,二乔 组合加成,二乔,0,0,,,,,103,谋略属性提高,0
293422,293422,1,1,5,0,100,100,29342201,0,9,0,0,0,0,二乔 组合加成,二乔,0,0,,,,,103,谋略属性提高,0
293423,293423,1,1,5,0,100,100,29342301,0,9,0,0,0,0,苍天已死 组合加成,苍天已死,0,0,,,,,103,谋略属性提高,0
293424,293424,1,1,5,0,100,100,29342401,0,9,0,0,0,0,偏安一隅 组合加成,偏安一隅,0,0,,,,,102,防御属性提高,0
293425,293425,1,1,5,0,100,100,29342501,0,9,0,0,0,0,惧内 组合加成,惧内,0,0,,,,,522,受到攻击伤害降低,0
293426,293426,1,1,5,0,100,100,29342601,0,9,0,0,0,0,蜀之智 组合加成,蜀之智,0,0,,,,,103,谋略属性提高,0
293427,293427,1,1,5,0,100,100,29342701,0,9,0,0,0,0,蜀之智 组合加成,蜀之智,0,0,,,,,103,谋略属性提高,0
293428,293428,1,1,5,0,100,100,29342801,0,9,0,0,0,0,蜀之智 组合加成,蜀之智,0,0,,,,,103,谋略属性提高,0
293429,293429,1,1,5,0,100,100,29342901,0,9,0,0,0,0,蜀之智 组合加成,蜀之智,0,0,,,,,103,谋略属性提高,0
293430,293430,1,1,5,0,100,100,29343001,0,9,0,0,0,0,蜀之智 组合加成,蜀之智,0,0,,,,,103,谋略属性提高,0
293431,293431,1,1,5,0,100,100,29343101,0,9,0,0,0,0,蜀之智 组合加成,蜀之智,0,0,,,,,103,谋略属性提高,0
293432,293432,1,1,5,0,100,100,29343201,0,9,0,0,0,0,蜀之智 组合加成,蜀之智,0,0,,,,,103,谋略属性提高,0
293433,293433,1,1,5,0,100,100,29343301,0,9,0,0,0,0,蜀之智 组合加成,蜀之智,0,0,,,,,103,谋略属性提高,0
293434,293434,1,1,5,0,100,100,29343401,0,9,0,0,0,0,汉朝皇族 组合加成,汉朝皇族,0,0,,,,,102,防御属性提高,0
293435,293435,1,1,5,0,100,100,29343501,0,9,0,0,0,0,献帝父子 组合加成,献帝父子,0,0,,,,,102,防御属性提高,0
293436,293436,1,1,5,0,100,100,29343601,0,9,0,0,0,0,献帝父子 组合加成,献帝父子,0,0,,,,,102,防御属性提高,0
293437,293437,1,1,5,0,100,100,29343701,0,9,0,0,0,0,献帝父子 组合加成,献帝父子,0,0,,,,,102,防御属性提高,0
293438,293438,1,1,5,0,100,100,29343801,0,9,0,0,0,0,汉朝官军 组合加成,汉朝官军,0,0,,,,,101,攻击属性提高,0
293439,293439,1,1,5,0,100,100,29343901,0,9,0,0,0,0,末路尽忠 组合加成,末路尽忠,0,0,,,,,102,防御属性提高,0
293440,293440,1,1,5,0,100,100,29344001,0,9,0,0,0,0,汉朝官军 组合加成,汉朝官军,0,0,,,,,101,攻击属性提高,0
293441,293441,1,1,5,0,100,100,29344101,0,9,0,0,0,0,末路尽忠 组合加成,末路尽忠,0,0,,,,,102,防御属性提高,0
293442,293442,1,1,5,0,100,100,29344201,0,9,0,0,0,0,末路尽忠 组合加成,末路尽忠,0,0,,,,,102,防御属性提高,0
293443,293443,1,1,5,0,100,100,29344301,0,9,0,0,0,0,末路尽忠 组合加成,末路尽忠,0,0,,,,,102,防御属性提高,0
293444,293444,1,1,5,0,100,100,29344401,0,9,0,0,0,0,末路尽忠 组合加成,末路尽忠,0,0,,,,,102,防御属性提高,0
293445,293445,1,1,5,0,100,100,29344501,0,9,0,0,0,0,末路尽忠 组合加成,末路尽忠,0,0,,,,,102,防御属性提高,0
293446,293446,1,1,5,0,100,100,29344601,0,9,0,0,0,0,末路尽忠 组合加成,末路尽忠,0,0,,,,,102,防御属性提高,0
293447,293447,1,1,5,0,100,100,29344701,0,9,0,0,0,0,汉朝官军 组合加成,汉朝官军,0,0,,,,,101,攻击属性提高,0
293448,293448,1,1,5,0,100,100,29344801,0,9,0,0,0,0,末路尽忠 组合加成,末路尽忠,0,0,,,,,102,防御属性提高,0
293449,293449,1,1,5,0,100,100,29344901,0,9,0,0,0,0,末路尽忠 组合加成,末路尽忠,0,0,,,,,102,防御属性提高,0
293450,293450,1,1,5,0,100,100,29345001,0,9,0,0,0,0,末路尽忠 组合加成,末路尽忠,0,0,,,,,102,防御属性提高,0
293451,293451,1,1,5,0,100,100,29345101,0,9,0,0,0,0,末路尽忠 组合加成,末路尽忠,0,0,,,,,102,防御属性提高,0
293452,293452,1,1,5,0,100,100,29345201,0,9,0,0,0,0,末路尽忠 组合加成,末路尽忠,0,0,,,,,102,防御属性提高,0
293453,293453,1,1,5,0,100,100,29345301,0,9,0,0,0,0,末路尽忠 组合加成,末路尽忠,0,0,,,,,102,防御属性提高,0
293454,293454,1,1,5,0,100,100,29345401,0,9,0,0,0,0,末路尽忠 组合加成,末路尽忠,0,0,,,,,102,防御属性提高,0
293455,293455,1,1,5,0,100,100,29345501,0,9,0,0,0,0,末路尽忠 组合加成,末路尽忠,0,0,,,,,102,防御属性提高,0
293456,293456,1,1,5,0,100,100,29345601,0,9,0,0,0,0,末路尽忠 组合加成,末路尽忠,0,0,,,,,102,防御属性提高,0
293457,293457,1,1,5,0,100,100,29345701,0,9,0,0,0,0,末路尽忠 组合加成,末路尽忠,0,0,,,,,102,防御属性提高,0
293458,293458,1,1,5,0,100,100,29345801,0,9,0,0,0,0,末路尽忠 组合加成,末路尽忠,0,0,,,,,102,防御属性提高,0
293459,293459,1,1,5,0,100,100,29345901,0,9,0,0,0,0,末路尽忠 组合加成,末路尽忠,0,0,,,,,102,防御属性提高,0
293460,293460,1,1,5,0,100,100,29346001,0,9,0,0,0,0,末路尽忠 组合加成,末路尽忠,0,0,,,,,102,防御属性提高,0
293461,293461,1,1,5,0,100,100,29346101,0,9,0,0,0,0,末路尽忠 组合加成,末路尽忠,0,0,,,,,102,防御属性提高,0
293462,293462,1,1,5,0,100,100,29346201,0,9,0,0,0,0,末路尽忠 组合加成,末路尽忠,0,0,,,,,102,防御属性提高,0
293463,293463,1,1,5,0,100,100,29346301,0,9,0,0,0,0,末路尽忠 组合加成,末路尽忠,0,0,,,,,102,防御属性提高,0
293464,293464,1,1,5,0,100,100,29346401,0,9,0,0,0,0,末路尽忠 组合加成,末路尽忠,0,0,,,,,102,防御属性提高,0
293465,293465,1,1,5,0,100,100,29346501,0,9,0,0,0,0,末路尽忠 组合加成,末路尽忠,0,0,,,,,102,防御属性提高,0
293466,293466,1,1,5,0,100,100,29346601,0,9,0,0,0,0,末路尽忠 组合加成,末路尽忠,0,0,,,,,102,防御属性提高,0
293467,293467,1,1,5,0,100,100,29346701,0,9,0,0,0,0,末路尽忠 组合加成,末路尽忠,0,0,,,,,102,防御属性提高,0
293468,293468,1,1,5,0,100,100,29346801,0,9,0,0,0,0,末路尽忠 组合加成,末路尽忠,0,0,,,,,102,防御属性提高,0
293469,293469,1,1,5,0,100,100,29346901,0,9,0,0,0,0,末路尽忠 组合加成,末路尽忠,0,0,,,,,102,防御属性提高,0
293470,293470,1,1,5,0,100,100,29347001,0,9,0,0,0,0,汉朝官军 组合加成,汉朝官军,0,0,,,,,101,攻击属性提高,0
293562,293562,1,1,5,0,100,100,29356201,0,9,0,0,0,0,黄巾游勇 组合加成,黄巾游勇,0,0,,,,,101,攻击属性提高,0
293563,293563,1,1,5,0,100,100,29356301,0,9,0,0,0,0,黄巾游勇 组合加成,黄巾游勇,0,0,,,,,101,攻击属性提高,0
293564,293564,1,1,5,0,100,100,29356401,0,9,0,0,0,0,黄巾游勇 组合加成,黄巾游勇,0,0,,,,,101,攻击属性提高,0
293565,293565,1,1,5,0,100,100,29356501,0,9,0,0,0,0,黄巾游勇 组合加成,黄巾游勇,0,0,,,,,101,攻击属性提高,0
293566,293566,1,1,5,0,100,100,29356601,0,9,0,0,0,0,黄巾游勇 组合加成,黄巾游勇,0,0,,,,,101,攻击属性提高,0
293567,293567,1,1,5,0,100,100,29356701,0,9,0,0,0,0,黄巾游勇 组合加成,黄巾游勇,0,0,,,,,101,攻击属性提高,0
293568,293568,1,1,5,0,100,100,29356801,0,9,0,0,0,0,黄巾游勇 组合加成,黄巾游勇,0,0,,,,,101,攻击属性提高,0
293569,293569,1,1,5,0,100,100,29356901,0,9,0,0,0,0,黄巾游勇 组合加成,黄巾游勇,0,0,,,,,101,攻击属性提高,0
293570,293570,1,1,5,0,100,100,29357001,0,9,0,0,0,0,黄巾游勇 组合加成,黄巾游勇,0,0,,,,,101,攻击属性提高,0
293571,293571,1,1,5,0,100,100,29357101,0,9,0,0,0,0,黄巾游勇 组合加成,黄巾游勇,0,0,,,,,101,攻击属性提高,0
293572,293572,1,1,5,0,100,100,29357201,0,9,0,0,0,0,黄巾游勇 组合加成,黄巾游勇,0,0,,,,,101,攻击属性提高,0
293573,293573,1,1,5,0,100,100,29357301,0,9,0,0,0,0,黄巾游勇 组合加成,黄巾游勇,0,0,,,,,101,攻击属性提高,0
293574,293574,1,1,5,0,100,100,29357401,0,9,0,0,0,0,黄巾游勇 组合加成,黄巾游勇,0,0,,,,,101,攻击属性提高,0
293575,293575,1,1,5,0,100,100,29357501,0,9,0,0,0,0,黄巾游勇 组合加成,黄巾游勇,0,0,,,,,101,攻击属性提高,0
293576,293576,1,1,5,0,100,100,29357601,0,9,0,0,0,0,黄巾游勇 组合加成,黄巾游勇,0,0,,,,,101,攻击属性提高,0
293577,293577,1,1,5,0,100,100,29357701,0,9,0,0,0,0,黄巾游勇 组合加成,黄巾游勇,0,0,,,,,101,攻击属性提高,0
293578,293578,1,1,5,0,100,100,29357801,0,9,0,0,0,0,黄巾游勇 组合加成,黄巾游勇,0,0,,,,,101,攻击属性提高,0
293579,293579,1,1,5,0,100,100,29357901,0,9,0,0,0,0,黄巾游勇 组合加成,黄巾游勇,0,0,,,,,101,攻击属性提高,0
293580,293580,1,1,5,0,100,100,29358001,0,9,0,0,0,0,黄巾游勇 组合加成,黄巾游勇,0,0,,,,,101,攻击属性提高,0
293581,293581,1,1,5,0,100,100,29358101,0,9,0,0,0,0,黄巾游勇 组合加成,黄巾游勇,0,0,,,,,101,攻击属性提高,0
293582,293582,1,1,5,0,100,100,29358201,0,9,0,0,0,0,黄巾游勇 组合加成,黄巾游勇,0,0,,,,,101,攻击属性提高,0
293583,293583,1,1,5,0,100,100,29358301,0,9,0,0,0,0,黄巾游勇 组合加成,黄巾游勇,0,0,,,,,101,攻击属性提高,0
293584,293584,1,1,5,0,100,100,29358401,0,9,0,0,0,0,黄巾游勇 组合加成,黄巾游勇,0,0,,,,,101,攻击属性提高,0
293585,293585,1,1,5,0,100,100,29358501,0,9,0,0,0,0,黄巾游勇 组合加成,黄巾游勇,0,0,,,,,101,攻击属性提高,0
293586,293586,1,1,5,0,100,100,29358601,0,9,0,0,0,0,黄巾游勇 组合加成,黄巾游勇,0,0,,,,,101,攻击属性提高,0
293587,293587,1,1,5,0,100,100,29358701,0,9,0,0,0,0,黄巾游勇 组合加成,黄巾游勇,0,0,,,,,101,攻击属性提高,0
293588,293588,1,1,5,0,100,100,29358801,0,9,0,0,0,0,黄巾游勇 组合加成,黄巾游勇,0,0,,,,,101,攻击属性提高,0
293589,293589,1,1,5,0,100,100,29358901,0,9,0,0,0,0,黄巾游勇 组合加成,黄巾游勇,0,0,,,,,101,攻击属性提高,0
293590,293590,1,1,5,0,100,100,29359001,0,9,0,0,0,0,苍天已死 组合加成,苍天已死,0,0,,,,,103,谋略属性提高,0
293591,293591,1,1,5,0,100,100,29359101,0,9,0,0,0,0,苍天已死 组合加成,苍天已死,0,0,,,,,103,谋略属性提高,0
293592,293592,1,1,5,0,100,100,29359201,0,9,0,0,0,0,苍天已死 组合加成,苍天已死,0,0,,,,,103,谋略属性提高,0
293593,293593,1,1,5,0,100,100,29359301,0,9,0,0,0,0,苍天已死 组合加成,苍天已死,0,0,,,,,103,谋略属性提高,0
293594,293594,1,1,5,0,100,100,29359401,0,9,0,0,0,0,苍天已死 组合加成,苍天已死,0,0,,,,,103,谋略属性提高,0
293595,293595,1,1,5,0,100,100,29359501,0,9,0,0,0,0,苍天已死 组合加成,苍天已死,0,0,,,,,103,谋略属性提高,0
293599,293599,1,1,5,0,100,100,29359901,0,9,0,0,0,0,黄巾强将 组合加成,黄巾强将,0,0,,,,,105,攻城属性提高,0
293600,293600,1,1,5,0,100,100,29360001,0,9,0,0,0,0,黄巾强将 组合加成,黄巾强将,0,0,,,,,105,攻城属性提高,0
293601,293601,1,1,5,0,100,100,29360101,0,9,0,0,0,0,黄巾强将 组合加成,黄巾强将,0,0,,,,,105,攻城属性提高,0
293602,293602,1,1,5,0,100,100,29360201,0,9,0,0,0,0,黄巾强将 组合加成,黄巾强将,0,0,,,,,105,攻城属性提高,0
293603,293603,1,1,5,0,100,100,29360301,0,9,0,0,0,0,黄巾强将 组合加成,黄巾强将,0,0,,,,,105,攻城属性提高,0
293604,293604,1,1,5,0,100,100,29360401,0,9,0,0,0,0,黄巾强将 组合加成,黄巾强将,0,0,,,,,105,攻城属性提高,0
293605,293605,1,1,5,0,100,100,29360501,0,9,0,0,0,0,黄巾强将 组合加成,黄巾强将,0,0,,,,,105,攻城属性提高,0
293616,293616,1,1,5,0,100,100,29361601,0,9,0,0,0,0,偏安一隅 组合加成,偏安一隅,0,0,,,,,102,防御属性提高,0
293617,293617,1,1,5,0,100,100,29361701,0,9,0,0,0,0,偏安一隅 组合加成,偏安一隅,0,0,,,,,102,防御属性提高,0
293618,293618,1,1,5,0,100,100,29361801,0,9,0,0,0,0,温侯无双 组合加成,温侯无双,0,0,,,,,101,攻击属性提高,0
293619,293619,1,1,5,0,100,100,29361901,0,9,0,0,0,0,温侯无双 组合加成,温侯无双,0,0,,,,,101,攻击属性提高,0
293620,293620,1,1,5,0,100,100,29362001,0,9,0,0,0,0,温侯无双 组合加成,温侯无双,0,0,,,,,101,攻击属性提高,0
293621,293621,1,1,5,0,100,100,29362101,0,9,0,0,0,0,温侯无双 组合加成,温侯无双,0,0,,,,,101,攻击属性提高,0
293622,293622,1,1,5,0,100,100,29362201,0,9,0,0,0,0,温侯无双 组合加成,温侯无双,0,0,,,,,101,攻击属性提高,0
293623,293623,1,1,5,0,100,100,29362301,0,9,0,0,0,0,温侯无双 组合加成,温侯无双,0,0,,,,,101,攻击属性提高,0
293643,293643,1,1,5,0,100,100,29364301,0,9,0,0,0,0,温侯无双 组合加成,温侯无双,0,0,,,,,101,攻击属性提高,0
293644,293644,1,1,5,0,100,100,29364401,0,9,0,0,0,0,温侯无双 组合加成,温侯无双,0,0,,,,,101,攻击属性提高,0
293645,293645,1,1,5,0,100,100,29364501,0,9,0,0,0,0,温侯无双 组合加成,温侯无双,0,0,,,,,101,攻击属性提高,0
293646,293646,1,1,5,0,100,100,29364601,0,9,0,0,0,0,温侯无双 组合加成,温侯无双,0,0,,,,,101,攻击属性提高,0
293647,293647,1,1,5,0,100,100,29364701,0,9,0,0,0,0,温侯无双 组合加成,温侯无双,0,0,,,,,101,攻击属性提高,0
293648,293648,1,1,5,0,100,100,29364801,0,9,0,0,0,0,温侯无双 组合加成,温侯无双,0,0,,,,,101,攻击属性提高,0
293649,293649,1,1,5,0,100,100,29364901,0,9,0,0,0,0,温侯无双 组合加成,温侯无双,0,0,,,,,101,攻击属性提高,0
293651,293651,1,1,5,0,100,100,29365101,0,9,0,0,0,0,温侯无双 组合加成,温侯无双,0,0,,,,,101,攻击属性提高,0
293652,293652,1,1,5,0,100,100,29365201,0,9,0,0,0,0,温侯无双 组合加成,温侯无双,0,0,,,,,101,攻击属性提高,0
293653,293653,1,1,5,0,100,100,29365301,0,9,0,0,0,0,温侯无双 组合加成,温侯无双,0,0,,,,,101,攻击属性提高,0
293654,293654,1,1,5,0,100,100,29365401,0,9,0,0,0,0,温侯无双 组合加成,温侯无双,0,0,,,,,101,攻击属性提高,0
293655,293655,1,1,5,0,100,100,29365501,0,9,0,0,0,0,温侯无双 组合加成,温侯无双,0,0,,,,,101,攻击属性提高,0
293656,293656,1,1,5,0,100,100,29365601,0,9,0,0,0,0,温侯无双 组合加成,温侯无双,0,0,,,,,101,攻击属性提高,0
293662,293662,1,1,5,0,100,100,29366201,0,9,0,0,0,0,温侯无双 组合加成,温侯无双,0,0,,,,,101,攻击属性提高,0
293663,293663,1,1,5,0,100,100,29366301,0,9,0,0,0,0,温侯无双 组合加成,温侯无双,0,0,,,,,101,攻击属性提高,0
293664,293664,1,1,5,0,100,100,29366401,0,9,0,0,0,0,温侯无双 组合加成,温侯无双,0,0,,,,,101,攻击属性提高,0
293665,293665,1,1,5,0,100,100,29366501,0,9,0,0,0,0,温侯无双 组合加成,温侯无双,0,0,,,,,101,攻击属性提高,0
293666,293666,1,1,5,0,100,100,29366601,0,9,0,0,0,0,温侯无双 组合加成,温侯无双,0,0,,,,,101,攻击属性提高,0
293669,293669,1,1,5,0,100,100,29366901,0,9,0,0,0,0,温侯无双 组合加成,温侯无双,0,0,,,,,101,攻击属性提高,0
293670,293670,1,1,5,0,100,100,29367001,0,9,0,0,0,0,温侯无双 组合加成,温侯无双,0,0,,,,,101,攻击属性提高,0
293671,293671,1,1,5,0,100,100,29367101,0,9,0,0,0,0,温侯无双 组合加成,温侯无双,0,0,,,,,101,攻击属性提高,0
293672,293672,1,1,5,0,100,100,29367201,0,9,0,0,0,0,温侯无双 组合加成,温侯无双,0,0,,,,,101,攻击属性提高,0
293673,293673,1,1,5,0,100,100,29367301,0,9,0,0,0,0,温侯无双 组合加成,温侯无双,0,0,,,,,101,攻击属性提高,0
293674,293674,1,1,5,0,100,100,29367401,0,9,0,0,0,0,温侯无双 组合加成,温侯无双,0,0,,,,,101,攻击属性提高,0
293675,293675,1,1,5,0,100,100,29367501,0,9,0,0,0,0,温侯无双 组合加成,温侯无双,0,0,,,,,101,攻击属性提高,0
293709,293709,1,1,5,0,100,100,29370901,0,9,0,0,0,0,汉朝官军 组合加成,汉朝官军,0,0,,,,,101,攻击属性提高,0
293710,293710,1,1,5,0,100,100,29371001,0,9,0,0,0,0,汉朝官军 组合加成,汉朝官军,0,0,,,,,101,攻击属性提高,0
293711,293711,1,1,5,0,100,100,29371101,0,9,0,0,0,0,汉朝官军 组合加成,汉朝官军,0,0,,,,,101,攻击属性提高,0
293712,293712,1,1,5,0,100,100,29371201,0,9,0,0,0,0,宦官斗外戚 组合加成,宦官斗外戚,0,0,,,,,106,攻击距离提高,0
293716,293716,1,1,5,0,100,100,29371601,0,9,0,0,0,0,末路尽忠 组合加成,末路尽忠,0,0,,,,,102,防御属性提高,0
293719,293719,1,1,5,0,100,100,29371901,0,9,0,0,0,0,末路尽忠 组合加成,末路尽忠,0,0,,,,,102,防御属性提高,0
293720,293720,1,1,5,0,100,100,29372001,0,9,0,0,0,0,末路尽忠 组合加成,末路尽忠,0,0,,,,,102,防御属性提高,0
293721,293721,1,1,5,0,100,100,29372101,0,9,0,0,0,0,蜀之智 组合加成,蜀之智,0,0,,,,,103,谋略属性提高,0
293722,293722,1,1,5,0,100,100,29372201,0,9,0,0,0,0,蜀之智 组合加成,蜀之智,0,0,,,,,103,谋略属性提高,0
293723,293723,1,1,5,0,100,100,29372301,0,9,0,0,0,0,蜀之智 组合加成,蜀之智,0,0,,,,,103,谋略属性提高,0
293724,293724,1,1,5,0,100,100,29372401,0,9,0,0,0,0,蜀之智 组合加成,蜀之智,0,0,,,,,103,谋略属性提高,0
293725,293725,1,1,5,0,100,100,29372501,0,9,0,0,0,0,蜀之智 组合加成,蜀之智,0,0,,,,,103,谋略属性提高,0
293726,293726,1,1,5,0,100,100,29372601,0,9,0,0,0,0,蜀之智 组合加成,蜀之智,0,0,,,,,103,谋略属性提高,0
293727,293727,1,1,5,0,100,100,29372701,0,9,0,0,0,0,蜀之智 组合加成,蜀之智,0,0,,,,,103,谋略属性提高,0
293728,293728,1,1,5,0,100,100,29372801,0,9,0,0,0,0,蜀之智 组合加成,蜀之智,0,0,,,,,103,谋略属性提高,0
293729,293729,1,1,5,0,100,100,29372901,0,9,0,0,0,0,蜀之智 组合加成,蜀之智,0,0,,,,,103,谋略属性提高,0
293730,293730,1,1,5,0,100,100,29373001,0,9,0,0,0,0,蜀之智 组合加成,蜀之智,0,0,,,,,103,谋略属性提高,0
293731,293731,1,1,5,0,100,100,29373101,0,9,0,0,0,0,蜀之智 组合加成,蜀之智,0,0,,,,,103,谋略属性提高,0
293732,293732,1,1,5,0,100,100,29373201,0,9,0,0,0,0,蜀之智 组合加成,蜀之智,0,0,,,,,103,谋略属性提高,0
293733,293733,1,1,5,0,100,100,29373301,0,9,0,0,0,0,魏之智 组合加成,魏之智,0,0,,,,,103,谋略属性提高,0
293734,293734,1,1,5,0,100,100,29373401,0,9,0,0,0,0,魏之智 组合加成,魏之智,0,0,,,,,103,谋略属性提高,0
293735,293735,1,1,5,0,100,100,29373501,0,9,0,0,0,0,魏之智 组合加成,魏之智,0,0,,,,,103,谋略属性提高,0
293736,293736,1,1,5,0,100,100,29373601,0,9,0,0,0,0,魏之智 组合加成,魏之智,0,0,,,,,103,谋略属性提高,0
293737,293737,1,1,5,0,100,100,29373701,0,9,0,0,0,0,魏之智 组合加成,魏之智,0,0,,,,,103,谋略属性提高,0
293738,293738,1,1,5,0,100,100,29373801,0,9,0,0,0,0,魏之智 组合加成,魏之智,0,0,,,,,103,谋略属性提高,0
293739,293739,1,1,5,0,100,100,29373901,0,9,0,0,0,0,魏之智 组合加成,魏之智,0,0,,,,,103,谋略属性提高,0
293740,293740,1,1,5,0,100,100,29374001,0,9,0,0,0,0,魏之智 组合加成,魏之智,0,0,,,,,103,谋略属性提高,0
293741,293741,1,1,5,0,100,100,29374101,0,9,0,0,0,0,魏之智 组合加成,魏之智,0,0,,,,,103,谋略属性提高,0
293742,293742,1,1,5,0,100,100,29374201,0,9,0,0,0,0,魏武强将 组合加成,魏武强将,0,0,,,,,101,攻击属性提高,0
293743,293743,1,1,5,0,100,100,29374301,0,9,0,0,0,0,魏武强将 组合加成,魏武强将,0,0,,,,,101,攻击属性提高,0
293744,293744,1,1,5,0,100,100,29374401,0,9,0,0,0,0,魏武强将 组合加成,魏武强将,0,0,,,,,101,攻击属性提高,0
293745,293745,1,1,5,0,100,100,29374501,0,9,0,0,0,0,魏武强将 组合加成,魏武强将,0,0,,,,,101,攻击属性提高,0
293746,293746,1,1,5,0,100,100,29374601,0,9,0,0,0,0,魏武强将 组合加成,魏武强将,0,0,,,,,101,攻击属性提高,0
293747,293747,1,1,5,0,100,100,29374701,0,9,0,0,0,0,魏武强将 组合加成,魏武强将,0,0,,,,,101,攻击属性提高,0
293748,293748,1,1,5,0,100,100,29374801,0,9,0,0,0,0,魏武强将 组合加成,魏武强将,0,0,,,,,101,攻击属性提高,0
293749,293749,1,1,5,0,100,100,29374901,0,9,0,0,0,0,魏武强将 组合加成,魏武强将,0,0,,,,,101,攻击属性提高,0
293750,293750,1,1,5,0,100,100,29375001,0,9,0,0,0,0,魏武强将 组合加成,魏武强将,0,0,,,,,101,攻击属性提高,0
293751,293751,1,1,5,0,100,100,29375101,0,9,0,0,0,0,魏武强将 组合加成,魏武强将,0,0,,,,,101,攻击属性提高,0
293752,293752,1,1,5,0,100,100,29375201,0,9,0,0,0,0,魏武强将 组合加成,魏武强将,0,0,,,,,101,攻击属性提高,0
293753,293753,1,1,5,0,100,100,29375301,0,9,0,0,0,0,魏武强将 组合加成,魏武强将,0,0,,,,,101,攻击属性提高,0
293754,293754,1,1,5,0,100,100,29375401,0,9,0,0,0,0,魏武强将 组合加成,魏武强将,0,0,,,,,101,攻击属性提高,0
293755,293755,1,1,5,0,100,100,29375501,0,9,0,0,0,0,魏武强将 组合加成,魏武强将,0,0,,,,,101,攻击属性提高,0
293756,293756,1,1,5,0,100,100,29375601,0,9,0,0,0,0,苦肉计 组合加成,苦肉计,0,0,,,,,101,攻击属性提高,0
293757,293757,1,1,5,0,100,100,29375701,0,9,0,0,0,0,苦肉计 组合加成,苦肉计,0,0,,,,,101,攻击属性提高,0
293758,293758,1,1,5,0,100,100,29375801,0,9,0,0,0,0,东吴老将 组合加成,东吴老将,0,0,,,,,101,攻击属性提高,0
293759,293759,1,1,5,0,100,100,29375901,0,9,0,0,0,0,东吴老将 组合加成,东吴老将,0,0,,,,,101,攻击属性提高,0
293760,293760,1,1,5,0,100,100,29376001,0,9,0,0,0,0,东吴老将 组合加成,东吴老将,0,0,,,,,101,攻击属性提高,0
293761,293761,1,1,5,0,100,100,29376101,0,9,0,0,0,0,老当益壮 组合加成,老当益壮,0,0,,,,,102,防御属性提高,0
293762,293762,1,1,5,0,100,100,29376201,0,9,0,0,0,0,老当益壮 组合加成,老当益壮,0,0,,,,,102,防御属性提高,0
293763,293763,1,1,5,0,100,100,29376301,0,9,0,0,0,0,纵横江海 组合加成,纵横江海,0,0,,,,,102,防御属性提高,0
293764,293764,1,1,5,0,100,100,29376401,0,9,0,0,0,0,纵横江海 组合加成,纵横江海,0,0,,,,,102,防御属性提高,0
293765,293765,1,1,5,0,100,100,29376501,0,9,0,0,0,0,河北四庭柱 组合加成,河北四庭柱,0,0,,,,,101,攻击属性提高,0
293766,293766,1,1,5,0,100,100,29376601,0,9,0,0,0,0,河北四庭柱 组合加成,河北四庭柱,0,0,,,,,101,攻击属性提高,0
293767,293767,1,1,5,0,100,100,29376701,0,9,0,0,0,0,河北四庭柱 组合加成,河北四庭柱,0,0,,,,,101,攻击属性提高,0
293768,293768,1,1,5,0,100,100,29376801,0,9,0,0,0,0,驰马西凉 组合加成,驰马西凉,0,0,,,,,542,攻心,0
293769,293769,1,1,5,0,100,100,29376901,0,9,0,0,0,0,驰马西凉 组合加成,驰马西凉,0,0,,,,,102,防御属性提高,0
293770,293770,1,1,5,0,100,100,29377001,0,9,0,0,0,0,驰马西凉 组合加成,驰马西凉,0,0,,,,,102,防御属性提高,0
293771,293771,1,1,5,0,100,100,29377101,0,9,0,0,0,0,驰马西凉 组合加成,驰马西凉,0,0,,,,,102,防御属性提高,0
293772,293772,1,1,5,0,100,100,29377201,0,9,0,0,0,0,驰马西凉 组合加成,驰马西凉,0,0,,,,,102,防御属性提高,0
293773,293773,1,1,5,0,100,100,29377301,0,9,0,0,0,0,河北四庭柱 组合加成,河北四庭柱,0,0,,,,,101,攻击属性提高,0
293774,293774,1,1,5,0,100,100,29377401,0,9,0,0,0,0,河北四庭柱 组合加成,河北四庭柱,0,0,,,,,101,攻击属性提高,0
293775,293775,1,1,5,0,100,100,29377501,0,9,0,0,0,0,河北四庭柱 组合加成,河北四庭柱,0,0,,,,,101,攻击属性提高,0
293776,293776,1,1,5,0,100,100,29377601,0,9,0,0,0,0,河北四庭柱 组合加成,河北四庭柱,0,0,,,,,101,攻击属性提高,0
293777,293777,1,1,5,0,100,100,29377701,0,9,0,0,0,0,河北四庭柱 组合加成,河北四庭柱,0,0,,,,,101,攻击属性提高,0
293778,293778,1,1,5,0,100,100,29377801,0,9,0,0,0,0,驰马西凉 组合加成,驰马西凉,0,0,,,,,102,防御属性提高,0
293779,293779,1,1,5,0,100,100,29377901,0,9,0,0,0,0,驰马西凉 组合加成,驰马西凉,0,0,,,,,102,防御属性提高,0
293780,293780,1,1,5,0,100,100,29378001,0,9,0,0,0,0,驰马西凉 组合加成,驰马西凉,0,0,,,,,102,防御属性提高,0
293781,293781,1,1,5,0,100,100,29378101,0,9,0,0,0,0,驰马西凉 组合加成,驰马西凉,0,0,,,,,102,防御属性提高,0
293782,293782,1,1,5,0,100,100,29378201,0,9,0,0,0,0,驰马西凉 组合加成,驰马西凉,0,0,,,,,102,防御属性提高,0
293783,293783,1,1,5,0,100,100,29378301,0,9,0,0,0,0,驰马西凉 组合加成,驰马西凉,0,0,,,,,102,防御属性提高,0
293784,293784,1,1,5,0,100,100,29378401,0,9,0,0,0,0,驰马西凉 组合加成,驰马西凉,0,0,,,,,102,防御属性提高,0
293785,293785,1,1,5,0,100,100,29378501,0,9,0,0,0,0,驰马西凉 组合加成,驰马西凉,0,0,,,,,102,防御属性提高,0
293786,293786,1,1,5,0,100,100,29378601,0,9,0,0,0,0,魏之智 组合加成,魏之智,0,0,,,,,103,谋略属性提高,0
293787,293787,1,1,5,0,100,100,29378701,0,9,0,0,0,0,魏之智 组合加成,魏之智,0,0,,,,,103,谋略属性提高,0
293788,293788,1,1,5,0,100,100,29378801,0,9,0,0,0,0,魏之智 组合加成,魏之智,0,0,,,,,103,谋略属性提高,0
293789,293789,1,1,5,0,100,100,29378901,0,9,0,0,0,0,魏之智 组合加成,魏之智,0,0,,,,,103,谋略属性提高,0
293790,293790,1,1,5,0,100,100,29379001,0,9,0,0,0,0,魏之智 组合加成,魏之智,0,0,,,,,103,谋略属性提高,0
293791,293791,1,1,5,0,100,100,29379101,0,9,0,0,0,0,魏之智 组合加成,魏之智,0,0,,,,,103,谋略属性提高,0
293792,293792,1,1,5,0,100,100,29379201,0,9,0,0,0,0,魏之智 组合加成,魏之智,0,0,,,,,103,谋略属性提高,0
293793,293793,1,1,5,0,100,100,29379301,0,9,0,0,0,0,魏之智 组合加成,魏之智,0,0,,,,,103,谋略属性提高,0
293794,293794,1,1,5,0,100,100,29379401,0,9,0,0,0,0,魏之智 组合加成,魏之智,0,0,,,,,103,谋略属性提高,0
293795,293795,1,1,5,0,100,100,29379501,0,9,0,0,0,0,魏之智 组合加成,魏之智,0,0,,,,,103,谋略属性提高,0
293796,293796,1,1,5,0,100,100,29379601,0,9,0,0,0,0,魏之智 组合加成,魏之智,0,0,,,,,103,谋略属性提高,0
293797,293797,1,1,5,0,100,100,29379701,0,9,0,0,0,0,魏之智 组合加成,魏之智,0,0,,,,,103,谋略属性提高,0
293798,293798,1,1,5,0,100,100,29379801,0,9,0,0,0,0,魏之智 组合加成,魏之智,0,0,,,,,103,谋略属性提高,0
293799,293799,1,1,5,0,100,100,29379901,0,9,0,0,0,0,魏之智 组合加成,魏之智,0,0,,,,,103,谋略属性提高,0
293800,293800,1,1,5,0,100,100,29380001,0,9,0,0,0,0,魏之智 组合加成,魏之智,0,0,,,,,103,谋略属性提高,0
293801,293801,1,1,5,0,100,100,29380101,0,9,0,0,0,0,魏之智 组合加成,魏之智,0,0,,,,,103,谋略属性提高,0
293802,293802,1,1,5,0,100,100,29380201,0,9,0,0,0,0,魏之智 组合加成,魏之智,0,0,,,,,103,谋略属性提高,0
293803,293803,1,1,5,0,100,100,29380301,0,9,0,0,0,0,魏之智 组合加成,魏之智,0,0,,,,,103,谋略属性提高,0
293804,293804,1,1,5,0,100,100,29380401,0,9,0,0,0,0,魏之智 组合加成,魏之智,0,0,,,,,103,谋略属性提高,0
293805,293805,1,1,5,0,100,100,29380501,0,9,0,0,0,0,二乔 组合加成,二乔,0,0,,,,,103,谋略属性提高,0
293806,293806,1,1,5,0,100,100,29380601,0,9,0,0,0,0,二乔 组合加成,二乔,0,0,,,,,103,谋略属性提高,0
293807,293807,1,1,5,0,100,100,29380701,0,9,0,0,0,0,二乔 组合加成,二乔,0,0,,,,,103,谋略属性提高,0
293808,293808,1,1,5,0,100,100,29380801,0,9,0,0,0,0,二乔 组合加成,二乔,0,0,,,,,103,谋略属性提高,0
293809,293809,1,1,5,0,100,100,29380901,0,9,0,0,0,0,二乔 组合加成,二乔,0,0,,,,,103,谋略属性提高,0
293810,293810,1,1,5,0,100,100,29381001,0,9,0,0,0,0,二乔 组合加成,二乔,0,0,,,,,103,谋略属性提高,0
293811,293811,1,1,5,0,100,100,29381101,0,9,0,0,0,0,二乔 组合加成,二乔,0,0,,,,,103,谋略属性提高,0
293812,293812,1,1,5,0,100,100,29381201,0,9,0,0,0,0,二乔 组合加成,二乔,0,0,,,,,103,谋略属性提高,0
293813,293813,1,1,5,0,100,100,29381301,0,9,0,0,0,0,二乔 组合加成,二乔,0,0,,,,,103,谋略属性提高,0
293814,293814,1,1,5,0,100,100,29381401,0,9,0,0,0,0,二乔 组合加成,二乔,0,0,,,,,103,谋略属性提高,0
293815,293815,1,1,5,0,100,100,29381501,0,9,0,0,0,0,二乔 组合加成,二乔,0,0,,,,,103,谋略属性提高,0
293816,293816,1,1,5,0,100,100,29381601,0,9,0,0,0,0,二乔 组合加成,二乔,0,0,,,,,103,谋略属性提高,0
293817,293817,1,1,5,0,100,100,29381701,0,9,0,0,0,0,二乔 组合加成,二乔,0,0,,,,,103,谋略属性提高,0
293818,293818,1,1,5,0,100,100,29381801,0,9,0,0,0,0,二乔 组合加成,二乔,0,0,,,,,103,谋略属性提高,0
293819,293819,1,1,5,0,100,100,29381901,0,9,0,0,0,0,二乔 组合加成,二乔,0,0,,,,,103,谋略属性提高,0
293820,293820,1,1,5,0,100,100,29382001,0,9,0,0,0,0,二乔 组合加成,二乔,0,0,,,,,103,谋略属性提高,0
293821,293821,1,1,5,0,100,100,29382101,0,9,0,0,0,0,二乔 组合加成,二乔,0,0,,,,,103,谋略属性提高,0
293822,293822,1,1,5,0,100,100,29382201,0,9,0,0,0,0,二乔 组合加成,二乔,0,0,,,,,103,谋略属性提高,0
293823,293823,1,1,5,0,100,100,29382301,0,9,0,0,0,0,河北四庭柱 组合加成,河北四庭柱,0,0,,,,,101,攻击属性提高,0
293824,293824,1,1,5,0,100,100,29382401,0,9,0,0,0,0,河北四庭柱 组合加成,河北四庭柱,0,0,,,,,101,攻击属性提高,0
293825,293825,1,1,5,0,100,100,29382501,0,9,0,0,0,0,河北四庭柱 组合加成,河北四庭柱,0,0,,,,,101,攻击属性提高,0
293826,293826,1,1,5,0,100,100,29382601,0,9,0,0,0,0,河北四庭柱 组合加成,河北四庭柱,0,0,,,,,101,攻击属性提高,0
293827,293827,1,1,5,0,100,100,29382701,0,9,0,0,0,0,河北四庭柱 组合加成,河北四庭柱,0,0,,,,,101,攻击属性提高,0
293828,293828,1,1,5,0,100,100,29382801,0,9,0,0,0,0,河北四庭柱 组合加成,河北四庭柱,0,0,,,,,101,攻击属性提高,0
293829,293829,1,1,5,0,100,100,29382901,0,9,0,0,0,0,河北四庭柱 组合加成,河北四庭柱,0,0,,,,,101,攻击属性提高,0
293830,293830,1,1,5,0,100,100,29383001,0,9,0,0,0,0,河北四庭柱 组合加成,河北四庭柱,0,0,,,,,101,攻击属性提高,0
293831,293831,1,1,5,0,100,100,29383101,0,9,0,0,0,0,河北四庭柱 组合加成,河北四庭柱,0,0,,,,,101,攻击属性提高,0
293832,293832,1,1,5,0,100,100,29383201,0,9,0,0,0,0,河北四庭柱 组合加成,河北四庭柱,0,0,,,,,101,攻击属性提高,0
293833,293833,1,1,5,0,100,100,29383301,0,9,0,0,0,0,河北四庭柱 组合加成,河北四庭柱,0,0,,,,,101,攻击属性提高,0
293834,293834,1,1,5,0,100,100,29383401,0,9,0,0,0,0,河北四庭柱 组合加成,河北四庭柱,0,0,,,,,101,攻击属性提高,0
293835,293835,1,1,5,0,100,100,29383501,0,9,0,0,0,0,河北四庭柱 组合加成,河北四庭柱,0,0,,,,,101,攻击属性提高,0
293836,293836,1,1,5,0,100,100,29383601,0,9,0,0,0,0,末路尽忠 组合加成,末路尽忠,0,0,,,,,102,防御属性提高,0
293837,293837,1,1,5,0,100,100,29383701,0,9,0,0,0,0,末路尽忠 组合加成,末路尽忠,0,0,,,,,102,防御属性提高,0
293838,293838,1,1,5,0,100,100,29383801,0,9,0,0,0,0,末路尽忠 组合加成,末路尽忠,0,0,,,,,102,防御属性提高,0
293839,293839,1,1,5,0,100,100,29383901,0,9,0,0,0,0,末路尽忠 组合加成,末路尽忠,0,0,,,,,102,防御属性提高,0
293840,293840,1,1,5,0,100,100,29384001,0,9,0,0,0,0,末路尽忠 组合加成,末路尽忠,0,0,,,,,102,防御属性提高,0
293841,293841,1,1,5,0,100,100,29384101,0,9,0,0,0,0,末路尽忠 组合加成,末路尽忠,0,0,,,,,102,防御属性提高,0
293842,293842,1,1,5,0,100,100,29384201,0,9,0,0,0,0,末路尽忠 组合加成,末路尽忠,0,0,,,,,102,防御属性提高,0
293843,293843,1,1,5,0,100,100,29384301,0,9,0,0,0,0,末路尽忠 组合加成,末路尽忠,0,0,,,,,102,防御属性提高,0
293844,293844,1,1,5,0,100,100,29384401,0,9,0,0,0,0,末路尽忠 组合加成,末路尽忠,0,0,,,,,102,防御属性提高,0
293845,293845,1,1,5,0,100,100,29384501,0,9,0,0,0,0,末路尽忠 组合加成,末路尽忠,0,0,,,,,102,防御属性提高,0
293846,293846,1,1,5,0,100,100,29384601,0,9,0,0,0,0,末路尽忠 组合加成,末路尽忠,0,0,,,,,102,防御属性提高,0
293847,293847,1,1,5,0,100,100,29384701,0,9,0,0,0,0,末路尽忠 组合加成,末路尽忠,0,0,,,,,102,防御属性提高,0
293848,293848,1,1,5,0,100,100,29384801,0,9,0,0,0,0,末路尽忠 组合加成,末路尽忠,0,0,,,,,102,防御属性提高,0
293849,293849,1,1,5,0,100,100,29384901,0,9,0,0,0,0,末路尽忠 组合加成,末路尽忠,0,0,,,,,102,防御属性提高,0
293850,293850,1,1,5,0,100,100,29385001,0,9,0,0,0,0,末路尽忠 组合加成,末路尽忠,0,0,,,,,102,防御属性提高,0
293851,293851,1,1,5,0,100,100,29385101,0,9,0,0,0,0,末路尽忠 组合加成,末路尽忠,0,0,,,,,102,防御属性提高,0
293852,293852,1,1,5,0,100,100,29385201,0,9,0,0,0,0,老当益壮 组合加成,老当益壮,0,0,,,,,102,防御属性提高,0
293853,293853,1,1,5,0,100,100,29385301,0,9,0,0,0,0,老当益壮 组合加成,老当益壮,0,0,,,,,102,防御属性提高,0
293854,293854,1,1,5,0,100,100,29385401,0,9,0,0,0,0,老当益壮 组合加成,老当益壮,0,0,,,,,102,防御属性提高,0
293855,293855,1,1,5,0,100,100,29385501,0,9,0,0,0,0,老当益壮 组合加成,老当益壮,0,0,,,,,102,防御属性提高,0
293856,293856,1,1,5,0,100,100,29385601,0,9,0,0,0,0,老当益壮 组合加成,老当益壮,0,0,,,,,102,防御属性提高,0
293857,293857,1,1,5,0,100,100,29385701,0,9,0,0,0,0,老当益壮 组合加成,老当益壮,0,0,,,,,102,防御属性提高,0
293858,293858,1,1,5,0,100,100,29385801,0,9,0,0,0,0,温侯无双 组合加成,温侯无双,0,0,,,,,101,攻击属性提高,0
293859,293859,1,1,5,0,100,100,29385901,0,9,0,0,0,0,温侯无双 组合加成,温侯无双,0,0,,,,,101,攻击属性提高,0
293860,293860,1,1,5,0,100,100,29386001,0,9,0,0,0,0,温侯无双 组合加成,温侯无双,0,0,,,,,101,攻击属性提高,0
293861,293861,1,1,5,0,100,100,29386101,0,9,0,0,0,0,温侯无双 组合加成,温侯无双,0,0,,,,,101,攻击属性提高,0
293862,293862,1,1,5,0,100,100,29386201,0,9,0,0,0,0,温侯无双 组合加成,温侯无双,0,0,,,,,101,攻击属性提高,0
293863,293863,1,1,5,0,100,100,29386301,0,9,0,0,0,0,温侯无双 组合加成,温侯无双,0,0,,,,,101,攻击属性提高,0
293864,293864,1,1,5,0,100,100,29386401,0,9,0,0,0,0,温侯无双 组合加成,温侯无双,0,0,,,,,101,攻击属性提高,0
293865,293865,1,1,5,0,100,100,29386501,0,9,0,0,0,0,温侯无双 组合加成,温侯无双,0,0,,,,,101,攻击属性提高,0
293866,293866,1,1,5,0,100,100,29386601,0,9,0,0,0,0,温侯无双 组合加成,温侯无双,0,0,,,,,101,攻击属性提高,0
293867,293867,1,1,5,0,100,100,29386701,0,9,0,0,0,0,温侯无双 组合加成,温侯无双,0,0,,,,,101,攻击属性提高,0
293868,293868,1,1,5,0,100,100,29386801,0,9,0,0,0,0,温侯无双 组合加成,温侯无双,0,0,,,,,101,攻击属性提高,0
293869,293869,1,1,5,0,100,100,29386901,0,9,0,0,0,0,温侯无双 组合加成,温侯无双,0,0,,,,,101,攻击属性提高,0
293870,293870,1,1,5,0,100,100,29387001,0,9,0,0,0,0,温侯无双 组合加成,温侯无双,0,0,,,,,101,攻击属性提高,0
293871,293871,1,1,5,0,100,100,29387101,0,9,0,0,0,0,温侯无双 组合加成,温侯无双,0,0,,,,,101,攻击属性提高,0
293872,293872,1,1,5,0,100,100,29387201,0,9,0,0,0,0,温侯无双 组合加成,温侯无双,0,0,,,,,101,攻击属性提高,0
293873,293873,1,1,5,0,100,100,29387301,0,9,0,0,0,0,温侯无双 组合加成,温侯无双,0,0,,,,,101,攻击属性提高,0
293874,293874,1,1,5,0,100,100,29387401,0,9,0,0,0,0,温侯无双 组合加成,温侯无双,0,0,,,,,101,攻击属性提高,0
293875,293875,1,1,5,0,100,100,29387501,0,9,0,0,0,0,温侯无双 组合加成,温侯无双,0,0,,,,,101,攻击属性提高,0
293876,293876,1,1,5,0,100,100,29387601,0,9,0,0,0,0,温侯无双 组合加成,温侯无双,0,0,,,,,101,攻击属性提高,0
293877,293877,1,1,5,0,100,100,29387701,0,9,0,0,0,0,温侯无双 组合加成,温侯无双,0,0,,,,,101,攻击属性提高,0
293878,293878,1,1,5,0,100,100,29387801,0,9,0,0,0,0,温侯无双 组合加成,温侯无双,0,0,,,,,101,攻击属性提高,0
293879,293879,1,1,5,0,100,100,29387901,0,9,0,0,0,0,温侯无双 组合加成,温侯无双,0,0,,,,,101,攻击属性提高,0
293880,293880,1,1,5,0,100,100,29388001,0,9,0,0,0,0,温侯无双 组合加成,温侯无双,0,0,,,,,101,攻击属性提高,0
293881,293881,1,1,5,0,100,100,29388101,0,9,0,0,0,0,温侯无双 组合加成,温侯无双,0,0,,,,,101,攻击属性提高,0
293882,293882,1,1,5,0,100,100,29388201,0,9,0,0,0,0,温侯无双 组合加成,温侯无双,0,0,,,,,101,攻击属性提高,0
293883,293883,1,1,5,0,100,100,29388301,0,9,0,0,0,0,温侯无双 组合加成,温侯无双,0,0,,,,,101,攻击属性提高,0
293884,293884,1,1,5,0,100,100,29388401,0,9,0,0,0,0,温侯无双 组合加成,温侯无双,0,0,,,,,101,攻击属性提高,0
293885,293885,1,1,5,0,100,100,29388501,0,9,0,0,0,0,温侯无双 组合加成,温侯无双,0,0,,,,,101,攻击属性提高,0
293886,293886,1,1,5,0,100,100,29388601,0,9,0,0,0,0,温侯无双 组合加成,温侯无双,0,0,,,,,101,攻击属性提高,0
293887,293887,1,1,5,0,100,100,29388701,0,9,0,0,0,0,温侯无双 组合加成,温侯无双,0,0,,,,,101,攻击属性提高,0
293888,293888,1,1,5,0,100,100,29388801,0,9,0,0,0,0,温侯无双 组合加成,温侯无双,0,0,,,,,101,攻击属性提高,0
293889,293889,1,1,5,0,100,100,29388901,0,9,0,0,0,0,五子良将 组合加成,五子良将,0,0,,,,,101,攻击属性提高,0
293890,293890,1,1,5,0,100,100,29389001,0,9,0,0,0,0,五子良将 组合加成,五子良将,0,0,,,,,101,攻击属性提高,0
293891,293891,1,1,5,0,100,100,29389101,0,9,0,0,0,0,五子良将 组合加成,五子良将,0,0,,,,,101,攻击属性提高,0
293892,293892,1,1,5,0,100,100,29389201,0,9,0,0,0,0,五子良将 组合加成,五子良将,0,0,,,,,101,攻击属性提高,0
293893,293893,1,1,5,0,100,100,29389301,0,9,0,0,0,0,五子良将 组合加成,五子良将,0,0,,,,,101,攻击属性提高,0
293894,293894,1,1,5,0,100,100,29389401,0,9,0,0,0,0,五子良将 组合加成,五子良将,0,0,,,,,101,攻击属性提高,0
293895,293895,1,1,5,0,100,100,29389501,0,9,0,0,0,0,五子良将 组合加成,五子良将,0,0,,,,,101,攻击属性提高,0
293896,293896,1,1,5,0,100,100,29389601,0,9,0,0,0,0,五子良将 组合加成,五子良将,0,0,,,,,101,攻击属性提高,0
293897,293897,1,1,5,0,100,100,29389701,0,9,0,0,0,0,五子良将 组合加成,五子良将,0,0,,,,,101,攻击属性提高,0
293898,293898,1,1,5,0,100,100,29389801,0,9,0,0,0,0,五子良将 组合加成,五子良将,0,0,,,,,101,攻击属性提高,0
293899,293899,1,1,5,0,100,100,29389901,0,9,0,0,0,0,五子良将 组合加成,五子良将,0,0,,,,,101,攻击属性提高,0
293900,293900,1,1,5,0,100,100,29390001,0,9,0,0,0,0,五子良将 组合加成,五子良将,0,0,,,,,101,攻击属性提高,0
293901,293901,1,1,5,0,100,100,29390101,0,9,0,0,0,0,五子良将 组合加成,五子良将,0,0,,,,,101,攻击属性提高,0
293902,293902,1,1,5,0,100,100,29390201,0,9,0,0,0,0,汉朝官军 组合加成,汉朝官军,0,0,,,,,101,攻击属性提高,0
293903,293903,1,1,5,0,100,100,29390301,0,9,0,0,0,0,汉朝官军 组合加成,汉朝官军,0,0,,,,,101,攻击属性提高,0
293904,293904,1,1,5,0,100,100,29390401,0,9,0,0,0,0,汉朝官军 组合加成,汉朝官军,0,0,,,,,101,攻击属性提高,0
293905,293905,1,1,5,0,100,100,29390501,0,9,0,0,0,0,汉朝官军 组合加成,汉朝官军,0,0,,,,,101,攻击属性提高,0
293906,293906,1,1,5,0,100,100,29390601,0,9,0,0,0,0,吴之智 组合加成,吴之智,0,0,,,,,103,谋略属性提高,0
293907,293907,1,1,5,0,100,100,29390701,0,9,0,0,0,0,吴之智 组合加成,吴之智,0,0,,,,,103,谋略属性提高,0
293908,293908,1,1,5,0,100,100,29390801,0,9,0,0,0,0,吴之智 组合加成,吴之智,0,0,,,,,103,谋略属性提高,0
293909,293909,1,1,5,0,100,100,29390901,0,9,0,0,0,0,吴之智 组合加成,吴之智,0,0,,,,,103,谋略属性提高,0
293910,293910,1,1,5,0,100,100,29391001,0,9,0,0,0,0,吴之智 组合加成,吴之智,0,0,,,,,103,谋略属性提高,0
293911,293911,1,1,5,0,100,100,29391101,0,9,0,0,0,0,南蛮王者 组合加成,南蛮王者,0,0,,,,,101,攻击属性提高,0
293912,293912,1,1,5,0,100,100,29391201,0,9,0,0,0,0,南蛮王者 组合加成,南蛮王者,0,0,,,,,101,攻击属性提高,0
293913,293913,1,1,5,0,100,100,29391301,0,9,0,0,0,0,南蛮王者 组合加成,南蛮王者,0,0,,,,,101,攻击属性提高,0
293914,293914,1,1,5,0,100,100,29391401,0,9,0,0,0,0,温侯无双 组合加成,温侯无双,0,0,,,,,101,攻击属性提高,0
293915,293915,1,1,5,0,100,100,29391501,0,9,0,0,0,0,温侯无双 组合加成,温侯无双,0,0,,,,,101,攻击属性提高,0
293916,293916,1,1,5,0,100,100,29391601,0,9,0,0,0,0,温侯无双 组合加成,温侯无双,0,0,,,,,101,攻击属性提高,0
293917,293917,1,1,5,0,100,100,29391701,0,9,0,0,0,0,温侯无双 组合加成,温侯无双,0,0,,,,,101,攻击属性提高,0
293918,293918,1,1,5,0,100,100,29391801,0,9,0,0,0,0,温侯无双 组合加成,温侯无双,0,0,,,,,101,攻击属性提高,0
293919,293919,1,1,5,0,100,100,29391901,0,9,0,0,0,0,温侯无双 组合加成,温侯无双,0,0,,,,,101,攻击属性提高,0
293920,293920,1,1,5,0,100,100,29392001,0,9,0,0,0,0,温侯无双 组合加成,温侯无双,0,0,,,,,101,攻击属性提高,0
293921,293921,1,1,5,0,100,100,29392101,0,9,0,0,0,0,温侯无双 组合加成,温侯无双,0,0,,,,,101,攻击属性提高,0
293922,293922,1,1,5,0,100,100,29392201,0,9,0,0,0,0,温侯无双 组合加成,温侯无双,0,0,,,,,101,攻击属性提高,0
293923,293923,1,1,5,0,100,100,29392301,0,9,0,0,0,0,温侯无双 组合加成,温侯无双,0,0,,,,,101,攻击属性提高,0
293924,293924,1,1,5,0,100,100,29392401,0,9,0,0,0,0,温侯无双 组合加成,温侯无双,0,0,,,,,101,攻击属性提高,0
293925,293925,1,1,5,0,100,100,29392501,0,9,0,0,0,0,温侯无双 组合加成,温侯无双,0,0,,,,,101,攻击属性提高,0
293926,293926,1,1,5,0,100,100,29392601,0,9,0,0,0,0,温侯无双 组合加成,温侯无双,0,0,,,,,101,攻击属性提高,0
293927,293927,1,1,5,0,100,100,29392701,0,9,0,0,0,0,温侯无双 组合加成,温侯无双,0,0,,,,,101,攻击属性提高,0
293928,293928,1,1,5,0,100,100,29392801,0,9,0,0,0,0,温侯无双 组合加成,温侯无双,0,0,,,,,101,攻击属性提高,0
293929,293929,1,1,5,0,100,100,29392901,0,9,0,0,0,0,温侯无双 组合加成,温侯无双,0,0,,,,,101,攻击属性提高,0
293930,293930,1,1,5,0,100,100,29393001,0,9,0,0,0,0,温侯无双 组合加成,温侯无双,0,0,,,,,101,攻击属性提高,0
293931,293931,1,1,5,0,100,100,29393101,0,9,0,0,0,0,温侯无双 组合加成,温侯无双,0,0,,,,,101,攻击属性提高,0
293932,293932,1,1,5,0,100,100,29393201,0,9,0,0,0,0,温侯无双 组合加成,温侯无双,0,0,,,,,101,攻击属性提高,0
293933,293933,1,1,5,0,100,100,29393301,0,9,0,0,0,0,温侯无双 组合加成,温侯无双,0,0,,,,,101,攻击属性提高,0
293934,293934,1,1,5,0,100,100,29393401,0,9,0,0,0,0,温侯无双 组合加成,温侯无双,0,0,,,,,101,攻击属性提高,0
293935,293935,1,1,5,0,100,100,29393501,0,9,0,0,0,0,温侯无双 组合加成,温侯无双,0,0,,,,,101,攻击属性提高,0
293936,293936,1,1,5,0,100,100,29393601,0,9,0,0,0,0,温侯无双 组合加成,温侯无双,0,0,,,,,101,攻击属性提高,0
293937,293937,1,1,5,0,100,100,29393701,0,9,0,0,0,0,温侯无双 组合加成,温侯无双,0,0,,,,,101,攻击属性提高,0
293938,293938,1,1,5,0,100,100,29393801,0,9,0,0,0,0,温侯无双 组合加成,温侯无双,0,0,,,,,101,攻击属性提高,0
293939,293939,1,1,5,0,100,100,29393901,0,9,0,0,0,0,温侯无双 组合加成,温侯无双,0,0,,,,,101,攻击属性提高,0
293940,293940,1,1,5,0,100,100,29394001,0,9,0,0,0,0,温侯无双 组合加成,温侯无双,0,0,,,,,101,攻击属性提高,0
293941,293941,1,1,5,0,100,100,29394101,0,9,0,0,0,0,温侯无双 组合加成,温侯无双,0,0,,,,,101,攻击属性提高,0
293942,293942,1,1,5,0,100,100,29394201,0,9,0,0,0,0,温侯无双 组合加成,温侯无双,0,0,,,,,101,攻击属性提高,0
293943,293943,1,1,5,0,100,100,29394301,0,9,0,0,0,0,温侯无双 组合加成,温侯无双,0,0,,,,,101,攻击属性提高,0
293944,293944,1,1,5,0,100,100,29394401,0,9,0,0,0,0,温侯无双 组合加成,温侯无双,0,0,,,,,101,攻击属性提高,0
293945,293945,1,1,5,0,100,100,29394501,0,9,0,0,0,0,温侯无双 组合加成,温侯无双,0,0,,,,,101,攻击属性提高,0
293946,293946,1,1,5,0,100,100,29394601,0,9,0,0,0,0,温侯无双 组合加成,温侯无双,0,0,,,,,101,攻击属性提高,0
293947,293947,1,1,5,0,100,100,29394701,0,9,0,0,0,0,温侯无双 组合加成,温侯无双,0,0,,,,,101,攻击属性提高,0
293948,293948,1,1,5,0,100,100,29394801,0,9,0,0,0,0,温侯无双 组合加成,温侯无双,0,0,,,,,101,攻击属性提高,0
293949,293949,1,1,5,0,100,100,29394901,0,9,0,0,0,0,温侯无双 组合加成,温侯无双,0,0,,,,,101,攻击属性提高,0
293950,293950,1,1,5,0,100,100,29395001,0,9,0,0,0,0,温侯无双 组合加成,温侯无双,0,0,,,,,101,攻击属性提高,0
293951,293951,1,1,5,0,100,100,29395101,0,9,0,0,0,0,温侯无双 组合加成,温侯无双,0,0,,,,,101,攻击属性提高,0
293952,293952,1,1,5,0,100,100,29395201,0,9,0,0,0,0,温侯无双 组合加成,温侯无双,0,0,,,,,101,攻击属性提高,0
293953,293953,1,1,5,0,100,100,29395301,0,9,0,0,0,0,温侯无双 组合加成,温侯无双,0,0,,,,,101,攻击属性提高,0
293954,293954,1,1,5,0,100,100,29395401,0,9,0,0,0,0,温侯无双 组合加成,温侯无双,0,0,,,,,101,攻击属性提高,0
293955,293955,1,1,5,0,100,100,29395501,0,9,0,0,0,0,温侯无双 组合加成,温侯无双,0,0,,,,,101,攻击属性提高,0
293956,293956,1,1,5,0,100,100,29395601,0,9,0,0,0,0,温侯无双 组合加成,温侯无双,0,0,,,,,101,攻击属性提高,0
293957,293957,1,1,5,0,100,100,29395701,0,9,0,0,0,0,温侯无双 组合加成,温侯无双,0,0,,,,,101,攻击属性提高,0
293958,293958,1,1,5,0,100,100,29395801,0,9,0,0,0,0,温侯无双 组合加成,温侯无双,0,0,,,,,101,攻击属性提高,0
293959,293959,1,1,5,0,100,100,29395901,0,9,0,0,0,0,温侯无双 组合加成,温侯无双,0,0,,,,,101,攻击属性提高,0
293960,293960,1,1,5,0,100,100,29396001,0,9,0,0,0,0,温侯无双 组合加成,温侯无双,0,0,,,,,101,攻击属性提高,0
293961,293961,1,1,5,0,100,100,29396101,0,9,0,0,0,0,母仪天下 组合加成,母仪天下,0,0,,,,,103,谋略属性提高,0
293962,293962,1,1,5,0,100,100,29396201,0,9,0,0,0,0,母仪天下 组合加成,母仪天下,0,0,,,,,103,谋略属性提高,0
293963,293963,1,1,5,0,100,100,29396301,0,9,0,0,0,0,母仪天下 组合加成,母仪天下,0,0,,,,,103,谋略属性提高,0
293964,293964,1,1,5,0,100,100,29396401,0,9,0,0,0,0,母仪天下 组合加成,母仪天下,0,0,,,,,103,谋略属性提高,0
293965,293965,1,1,5,0,100,100,29396501,0,9,0,0,0,0,母仪天下 组合加成,母仪天下,0,0,,,,,103,谋略属性提高,0
293966,293966,1,1,5,0,100,100,29396601,0,9,0,0,0,0,母仪天下 组合加成,母仪天下,0,0,,,,,103,谋略属性提高,0
293967,293967,1,1,5,0,100,100,29396701,0,9,0,0,0,0,母仪天下 组合加成,母仪天下,0,0,,,,,103,谋略属性提高,0
293968,293968,1,1,5,0,100,100,29396801,0,9,0,0,0,0,母仪天下 组合加成,母仪天下,0,0,,,,,103,谋略属性提高,0
293969,293969,1,1,5,0,100,100,29396901,0,9,0,0,0,0,母仪天下 组合加成,母仪天下,0,0,,,,,103,谋略属性提高,0
293970,293970,1,1,5,0,100,100,29397001,0,9,0,0,0,0,母仪天下 组合加成,母仪天下,0,0,,,,,103,谋略属性提高,0
293971,293971,1,1,5,0,100,100,29397101,0,9,0,0,0,0,母仪天下 组合加成,母仪天下,0,0,,,,,103,谋略属性提高,0
293972,293972,1,1,5,0,100,100,29397201,0,9,0,0,0,0,母仪天下 组合加成,母仪天下,0,0,,,,,103,谋略属性提高,0
293973,293973,1,1,5,0,100,100,29397301,0,9,0,0,0,0,母仪天下 组合加成,母仪天下,0,0,,,,,103,谋略属性提高,0
293974,293974,1,1,5,0,100,100,29397401,0,9,0,0,0,0,母仪天下 组合加成,母仪天下,0,0,,,,,103,谋略属性提高,0
293975,293975,1,1,5,0,100,100,29397501,0,9,0,0,0,0,惧内 组合加成,惧内,0,0,,,,,522,受到攻击伤害降低,0
293976,293976,1,1,5,0,100,100,29397601,0,9,0,0,0,0,惧内 组合加成,惧内,0,0,,,,,522,受到攻击伤害降低,0
293977,293977,1,1,5,0,100,100,29397701,0,9,0,0,0,0,惧内 组合加成,惧内,0,0,,,,,522,受到攻击伤害降低,0
293978,293978,1,1,5,0,100,100,29397801,0,9,0,0,0,0,惧内 组合加成,惧内,0,0,,,,,522,受到攻击伤害降低,0
293979,293979,1,1,5,0,100,100,29397901,0,9,0,0,0,0,惧内 组合加成,惧内,0,0,,,,,522,受到攻击伤害降低,0
294001,294001,1,1,5,0,100,100,29400101,0,11,0,0,0,0,同盟弓兵攻击加成,弓兵攻击加成,0,0,,,,,101,攻击属性提高,0
294002,294002,1,1,5,0,100,100,29400201,0,11,0,0,0,0,同盟弓兵防御加成,弓兵防御加成,0,0,,,,,102,防御属性提高,0
294003,294003,1,1,5,0,100,100,29400301,0,11,0,0,0,0,同盟弓兵谋略加成,弓兵谋略加成,0,0,,,,,103,谋略属性提高,0
294004,294004,1,1,5,0,100,100,29400401,0,11,0,0,0,0,同盟步兵攻击加成,步兵攻击加成,0,0,,,,,101,攻击属性提高,0
294005,294005,1,1,5,0,100,100,29400501,0,11,0,0,0,0,同盟步兵防御加成,步兵防御加成,0,0,,,,,102,防御属性提高,0
294006,294006,1,1,5,0,100,100,29400601,0,11,0,0,0,0,同盟步兵谋略加成,步兵谋略加成,0,0,,,,,103,谋略属性提高,0
294007,294007,1,1,5,0,100,100,29400701,0,11,0,0,0,0,同盟骑兵攻击加成,骑兵攻击加成,0,0,,,,,101,攻击属性提高,0
294008,294008,1,1,5,0,100,100,29400801,0,11,0,0,0,0,同盟骑兵防御加成,骑兵防御加成,0,0,,,,,102,防御属性提高,0
294009,294009,1,1,5,0,100,100,29400901,0,11,0,0,0,0,同盟骑兵谋略加成,骑兵谋略加成,0,0,,,,,103,谋略属性提高,0
294010,294010,1,1,5,0,100,100,29401001,0,9,0,0,0,0,温侯无双 组合加成,温侯无双,0,0,,,,,101,攻击属性提高,0
294011,294011,1,1,5,0,100,100,29401101,0,9,0,0,0,0,温侯无双 组合加成,温侯无双,0,0,,,,,101,攻击属性提高,0
294012,294012,1,1,5,0,100,100,29401201,0,9,0,0,0,0,温侯无双 组合加成,温侯无双,0,0,,,,,101,攻击属性提高,0
294013,294013,1,1,5,0,100,100,29401301,0,9,0,0,0,0,温侯无双 组合加成,温侯无双,0,0,,,,,101,攻击属性提高,0
294014,294014,1,1,5,0,100,100,29401401,0,9,0,0,0,0,温侯无双 组合加成,温侯无双,0,0,,,,,101,攻击属性提高,0
294015,294015,1,1,5,0,100,100,29401501,0,9,0,0,0,0,温侯无双 组合加成,温侯无双,0,0,,,,,101,攻击属性提高,0
294016,294016,1,1,5,0,100,100,29401601,0,9,0,0,0,0,温侯无双 组合加成,温侯无双,0,0,,,,,101,攻击属性提高,0
294017,294017,1,1,5,0,100,100,29401701,0,9,0,0,0,0,温侯无双 组合加成,温侯无双,0,0,,,,,101,攻击属性提高,0
294018,294018,1,1,5,0,100,100,29401801,0,9,0,0,0,0,温侯无双 组合加成,温侯无双,0,0,,,,,101,攻击属性提高,0
294019,294019,1,1,5,0,100,100,29401901,0,9,0,0,0,0,温侯无双 组合加成,温侯无双,0,0,,,,,101,攻击属性提高,0
294020,294020,1,1,5,0,100,100,29402001,0,9,0,0,0,0,温侯无双 组合加成,温侯无双,0,0,,,,,101,攻击属性提高,0
294021,294021,1,1,5,0,100,100,29402101,0,9,0,0,0,0,温侯无双 组合加成,温侯无双,0,0,,,,,101,攻击属性提高,0
294022,294022,1,1,5,0,100,100,29402201,0,9,0,0,0,0,温侯无双 组合加成,温侯无双,0,0,,,,,101,攻击属性提高,0
294023,294023,1,1,5,0,100,100,29402301,0,9,0,0,0,0,温侯无双 组合加成,温侯无双,0,0,,,,,101,攻击属性提高,0
294024,294024,1,1,5,0,100,100,29402401,0,9,0,0,0,0,温侯无双 组合加成,温侯无双,0,0,,,,,101,攻击属性提高,0
294025,294025,1,1,5,0,100,100,29402501,0,9,0,0,0,0,温侯无双 组合加成,温侯无双,0,0,,,,,101,攻击属性提高,0
294026,294026,1,1,5,0,100,100,29402601,0,9,0,0,0,0,温侯无双 组合加成,温侯无双,0,0,,,,,101,攻击属性提高,0
294027,294027,1,1,5,0,100,100,29402701,0,9,0,0,0,0,温侯无双 组合加成,温侯无双,0,0,,,,,101,攻击属性提高,0
294028,294028,1,1,5,0,100,100,29402801,0,9,0,0,0,0,温侯无双 组合加成,温侯无双,0,0,,,,,101,攻击属性提高,0
294029,294029,1,1,5,0,100,100,29402901,0,9,0,0,0,0,温侯无双 组合加成,温侯无双,0,0,,,,,101,攻击属性提高,0
294030,294030,1,1,5,0,100,100,29403001,0,9,0,0,0,0,温侯无双 组合加成,温侯无双,0,0,,,,,101,攻击属性提高,0
294031,294031,1,1,5,0,100,100,29403101,0,9,0,0,0,0,温侯无双 组合加成,温侯无双,0,0,,,,,101,攻击属性提高,0
294032,294032,1,1,5,0,100,100,29403201,0,9,0,0,0,0,温侯无双 组合加成,温侯无双,0,0,,,,,101,攻击属性提高,0
294033,294033,1,1,5,0,100,100,29403301,0,9,0,0,0,0,温侯无双 组合加成,温侯无双,0,0,,,,,101,攻击属性提高,0
294034,294034,1,1,5,0,100,100,29403401,0,9,0,0,0,0,温侯无双 组合加成,温侯无双,0,0,,,,,101,攻击属性提高,0
294035,294035,1,1,5,0,100,100,29403501,0,9,0,0,0,0,温侯无双 组合加成,温侯无双,0,0,,,,,101,攻击属性提高,0
294036,294036,1,1,5,0,100,100,29403601,0,9,0,0,0,0,温侯无双 组合加成,温侯无双,0,0,,,,,101,攻击属性提高,0
294037,294037,1,1,5,0,100,100,29403701,0,9,0,0,0,0,温侯无双 组合加成,温侯无双,0,0,,,,,101,攻击属性提高,0
294038,294038,1,1,5,0,100,100,29403801,0,9,0,0,0,0,温侯无双 组合加成,温侯无双,0,0,,,,,101,攻击属性提高,0
294039,294039,1,1,5,0,100,100,29403901,0,9,0,0,0,0,温侯无双 组合加成,温侯无双,0,0,,,,,101,攻击属性提高,0
294040,294040,1,1,5,0,100,100,29404001,0,9,0,0,0,0,温侯无双 组合加成,温侯无双,0,0,,,,,101,攻击属性提高,0
294041,294041,1,1,5,0,100,100,29404101,0,9,0,0,0,0,温侯无双 组合加成,温侯无双,0,0,,,,,101,攻击属性提高,0
294042,294042,1,1,5,0,100,100,29404201,0,9,0,0,0,0,温侯无双 组合加成,温侯无双,0,0,,,,,101,攻击属性提高,0
294043,294043,1,1,5,0,100,100,29404301,0,9,0,0,0,0,温侯无双 组合加成,温侯无双,0,0,,,,,101,攻击属性提高,0
294044,294044,1,1,5,0,100,100,29404401,0,9,0,0,0,0,温侯无双 组合加成,温侯无双,0,0,,,,,101,攻击属性提高,0
294045,294045,1,1,5,0,100,100,29404501,0,9,0,0,0,0,温侯无双 组合加成,温侯无双,0,0,,,,,101,攻击属性提高,0
294046,294046,1,1,5,0,100,100,29404601,0,9,0,0,0,0,温侯无双 组合加成,温侯无双,0,0,,,,,101,攻击属性提高,0
294047,294047,1,1,5,0,100,100,29404701,0,9,0,0,0,0,温侯无双 组合加成,温侯无双,0,0,,,,,101,攻击属性提高,0
294048,294048,1,1,5,0,100,100,29404801,0,9,0,0,0,0,温侯无双 组合加成,温侯无双,0,0,,,,,101,攻击属性提高,0
294049,294049,1,1,5,0,100,100,29404901,0,9,0,0,0,0,行刺太师 组合加成,行刺太师,0,0,,,,,101,攻击属性提高,0
294050,294050,1,1,5,0,100,100,29405001,0,9,0,0,0,0,东吴老将 组合加成,东吴老将,0,0,,,,,101,攻击属性提高,0
294051,294051,1,1,5,0,100,100,29405101,0,9,0,0,0,0,东吴老将 组合加成,东吴老将,0,0,,,,,101,攻击属性提高,0
294052,294052,1,1,5,0,100,100,29405201,0,9,0,0,0,0,东吴老将 组合加成,东吴老将,0,0,,,,,101,攻击属性提高,0
294053,294053,1,1,5,0,100,100,29405301,0,9,0,0,0,0,东吴老将 组合加成,东吴老将,0,0,,,,,101,攻击属性提高,0
294054,294054,1,1,5,0,100,100,29405401,0,9,0,0,0,0,东吴老将 组合加成,东吴老将,0,0,,,,,101,攻击属性提高,0
294055,294055,1,1,5,0,100,100,29405501,0,9,0,0,0,0,东吴老将 组合加成,东吴老将,0,0,,,,,101,攻击属性提高,0
294056,294056,1,1,5,0,100,100,29405601,0,9,0,0,0,0,东吴老将 组合加成,东吴老将,0,0,,,,,101,攻击属性提高,0
294057,294057,1,1,5,0,100,100,29405701,0,9,0,0,0,0,孟德之子 组合加成,孟德之子,0,0,,,,,101,攻击属性提高,0
294058,294058,1,1,5,0,100,100,29405801,0,9,0,0,0,0,孟德之子 组合加成,孟德之子,0,0,,,,,101,攻击属性提高,0
294059,294059,1,1,5,0,100,100,29405901,0,9,0,0,0,0,孟德之子 组合加成,孟德之子,0,0,,,,,101,攻击属性提高,0
294060,294060,1,1,5,0,100,100,29406001,0,9,0,0,0,0,偏安一隅 组合加成,偏安一隅,0,0,,,,,102,防御属性提高,0
294061,294061,1,1,5,0,100,100,29406101,0,9,0,0,0,0,偏安一隅 组合加成,偏安一隅,0,0,,,,,102,防御属性提高,0
294062,294062,1,1,5,0,100,100,29406201,0,9,0,0,0,0,东吴老将 组合加成,东吴老将,0,0,,,,,101,攻击属性提高,0
294063,294063,1,1,5,0,100,100,29406301,0,9,0,0,0,0,东吴老将 组合加成,东吴老将,0,0,,,,,101,攻击属性提高,0
294064,294064,1,1,5,0,100,100,29406401,0,9,0,0,0,0,东吴老将 组合加成,东吴老将,0,0,,,,,101,攻击属性提高,0
294065,294065,1,1,5,0,100,100,29406501,0,9,0,0,0,0,东吴老将 组合加成,东吴老将,0,0,,,,,101,攻击属性提高,0
294066,294066,1,1,5,0,100,100,29406601,0,9,0,0,0,0,东吴老将 组合加成,东吴老将,0,0,,,,,101,攻击属性提高,0
294067,294067,1,1,5,0,100,100,29406701,0,9,0,0,0,0,东吴老将 组合加成,东吴老将,0,0,,,,,101,攻击属性提高,0
294068,294068,1,1,5,0,100,100,29406801,0,9,0,0,0,0,东吴老将 组合加成,东吴老将,0,0,,,,,101,攻击属性提高,0
294069,294069,1,1,5,0,100,100,29406901,0,9,0,0,0,0,东吴老将 组合加成,东吴老将,0,0,,,,,101,攻击属性提高,0
294070,294070,1,1,5,0,100,100,29407001,0,9,0,0,0,0,东吴老将 组合加成,东吴老将,0,0,,,,,101,攻击属性提高,0
294071,294071,1,1,5,0,100,100,29407101,0,9,0,0,0,0,东吴老将 组合加成,东吴老将,0,0,,,,,101,攻击属性提高,0
294072,294072,1,1,5,0,100,100,29407201,0,9,0,0,0,0,东吴老将 组合加成,东吴老将,0,0,,,,,101,攻击属性提高,0
294073,294073,1,1,5,0,100,100,29407301,0,9,0,0,0,0,孟德之子 组合加成,孟德之子,0,0,,,,,101,攻击属性提高,0
294074,294074,1,1,5,0,100,100,29407401,0,9,0,0,0,0,孟德之子 组合加成,孟德之子,0,0,,,,,101,攻击属性提高,0
294075,294075,1,1,5,0,100,100,29407501,0,9,0,0,0,0,孟德之子 组合加成,孟德之子,0,0,,,,,101,攻击属性提高,0
294076,294076,1,1,5,0,100,100,29407601,0,9,0,0,0,0,孟德之子 组合加成,孟德之子,0,0,,,,,101,攻击属性提高,0
294077,294077,1,1,5,0,100,100,29407701,0,9,0,0,0,0,孟德之子 组合加成,孟德之子,0,0,,,,,101,攻击属性提高,0
294078,294078,1,1,5,0,100,100,29407801,0,9,0,0,0,0,孟德之子 组合加成,孟德之子,0,0,,,,,101,攻击属性提高,0
294079,294079,1,1,5,0,100,100,29407901,0,9,0,0,0,0,孟德之子 组合加成,孟德之子,0,0,,,,,101,攻击属性提高,0
294080,294080,1,1,5,0,100,100,29408001,0,9,0,0,0,0,五子良将 组合加成,五子良将,0,0,,,,,101,攻击属性提高,0
294081,294081,1,1,5,0,100,100,29408101,0,9,0,0,0,0,五子良将 组合加成,五子良将,0,0,,,,,101,攻击属性提高,0
294082,294082,1,1,5,0,100,100,29408201,0,9,0,0,0,0,五子良将 组合加成,五子良将,0,0,,,,,101,攻击属性提高,0
294083,294083,1,1,5,0,100,100,29408301,0,9,0,0,0,0,五子良将 组合加成,五子良将,0,0,,,,,101,攻击属性提高,0
294084,294084,1,1,5,0,100,100,29408401,0,9,0,0,0,0,五子良将 组合加成,五子良将,0,0,,,,,101,攻击属性提高,0
294085,294085,1,1,5,0,100,100,29408501,0,9,0,0,0,0,五子良将 组合加成,五子良将,0,0,,,,,101,攻击属性提高,0
294086,294086,1,1,5,0,100,100,29408601,0,9,0,0,0,0,五子良将 组合加成,五子良将,0,0,,,,,101,攻击属性提高,0
294087,294087,1,1,5,0,100,100,29408701,0,9,0,0,0,0,五子良将 组合加成,五子良将,0,0,,,,,101,攻击属性提高,0
294088,294088,1,1,5,0,100,100,29408801,0,9,0,0,0,0,五子良将 组合加成,五子良将,0,0,,,,,101,攻击属性提高,0
294089,294089,1,1,5,0,100,100,29408901,0,9,0,0,0,0,五子良将 组合加成,五子良将,0,0,,,,,101,攻击属性提高,0
294090,294090,1,1,5,0,100,100,29409001,0,9,0,0,0,0,五子良将 组合加成,五子良将,0,0,,,,,101,攻击属性提高,0
294091,294091,1,1,5,0,100,100,29409101,0,9,0,0,0,0,五子良将 组合加成,五子良将,0,0,,,,,101,攻击属性提高,0
294092,294092,1,1,5,0,100,100,29409201,0,9,0,0,0,0,五子良将 组合加成,五子良将,0,0,,,,,101,攻击属性提高,0
294093,294093,1,1,5,0,100,100,29409301,0,9,0,0,0,0,五子良将 组合加成,五子良将,0,0,,,,,101,攻击属性提高,0
294094,294094,1,1,5,0,100,100,29409401,0,9,0,0,0,0,五子良将 组合加成,五子良将,0,0,,,,,101,攻击属性提高,0
294095,294095,1,1,5,0,100,100,29409501,0,9,0,0,0,0,五子良将 组合加成,五子良将,0,0,,,,,101,攻击属性提高,0
294096,294096,1,1,5,0,100,100,29409601,0,9,0,0,0,0,五子良将 组合加成,五子良将,0,0,,,,,101,攻击属性提高,0
294097,294097,1,1,5,0,100,100,29409701,0,9,0,0,0,0,五子良将 组合加成,五子良将,0,0,,,,,101,攻击属性提高,0
294098,294098,1,1,5,0,100,100,29409801,0,9,0,0,0,0,二乔 组合加成,二乔,0,0,,,,,103,谋略属性提高,0
294099,294099,1,1,5,0,100,100,29409901,0,9,0,0,0,0,二乔 组合加成,二乔,0,0,,,,,103,谋略属性提高,0
294100,294100,1,1,5,0,100,100,29410001,0,9,0,0,0,0,二乔 组合加成,二乔,0,0,,,,,103,谋略属性提高,0
294101,294101,1,1,5,0,100,100,29410101,0,9,0,0,0,0,二乔 组合加成,二乔,0,0,,,,,103,谋略属性提高,0
294102,294102,1,1,5,0,100,100,29410201,0,9,0,0,0,0,二乔 组合加成,二乔,0,0,,,,,103,谋略属性提高,0
294103,294103,1,1,5,0,100,100,29410301,0,9,0,0,0,0,二乔 组合加成,二乔,0,0,,,,,103,谋略属性提高,0
294104,294104,1,1,5,0,100,100,29410401,0,9,0,0,0,0,二乔 组合加成,二乔,0,0,,,,,103,谋略属性提高,0
294105,294105,1,1,5,0,100,100,29410501,0,9,0,0,0,0,二乔 组合加成,二乔,0,0,,,,,103,谋略属性提高,0
294106,294106,1,1,5,0,100,100,29410601,0,9,0,0,0,0,二乔 组合加成,二乔,0,0,,,,,103,谋略属性提高,0
294107,294107,1,1,5,0,100,100,29410701,0,9,0,0,0,0,二乔 组合加成,二乔,0,0,,,,,103,谋略属性提高,0
294108,294108,1,1,5,0,100,100,29410801,0,9,0,0,0,0,二乔 组合加成,二乔,0,0,,,,,103,谋略属性提高,0
294109,294109,1,1,5,0,100,100,29410901,0,9,0,0,0,0,二乔 组合加成,二乔,0,0,,,,,103,谋略属性提高,0
294110,294110,1,1,5,0,100,100,29411001,0,9,0,0,0,0,二乔 组合加成,二乔,0,0,,,,,103,谋略属性提高,0
294111,294111,1,1,5,0,100,100,29411101,0,9,0,0,0,0,行刺太师 组合加成,行刺太师,0,0,,,,,101,攻击属性提高,0
294112,294112,1,1,5,0,100,100,29411201,0,9,0,0,0,0,行刺太师 组合加成,行刺太师,0,0,,,,,101,攻击属性提高,0
294113,294113,1,1,5,0,100,100,29411301,0,9,0,0,0,0,汉朝仕官 组合加成,汉朝仕官,0,0,,,,,102,防御属性提高,0
294114,294114,1,1,5,0,100,100,29411401,0,9,0,0,0,0,行刺太师 组合加成,行刺太师,0,0,,,,,101,攻击属性提高,0
294115,294115,1,1,5,0,100,100,29411501,0,9,0,0,0,0,竹林七贤 组合加成,竹林七贤,0,0,,,,,103,谋略属性提高,0
294116,294116,1,1,5,0,100,100,29411601,0,9,0,0,0,0,竹林七贤 组合加成,竹林七贤,0,0,,,,,103,谋略属性提高,0
294117,294117,1,1,5,0,100,100,29411701,0,9,0,0,0,0,竹林七贤 组合加成,竹林七贤,0,0,,,,,103,谋略属性提高,0
294118,294118,1,1,5,0,100,100,29411801,0,9,0,0,0,0,竹林七贤 组合加成,竹林七贤,0,0,,,,,103,谋略属性提高,0
294119,294119,1,1,5,0,100,100,29411901,0,9,0,0,0,0,竹林七贤 组合加成,竹林七贤,0,0,,,,,103,谋略属性提高,0
294120,294120,1,1,5,0,100,100,29412001,0,9,0,0,0,0,竹林七贤 组合加成,竹林七贤,0,0,,,,,103,谋略属性提高,0
294121,294121,1,1,5,0,100,100,29412101,0,9,0,0,0,0,竹林七贤 组合加成,竹林七贤,0,0,,,,,103,谋略属性提高,0
294122,294122,1,1,5,0,100,100,29412201,0,9,0,0,0,0,竹林七贤 组合加成,竹林七贤,0,0,,,,,103,谋略属性提高,0
294123,294123,1,1,5,0,100,100,29412301,0,9,0,0,0,0,竹林七贤 组合加成,竹林七贤,0,0,,,,,103,谋略属性提高,0
294124,294124,1,1,5,0,100,100,29412401,0,9,0,0,0,0,竹林七贤 组合加成,竹林七贤,0,0,,,,,103,谋略属性提高,0
294125,294125,1,1,5,0,100,100,29412501,0,9,0,0,0,0,竹林七贤 组合加成,竹林七贤,0,0,,,,,103,谋略属性提高,0
294126,294126,1,1,5,0,100,100,29412601,0,9,0,0,0,0,竹林七贤 组合加成,竹林七贤,0,0,,,,,103,谋略属性提高,0
294127,294127,1,1,5,0,100,100,29412701,0,9,0,0,0,0,竹林七贤 组合加成,竹林七贤,0,0,,,,,103,谋略属性提高,0
294128,294128,1,1,5,0,100,100,29412801,0,9,0,0,0,0,竹林七贤 组合加成,竹林七贤,0,0,,,,,103,谋略属性提高,0
294129,294129,1,1,5,0,100,100,29412901,0,9,0,0,0,0,竹林七贤 组合加成,竹林七贤,0,0,,,,,103,谋略属性提高,0
294130,294130,1,1,5,0,100,100,29413001,0,9,0,0,0,0,竹林七贤 组合加成,竹林七贤,0,0,,,,,103,谋略属性提高,0
294131,294131,1,1,5,0,100,100,29413101,0,9,0,0,0,0,竹林七贤 组合加成,竹林七贤,0,0,,,,,103,谋略属性提高,0
294132,294132,1,1,5,0,100,100,29413201,0,9,0,0,0,0,竹林七贤 组合加成,竹林七贤,0,0,,,,,103,谋略属性提高,0
294133,294133,1,1,5,0,100,100,29413301,0,9,0,0,0,0,竹林七贤 组合加成,竹林七贤,0,0,,,,,103,谋略属性提高,0
294134,294134,1,1,5,0,100,100,29413401,0,9,0,0,0,0,竹林七贤 组合加成,竹林七贤,0,0,,,,,103,谋略属性提高,0
294135,294135,1,1,5,0,100,100,29413501,0,9,0,0,0,0,竹林七贤 组合加成,竹林七贤,0,0,,,,,103,谋略属性提高,0
294136,294136,1,1,5,0,100,100,29413601,0,9,0,0,0,0,竹林七贤 组合加成,竹林七贤,0,0,,,,,103,谋略属性提高,0
294137,294137,1,1,5,0,100,100,29413701,0,9,0,0,0,0,竹林七贤 组合加成,竹林七贤,0,0,,,,,103,谋略属性提高,0
294138,294138,1,1,5,0,100,100,29413801,0,9,0,0,0,0,竹林七贤 组合加成,竹林七贤,0,0,,,,,103,谋略属性提高,0
294139,294139,1,1,5,0,100,100,29413901,0,9,0,0,0,0,竹林七贤 组合加成,竹林七贤,0,0,,,,,103,谋略属性提高,0
294140,294140,1,1,5,0,100,100,29414001,0,9,0,0,0,0,竹林七贤 组合加成,竹林七贤,0,0,,,,,103,谋略属性提高,0
294141,294141,1,1,5,0,100,100,29414101,0,9,0,0,0,0,竹林七贤 组合加成,竹林七贤,0,0,,,,,103,谋略属性提高,0
294142,294142,1,1,5,0,100,100,29414201,0,9,0,0,0,0,竹林七贤 组合加成,竹林七贤,0,0,,,,,103,谋略属性提高,0
294143,294143,1,1,5,0,100,100,29414301,0,9,0,0,0,0,竹林七贤 组合加成,竹林七贤,0,0,,,,,103,谋略属性提高,0
294144,294144,1,1,5,0,100,100,29414401,0,9,0,0,0,0,竹林七贤 组合加成,竹林七贤,0,0,,,,,103,谋略属性提高,0
294145,294145,1,1,5,0,100,100,29414501,0,9,0,0,0,0,竹林七贤 组合加成,竹林七贤,0,0,,,,,103,谋略属性提高,0
294146,294146,1,1,5,0,100,100,29414601,0,9,0,0,0,0,竹林七贤 组合加成,竹林七贤,0,0,,,,,103,谋略属性提高,0
294147,294147,1,1,5,0,100,100,29414701,0,9,0,0,0,0,竹林七贤 组合加成,竹林七贤,0,0,,,,,103,谋略属性提高,0
294148,294148,1,1,5,0,100,100,29414801,0,9,0,0,0,0,竹林七贤 组合加成,竹林七贤,0,0,,,,,103,谋略属性提高,0
294149,294149,1,1,5,0,100,100,29414901,0,9,0,0,0,0,竹林七贤 组合加成,竹林七贤,0,0,,,,,103,谋略属性提高,0
294150,294150,1,1,5,0,100,100,29415001,0,9,0,0,0,0,司马氏霸府 组合加成,司马氏霸府,0,0,,,,,102,防御属性提高,0
294151,294151,1,1,5,0,100,100,29415101,0,9,0,0,0,0,司马氏霸府 组合加成,司马氏霸府,0,0,,,,,102,防御属性提高,0
294152,294152,1,1,5,0,100,100,29415201,0,9,0,0,0,0,司马氏霸府 组合加成,司马氏霸府,0,0,,,,,102,防御属性提高,0
294153,294153,1,1,5,0,100,100,29415301,0,9,0,0,0,0,司马氏霸府 组合加成,司马氏霸府,0,0,,,,,102,防御属性提高,0
294154,294154,1,1,5,0,100,100,29415401,0,9,0,0,0,0,司马氏霸府 组合加成,司马氏霸府,0,0,,,,,102,防御属性提高,0
294155,294155,1,1,5,0,100,100,29415501,0,9,0,0,0,0,司马氏霸府 组合加成,司马氏霸府,0,0,,,,,102,防御属性提高,0
294156,294156,1,1,5,0,100,100,29415601,0,9,0,0,0,0,司马氏霸府 组合加成,司马氏霸府,0,0,,,,,102,防御属性提高,0
294157,294157,1,1,5,0,100,100,29415701,0,9,0,0,0,0,司马氏霸府 组合加成,司马氏霸府,0,0,,,,,102,防御属性提高,0
294158,294158,1,1,5,0,100,100,29415801,0,9,0,0,0,0,司马氏霸府 组合加成,司马氏霸府,0,0,,,,,102,防御属性提高,0
294159,294159,1,1,5,0,100,100,29415901,0,9,0,0,0,0,司马氏霸府 组合加成,司马氏霸府,0,0,,,,,102,防御属性提高,0
294160,294160,1,1,5,0,100,100,29416001,0,9,0,0,0,0,一门虎将 组合加成,一门虎将,0,0,,,,,101,攻击属性提高,0
294161,294161,1,1,5,0,100,100,29416101,0,9,0,0,0,0,东吴大都督 组合加成,东吴大都督,0,0,,,,,103,谋略属性提高,0
294162,294162,1,1,5,0,100,100,29416201,0,9,0,0,0,0,东吴大都督 组合加成,东吴大都督,0,0,,,,,103,谋略属性提高,0
294163,294163,1,1,5,0,100,100,29416301,0,9,0,0,0,0,东吴大都督 组合加成,东吴大都督,0,0,,,,,103,谋略属性提高,0
294164,294164,1,1,5,0,100,100,29416401,0,9,0,0,0,0,东吴大都督 组合加成,东吴大都督,0,0,,,,,103,谋略属性提高,0
294165,294165,1,1,5,0,100,100,29416501,0,9,0,0,0,0,东吴大都督 组合加成,东吴大都督,0,0,,,,,103,谋略属性提高,0
294166,294166,1,1,5,0,100,100,29416601,0,9,0,0,0,0,东吴大都督 组合加成,东吴大都督,0,0,,,,,103,谋略属性提高,0
294167,294167,1,1,5,0,100,100,29416701,0,9,0,0,0,0,东吴大都督 组合加成,东吴大都督,0,0,,,,,103,谋略属性提高,0
294168,294168,1,1,5,0,100,100,29416801,0,9,0,0,0,0,东吴大都督 组合加成,东吴大都督,0,0,,,,,103,谋略属性提高,0
294169,294169,1,1,5,0,100,100,29416901,0,9,0,0,0,0,三国智将 组合加成,三国智将,0,0,,,,,103,谋略属性提高,0
294170,294170,1,1,5,0,100,100,29417001,0,9,0,0,0,0,三国智将 组合加成,三国智将,0,0,,,,,103,谋略属性提高,0
294171,294171,1,1,5,0,100,100,29417101,0,9,0,0,0,0,三国智将 组合加成,三国智将,0,0,,,,,103,谋略属性提高,0
294172,294172,1,1,5,0,100,100,29417201,0,9,0,0,0,0,吴之智 组合加成,吴之智,0,0,,,,,103,谋略属性提高,0
294173,294173,1,1,5,0,100,100,29417301,0,9,0,0,0,0,吴之智 组合加成,吴之智,0,0,,,,,103,谋略属性提高,0
294174,294174,1,1,5,0,100,100,29417401,0,9,0,0,0,0,吴之智 组合加成,吴之智,0,0,,,,,103,谋略属性提高,0
294175,294175,1,1,5,0,100,100,29417501,0,9,0,0,0,0,吴之智 组合加成,吴之智,0,0,,,,,103,谋略属性提高,0
294176,294176,1,1,5,0,100,100,29417601,0,9,0,0,0,0,吴之智 组合加成,吴之智,0,0,,,,,103,谋略属性提高,0
294177,294177,1,1,5,0,100,100,29417701,0,9,0,0,0,0,吴之智 组合加成,吴之智,0,0,,,,,103,谋略属性提高,0
294178,294178,1,1,5,0,100,100,29417801,0,9,0,0,0,0,吴之智 组合加成,吴之智,0,0,,,,,103,谋略属性提高,0
294179,294179,1,1,5,0,100,100,29417901,0,9,0,0,0,0,吴之智 组合加成,吴之智,0,0,,,,,103,谋略属性提高,0
294180,294180,1,1,5,0,100,100,29418001,0,9,0,0,0,0,吴之智 组合加成,吴之智,0,0,,,,,103,谋略属性提高,0
294181,294181,1,1,5,0,100,100,29418101,0,9,0,0,0,0,吴之智 组合加成,吴之智,0,0,,,,,103,谋略属性提高,0
294182,294182,1,1,5,0,100,100,29418201,0,9,0,0,0,0,吴之智 组合加成,吴之智,0,0,,,,,103,谋略属性提高,0
294183,294183,1,1,5,0,100,100,29418301,0,9,0,0,0,0,黄巾游勇 组合加成,黄巾游勇,0,0,,,,,101,攻击属性提高,0
294184,294184,1,1,5,0,100,100,29418401,0,9,0,0,0,0,黄巾游勇 组合加成,黄巾游勇,0,0,,,,,101,攻击属性提高,0
294185,294185,1,1,5,0,100,100,29418501,0,9,0,0,0,0,黄巾游勇 组合加成,黄巾游勇,0,0,,,,,101,攻击属性提高,0
294186,294186,1,1,5,0,100,100,29418601,0,9,0,0,0,0,黄巾游勇 组合加成,黄巾游勇,0,0,,,,,101,攻击属性提高,0
294187,294187,1,1,5,0,100,100,29418701,0,9,0,0,0,0,黄巾游勇 组合加成,黄巾游勇,0,0,,,,,101,攻击属性提高,0
294188,294188,1,1,5,0,100,100,29418801,0,9,0,0,0,0,黄巾游勇 组合加成,黄巾游勇,0,0,,,,,101,攻击属性提高,0
294189,294189,1,1,5,0,100,100,29418901,0,9,0,0,0,0,黄巾游勇 组合加成,黄巾游勇,0,0,,,,,101,攻击属性提高,0
294190,294190,1,1,5,0,100,100,29419001,0,9,0,0,0,0,黄巾游勇 组合加成,黄巾游勇,0,0,,,,,101,攻击属性提高,0
294191,294191,1,1,5,0,100,100,29419101,0,9,0,0,0,0,黄巾游勇 组合加成,黄巾游勇,0,0,,,,,101,攻击属性提高,0
294192,294192,1,1,5,0,100,100,29419201,0,9,0,0,0,0,黄巾游勇 组合加成,黄巾游勇,0,0,,,,,101,攻击属性提高,0
294193,294193,1,1,5,0,100,100,29419301,0,9,0,0,0,0,黄巾游勇 组合加成,黄巾游勇,0,0,,,,,101,攻击属性提高,0
294194,294194,1,1,5,0,100,100,29419401,0,9,0,0,0,0,黄巾游勇 组合加成,黄巾游勇,0,0,,,,,101,攻击属性提高,0
294195,294195,1,1,5,0,100,100,29419501,0,9,0,0,0,0,黄巾游勇 组合加成,黄巾游勇,0,0,,,,,101,攻击属性提高,0
294196,294196,1,1,5,0,100,100,29419601,0,9,0,0,0,0,黄巾游勇 组合加成,黄巾游勇,0,0,,,,,101,攻击属性提高,0
294197,294197,1,1,5,0,100,100,29419701,0,9,0,0,0,0,黄巾游勇 组合加成,黄巾游勇,0,0,,,,,101,攻击属性提高,0
294198,294198,1,1,5,0,100,100,29419801,0,9,0,0,0,0,黄巾游勇 组合加成,黄巾游勇,0,0,,,,,101,攻击属性提高,0
294199,294199,1,1,5,0,100,100,29419901,0,9,0,0,0,0,黄巾游勇 组合加成,黄巾游勇,0,0,,,,,101,攻击属性提高,0
294200,294200,1,1,5,0,100,100,29420001,0,9,0,0,0,0,黄巾游勇 组合加成,黄巾游勇,0,0,,,,,101,攻击属性提高,0
294201,294201,1,1,5,0,100,100,29420101,0,9,0,0,0,0,黄巾游勇 组合加成,黄巾游勇,0,0,,,,,101,攻击属性提高,0
294202,294202,1,1,5,0,100,100,29420201,0,9,0,0,0,0,黄巾游勇 组合加成,黄巾游勇,0,0,,,,,101,攻击属性提高,0
294203,294203,1,1,5,0,100,100,29420301,0,9,0,0,0,0,黄巾游勇 组合加成,黄巾游勇,0,0,,,,,101,攻击属性提高,0
294204,294204,1,1,5,0,100,100,29420401,0,9,0,0,0,0,黄巾游勇 组合加成,黄巾游勇,0,0,,,,,101,攻击属性提高,0
294205,294205,1,1,5,0,100,100,29420501,0,9,0,0,0,0,黄巾游勇 组合加成,黄巾游勇,0,0,,,,,101,攻击属性提高,0
294206,294206,1,1,5,0,100,100,29420601,0,9,0,0,0,0,黄巾游勇 组合加成,黄巾游勇,0,0,,,,,101,攻击属性提高,0
294207,294207,1,1,5,0,100,100,29420701,0,9,0,0,0,0,黄巾游勇 组合加成,黄巾游勇,0,0,,,,,101,攻击属性提高,0
294208,294208,1,1,5,0,100,100,29420801,0,9,0,0,0,0,黄巾游勇 组合加成,黄巾游勇,0,0,,,,,101,攻击属性提高,0
294209,294209,1,1,5,0,100,100,29420901,0,9,0,0,0,0,黄巾游勇 组合加成,黄巾游勇,0,0,,,,,101,攻击属性提高,0
294210,294210,1,1,5,0,100,100,29421001,0,9,0,0,0,0,黄巾游勇 组合加成,黄巾游勇,0,0,,,,,101,攻击属性提高,0
294211,294211,1,1,5,0,100,100,29421101,0,9,0,0,0,0,黄巾游勇 组合加成,黄巾游勇,0,0,,,,,101,攻击属性提高,0
294212,294212,1,1,5,0,100,100,29421201,0,9,0,0,0,0,黄巾游勇 组合加成,黄巾游勇,0,0,,,,,101,攻击属性提高,0
294213,294213,1,1,5,0,100,100,29421301,0,9,0,0,0,0,黄巾游勇 组合加成,黄巾游勇,0,0,,,,,101,攻击属性提高,0
294214,294214,1,1,5,0,100,100,29421401,0,9,0,0,0,0,黄巾游勇 组合加成,黄巾游勇,0,0,,,,,101,攻击属性提高,0
294215,294215,1,1,5,0,100,100,29421501,0,9,0,0,0,0,黄巾游勇 组合加成,黄巾游勇,0,0,,,,,101,攻击属性提高,0
294216,294216,1,1,5,0,100,100,29421601,0,9,0,0,0,0,黄巾游勇 组合加成,黄巾游勇,0,0,,,,,101,攻击属性提高,0
294217,294217,1,1,5,0,100,100,29421701,0,9,0,0,0,0,黄巾游勇 组合加成,黄巾游勇,0,0,,,,,101,攻击属性提高,0
294218,294218,1,1,5,0,100,100,29421801,0,9,0,0,0,0,黄巾游勇 组合加成,黄巾游勇,0,0,,,,,101,攻击属性提高,0
294219,294219,1,1,5,0,100,100,29421901,0,9,0,0,0,0,黄巾游勇 组合加成,黄巾游勇,0,0,,,,,101,攻击属性提高,0
294220,294220,1,1,5,0,100,100,29422001,0,9,0,0,0,0,黄巾游勇 组合加成,黄巾游勇,0,0,,,,,101,攻击属性提高,0
294221,294221,1,1,5,0,100,100,29422101,0,9,0,0,0,0,黄巾游勇 组合加成,黄巾游勇,0,0,,,,,101,攻击属性提高,0
294222,294222,1,1,5,0,100,100,29422201,0,9,0,0,0,0,黄巾游勇 组合加成,黄巾游勇,0,0,,,,,101,攻击属性提高,0
294223,294223,1,1,5,0,100,100,29422301,0,9,0,0,0,0,黄巾游勇 组合加成,黄巾游勇,0,0,,,,,101,攻击属性提高,0
294224,294224,1,1,5,0,100,100,29422401,0,9,0,0,0,0,黄巾游勇 组合加成,黄巾游勇,0,0,,,,,101,攻击属性提高,0
294225,294225,1,1,5,0,100,100,29422501,0,9,0,0,0,0,黄巾游勇 组合加成,黄巾游勇,0,0,,,,,101,攻击属性提高,0
294226,294226,1,1,5,0,100,100,29422601,0,9,0,0,0,0,黄巾游勇 组合加成,黄巾游勇,0,0,,,,,101,攻击属性提高,0
294227,294227,1,1,5,0,100,100,29422701,0,9,0,0,0,0,黄巾游勇 组合加成,黄巾游勇,0,0,,,,,101,攻击属性提高,0
294228,294228,1,1,5,0,100,100,29422801,0,9,0,0,0,0,黄巾游勇 组合加成,黄巾游勇,0,0,,,,,101,攻击属性提高,0
294229,294229,1,1,5,0,100,100,29422901,0,9,0,0,0,0,黄巾游勇 组合加成,黄巾游勇,0,0,,,,,101,攻击属性提高,0
294230,294230,1,1,5,0,100,100,29423001,0,9,0,0,0,0,黄巾游勇 组合加成,黄巾游勇,0,0,,,,,101,攻击属性提高,0
294231,294231,1,1,5,0,100,100,29423101,0,9,0,0,0,0,黄巾游勇 组合加成,黄巾游勇,0,0,,,,,101,攻击属性提高,0
294232,294232,1,1,5,0,100,100,29423201,0,9,0,0,0,0,黄巾游勇 组合加成,黄巾游勇,0,0,,,,,101,攻击属性提高,0
294233,294233,1,1,5,0,100,100,29423301,0,9,0,0,0,0,黄巾游勇 组合加成,黄巾游勇,0,0,,,,,101,攻击属性提高,0
294234,294234,1,1,5,0,100,100,29423401,0,9,0,0,0,0,黄巾游勇 组合加成,黄巾游勇,0,0,,,,,101,攻击属性提高,0
294235,294235,1,1,5,0,100,100,29423501,0,9,0,0,0,0,黄巾游勇 组合加成,黄巾游勇,0,0,,,,,101,攻击属性提高,0
294236,294236,1,1,5,0,100,100,29423601,0,9,0,0,0,0,黄巾游勇 组合加成,黄巾游勇,0,0,,,,,101,攻击属性提高,0
294237,294237,1,1,5,0,100,100,29423701,0,9,0,0,0,0,黄巾游勇 组合加成,黄巾游勇,0,0,,,,,101,攻击属性提高,0
294238,294238,1,1,5,0,100,100,29423801,0,9,0,0,0,0,黄巾游勇 组合加成,黄巾游勇,0,0,,,,,101,攻击属性提高,0
294239,294239,1,1,5,0,100,100,29423901,0,9,0,0,0,0,黄巾游勇 组合加成,黄巾游勇,0,0,,,,,101,攻击属性提高,0
294240,294240,1,1,5,0,100,100,29424001,0,9,0,0,0,0,黄巾游勇 组合加成,黄巾游勇,0,0,,,,,101,攻击属性提高,0
294241,294241,1,1,5,0,100,100,29424101,0,9,0,0,0,0,黄巾游勇 组合加成,黄巾游勇,0,0,,,,,101,攻击属性提高,0
294242,294242,1,1,5,0,100,100,29424201,0,9,0,0,0,0,黄巾游勇 组合加成,黄巾游勇,0,0,,,,,101,攻击属性提高,0
294243,294243,1,1,5,0,100,100,29424301,0,9,0,0,0,0,黄巾游勇 组合加成,黄巾游勇,0,0,,,,,101,攻击属性提高,0
294244,294244,1,1,5,0,100,100,29424401,0,9,0,0,0,0,黄巾游勇 组合加成,黄巾游勇,0,0,,,,,101,攻击属性提高,0
294245,294245,1,1,5,0,100,100,29424501,0,9,0,0,0,0,黄巾游勇 组合加成,黄巾游勇,0,0,,,,,101,攻击属性提高,0
294246,294246,1,1,5,0,100,100,29424601,0,9,0,0,0,0,黄巾游勇 组合加成,黄巾游勇,0,0,,,,,101,攻击属性提高,0
294247,294247,1,1,5,0,100,100,29424701,0,9,0,0,0,0,黄巾游勇 组合加成,黄巾游勇,0,0,,,,,101,攻击属性提高,0
294248,294248,1,1,5,0,100,100,29424801,0,9,0,0,0,0,黄巾游勇 组合加成,黄巾游勇,0,0,,,,,101,攻击属性提高,0
294249,294249,1,1,5,0,100,100,29424901,0,9,0,0,0,0,黄巾游勇 组合加成,黄巾游勇,0,0,,,,,101,攻击属性提高,0
294250,294250,1,1,5,0,100,100,29425001,0,9,0,0,0,0,黄巾游勇 组合加成,黄巾游勇,0,0,,,,,101,攻击属性提高,0
294251,294251,1,1,5,0,100,100,29425101,0,9,0,0,0,0,黄巾游勇 组合加成,黄巾游勇,0,0,,,,,101,攻击属性提高,0
294252,294252,1,1,5,0,100,100,29425201,0,9,0,0,0,0,黄巾游勇 组合加成,黄巾游勇,0,0,,,,,101,攻击属性提高,0
294253,294253,1,1,5,0,100,100,29425301,0,9,0,0,0,0,黄巾游勇 组合加成,黄巾游勇,0,0,,,,,101,攻击属性提高,0
294254,294254,1,1,5,0,100,100,29425401,0,9,0,0,0,0,黄巾游勇 组合加成,黄巾游勇,0,0,,,,,101,攻击属性提高,0
294255,294255,1,1,5,0,100,100,29425501,0,9,0,0,0,0,黄巾游勇 组合加成,黄巾游勇,0,0,,,,,101,攻击属性提高,0
294256,294256,1,1,5,0,100,100,29425601,0,9,0,0,0,0,黄巾游勇 组合加成,黄巾游勇,0,0,,,,,101,攻击属性提高,0
294257,294257,1,1,5,0,100,100,29425701,0,9,0,0,0,0,黄巾游勇 组合加成,黄巾游勇,0,0,,,,,101,攻击属性提高,0
294258,294258,1,1,5,0,100,100,29425801,0,9,0,0,0,0,黄巾游勇 组合加成,黄巾游勇,0,0,,,,,101,攻击属性提高,0
294259,294259,1,1,5,0,100,100,29425901,0,9,0,0,0,0,孟德之子 组合加成,孟德之子,0,0,,,,,101,攻击属性提高,0
294260,294260,1,1,5,0,100,100,29426001,0,9,0,0,0,0,孟德之子 组合加成,孟德之子,0,0,,,,,101,攻击属性提高,0
294261,294261,1,1,5,0,100,100,29426101,0,9,0,0,0,0,孟德之子 组合加成,孟德之子,0,0,,,,,101,攻击属性提高,0
294262,294262,1,1,5,0,100,100,29426201,0,9,0,0,0,0,孟德之子 组合加成,孟德之子,0,0,,,,,101,攻击属性提高,0
294263,294263,1,1,5,0,100,100,29426301,0,9,0,0,0,0,孟德之子 组合加成,孟德之子,0,0,,,,,101,攻击属性提高,0
294264,294264,1,1,5,0,100,100,29426401,0,9,0,0,0,0,孟德之子 组合加成,孟德之子,0,0,,,,,101,攻击属性提高,0
294265,294265,1,1,5,0,100,100,29426501,0,9,0,0,0,0,孟德之子 组合加成,孟德之子,0,0,,,,,101,攻击属性提高,0
294266,294266,1,1,5,0,100,100,29426601,0,9,0,0,0,0,孟德之子 组合加成,孟德之子,0,0,,,,,101,攻击属性提高,0
294267,294267,1,1,5,0,100,100,29426701,0,9,0,0,0,0,孟德之子 组合加成,孟德之子,0,0,,,,,101,攻击属性提高,0
294268,294268,1,1,5,0,100,100,29426801,0,9,0,0,0,0,孟德之子 组合加成,孟德之子,0,0,,,,,101,攻击属性提高,0
294269,294269,1,1,5,0,100,100,29426901,0,9,0,0,0,0,孟德之子 组合加成,孟德之子,0,0,,,,,101,攻击属性提高,0
294270,294270,1,1,5,0,100,100,29427001,0,9,0,0,0,0,勾心斗角 组合加成,勾心斗角,0,0,,,,,103,谋略属性提高,0
294271,294271,1,1,5,0,100,100,29427101,0,9,0,0,0,0,勾心斗角 组合加成,勾心斗角,0,0,,,,,103,谋略属性提高,0
294272,294272,1,1,5,0,100,100,29427201,0,9,0,0,0,0,勾心斗角 组合加成,勾心斗角,0,0,,,,,103,谋略属性提高,0
294273,294273,1,1,5,0,100,100,29427301,0,9,0,0,0,0,勾心斗角 组合加成,勾心斗角,0,0,,,,,103,谋略属性提高,0
294274,294274,1,1,5,0,100,100,29427401,0,9,0,0,0,0,勾心斗角 组合加成,勾心斗角,0,0,,,,,103,谋略属性提高,0
294275,294275,1,1,5,0,100,100,29427501,0,9,0,0,0,0,勾心斗角 组合加成,勾心斗角,0,0,,,,,103,谋略属性提高,0
294276,294276,1,1,5,0,100,100,29427601,0,9,0,0,0,0,孟德之子 组合加成,孟德之子,0,0,,,,,101,攻击属性提高,0
294277,294277,1,1,5,0,100,100,29427701,0,9,0,0,0,0,孟德之子 组合加成,孟德之子,0,0,,,,,101,攻击属性提高,0
294278,294278,1,1,5,0,100,100,29427801,0,9,0,0,0,0,孟德之子 组合加成,孟德之子,0,0,,,,,101,攻击属性提高,0
294279,294279,1,1,5,0,100,100,29427901,0,9,0,0,0,0,孟德之子 组合加成,孟德之子,0,0,,,,,101,攻击属性提高,0
294280,294280,1,1,5,0,100,100,29428001,0,9,0,0,0,0,孟德之子 组合加成,孟德之子,0,0,,,,,101,攻击属性提高,0
294281,294281,1,1,5,0,100,100,29428101,0,9,0,0,0,0,温侯无双 组合加成,温侯无双,0,0,,,,,101,攻击属性提高,0
294282,294282,1,1,5,0,100,100,29428201,0,9,0,0,0,0,温侯无双 组合加成,温侯无双,0,0,,,,,101,攻击属性提高,0
294283,294283,1,1,5,0,100,100,29428301,0,9,0,0,0,0,温侯无双 组合加成,温侯无双,0,0,,,,,101,攻击属性提高,0
294284,294284,1,1,5,0,100,100,29428401,0,9,0,0,0,0,温侯无双 组合加成,温侯无双,0,0,,,,,101,攻击属性提高,0
294285,294285,1,1,5,0,100,100,29428501,0,9,0,0,0,0,温侯无双 组合加成,温侯无双,0,0,,,,,101,攻击属性提高,0
294286,294286,1,1,5,0,100,100,29428601,0,9,0,0,0,0,温侯无双 组合加成,温侯无双,0,0,,,,,101,攻击属性提高,0
294287,294287,1,1,5,0,100,100,29428701,0,9,0,0,0,0,温侯无双 组合加成,温侯无双,0,0,,,,,101,攻击属性提高,0
294288,294288,1,1,5,0,100,100,29428801,0,9,0,0,0,0,温侯无双 组合加成,温侯无双,0,0,,,,,101,攻击属性提高,0
294289,294289,1,1,5,0,100,100,29428901,0,9,0,0,0,0,温侯无双 组合加成,温侯无双,0,0,,,,,101,攻击属性提高,0
294290,294290,1,1,5,0,100,100,29429001,0,9,0,0,0,0,温侯无双 组合加成,温侯无双,0,0,,,,,101,攻击属性提高,0
294291,294291,1,1,5,0,100,100,29429101,0,9,0,0,0,0,温侯无双 组合加成,温侯无双,0,0,,,,,101,攻击属性提高,0
294292,294292,1,1,5,0,100,100,29429201,0,9,0,0,0,0,温侯无双 组合加成,温侯无双,0,0,,,,,101,攻击属性提高,0
294293,294293,1,1,5,0,100,100,29429301,0,9,0,0,0,0,温侯无双 组合加成,温侯无双,0,0,,,,,101,攻击属性提高,0
294294,294294,1,1,5,0,100,100,29429401,0,9,0,0,0,0,温侯无双 组合加成,温侯无双,0,0,,,,,101,攻击属性提高,0
294295,294295,1,1,5,0,100,100,29429501,0,9,0,0,0,0,温侯无双 组合加成,温侯无双,0,0,,,,,101,攻击属性提高,0
294296,294296,1,1,5,0,100,100,29429601,0,9,0,0,0,0,温侯无双 组合加成,温侯无双,0,0,,,,,101,攻击属性提高,0
294297,294297,1,1,5,0,100,100,29429701,0,9,0,0,0,0,温侯无双 组合加成,温侯无双,0,0,,,,,101,攻击属性提高,0
294298,294298,1,1,5,0,100,100,29429801,0,9,0,0,0,0,温侯无双 组合加成,温侯无双,0,0,,,,,101,攻击属性提高,0
294299,294299,1,1,5,0,100,100,29429901,0,9,0,0,0,0,温侯无双 组合加成,温侯无双,0,0,,,,,101,攻击属性提高,0
294300,294300,1,1,5,0,100,100,29430001,0,9,0,0,0,0,温侯无双 组合加成,温侯无双,0,0,,,,,101,攻击属性提高,0
294301,294301,1,1,5,0,100,100,29430101,0,9,0,0,0,0,温侯无双 组合加成,温侯无双,0,0,,,,,101,攻击属性提高,0
294302,294302,1,1,5,0,100,100,29430201,0,9,0,0,0,0,温侯无双 组合加成,温侯无双,0,0,,,,,101,攻击属性提高,0
294303,294303,1,1,5,0,100,100,29430301,0,9,0,0,0,0,温侯无双 组合加成,温侯无双,0,0,,,,,101,攻击属性提高,0
294304,294304,1,1,5,0,100,100,29430401,0,9,0,0,0,0,温侯无双 组合加成,温侯无双,0,0,,,,,101,攻击属性提高,0
294305,294305,1,1,5,0,100,100,29430501,0,9,0,0,0,0,温侯无双 组合加成,温侯无双,0,0,,,,,101,攻击属性提高,0
294306,294306,1,1,5,0,100,100,29430601,0,9,0,0,0,0,温侯无双 组合加成,温侯无双,0,0,,,,,101,攻击属性提高,0
294307,294307,1,1,5,0,100,100,29430701,0,9,0,0,0,0,温侯无双 组合加成,温侯无双,0,0,,,,,101,攻击属性提高,0
294308,294308,1,1,5,0,100,100,29430801,0,9,0,0,0,0,温侯无双 组合加成,温侯无双,0,0,,,,,101,攻击属性提高,0
294309,294309,1,1,5,0,100,100,29430901,0,9,0,0,0,0,温侯无双 组合加成,温侯无双,0,0,,,,,101,攻击属性提高,0
294310,294310,1,1,5,0,100,100,29431001,0,9,0,0,0,0,温侯无双 组合加成,温侯无双,0,0,,,,,101,攻击属性提高,0
294311,294311,1,1,5,0,100,100,29431101,0,9,0,0,0,0,温侯无双 组合加成,温侯无双,0,0,,,,,101,攻击属性提高,0
294312,294312,1,1,5,0,100,100,29431201,0,9,0,0,0,0,温侯无双 组合加成,温侯无双,0,0,,,,,101,攻击属性提高,0
294313,294313,1,1,5,0,100,100,29431301,0,9,0,0,0,0,温侯无双 组合加成,温侯无双,0,0,,,,,101,攻击属性提高,0
294314,294314,1,1,5,0,100,100,29431401,0,9,0,0,0,0,温侯无双 组合加成,温侯无双,0,0,,,,,101,攻击属性提高,0
294315,294315,1,1,5,0,100,100,29431501,0,9,0,0,0,0,温侯无双 组合加成,温侯无双,0,0,,,,,101,攻击属性提高,0
294316,294316,1,1,5,0,100,100,29431601,0,9,0,0,0,0,温侯无双 组合加成,温侯无双,0,0,,,,,101,攻击属性提高,0
294317,294317,1,1,5,0,100,100,29431701,0,9,0,0,0,0,温侯无双 组合加成,温侯无双,0,0,,,,,101,攻击属性提高,0
294318,294318,1,1,5,0,100,100,29431801,0,9,0,0,0,0,温侯无双 组合加成,温侯无双,0,0,,,,,101,攻击属性提高,0
294319,294319,1,1,5,0,100,100,29431901,0,9,0,0,0,0,温侯无双 组合加成,温侯无双,0,0,,,,,101,攻击属性提高,0
294320,294320,1,1,5,0,100,100,29432001,0,9,0,0,0,0,勾心斗角 组合加成,勾心斗角,0,0,,,,,103,谋略属性提高,0
294321,294321,1,1,5,0,100,100,29432101,0,9,0,0,0,0,勾心斗角 组合加成,勾心斗角,0,0,,,,,103,谋略属性提高,0
294322,294322,1,1,5,0,100,100,29432201,0,9,0,0,0,0,勾心斗角 组合加成,勾心斗角,0,0,,,,,103,谋略属性提高,0
294323,294323,1,1,5,0,100,100,29432301,0,9,0,0,0,0,勾心斗角 组合加成,勾心斗角,0,0,,,,,103,谋略属性提高,0
294324,294324,1,1,5,0,100,100,29432401,0,9,0,0,0,0,桃园结义 组合加成,桃园结义,0,0,,,,,102,防御属性提高,0
294325,294325,1,1,5,0,100,100,29432501,0,9,0,0,0,0,桃园结义 组合加成,桃园结义,0,0,,,,,102,防御属性提高,0
294326,294326,1,1,5,0,100,100,29432601,0,9,0,0,0,0,桃园结义 组合加成,桃园结义,0,0,,,,,102,防御属性提高,0
294327,294327,1,1,5,0,100,100,29432701,0,9,0,0,0,0,桃园结义 组合加成,桃园结义,0,0,,,,,102,防御属性提高,0
294328,294328,1,1,5,0,100,100,29432801,0,9,0,0,0,0,苦肉计 组合加成,苦肉计,0,0,,,,,101,攻击属性提高,0
294329,294329,1,1,5,0,100,100,29432901,0,9,0,0,0,0,苦肉计 组合加成,苦肉计,0,0,,,,,101,攻击属性提高,0
294330,294330,1,1,5,0,100,100,29433001,0,9,0,0,0,0,东吴老将 组合加成,东吴老将,0,0,,,,,101,攻击属性提高,0
294331,294331,1,1,5,0,100,100,29433101,0,9,0,0,0,0,东吴老将 组合加成,东吴老将,0,0,,,,,101,攻击属性提高,0
294332,294332,1,1,5,0,100,100,29433201,0,9,0,0,0,0,东吴老将 组合加成,东吴老将,0,0,,,,,101,攻击属性提高,0
294333,294333,1,1,5,0,100,100,29433301,0,9,0,0,0,0,东吴老将 组合加成,东吴老将,0,0,,,,,101,攻击属性提高,0
294334,294334,1,1,5,0,100,100,29433401,0,9,0,0,0,0,东吴老将 组合加成,东吴老将,0,0,,,,,101,攻击属性提高,0
294335,294335,1,1,5,0,100,100,29433501,0,9,0,0,0,0,东吴老将 组合加成,东吴老将,0,0,,,,,101,攻击属性提高,0
294336,294336,1,1,5,0,100,100,29433601,0,9,0,0,0,0,东吴老将 组合加成,东吴老将,0,0,,,,,101,攻击属性提高,0
294337,294337,1,1,5,0,100,100,29433701,0,9,0,0,0,0,东吴老将 组合加成,东吴老将,0,0,,,,,101,攻击属性提高,0
294338,294338,1,1,5,0,100,100,29433801,0,9,0,0,0,0,老当益壮 组合加成,老当益壮,0,0,,,,,102,防御属性提高,0
294339,294339,1,1,5,0,100,100,29433901,0,9,0,0,0,0,老当益壮 组合加成,老当益壮,0,0,,,,,102,防御属性提高,0
294340,294340,1,1,5,0,100,100,29434001,0,9,0,0,0,0,老当益壮 组合加成,老当益壮,0,0,,,,,102,防御属性提高,0
294341,294341,1,1,5,0,100,100,29434101,0,9,0,0,0,0,老当益壮 组合加成,老当益壮,0,0,,,,,102,防御属性提高,0
294342,294342,1,1,5,0,100,100,29434201,0,9,0,0,0,0,二乔 组合加成,二乔,0,0,,,,,103,谋略属性提高,0
294343,294343,1,1,5,0,100,100,29434301,0,9,0,0,0,0,二乔 组合加成,二乔,0,0,,,,,103,谋略属性提高,0
294344,294344,1,1,5,0,100,100,29434401,0,9,0,0,0,0,二乔 组合加成,二乔,0,0,,,,,103,谋略属性提高,0
294345,294345,1,1,5,0,100,100,29434501,0,9,0,0,0,0,二乔 组合加成,二乔,0,0,,,,,103,谋略属性提高,0
294346,294346,1,1,5,0,100,100,29434601,0,9,0,0,0,0,二乔 组合加成,二乔,0,0,,,,,103,谋略属性提高,0
294347,294347,1,1,5,0,100,100,29434701,0,9,0,0,0,0,二乔 组合加成,二乔,0,0,,,,,103,谋略属性提高,0
294348,294348,1,1,5,0,100,100,29434801,0,9,0,0,0,0,二乔 组合加成,二乔,0,0,,,,,103,谋略属性提高,0
294349,294349,1,1,5,0,100,100,29434901,0,9,0,0,0,0,二乔 组合加成,二乔,0,0,,,,,103,谋略属性提高,0
294350,294350,1,1,5,0,100,100,29435001,0,9,0,0,0,0,二乔 组合加成,二乔,0,0,,,,,103,谋略属性提高,0
294351,294351,1,1,5,0,100,100,29435101,0,9,0,0,0,0,二乔 组合加成,二乔,0,0,,,,,103,谋略属性提高,0
294352,294352,1,1,5,0,100,100,29435201,0,9,0,0,0,0,二乔 组合加成,二乔,0,0,,,,,103,谋略属性提高,0
294353,294353,1,1,5,0,100,100,29435301,0,9,0,0,0,0,二乔 组合加成,二乔,0,0,,,,,103,谋略属性提高,0
294354,294354,1,1,5,0,100,100,29435401,0,9,0,0,0,0,二乔 组合加成,二乔,0,0,,,,,103,谋略属性提高,0
294355,294355,1,1,5,0,100,100,29435501,0,9,0,0,0,0,二乔 组合加成,二乔,0,0,,,,,103,谋略属性提高,0
294356,294356,1,1,5,0,100,100,29435601,0,9,0,0,0,0,二乔 组合加成,二乔,0,0,,,,,103,谋略属性提高,0
294357,294357,1,1,5,0,100,100,29435701,0,9,0,0,0,0,二乔 组合加成,二乔,0,0,,,,,103,谋略属性提高,0
294358,294358,1,1,5,0,100,100,29435801,0,9,0,0,0,0,二乔 组合加成,二乔,0,0,,,,,103,谋略属性提高,0
294359,294359,1,1,5,0,100,100,29435901,0,9,0,0,0,0,二乔 组合加成,二乔,0,0,,,,,103,谋略属性提高,0
294360,294360,1,1,5,0,100,100,29436001,0,9,0,0,0,0,二乔 组合加成,二乔,0,0,,,,,103,谋略属性提高,0
294361,294361,1,1,5,0,100,100,29436101,0,9,0,0,0,0,二乔 组合加成,二乔,0,0,,,,,103,谋略属性提高,0
294362,294362,1,1,5,0,100,100,29436201,0,9,0,0,0,0,二乔 组合加成,二乔,0,0,,,,,103,谋略属性提高,0
294363,294363,1,1,5,0,100,100,29436301,0,9,0,0,0,0,二乔 组合加成,二乔,0,0,,,,,103,谋略属性提高,0
294364,294364,1,1,5,0,100,100,29436401,0,9,0,0,0,0,二乔 组合加成,二乔,0,0,,,,,103,谋略属性提高,0
294365,294365,1,1,5,0,100,100,29436501,0,9,0,0,0,0,苦肉计 组合加成,苦肉计,0,0,,,,,101,攻击属性提高,0
294366,294366,1,1,5,0,100,100,29436601,0,9,0,0,0,0,苦肉计 组合加成,苦肉计,0,0,,,,,101,攻击属性提高,0
294367,294367,1,1,5,0,100,100,29436701,0,9,0,0,0,0,苦肉计 组合加成,苦肉计,0,0,,,,,101,攻击属性提高,0
294368,294368,1,1,5,0,100,100,29436801,0,9,0,0,0,0,苦肉计 组合加成,苦肉计,0,0,,,,,101,攻击属性提高,0
294369,294369,1,1,5,0,100,100,29436901,0,9,0,0,0,0,苦肉计 组合加成,苦肉计,0,0,,,,,101,攻击属性提高,0
294370,294370,1,1,5,0,100,100,29437001,0,9,0,0,0,0,苦肉计 组合加成,苦肉计,0,0,,,,,101,攻击属性提高,0
294371,294371,1,1,5,0,100,100,29437101,0,9,0,0,0,0,苦肉计 组合加成,苦肉计,0,0,,,,,101,攻击属性提高,0
294372,294372,1,1,5,0,100,100,29437201,0,9,0,0,0,0,苦肉计 组合加成,苦肉计,0,0,,,,,101,攻击属性提高,0
294373,294373,1,1,5,0,100,100,29437301,0,9,0,0,0,0,东吴大都督 组合加成,东吴大都督,0,0,,,,,103,谋略属性提高,0
294374,294374,1,1,5,0,100,100,29437401,0,9,0,0,0,0,东吴大都督 组合加成,东吴大都督,0,0,,,,,103,谋略属性提高,0
294375,294375,1,1,5,0,100,100,29437501,0,9,0,0,0,0,东吴大都督 组合加成,东吴大都督,0,0,,,,,103,谋略属性提高,0
294376,294376,1,1,5,0,100,100,29437601,0,9,0,0,0,0,东吴大都督 组合加成,东吴大都督,0,0,,,,,103,谋略属性提高,0
294377,294377,1,1,5,0,100,100,29437701,0,9,0,0,0,0,东吴大都督 组合加成,东吴大都督,0,0,,,,,103,谋略属性提高,0
294378,294378,1,1,5,0,100,100,29437801,0,9,0,0,0,0,东吴大都督 组合加成,东吴大都督,0,0,,,,,103,谋略属性提高,0
294379,294379,1,1,5,0,100,100,29437901,0,9,0,0,0,0,东吴大都督 组合加成,东吴大都督,0,0,,,,,103,谋略属性提高,0
294380,294380,1,1,5,0,100,100,29438001,0,9,0,0,0,0,东吴大都督 组合加成,东吴大都督,0,0,,,,,103,谋略属性提高,0
294381,294381,1,1,5,0,100,100,29438101,0,9,0,0,0,0,东吴大都督 组合加成,东吴大都督,0,0,,,,,103,谋略属性提高,0
294382,294382,1,1,5,0,100,100,29438201,0,9,0,0,0,0,东吴大都督 组合加成,东吴大都督,0,0,,,,,103,谋略属性提高,0
294383,294383,1,1,5,0,100,100,29438301,0,9,0,0,0,0,东吴大都督 组合加成,东吴大都督,0,0,,,,,103,谋略属性提高,0
294384,294384,1,1,5,0,100,100,29438401,0,9,0,0,0,0,东吴大都督 组合加成,东吴大都督,0,0,,,,,103,谋略属性提高,0
294385,294385,1,1,5,0,100,100,29438501,0,9,0,0,0,0,行刺太师 组合加成,行刺太师,0,0,,,,,101,攻击属性提高,0
294386,294386,1,1,5,0,100,100,29438601,0,9,0,0,0,0,行刺太师 组合加成,行刺太师,0,0,,,,,101,攻击属性提高,0
294387,294387,1,1,5,0,100,100,29438701,0,9,0,0,0,0,行刺太师 组合加成,行刺太师,0,0,,,,,101,攻击属性提高,0
294388,294388,1,1,5,0,100,100,29438801,0,9,0,0,0,0,行刺太师 组合加成,行刺太师,0,0,,,,,101,攻击属性提高,0
294389,294389,1,1,5,0,100,100,29438901,0,9,0,0,0,0,行刺太师 组合加成,行刺太师,0,0,,,,,101,攻击属性提高,0
294390,294390,1,1,5,0,100,100,29439001,0,9,0,0,0,0,行刺太师 组合加成,行刺太师,0,0,,,,,101,攻击属性提高,0
294391,294391,1,1,5,0,100,100,29439101,0,9,0,0,0,0,行刺太师 组合加成,行刺太师,0,0,,,,,101,攻击属性提高,0
294392,294392,1,1,5,0,100,100,29439201,0,9,0,0,0,0,行刺太师 组合加成,行刺太师,0,0,,,,,101,攻击属性提高,0
294393,294393,1,1,5,0,100,100,29439301,0,9,0,0,0,0,行刺太师 组合加成,行刺太师,0,0,,,,,101,攻击属性提高,0
294394,294394,1,1,5,0,100,100,29439401,0,9,0,0,0,0,行刺太师 组合加成,行刺太师,0,0,,,,,101,攻击属性提高,0
294395,294395,1,1,5,0,100,100,29439501,0,9,0,0,0,0,行刺太师 组合加成,行刺太师,0,0,,,,,101,攻击属性提高,0
294396,294396,1,1,5,0,100,100,29439601,0,9,0,0,0,0,驰马西凉 组合加成,驰马西凉,0,0,,,,,102,防御属性提高,0
294397,294397,1,1,5,0,100,100,29439701,0,9,0,0,0,0,驰马西凉 组合加成,驰马西凉,0,0,,,,,102,防御属性提高,0
294398,294398,1,1,5,0,100,100,29439801,0,9,0,0,0,0,驰马西凉 组合加成,驰马西凉,0,0,,,,,102,防御属性提高,0
294399,294399,1,1,5,0,100,100,29439901,0,9,0,0,0,0,驰马西凉 组合加成,驰马西凉,0,0,,,,,102,防御属性提高,0
294400,294400,1,1,5,0,100,100,29440001,0,9,0,0,0,0,驰马西凉 组合加成,驰马西凉,0,0,,,,,102,防御属性提高,0
294401,294401,1,1,5,0,100,100,29440101,0,9,0,0,0,0,驰马西凉 组合加成,驰马西凉,0,0,,,,,102,防御属性提高,0
294402,294402,1,1,5,0,100,100,29440201,0,9,0,0,0,0,驰马西凉 组合加成,驰马西凉,0,0,,,,,102,防御属性提高,0
294403,294403,1,1,5,0,100,100,29440301,0,9,0,0,0,0,驰马西凉 组合加成,驰马西凉,0,0,,,,,102,防御属性提高,0
294404,294404,1,1,5,0,100,100,29440401,0,9,0,0,0,0,驰马西凉 组合加成,驰马西凉,0,0,,,,,102,防御属性提高,0
294405,294405,1,1,5,0,100,100,29440501,0,9,0,0,0,0,驰马西凉 组合加成,驰马西凉,0,0,,,,,102,防御属性提高,0
294406,294406,1,1,5,0,100,100,29440601,0,9,0,0,0,0,驰马西凉 组合加成,驰马西凉,0,0,,,,,102,防御属性提高,0
294407,294407,1,1,5,0,100,100,29440701,0,9,0,0,0,0,魏之智 组合加成,魏之智,0,0,,,,,103,谋略属性提高,0
294408,294408,1,1,5,0,100,100,29440801,0,9,0,0,0,0,魏之智 组合加成,魏之智,0,0,,,,,103,谋略属性提高,0
294409,294409,1,1,5,0,100,100,29440901,0,9,0,0,0,0,魏之智 组合加成,魏之智,0,0,,,,,103,谋略属性提高,0
294410,294410,1,1,5,0,100,100,29441001,0,9,0,0,0,0,魏之智 组合加成,魏之智,0,0,,,,,103,谋略属性提高,0
294411,294411,1,1,5,0,100,100,29441101,0,9,0,0,0,0,魏之智 组合加成,魏之智,0,0,,,,,103,谋略属性提高,0
294412,294412,1,1,5,0,100,100,29441201,0,9,0,0,0,0,魏之智 组合加成,魏之智,0,0,,,,,103,谋略属性提高,0
294413,294413,1,1,5,0,100,100,29441301,0,9,0,0,0,0,魏之智 组合加成,魏之智,0,0,,,,,103,谋略属性提高,0
294414,294414,1,1,5,0,100,100,29441401,0,9,0,0,0,0,魏之智 组合加成,魏之智,0,0,,,,,103,谋略属性提高,0
294415,294415,1,1,5,0,100,100,29441501,0,9,0,0,0,0,魏之智 组合加成,魏之智,0,0,,,,,103,谋略属性提高,0
294416,294416,1,1,5,0,100,100,29441601,0,9,0,0,0,0,魏之智 组合加成,魏之智,0,0,,,,,103,谋略属性提高,0
294417,294417,1,1,5,0,100,100,29441701,0,9,0,0,0,0,魏之智 组合加成,魏之智,0,0,,,,,103,谋略属性提高,0
294418,294418,1,1,5,0,100,100,29441801,0,9,0,0,0,0,魏之智 组合加成,魏之智,0,0,,,,,103,谋略属性提高,0
294419,294419,1,1,5,0,100,100,29441901,0,9,0,0,0,0,魏之智 组合加成,魏之智,0,0,,,,,103,谋略属性提高,0
294420,294420,1,1,5,0,100,100,29442001,0,9,0,0,0,0,魏之智 组合加成,魏之智,0,0,,,,,103,谋略属性提高,0
294421,294421,1,1,5,0,100,100,29442101,0,9,0,0,0,0,魏之智 组合加成,魏之智,0,0,,,,,103,谋略属性提高,0
294422,294422,1,1,5,0,100,100,29442201,0,9,0,0,0,0,魏之智 组合加成,魏之智,0,0,,,,,103,谋略属性提高,0
294423,294423,1,1,5,0,100,100,29442301,0,9,0,0,0,0,魏之智 组合加成,魏之智,0,0,,,,,103,谋略属性提高,0
294424,294424,1,1,5,0,100,100,29442401,0,9,0,0,0,0,魏之智 组合加成,魏之智,0,0,,,,,103,谋略属性提高,0
294425,294425,1,1,5,0,100,100,29442501,0,9,0,0,0,0,魏之智 组合加成,魏之智,0,0,,,,,103,谋略属性提高,0
294426,294426,1,1,5,0,100,100,29442601,0,9,0,0,0,0,魏之智 组合加成,魏之智,0,0,,,,,103,谋略属性提高,0
294427,294427,1,1,5,0,100,100,29442701,0,9,0,0,0,0,魏之智 组合加成,魏之智,0,0,,,,,103,谋略属性提高,0
294428,294428,1,1,5,0,100,100,29442801,0,9,0,0,0,0,魏之智 组合加成,魏之智,0,0,,,,,103,谋略属性提高,0
294429,294429,1,1,5,0,100,100,29442901,0,9,0,0,0,0,魏之智 组合加成,魏之智,0,0,,,,,103,谋略属性提高,0
294430,294430,1,1,5,0,100,100,29443001,0,9,0,0,0,0,魏之智 组合加成,魏之智,0,0,,,,,103,谋略属性提高,0
294431,294431,1,1,5,0,100,100,29443101,0,9,0,0,0,0,魏之智 组合加成,魏之智,0,0,,,,,103,谋略属性提高,0
294432,294432,1,1,5,0,100,100,29443201,0,9,0,0,0,0,三国智将 组合加成,三国智将,0,0,,,,,103,谋略属性提高,0
294433,294433,1,1,5,0,100,100,29443301,0,9,0,0,0,0,三国智将 组合加成,三国智将,0,0,,,,,103,谋略属性提高,0
294434,294434,1,1,5,0,100,100,29443401,0,9,0,0,0,0,三国智将 组合加成,三国智将,0,0,,,,,103,谋略属性提高,0
294435,294435,1,1,5,0,100,100,29443501,0,9,0,0,0,0,三国智将 组合加成,三国智将,0,0,,,,,103,谋略属性提高,0
294436,294436,1,1,5,0,100,100,29443601,0,9,0,0,0,0,桃园结义 组合加成,桃园结义,0,0,,,,,102,防御属性提高,0
294437,294437,1,1,5,0,100,100,29443701,0,9,0,0,0,0,桃园结义 组合加成,桃园结义,0,0,,,,,102,防御属性提高,0
294438,294438,1,1,5,0,100,100,29443801,0,9,0,0,0,0,桃园结义 组合加成,桃园结义,0,0,,,,,102,防御属性提高,0
294439,294439,1,1,5,0,100,100,29443901,0,9,0,0,0,0,桃园结义 组合加成,桃园结义,0,0,,,,,102,防御属性提高,0
294440,294440,1,1,5,0,100,100,29444001,0,9,0,0,0,0,母仪天下 组合加成,母仪天下,0,0,,,,,103,谋略属性提高,0
294441,294441,1,1,5,0,100,100,29444101,0,9,0,0,0,0,母仪天下 组合加成,母仪天下,0,0,,,,,103,谋略属性提高,0
294442,294442,1,1,5,0,100,100,29444201,0,9,0,0,0,0,母仪天下 组合加成,母仪天下,0,0,,,,,103,谋略属性提高,0
294443,294443,1,1,5,0,100,100,29444301,0,9,0,0,0,0,母仪天下 组合加成,母仪天下,0,0,,,,,103,谋略属性提高,0
294444,294444,1,1,5,0,100,100,29444401,0,9,0,0,0,0,母仪天下 组合加成,母仪天下,0,0,,,,,103,谋略属性提高,0
294445,294445,1,1,5,0,100,100,29444501,0,9,0,0,0,0,母仪天下 组合加成,母仪天下,0,0,,,,,103,谋略属性提高,0
294446,294446,1,1,5,0,100,100,29444601,0,9,0,0,0,0,母仪天下 组合加成,母仪天下,0,0,,,,,103,谋略属性提高,0
294447,294447,1,1,5,0,100,100,29444701,0,9,0,0,0,0,母仪天下 组合加成,母仪天下,0,0,,,,,103,谋略属性提高,0
294448,294448,1,1,5,0,100,100,29444801,0,9,0,0,0,0,母仪天下 组合加成,母仪天下,0,0,,,,,103,谋略属性提高,0
294449,294449,1,1,5,0,100,100,29444901,0,9,0,0,0,0,母仪天下 组合加成,母仪天下,0,0,,,,,103,谋略属性提高,0
294450,294450,1,1,5,0,100,100,29445001,0,9,0,0,0,0,母仪天下 组合加成,母仪天下,0,0,,,,,103,谋略属性提高,0
294451,294451,1,1,5,0,100,100,29445101,0,9,0,0,0,0,母仪天下 组合加成,母仪天下,0,0,,,,,103,谋略属性提高,0
294452,294452,1,1,5,0,100,100,29445201,0,9,0,0,0,0,母仪天下 组合加成,母仪天下,0,0,,,,,103,谋略属性提高,0
294453,294453,1,1,5,0,100,100,29445301,0,9,0,0,0,0,母仪天下 组合加成,母仪天下,0,0,,,,,103,谋略属性提高,0
294454,294454,1,1,5,0,100,100,29445401,0,9,0,0,0,0,母仪天下 组合加成,母仪天下,0,0,,,,,103,谋略属性提高,0
294455,294455,1,1,5,0,100,100,29445501,0,9,0,0,0,0,母仪天下 组合加成,母仪天下,0,0,,,,,103,谋略属性提高,0
294456,294456,1,1,5,0,100,100,29445601,0,9,0,0,0,0,母仪天下 组合加成,母仪天下,0,0,,,,,103,谋略属性提高,0
294457,294457,1,1,5,0,100,100,29445701,0,9,0,0,0,0,母仪天下 组合加成,母仪天下,0,0,,,,,103,谋略属性提高,0
294458,294458,1,1,5,0,100,100,29445801,0,9,0,0,0,0,母仪天下 组合加成,母仪天下,0,0,,,,,103,谋略属性提高,0
294459,294459,1,1,5,0,100,100,29445901,0,9,0,0,0,0,母仪天下 组合加成,母仪天下,0,0,,,,,103,谋略属性提高,0
294460,294460,1,1,5,0,100,100,29446001,0,9,0,0,0,0,母仪天下 组合加成,母仪天下,0,0,,,,,103,谋略属性提高,0
294461,294461,1,1,5,0,100,100,29446101,0,9,0,0,0,0,母仪天下 组合加成,母仪天下,0,0,,,,,103,谋略属性提高,0
294462,294462,1,1,5,0,100,100,29446201,0,9,0,0,0,0,母仪天下 组合加成,母仪天下,0,0,,,,,103,谋略属性提高,0
294463,294463,1,1,5,0,100,100,29446301,0,9,0,0,0,0,母仪天下 组合加成,母仪天下,0,0,,,,,103,谋略属性提高,0
294464,294464,1,1,5,0,100,100,29446401,0,9,0,0,0,0,母仪天下 组合加成,母仪天下,0,0,,,,,103,谋略属性提高,0
294465,294465,1,1,5,0,100,100,29446501,0,9,0,0,0,0,母仪天下 组合加成,母仪天下,0,0,,,,,103,谋略属性提高,0
294466,294466,1,1,5,0,100,100,29446601,0,9,0,0,0,0,母仪天下 组合加成,母仪天下,0,0,,,,,103,谋略属性提高,0
294467,294467,1,1,5,0,100,100,29446701,0,9,0,0,0,0,母仪天下 组合加成,母仪天下,0,0,,,,,103,谋略属性提高,0
294468,294468,1,1,5,0,100,100,29446801,0,9,0,0,0,0,母仪天下 组合加成,母仪天下,0,0,,,,,103,谋略属性提高,0
294469,294469,1,1,5,0,100,100,29446901,0,9,0,0,0,0,母仪天下 组合加成,母仪天下,0,0,,,,,103,谋略属性提高,0
294470,294470,1,1,5,0,100,100,29447001,0,9,0,0,0,0,母仪天下 组合加成,母仪天下,0,0,,,,,103,谋略属性提高,0
294471,294471,1,1,5,0,100,100,29447101,0,9,0,0,0,0,母仪天下 组合加成,母仪天下,0,0,,,,,103,谋略属性提高,0
294472,294472,1,1,5,0,100,100,29447201,0,9,0,0,0,0,母仪天下 组合加成,母仪天下,0,0,,,,,103,谋略属性提高,0
294473,294473,1,1,5,0,100,100,29447301,0,9,0,0,0,0,母仪天下 组合加成,母仪天下,0,0,,,,,103,谋略属性提高,0
294474,294474,1,1,5,0,100,100,29447401,0,9,0,0,0,0,母仪天下 组合加成,母仪天下,0,0,,,,,103,谋略属性提高,0
294475,294475,1,1,5,0,100,100,29447501,0,9,0,0,0,0,母仪天下 组合加成,母仪天下,0,0,,,,,103,谋略属性提高,0
294476,294476,1,1,5,0,100,100,29447601,0,9,0,0,0,0,母仪天下 组合加成,母仪天下,0,0,,,,,103,谋略属性提高,0
294477,294477,1,1,5,0,100,100,29447701,0,9,0,0,0,0,母仪天下 组合加成,母仪天下,0,0,,,,,103,谋略属性提高,0
294478,294478,1,1,5,0,100,100,29447801,0,9,0,0,0,0,母仪天下 组合加成,母仪天下,0,0,,,,,103,谋略属性提高,0
294479,294479,1,1,5,0,100,100,29447901,0,9,0,0,0,0,母仪天下 组合加成,母仪天下,0,0,,,,,103,谋略属性提高,0
294480,294480,1,1,5,0,100,100,29448001,0,9,0,0,0,0,母仪天下 组合加成,母仪天下,0,0,,,,,103,谋略属性提高,0
294481,294481,1,1,5,0,100,100,29448101,0,9,0,0,0,0,母仪天下 组合加成,母仪天下,0,0,,,,,103,谋略属性提高,0
294482,294482,1,1,5,0,100,100,29448201,0,9,0,0,0,0,母仪天下 组合加成,母仪天下,0,0,,,,,103,谋略属性提高,0
294483,294483,1,1,5,0,100,100,29448301,0,9,0,0,0,0,母仪天下 组合加成,母仪天下,0,0,,,,,103,谋略属性提高,0
294484,294484,1,1,5,0,100,100,29448401,0,9,0,0,0,0,母仪天下 组合加成,母仪天下,0,0,,,,,103,谋略属性提高,0
294485,294485,1,1,5,0,100,100,29448501,0,9,0,0,0,0,母仪天下 组合加成,母仪天下,0,0,,,,,103,谋略属性提高,0
294486,294486,1,1,5,0,100,100,29448601,0,9,0,0,0,0,母仪天下 组合加成,母仪天下,0,0,,,,,103,谋略属性提高,0
294487,294487,1,1,5,0,100,100,29448701,0,9,0,0,0,0,母仪天下 组合加成,母仪天下,0,0,,,,,103,谋略属性提高,0
294488,294488,1,1,5,0,100,100,29448801,0,9,0,0,0,0,母仪天下 组合加成,母仪天下,0,0,,,,,103,谋略属性提高,0
294489,294489,1,1,5,0,100,100,29448901,0,9,0,0,0,0,母仪天下 组合加成,母仪天下,0,0,,,,,103,谋略属性提高,0
294490,294490,1,1,5,0,100,100,29449001,0,9,0,0,0,0,母仪天下 组合加成,母仪天下,0,0,,,,,103,谋略属性提高,0
294491,294491,1,1,5,0,100,100,29449101,0,9,0,0,0,0,母仪天下 组合加成,母仪天下,0,0,,,,,103,谋略属性提高,0
294492,294492,1,1,5,0,100,100,29449201,0,9,0,0,0,0,母仪天下 组合加成,母仪天下,0,0,,,,,103,谋略属性提高,0
294493,294493,1,1,5,0,100,100,29449301,0,9,0,0,0,0,母仪天下 组合加成,母仪天下,0,0,,,,,103,谋略属性提高,0
294494,294494,1,1,5,0,100,100,29449401,0,9,0,0,0,0,母仪天下 组合加成,母仪天下,0,0,,,,,103,谋略属性提高,0
294495,294495,1,1,5,0,100,100,29449501,0,9,0,0,0,0,母仪天下 组合加成,母仪天下,0,0,,,,,103,谋略属性提高,0
294496,294496,1,1,5,0,100,100,29449601,0,9,0,0,0,0,母仪天下 组合加成,母仪天下,0,0,,,,,103,谋略属性提高,0
294497,294497,1,1,5,0,100,100,29449701,0,9,0,0,0,0,母仪天下 组合加成,母仪天下,0,0,,,,,103,谋略属性提高,0
294498,294498,1,1,5,0,100,100,29449801,0,9,0,0,0,0,母仪天下 组合加成,母仪天下,0,0,,,,,103,谋略属性提高,0
294499,294499,1,1,5,0,100,100,29449901,0,9,0,0,0,0,母仪天下 组合加成,母仪天下,0,0,,,,,103,谋略属性提高,0
294500,294500,1,1,5,0,100,100,29450001,0,9,0,0,0,0,母仪天下 组合加成,母仪天下,0,0,,,,,103,谋略属性提高,0
294501,294501,1,1,5,0,100,100,29450101,0,9,0,0,0,0,母仪天下 组合加成,母仪天下,0,0,,,,,103,谋略属性提高,0
294502,294502,1,1,5,0,100,100,29450201,0,9,0,0,0,0,母仪天下 组合加成,母仪天下,0,0,,,,,103,谋略属性提高,0
294503,294503,1,1,5,0,100,100,29450301,0,9,0,0,0,0,母仪天下 组合加成,母仪天下,0,0,,,,,103,谋略属性提高,0
294504,294504,1,1,5,0,100,100,29450401,0,9,0,0,0,0,母仪天下 组合加成,母仪天下,0,0,,,,,103,谋略属性提高,0
294505,294505,1,1,5,0,100,100,29450501,0,9,0,0,0,0,母仪天下 组合加成,母仪天下,0,0,,,,,103,谋略属性提高,0
294506,294506,1,1,5,0,100,100,29450601,0,9,0,0,0,0,母仪天下 组合加成,母仪天下,0,0,,,,,103,谋略属性提高,0
294507,294507,1,1,5,0,100,100,29450701,0,9,0,0,0,0,母仪天下 组合加成,母仪天下,0,0,,,,,103,谋略属性提高,0
294508,294508,1,1,5,0,100,100,29450801,0,9,0,0,0,0,母仪天下 组合加成,母仪天下,0,0,,,,,103,谋略属性提高,0
294509,294509,1,1,5,0,100,100,29450901,0,9,0,0,0,0,母仪天下 组合加成,母仪天下,0,0,,,,,103,谋略属性提高,0
294510,294510,1,1,5,0,100,100,29451001,0,9,0,0,0,0,母仪天下 组合加成,母仪天下,0,0,,,,,103,谋略属性提高,0
294511,294511,1,1,5,0,100,100,29451101,0,9,0,0,0,0,母仪天下 组合加成,母仪天下,0,0,,,,,103,谋略属性提高,0
294512,294512,1,1,5,0,100,100,29451201,0,9,0,0,0,0,母仪天下 组合加成,母仪天下,0,0,,,,,103,谋略属性提高,0
294536,294536,1,1,5,0,100,100,29453601,0,9,0,0,0,0,不忘初心 组合加成,不忘初心,0,0,,,,,102,防御属性提高,0
295001,295001,1,1,5,0,100,100,29500101,0,7,0,0,0,0,汉阵营加成,提升汉卡牌部队国家加成的效果，每级0.5%,0,0,,,,,101,攻击属性提高,0
295002,295002,1,1,5,0,100,100,29500201,0,7,0,0,0,0,汉阵营加成,提升汉卡牌部队国家加成的效果，每级1.0%,0,0,,,,,101,攻击属性提高,0
295003,295003,1,1,5,0,100,100,29500301,0,7,0,0,0,0,汉阵营加成,提升汉卡牌部队国家加成的效果，每级1.5%,0,0,,,,,101,攻击属性提高,0
295004,295004,1,1,5,0,100,100,29500401,0,7,0,0,0,0,汉阵营加成,提升汉卡牌部队国家加成的效果，每级2.0%,0,0,,,,,101,攻击属性提高,0
295005,295005,1,1,5,0,100,100,29500501,0,7,0,0,0,0,汉阵营加成,提升汉卡牌部队国家加成的效果，每级2.5%,0,0,,,,,101,攻击属性提高,0
295006,295006,1,1,5,0,100,100,29500601,0,7,0,0,0,0,汉阵营加成,提升汉卡牌部队国家加成的效果，每级3.0%,0,0,,,,,101,攻击属性提高,0
295007,295007,1,1,5,0,100,100,29500701,0,7,0,0,0,0,汉阵营加成,提升汉卡牌部队国家加成的效果，每级3.5%,0,0,,,,,101,攻击属性提高,0
295008,295008,1,1,5,0,100,100,29500801,0,7,0,0,0,0,汉阵营加成,提升汉卡牌部队国家加成的效果，每级4.0%,0,0,,,,,101,攻击属性提高,0
295009,295009,1,1,5,0,100,100,29500901,0,7,0,0,0,0,汉阵营加成,提升汉卡牌部队国家加成的效果，每级4.5%,0,0,,,,,101,攻击属性提高,0
295010,295010,1,1,5,0,100,100,29501001,0,7,0,0,0,0,汉阵营加成,提升汉卡牌部队国家加成的效果，每级5.0%,0,0,,,,,101,攻击属性提高,0
295011,295011,1,1,5,0,100,100,29501101,0,7,0,0,0,0,魏阵营加成,提升魏卡牌部队国家加成的效果，每级0.5%,0,0,,,,,101,攻击属性提高,0
295012,295012,1,1,5,0,100,100,29501201,0,7,0,0,0,0,魏阵营加成,提升魏卡牌部队国家加成的效果，每级1.0%,0,0,,,,,101,攻击属性提高,0
295013,295013,1,1,5,0,100,100,29501301,0,7,0,0,0,0,魏阵营加成,提升魏卡牌部队国家加成的效果，每级1.5%,0,0,,,,,101,攻击属性提高,0
295014,295014,1,1,5,0,100,100,29501401,0,7,0,0,0,0,魏阵营加成,提升魏卡牌部队国家加成的效果，每级2.0%,0,0,,,,,101,攻击属性提高,0
295015,295015,1,1,5,0,100,100,29501501,0,7,0,0,0,0,魏阵营加成,提升魏卡牌部队国家加成的效果，每级2.5%,0,0,,,,,101,攻击属性提高,0
295016,295016,1,1,5,0,100,100,29501601,0,7,0,0,0,0,魏阵营加成,提升魏卡牌部队国家加成的效果，每级3.0%,0,0,,,,,101,攻击属性提高,0
295017,295017,1,1,5,0,100,100,29501701,0,7,0,0,0,0,魏阵营加成,提升魏卡牌部队国家加成的效果，每级3.5%,0,0,,,,,101,攻击属性提高,0
295018,295018,1,1,5,0,100,100,29501801,0,7,0,0,0,0,魏阵营加成,提升魏卡牌部队国家加成的效果，每级4.0%,0,0,,,,,101,攻击属性提高,0
295019,295019,1,1,5,0,100,100,29501901,0,7,0,0,0,0,魏阵营加成,提升魏卡牌部队国家加成的效果，每级4.5%,0,0,,,,,101,攻击属性提高,0
295020,295020,1,1,5,0,100,100,29502001,0,7,0,0,0,0,魏阵营加成,提升魏卡牌部队国家加成的效果，每级5.0%,0,0,,,,,101,攻击属性提高,0
295021,295021,1,1,5,0,100,100,29502101,0,7,0,0,0,0,蜀阵营加成,提升蜀卡牌部队国家加成的效果，每级0.5%,0,0,,,,,101,攻击属性提高,0
295022,295022,1,1,5,0,100,100,29502201,0,7,0,0,0,0,蜀阵营加成,提升蜀卡牌部队国家加成的效果，每级1.0%,0,0,,,,,101,攻击属性提高,0
295023,295023,1,1,5,0,100,100,29502301,0,7,0,0,0,0,蜀阵营加成,提升蜀卡牌部队国家加成的效果，每级1.5%,0,0,,,,,101,攻击属性提高,0
295024,295024,1,1,5,0,100,100,29502401,0,7,0,0,0,0,蜀阵营加成,提升蜀卡牌部队国家加成的效果，每级2.0%,0,0,,,,,101,攻击属性提高,0
295025,295025,1,1,5,0,100,100,29502501,0,7,0,0,0,0,蜀阵营加成,提升蜀卡牌部队国家加成的效果，每级2.5%,0,0,,,,,101,攻击属性提高,0
295026,295026,1,1,5,0,100,100,29502601,0,7,0,0,0,0,蜀阵营加成,提升蜀卡牌部队国家加成的效果，每级3.0%,0,0,,,,,101,攻击属性提高,0
295027,295027,1,1,5,0,100,100,29502701,0,7,0,0,0,0,蜀阵营加成,提升蜀卡牌部队国家加成的效果，每级3.5%,0,0,,,,,101,攻击属性提高,0
295028,295028,1,1,5,0,100,100,29502801,0,7,0,0,0,0,蜀阵营加成,提升蜀卡牌部队国家加成的效果，每级4.0%,0,0,,,,,101,攻击属性提高,0
295029,295029,1,1,5,0,100,100,29502901,0,7,0,0,0,0,蜀阵营加成,提升蜀卡牌部队国家加成的效果，每级4.5%,0,0,,,,,101,攻击属性提高,0
295030,295030,1,1,5,0,100,100,29503001,0,7,0,0,0,0,蜀阵营加成,提升蜀卡牌部队国家加成的效果，每级5.0%,0,0,,,,,101,攻击属性提高,0
295031,295031,1,1,5,0,100,100,29503101,0,7,0,0,0,0,吴阵营加成,提升吴卡牌部队国家加成的效果，每级0.5%,0,0,,,,,101,攻击属性提高,0
295032,295032,1,1,5,0,100,100,29503201,0,7,0,0,0,0,吴阵营加成,提升吴卡牌部队国家加成的效果，每级1.0%,0,0,,,,,101,攻击属性提高,0
295033,295033,1,1,5,0,100,100,29503301,0,7,0,0,0,0,吴阵营加成,提升吴卡牌部队国家加成的效果，每级1.5%,0,0,,,,,101,攻击属性提高,0
295034,295034,1,1,5,0,100,100,29503401,0,7,0,0,0,0,吴阵营加成,提升吴卡牌部队国家加成的效果，每级2.0%,0,0,,,,,101,攻击属性提高,0
295035,295035,1,1,5,0,100,100,29503501,0,7,0,0,0,0,吴阵营加成,提升吴卡牌部队国家加成的效果，每级2.5%,0,0,,,,,101,攻击属性提高,0
295036,295036,1,1,5,0,100,100,29503601,0,7,0,0,0,0,吴阵营加成,提升吴卡牌部队国家加成的效果，每级3.0%,0,0,,,,,101,攻击属性提高,0
295037,295037,1,1,5,0,100,100,29503701,0,7,0,0,0,0,吴阵营加成,提升吴卡牌部队国家加成的效果，每级3.5%,0,0,,,,,101,攻击属性提高,0
295038,295038,1,1,5,0,100,100,29503801,0,7,0,0,0,0,吴阵营加成,提升吴卡牌部队国家加成的效果，每级4.0%,0,0,,,,,101,攻击属性提高,0
295039,295039,1,1,5,0,100,100,29503901,0,7,0,0,0,0,吴阵营加成,提升吴卡牌部队国家加成的效果，每级4.5%,0,0,,,,,101,攻击属性提高,0
295040,295040,1,1,5,0,100,100,29504001,0,7,0,0,0,0,吴阵营加成,提升吴卡牌部队国家加成的效果，每级5.0%,0,0,,,,,101,攻击属性提高,0
295041,295041,1,1,5,0,100,100,29504101,0,7,0,0,0,0,群雄阵营加成,提升群雄卡牌部队国家加成的效果，每级0.5%,0,0,,,,,101,攻击属性提高,0
295042,295042,1,1,5,0,100,100,29504201,0,7,0,0,0,0,群雄阵营加成,提升群雄卡牌部队国家加成的效果，每级1.0%,0,0,,,,,101,攻击属性提高,0
295043,295043,1,1,5,0,100,100,29504301,0,7,0,0,0,0,群雄阵营加成,提升群雄卡牌部队国家加成的效果，每级1.5%,0,0,,,,,101,攻击属性提高,0
295044,295044,1,1,5,0,100,100,29504401,0,7,0,0,0,0,群雄阵营加成,提升群雄卡牌部队国家加成的效果，每级2.0%,0,0,,,,,101,攻击属性提高,0
295045,295045,1,1,5,0,100,100,29504501,0,7,0,0,0,0,群雄阵营加成,提升群雄卡牌部队国家加成的效果，每级2.5%,0,0,,,,,101,攻击属性提高,0
295046,295046,1,1,5,0,100,100,29504601,0,7,0,0,0,0,群雄阵营加成,提升群雄卡牌部队国家加成的效果，每级3.0%,0,0,,,,,101,攻击属性提高,0
295047,295047,1,1,5,0,100,100,29504701,0,7,0,0,0,0,群雄阵营加成,提升群雄卡牌部队国家加成的效果，每级3.5%,0,0,,,,,101,攻击属性提高,0
295048,295048,1,1,5,0,100,100,29504801,0,7,0,0,0,0,群雄阵营加成,提升群雄卡牌部队国家加成的效果，每级4.0%,0,0,,,,,101,攻击属性提高,0
295049,295049,1,1,5,0,100,100,29504901,0,7,0,0,0,0,群雄阵营加成,提升群雄卡牌部队国家加成的效果，每级4.5%,0,0,,,,,101,攻击属性提高,0
295050,295050,1,1,5,0,100,100,29505001,0,7,0,0,0,0,群雄阵营加成,提升群雄卡牌部队国家加成的效果，每级5.0%,0,0,,,,,101,攻击属性提高,0
295051,295051,1,1,5,0,100,100,29505101,0,61,0,0,0,0,尚武营Lv.1,按绝对值，提升本城部队的攻击力,0,0,,,,,101,攻击属性提高,0
295052,295052,1,1,5,0,100,100,29505201,0,61,0,0,0,0,尚武营Lv.2,按绝对值，提升本城部队的攻击力,0,0,,,,,101,攻击属性提高,0
295053,295053,1,1,5,0,100,100,29505301,0,61,0,0,0,0,尚武营Lv.3,按绝对值，提升本城部队的攻击力,0,0,,,,,101,攻击属性提高,0
295054,295054,1,1,5,0,100,100,29505401,0,61,0,0,0,0,尚武营Lv.4,按绝对值，提升本城部队的攻击力,0,0,,,,,101,攻击属性提高,0
295055,295055,1,1,5,0,100,100,29505501,0,61,0,0,0,0,尚武营Lv.5,按绝对值，提升本城部队的攻击力,0,0,,,,,101,攻击属性提高,0
295056,295056,1,1,5,0,100,100,29505601,0,61,0,0,0,0,尚武营Lv.6,按绝对值，提升本城部队的攻击力,0,0,,,,,101,攻击属性提高,0
295057,295057,1,1,5,0,100,100,29505701,0,61,0,0,0,0,尚武营Lv.7,按绝对值，提升本城部队的攻击力,0,0,,,,,101,攻击属性提高,0
295058,295058,1,1,5,0,100,100,29505801,0,61,0,0,0,0,尚武营Lv.8,按绝对值，提升本城部队的攻击力,0,0,,,,,101,攻击属性提高,0
295059,295059,1,1,5,0,100,100,29505901,0,61,0,0,0,0,尚武营Lv.9,按绝对值，提升本城部队的攻击力,0,0,,,,,101,攻击属性提高,0
295060,295060,1,1,5,0,100,100,29506001,0,61,0,0,0,0,尚武营Lv.10,按绝对值，提升本城部队的攻击力,0,0,,,,,101,攻击属性提高,0
295061,295061,1,1,5,0,100,100,29506101,0,61,0,0,0,0,铁壁营Lv.1,按绝对值，提升本城部队的防御力,0,0,,,,,102,防御属性提高,0
295062,295062,1,1,5,0,100,100,29506201,0,61,0,0,0,0,铁壁营Lv.2,按绝对值，提升本城部队的防御力,0,0,,,,,102,防御属性提高,0
295063,295063,1,1,5,0,100,100,29506301,0,61,0,0,0,0,铁壁营Lv.3,按绝对值，提升本城部队的防御力,0,0,,,,,102,防御属性提高,0
295064,295064,1,1,5,0,100,100,29506401,0,61,0,0,0,0,铁壁营Lv.4,按绝对值，提升本城部队的防御力,0,0,,,,,102,防御属性提高,0
295065,295065,1,1,5,0,100,100,29506501,0,61,0,0,0,0,铁壁营Lv.5,按绝对值，提升本城部队的防御力,0,0,,,,,102,防御属性提高,0
295066,295066,1,1,5,0,100,100,29506601,0,61,0,0,0,0,铁壁营Lv.6,按绝对值，提升本城部队的防御力,0,0,,,,,102,防御属性提高,0
295067,295067,1,1,5,0,100,100,29506701,0,61,0,0,0,0,铁壁营Lv.7,按绝对值，提升本城部队的防御力,0,0,,,,,102,防御属性提高,0
295068,295068,1,1,5,0,100,100,29506801,0,61,0,0,0,0,铁壁营Lv.8,按绝对值，提升本城部队的防御力,0,0,,,,,102,防御属性提高,0
295069,295069,1,1,5,0,100,100,29506901,0,61,0,0,0,0,铁壁营Lv.9,按绝对值，提升本城部队的防御力,0,0,,,,,102,防御属性提高,0
295070,295070,1,1,5,0,100,100,29507001,0,61,0,0,0,0,铁壁营Lv.10,按绝对值，提升本城部队的防御力,0,0,,,,,102,防御属性提高,0
295071,295071,1,1,5,0,100,100,29507101,0,61,0,0,0,0,军机营Lv.1,按绝对值，提升本城部队的谋略,0,0,,,,,103,谋略属性提高,0
295072,295072,1,1,5,0,100,100,29507201,0,61,0,0,0,0,军机营Lv.2,按绝对值，提升本城部队的谋略,0,0,,,,,103,谋略属性提高,0
295073,295073,1,1,5,0,100,100,29507301,0,61,0,0,0,0,军机营Lv.3,按绝对值，提升本城部队的谋略,0,0,,,,,103,谋略属性提高,0
295074,295074,1,1,5,0,100,100,29507401,0,61,0,0,0,0,军机营Lv.4,按绝对值，提升本城部队的谋略,0,0,,,,,103,谋略属性提高,0
295075,295075,1,1,5,0,100,100,29507501,0,61,0,0,0,0,军机营Lv.5,按绝对值，提升本城部队的谋略,0,0,,,,,103,谋略属性提高,0
295076,295076,1,1,5,0,100,100,29507601,0,61,0,0,0,0,军机营Lv.6,按绝对值，提升本城部队的谋略,0,0,,,,,103,谋略属性提高,0
295077,295077,1,1,5,0,100,100,29507701,0,61,0,0,0,0,军机营Lv.7,按绝对值，提升本城部队的谋略,0,0,,,,,103,谋略属性提高,0
295078,295078,1,1,5,0,100,100,29507801,0,61,0,0,0,0,军机营Lv.8,按绝对值，提升本城部队的谋略,0,0,,,,,103,谋略属性提高,0
295079,295079,1,1,5,0,100,100,29507901,0,61,0,0,0,0,军机营Lv.9,按绝对值，提升本城部队的谋略,0,0,,,,,103,谋略属性提高,0
295080,295080,1,1,5,0,100,100,29508001,0,61,0,0,0,0,军机营Lv.10,按绝对值，提升本城部队的谋略,0,0,,,,,103,谋略属性提高,0
295081,295081,1,1,5,0,100,100,29508101,0,61,0,0,0,0,疾风营Lv.1,按绝对值，提升本城部队的速度,0,0,,,,,104,速度属性提高,0
295082,295082,1,1,5,0,100,100,29508201,0,61,0,0,0,0,疾风营Lv.2,按绝对值，提升本城部队的速度,0,0,,,,,104,速度属性提高,0
295083,295083,1,1,5,0,100,100,29508301,0,61,0,0,0,0,疾风营Lv.3,按绝对值，提升本城部队的速度,0,0,,,,,104,速度属性提高,0
295084,295084,1,1,5,0,100,100,29508401,0,61,0,0,0,0,疾风营Lv.4,按绝对值，提升本城部队的速度,0,0,,,,,104,速度属性提高,0
295085,295085,1,1,5,0,100,100,29508501,0,61,0,0,0,0,疾风营Lv.5,按绝对值，提升本城部队的速度,0,0,,,,,104,速度属性提高,0
295086,295086,1,1,5,0,100,100,29508601,0,61,0,0,0,0,疾风营Lv.6,按绝对值，提升本城部队的速度,0,0,,,,,104,速度属性提高,0
295087,295087,1,1,5,0,100,100,29508701,0,61,0,0,0,0,疾风营Lv.7,按绝对值，提升本城部队的速度,0,0,,,,,104,速度属性提高,0
295088,295088,1,1,5,0,100,100,29508801,0,61,0,0,0,0,疾风营Lv.8,按绝对值，提升本城部队的速度,0,0,,,,,104,速度属性提高,0
295089,295089,1,1,5,0,100,100,29508901,0,61,0,0,0,0,疾风营Lv.9,按绝对值，提升本城部队的速度,0,0,,,,,104,速度属性提高,0
295090,295090,1,1,5,0,100,100,29509001,0,61,0,0,0,0,疾风营Lv.10,按绝对值，提升本城部队的速度,0,0,,,,,104,速度属性提高,0
295091,295091,1,1,5,0,100,100,29509101,0,62,0,0,0,0,尚武营满级,进入战斗后随机单目标1回合无视兵种相克,0,0,,,,,871,无视兵种相克(设施),0
295092,295092,1,1,5,0,100,100,29509201,0,62,0,0,0,0,铁壁营满级,进入战斗后随机单目标1次归避,0,0,,,,,814,规避(设施),0
295093,295093,1,1,5,0,100,100,29509301,0,62,0,0,0,0,军机营满级,进入战斗后随机单目标1回合洞察,0,0,,,,,811,洞察(设施),0
295094,295094,1,1,5,0,100,100,29509401,0,62,0,0,0,0,疾风营满级,战斗开始后首回合，使我军全体速度+10,0,0,,,,,104,速度属性提高,0
295095,295095,1,1,5,0,100,100,29509501,0,62,0,0,0,0,堡垒,进入战斗后，提升本城部队10点防御,0,0,,,,,102,防御属性提高,0
295096,295096,1,1,5,0,100,100,29509601,0,61,0,0,0,0,武神巨像Lv.1,受到攻击的伤害下降,0,0,,,,,522,受到攻击伤害降低,0
295097,295097,1,1,5,0,100,100,29509701,0,61,0,0,0,0,武神巨像Lv.2,受到攻击的伤害下降,0,0,,,,,522,受到攻击伤害降低,0
295098,295098,1,1,5,0,100,100,29509801,0,61,0,0,0,0,武神巨像Lv.3,受到攻击的伤害下降,0,0,,,,,522,受到攻击伤害降低,0
295099,295099,1,1,5,0,100,100,29509901,0,61,0,0,0,0,武神巨像Lv.4,受到攻击的伤害下降,0,0,,,,,522,受到攻击伤害降低,0
295100,295100,1,1,5,0,100,100,29510001,0,61,0,0,0,0,武神巨像Lv.5,受到攻击的伤害下降,0,0,,,,,522,受到攻击伤害降低,0
295101,295101,1,1,5,0,100,100,29510101,0,61,0,0,0,0,沙盘阵图Lv.1,受到策略攻击的伤害下降,0,0,,,,,524,受到策略攻击伤害降低,0
295102,295102,1,1,5,0,100,100,29510201,0,61,0,0,0,0,沙盘阵图Lv.2,受到策略攻击的伤害下降,0,0,,,,,524,受到策略攻击伤害降低,0
295103,295103,1,1,5,0,100,100,29510301,0,61,0,0,0,0,沙盘阵图Lv.3,受到策略攻击的伤害下降,0,0,,,,,524,受到策略攻击伤害降低,0
295104,295104,1,1,5,0,100,100,29510401,0,61,0,0,0,0,沙盘阵图Lv.4,受到策略攻击的伤害下降,0,0,,,,,524,受到策略攻击伤害降低,0
295105,295105,1,1,5,0,100,100,29510501,0,61,0,0,0,0,沙盘阵图Lv.5,受到策略攻击的伤害下降,0,0,,,,,524,受到策略攻击伤害降低,0
295106,295106,1,1,5,0,100,100,29510601,0,62,0,0,0,0,武神巨像满级,城区部队战斗攻击+10,0,0,,,,,101,攻击属性提高,0
295107,295107,1,1,5,0,100,100,29510701,0,62,0,0,0,0,沙盘阵图满级,城区部队战斗谋略+10,0,0,,,,,103,谋略属性提高,0
295108,295108,1,1,5,0,100,100,29510801,0,61,0,0,0,0,城垛Lv.1,受到攻击的伤害下降,0,0,,,,,522,受到攻击伤害降低,0
295109,295109,1,1,5,0,100,100,29510901,0,61,0,0,0,0,城垛Lv.2,受到攻击的伤害下降,0,0,,,,,522,受到攻击伤害降低,0
295110,295110,1,1,5,0,100,100,29511001,0,61,0,0,0,0,城垛Lv.3,受到攻击的伤害下降,0,0,,,,,522,受到攻击伤害降低,0
295113,295113,1,1,5,0,100,100,29511301,0,61,0,0,0,0,城垛Lv.1,受到策略攻击的伤害下降,0,0,,,,,524,受到策略攻击伤害降低,0
295114,295114,1,1,5,0,100,100,29511401,0,61,0,0,0,0,城垛Lv.2,受到策略攻击的伤害下降,0,0,,,,,524,受到策略攻击伤害降低,0
295115,295115,1,1,5,0,100,100,29511501,0,61,0,0,0,0,城垛Lv.3,受到策略攻击的伤害下降,0,0,,,,,524,受到策略攻击伤害降低,0
295116,295116,1,1,5,0,100,100,29511601,0,15,1,0,0,0,火船,武将攻城值提升,0,1,,,,,105,攻城属性提高,0
295117,295117,1,1,5,0,100,100,29511701,0,7,0,0,0,0,所有阵营加成,提升所有卡牌部队国家加成的效果，每级0.5%,0,0,,,,,101,攻击属性提高,0
295118,295118,1,1,5,0,100,100,29511801,0,7,0,0,0,0,所有阵营加成,提升所有卡牌部队国家加成的效果，每级1.0%,0,0,,,,,101,攻击属性提高,0
295119,295119,1,1,5,0,100,100,29511901,0,7,0,0,0,0,所有阵营加成,提升所有卡牌部队国家加成的效果，每级1.5%,0,0,,,,,101,攻击属性提高,0
295120,295120,1,1,5,0,100,100,29512001,0,7,0,0,0,0,所有阵营加成,提升所有卡牌部队国家加成的效果，每级2.0%,0,0,,,,,101,攻击属性提高,0
295121,295121,1,1,5,0,100,100,29512101,0,7,0,0,0,0,所有阵营加成,提升所有卡牌部队国家加成的效果，每级2.5%,0,0,,,,,101,攻击属性提高,0
295122,295122,1,1,5,0,100,100,29512201,0,7,0,0,0,0,所有阵营加成,提升所有卡牌部队国家加成的效果，每级3.0%,0,0,,,,,101,攻击属性提高,0
295123,295123,1,1,5,0,100,100,29512301,0,7,0,0,0,0,所有阵营加成,提升所有卡牌部队国家加成的效果，每级3.5%,0,0,,,,,101,攻击属性提高,0
295124,295124,1,1,5,0,100,100,29512401,0,7,0,0,0,0,所有阵营加成,提升所有卡牌部队国家加成的效果，每级4.0%,0,0,,,,,101,攻击属性提高,0
295125,295125,1,1,5,0,100,100,29512501,0,7,0,0,0,0,所有阵营加成,提升所有卡牌部队国家加成的效果，每级4.5%,0,0,,,,,101,攻击属性提高,0
295126,295126,1,1,5,0,100,100,29512601,0,7,0,0,0,0,所有阵营加成,提升所有卡牌部队国家加成的效果，每级5.0%,0,0,,,,,101,攻击属性提高,0
295131,295131,1,1,5,0,100,100,29513101,0,7,0,0,0,0,晋阵营加成,提升晋卡牌部队国家加成的效果，每级0.5%,0,0,,,,,101,攻击属性提高,0
295132,295132,1,1,5,0,100,100,29513201,0,7,0,0,0,0,晋阵营加成,提升晋卡牌部队国家加成的效果，每级1.0%,0,0,,,,,101,攻击属性提高,0
295133,295133,1,1,5,0,100,100,29513301,0,7,0,0,0,0,晋阵营加成,提升晋卡牌部队国家加成的效果，每级1.5%,0,0,,,,,101,攻击属性提高,0
295134,295134,1,1,5,0,100,100,29513401,0,7,0,0,0,0,晋阵营加成,提升晋卡牌部队国家加成的效果，每级2.0%,0,0,,,,,101,攻击属性提高,0
295135,295135,1,1,5,0,100,100,29513501,0,7,0,0,0,0,晋阵营加成,提升晋卡牌部队国家加成的效果，每级2.5%,0,0,,,,,101,攻击属性提高,0
295136,295136,1,1,5,0,100,100,29513601,0,7,0,0,0,0,晋阵营加成,提升晋卡牌部队国家加成的效果，每级3.0%,0,0,,,,,101,攻击属性提高,0
295137,295137,1,1,5,0,100,100,29513701,0,7,0,0,0,0,晋阵营加成,提升晋卡牌部队国家加成的效果，每级3.5%,0,0,,,,,101,攻击属性提高,0
295138,295138,1,1,5,0,100,100,29513801,0,7,0,0,0,0,晋阵营加成,提升晋卡牌部队国家加成的效果，每级4.0%,0,0,,,,,101,攻击属性提高,0
295139,295139,1,1,5,0,100,100,29513901,0,7,0,0,0,0,晋阵营加成,提升晋卡牌部队国家加成的效果，每级4.5%,0,0,,,,,101,攻击属性提高,0
295140,295140,1,1,5,0,100,100,29514001,0,7,0,0,0,0,晋阵营加成,提升晋卡牌部队国家加成的效果，每级5.0%,0,0,,,,,101,攻击属性提高,0
295200,295200,1,1,5,0,100,100,29520001,0,61,0,0,0,0,金虎台Lv.1,受到攻击的伤害下降,0,0,,,,,522,受到攻击伤害降低,0
295201,295201,1,1,5,0,100,100,29520101,0,61,0,0,0,0,金虎台Lv.2,受到攻击的伤害下降,0,0,,,,,522,受到攻击伤害降低,0
295202,295202,1,1,5,0,100,100,29520201,0,61,0,0,0,0,金虎台Lv.3,受到攻击的伤害下降,0,0,,,,,522,受到攻击伤害降低,0
295203,295203,1,1,5,0,100,100,29520301,0,61,0,0,0,0,金虎台Lv.4,受到攻击的伤害下降,0,0,,,,,522,受到攻击伤害降低,0
295204,295204,1,1,5,0,100,100,29520401,0,61,0,0,0,0,金虎台Lv.5,受到攻击的伤害下降,0,0,,,,,522,受到攻击伤害降低,0
295205,295205,1,1,5,0,100,100,29520501,0,61,0,0,0,0,遣将台Lv.1,受到策略攻击的伤害下降,0,0,,,,,524,受到策略攻击伤害降低,0
295206,295206,1,1,5,0,100,100,29520601,0,61,0,0,0,0,遣将台Lv.2,受到策略攻击的伤害下降,0,0,,,,,524,受到策略攻击伤害降低,0
295207,295207,1,1,5,0,100,100,29520701,0,61,0,0,0,0,遣将台Lv.3,受到策略攻击的伤害下降,0,0,,,,,524,受到策略攻击伤害降低,0
295208,295208,1,1,5,0,100,100,29520801,0,61,0,0,0,0,遣将台Lv.4,受到策略攻击的伤害下降,0,0,,,,,524,受到策略攻击伤害降低,0
295209,295209,1,1,5,0,100,100,29520901,0,61,0,0,0,0,遣将台Lv.5,受到策略攻击的伤害下降,0,0,,,,,524,受到策略攻击伤害降低,0
296001,296001,5,5,1,0,100,100,29600101,0,12,0,0,0,0,远离,前@4@回合，使自身造成所有伤害提高@10%@,0,0,,,,,531,攻击伤害提高,0
296002,296002,5,5,1,0,100,100,29600201,0,12,0,0,0,0,先发,自身前@2@回合优先行动,0,0,,,,,561,先手,0
296003,296003,5,5,1,0,100,100,29600301,0,12,0,0,0,0,弩弓,自身造成所有伤害提高@10%@,0,0,,,,,531,攻击伤害提高,0
296004,296004,5,5,1,0,100,100,29600401,0,12,0,0,2,0,地利,作为防守方时，自身前@2@回合优先行动,0,0,,,,,561,先手,0
296005,296005,5,5,1,0,100,100,29600501,0,12,0,0,0,0,复杂武器,战斗中，自身速度降低@75%@,0,0,,,,,204,速度属性降低,0
296006,296006,5,5,1,0,100,100,29600601,0,12,0,0,0,0,连射,使自身每回合有@30%@的几率可以进行两次普通攻击，该效果首回合必定生效,0,0,,,,,544,连击,0
296007,296007,5,5,1,0,100,100,29600701,0,12,0,0,2,0,地利,作为防守方时，战斗中自身不受“@复杂武器@”特性的影响,0,0,,,,,104,速度属性提高,0
296008,296008,5,5,1,0,100,100,29600801,0,12,0,0,0,0,武器准备,战斗中，自身速度降低@75%@,0,0,,,,,204,速度属性降低,0
296009,296009,5,5,1,0,100,100,29600901,0,12,0,0,0,0,披甲,自身受到的所有伤害降低@8%@,0,0,,,,,522,受到攻击伤害降低,0
296010,296010,5,5,1,0,100,100,29601001,0,12,0,0,2,0,以静制动,作为防守方时，自身受到的主动战法伤害降低@10%@,0,0,,,,,352,受到主动战法伤害降低,0
296011,296011,5,5,1,0,100,100,29601101,0,12,0,0,0,0,长武器,自身造成所有伤害提高@8%@,0,0,,,,,531,攻击伤害提高,0
296013,296013,5,5,1,0,100,100,29601301,0,12,0,0,0,0,护主,自身受到的所有伤害降低@10%@,0,0,,,,,522,受到攻击伤害降低,0
296014,296014,5,5,1,0,100,100,29601401,0,12,0,0,0,0,钢毅,怯战和犹豫状态下，自身受所有伤害降低@20%@,0,0,,,,,424,处于怯战状态受伤害降低,0
296015,296015,5,5,1,0,100,100,29601501,0,12,0,0,0,0,藤甲,自身受到攻击的伤害降低@50%@，受到策略攻击的伤害降低@20%@,0,0,,,,,522,受到攻击伤害降低,0
296016,296016,5,5,1,0,100,100,29601601,0,12,0,0,0,0,惧火,自身受到火攻的伤害提高@70%@,0,0,,,,,261,受到特殊伤害提高,0
296017,296017,5,5,1,0,100,100,29601701,0,12,0,0,0,0,披甲,自身受到的所有伤害降低@10%@,0,0,,,,,522,受到攻击伤害降低,0
296018,296018,5,5,1,0,100,100,29601801,0,12,0,0,0,0,重骑冲阵,前@2@回合，使自身受到普通攻击时能进行反击（伤害率@75%@）,0,0,,,,,551,反击,0
296019,296019,5,5,1,0,100,100,29601901,0,12,0,0,0,0,轻骑冲阵,前@2@回合，使自身优先行动，造成的所有伤害提高@18%@,0,0,,,,,561,先手,0
296020,296020,5,5,1,0,100,100,29602001,0,12,0,0,0,0,轻装,自身受到的所有伤害提高@8%@,0,0,,,,,521,受到攻击伤害提高,0
296021,296021,5,5,1,0,100,100,29602101,0,12,0,0,0,0,行踪难测,自身受到追击战法的伤害大幅降低,0,0,,,,,355,受到追击战法伤害降低,0
296023,296023,5,5,1,0,100,100,29602301,0,12,0,0,0,0,铁意,混乱和暴走状态下，自身受所有伤害降低@30%@,0,0,,,,,421,处于混乱状态受伤害降低,0
296024,296024,5,5,1,0,100,100,29602401,0,12,0,0,0,0,钢毅,怯战和犹豫状态下，自身受所有伤害降低@20%@,0,0,,,,,424,处于怯战状态受伤害降低,0
296025,296025,5,5,1,0,100,100,29602501,0,12,0,0,0,0,野性,不受指挥战法的影响，自身受到所有伤害降低@10%@,0,0,,,,,121,不受指挥战法影响,0
296026,296026,5,5,1,0,100,100,29602601,0,12,0,0,0,0,受惊,混乱、暴走状态下，自身受所有伤害提高@30%@,0,0,,,,,411,处于混乱状态受伤害提高,0
296028,296028,5,5,1,0,100,100,29602801,0,12,0,0,0,0,料敌机先,使自身在本次战斗中@首2次@受到攻击时，可规避伤害,0,0,,,,,514,规避,0
296029,296029,5,5,1,0,100,100,29602901,0,12,0,0,0,0,低精准度,每次造成直接或策略伤害时，有@10%@的几率使本次伤害下降@30%@,0,0,,,,,532,攻击伤害降低,0
296030,296030,5,5,1,0,100,100,29603001,0,12,0,0,0,0,出奇,使自身在本次战斗中@首次@受到攻击时，可规避伤害,0,0,,,,,514,规避,0
296031,296031,5,5,1,0,100,100,29603101,0,12,0,0,0,0,负重,战斗中，自身速度降低@25%@,0,0,,,,,204,速度属性降低,0
296032,296032,5,5,1,0,100,100,29603201,0,12,0,0,0,0,野战,自身造成所有伤害提高@10%@,0,0,,,,,531,攻击伤害提高,0
296033,296033,5,5,1,0,100,100,29603301,0,12,0,0,0,0,散漫,混乱和暴走状态下，自身受所有伤害提高@15%@,0,0,,,,,411,处于混乱状态受伤害提高,0
296034,296034,5,5,1,0,100,100,29603401,0,12,0,0,0,0,涣散,自身全属性降低@10%@,0,0,,,,,201,攻击属性降低,0
296035,296035,5,5,1,0,100,100,29603501,0,12,0,0,0,0,忠诚,处于国家占领郡内战斗时，自身受所有伤害降低@15%@,0,0,,,,,522,受到攻击伤害降低,0
296101,296101,5,5,1,0,100,100,29610101,0,12,0,0,0,0,射马,对骑兵造成的主动及追击战法伤害提升@10%@,0,0,,,,,122,子技能（有益）,0
296102,296102,5,5,1,0,100,100,29610201,0,12,0,0,0,0,伪装,受到弓兵的所有伤害降低@18%@,0,0,,,,,122,子技能（有益）,0
296104,296104,5,5,1,0,100,100,29610401,0,12,0,0,0,0,地利,位于前锋时防御属性提升@24@；位于中军时防御、谋略属性提升@10@；位于大营时攻击、谋略、防御属性提升@6@,0,0,,,,,102,防御属性提高,0
296105,296105,5,5,1,0,100,100,29610501,0,12,0,0,0,0,迂回,受到的所有伤害降低@8%@,0,0,,,,,522,受到攻击伤害降低,0
296106,296106,5,5,1,0,100,100,29610601,0,12,0,0,0,0,齐射,正式回合后，前@3@回合造成的所有伤害提高@15%@,0,0,,,,,531,攻击伤害提高,0
296107,296107,5,5,1,0,100,100,29610701,0,12,0,0,0,0,直射,正式回合后，造成的所有伤害提升10%，与目标距离每提高1，则造成的所有伤害降低@2%@,0,0,,,,,122,子技能（有益）,0
296108,296108,5,5,3,0,100,100,29610801,0,12,0,0,0,0,散射,首次普通攻击时同时对附近的敌军造成伤害（伤害率@40%@）,0,0,,,,,122,子技能（有益）,0
296131,296131,5,5,1,0,100,100,29613101,0,12,0,0,0,0,先发,前@2@回合优先行动,0,0,,,,,561,先手,0
296132,296132,5,5,1,0,100,100,29613201,0,12,0,0,0,0,弩弓,造成的所有伤害提高@8%@,0,0,,,,,531,攻击伤害提高,0
296133,296133,5,5,1,0,100,100,29613301,0,12,0,0,0,0,短兵,攻击距离@-1@,0,0,,,,,206,攻击距离降低,0
296141,296141,5,5,1,0,100,100,29614101,0,12,0,0,0,0,远离,攻击距离@+1@,0,0,,,,,106,攻击距离提高,0
296143,296143,5,5,1,0,100,100,29614301,0,12,0,0,0,0,无畏,攻击、防御、谋略属性提升@18@,0,0,,,,,101,攻击属性提高,0
296144,296144,5,5,1,0,100,100,29614401,0,12,0,0,0,0,火矢,火攻、燃烧造成的伤害提升@20%@,0,0,,,,,251,特殊伤害提高,0
296145,296145,5,5,1,0,100,100,29614501,0,12,0,0,0,0,居高,水域中战斗时，首次造成的伤害无视规避,0,0,,,,,122,子技能（有益）,0
296171,296171,5,5,1,0,100,100,29617101,0,12,0,0,0,0,拒守,处于国家领土范围内时，造成的所有伤害提升@20%@,0,0,,,,,531,攻击伤害提高,0
296172,296172,5,5,1,0,100,100,29617201,0,12,0,0,0,0,假势,当兵力大于战斗初始兵力@50%@时，每回合首次受到的攻击或策略攻击伤害降低@35%@,0,0,,,,,122,子技能（有益）,0
296173,296173,5,5,1,0,100,100,29617301,0,12,0,0,0,0,点燃,普通攻击后将额外触发1次攻击目标已存在的所有燃烧效果,0,0,,,,,122,子技能（有益）,0
296174,296174,5,5,1,0,100,100,29617401,0,12,0,0,0,0,隐蔽,处于非建筑领地上战斗时受到的所有伤害降低@10%@,0,0,,,,,522,受到攻击伤害降低,0
296175,296175,5,5,1,0,100,100,29617501,0,12,0,0,0,0,毒矢,普通攻击后使攻击目标随机陷入动摇（伤害率@80@%）、恐慌（伤害率@80@%）、妖术（伤害率@80@%）状态中的一种，持续@1回合@,0,0,,,,,122,子技能（有益）,0
296201,296201,5,5,1,0,100,100,29620101,0,12,0,0,0,0,守备,受到的所有伤害降低@6%@，作为防守方时，额外降低@10%@,0,0,,,,,122,子技能（有益）,0
296202,296202,5,5,1,0,100,100,29620201,0,12,0,0,0,0,利刃,自身每存在一个非主动类战法，攻击属性提高@22@,0,0,,,,,101,攻击属性提高,0
296203,296203,5,5,1,0,100,100,29620301,0,12,0,0,0,0,列阵,造成的主动战法伤害提高@10%@,0,0,,,,,322,主动战法伤害提高,0
296204,296204,5,5,1,0,100,100,29620401,0,12,0,0,0,0,近战,第4回合起，对弓兵造成的所有伤害提升@22%@,0,0,,,,,122,子技能（有益）,0
296205,296205,5,5,1,0,100,100,29620501,0,12,0,0,0,0,固阵,受到步兵的攻击伤害降低@30%@,0,0,,,,,122,子技能（有益）,0
296206,296206,5,5,1,0,100,100,29620601,0,12,0,0,0,0,文韬,第3回合起，每回合首次造成的策略伤害提升@15%@,0,0,,,,,122,子技能（有益）,0
296207,296207,5,5,1,0,100,100,29620701,0,12,0,0,0,0,勇毅,受到弓兵和步兵的策略伤害降低@15%@,0,0,,,,,122,子技能（有益）,0
296231,296231,5,5,1,0,100,100,29623101,0,12,0,0,0,0,披甲,受到的主动战法伤害降低@12%@，每回合武将行动前额外降低@8%@,0,0,,,,,352,受到主动战法伤害降低,0
296232,296232,5,5,1,0,100,100,29623201,0,12,0,0,0,0,长柄,造成所有伤害提高@8%@,0,0,,,,,531,攻击伤害提高,0
296233,296233,5,5,1,0,100,100,29623301,0,12,0,0,0,0,护主,受到追击战法伤害降低@20%@,0,0,,,,,355,受到追击战法伤害降低,0
296234,296234,5,5,1,0,100,100,29623401,0,12,0,0,0,0,藤甲,除火攻、燃烧外受到的所有伤害降低@30%@,0,0,,,,,522,受到攻击伤害降低,0
296235,296235,5,5,1,0,100,100,29623501,0,12,0,0,0,0,野战,处于非建筑领地上战斗时造成的所有伤害提高@18%@，处于建筑领地上战斗时造成的所有伤害降低@8%@,0,0,,,,,531,攻击伤害提高,0
296236,296236,5,5,1,0,100,100,29623601,0,12,0,0,0,0,肉搏,每回合对距离1的敌军发动一次攻击（伤害率25%）,0,0,,,,,122,子技能（有益）,0
296237,296237,5,5,1,0,100,100,29623701,0,12,0,0,0,0,异士,当兵力少于战斗初始兵力50%时，每回合行动前恢复一定兵力,0,0,,,,,401,急救,0
296238,296238,5,5,1,0,100,100,29623801,0,12,0,0,0,0,舷战,水域中战斗时，攻击距离+1,0,0,,,,,106,攻击距离提高,0
296241,296241,5,5,1,0,100,100,29624101,0,12,0,0,0,0,负重,战斗中，速度属性降低@15@,0,0,,,,,204,速度属性降低,0
296243,296243,5,5,1,0,100,100,29624301,0,12,0,0,0,0,铁意,受到所有伤害降低@6%@,0,0,,,,,522,受到攻击伤害降低,0
296244,296244,5,5,1,0,100,100,29624401,0,12,0,0,0,0,惧火,受到火攻、燃烧时自身陷入暴走状态@2回合@,0,0,,,,,122,子技能（有益）,0
296271,296271,5,5,1,0,100,100,29627101,0,12,0,0,2,0,伏击,作为防守方时，造成的所有伤害提升@30%@,0,0,,,,,531,攻击伤害提高,0
296272,296272,5,5,1,0,100,100,29627201,0,12,0,0,0,0,举盾,受到弓兵和步兵的所有伤害降低@20%@,0,0,,,,,122,子技能（有益）,0
296273,296273,5,5,1,0,100,100,29627301,0,12,0,0,0,0,舷战,位于前锋或中军时，攻击距离+1,0,0,,,,,106,攻击距离提高,0
296274,296274,5,5,1,0,100,100,29627401,0,12,0,0,0,0,铁戟,作为攻击方时，攻击属性提升@8%@，作为防守方时，防御属性提升@8%@,0,0,,,,,122,子技能（有益）,0
296275,296275,5,5,1,0,100,100,29627501,0,12,0,0,0,0,巧变,正式回合后，自身兵力高于初始兵力50%时，造成的攻击与策略伤害提升@10%@，自身兵力低于初始兵力50%时，受到的攻击与策略伤害降低@10%@,0,0,,,,,122,子技能（有益）,0
296276,296276,5,5,1,0,100,100,29627601,0,12,0,0,0,0,疾射,首回合普通攻击后同时对附近的敌军造成伤害（伤害率@50%@）,0,0,,,,,122,子技能（有益）,0
296277,296277,5,5,5,0,100,100,29627701,0,12,0,0,0,0,混战,受到来自基础攻击距离小于等于@3@的武将的普通攻击伤害降低@20%@,0,0,,,,,351,受到普通攻击伤害降低,0
296278,296278,5,5,1,0,100,100,29627801,0,12,0,0,0,0,大戟士追加,主战法的战法距离提高@1@,0,0,,,,,122,子技能（有益）,0
296279,296279,5,5,1,0,100,100,29627901,0,12,0,0,0,0,竭力,在枯竭地格上战斗时，使自身造成的所有伤害提高@3%@，此效果每回合开始时额外叠加一次，持续直到战斗结束；战斗结束后，伤兵损失@10%@,0,0,,,,,531,攻击伤害提高,0
296280,296280,5,5,6,0,100,100,29628001,0,12,0,0,0,0,绝援,普通攻击后，有@20%@概率使攻击目标无法恢复兵力，持续@1@回合,0,0,,,,,122,子技能（有益）,0
296281,296281,5,5,1,0,100,100,29628101,0,12,0,0,0,0,黄巾轻骑追加,黄天当立发动时，有@40%@概率跳过准备回合,0,0,,,,,122,子技能（有益）,0
296282,296282,5,5,5,0,100,100,29628201,0,12,0,0,0,0,势众,普通攻击目标下一次造成的所有伤害降低@30%@,0,0,,,,,122,子技能（有益）,0
296283,296283,5,5,1,0,100,100,29628301,0,12,0,0,0,0,趋利,除攻城属性外，自身数值最高的属性额外提升@10@，数值最低的属性额外降低@20@,0,0,,,,,101,攻击属性提高,0
296284,296284,5,5,1,0,100,100,29628401,0,12,0,0,0,0,连弩兵追加,使自身进行两次普通攻击的几率提升至@50%@,0,0,,,,,122,子技能（有益）,0
296285,296285,5,5,1,0,100,100,29628501,0,12,0,0,0,0,丹阳兵追加,计定山越发动时，有@40%@概率跳过准备回合,0,0,,,,,122,子技能（有益）,0
296286,296286,5,5,1,0,100,100,29628601,0,12,0,0,0,0,黄巾长弓追加,主战法发动率提升@5%@,0,0,,,,,131,发动率提高,0
296287,296287,5,5,1,0,100,100,29628701,0,12,0,0,0,0,解烦兵追加,发动主战法时，使我军单体攻击、防御、谋略属性提高@10@，持续@1@回合,0,0,,,,,122,子技能（有益）,0
296288,296288,5,5,5,0,100,100,29628801,0,12,0,0,0,0,白毦兵追加,受到来自骑兵的所有伤害降低@20%@,0,0,,,,,122,子技能（有益）,0
296289,296289,5,5,1,0,100,100,29628901,0,12,0,0,0,0,陷阵营追加,发动主动战法的伤害提高@15%@,0,0,,,,,322,主动战法伤害提高,0
296290,296290,5,5,1,0,100,100,29629001,0,12,0,0,0,0,黄巾轻步追加,前@3@回合优先行动,0,0,,,,,561,先手,0
296291,296291,5,5,1,0,100,100,29629101,0,12,0,0,0,0,白马义从追加,速度属性提升@10@,0,0,,,,,104,速度属性提高,0
296292,296292,5,5,2,0,100,100,29629201,0,12,0,0,0,0,虎豹骑追加,战斗开始后首回合，大营进入洞察状态，持续@1@回合,0,0,,,,,511,洞察,0
296293,296293,5,5,1,0,100,100,29629301,0,12,0,0,0,0,西凉铁骑追加,战斗开始后，首回合造成的普通攻击伤害提高@30%@,0,0,,,,,122,子技能（有益）,0
296294,296294,5,5,1,0,100,100,29629401,0,12,0,0,0,0,陷阵,当自身兵力首次低于初始兵力的@90%@、@70%@后，造成的所有伤害分别提高@10%@，持续到战斗结束,0,0,,,,,533,策略攻击伤害提高,0
296295,296295,5,5,1,0,100,100,29629501,0,12,0,0,0,0,谨慎,战斗开始后，前@2@回合受到的谋略伤害降低@20%@,0,0,,,,,524,受到策略攻击伤害降低,0
296296,296296,5,5,1,0,100,100,29629601,0,12,0,0,0,0,横行,自身攻击时无视敌方@10%@防御属性,0,0,,,,,161,无视敌方属性,0
296297,296297,5,5,1,0,100,100,29629701,0,12,0,0,0,0,马铠,战斗开始后，前@3@回合攻击无视兵种相克，受普通攻击伤害和追击伤害降低@20%@,0,0,,,,,571,无视兵种相克,0
296298,296298,5,5,1,0,100,100,29629801,0,12,0,0,0,0,果劲,战斗开始后前@2@回合，受到的所有伤害降低@20%@,0,0,,,,,522,受到攻击伤害降低,0
296299,296299,5,5,1,0,100,100,29629901,0,12,0,0,0,0,观隙,自身造成的所有持续性伤害提高@20%@,0,0,,,,,251,特殊伤害提高,0
296300,296300,5,5,2,0,100,100,29630001,0,12,0,0,0,0,救主,我军大营兵力首次低于初始兵力的@80%@时，自身援护我军大营@2@回合,0,0,,,,,122,子技能（有益）,0
296301,296301,5,5,1,0,100,100,29630101,0,12,0,0,0,0,出奇,第@1@回合受到所有伤害降低@60%@,0,0,,,,,522,受到攻击伤害降低,0
296302,296302,5,5,1,0,100,100,29630201,0,12,0,0,0,0,疾行,前@3@回合优先行动,0,0,,,,,561,先手,0
296303,296303,5,5,1,0,100,100,29630301,0,12,0,0,0,0,难测,受到普通攻击及追击战法伤害降低@25%@,0,0,,,,,351,受到普通攻击伤害降低,0
296304,296304,5,5,1,0,100,100,29630401,0,12,0,0,0,0,乱阵,对步兵造成的追击战法及主动战法伤害提升@15%@,0,0,,,,,122,子技能（有益）,0
296305,296305,5,5,1,0,100,100,29630501,0,12,0,0,0,0,侧击,对骑兵造成的攻击伤害提升@20%@,0,0,,,,,122,子技能（有益）,0
296306,296306,5,5,1,0,100,100,29630601,0,12,0,0,0,0,挫锐,对兵力最高的敌军造成的所有伤害提升@18%@,0,0,,,,,122,子技能（有益）,0
296307,296307,5,5,1,0,100,100,29630701,0,12,0,0,0,0,扰后,对敌军中军及大营造成的所有伤害提升@10%@,0,0,,,,,122,子技能（有益）,0
296308,296308,5,5,1,0,100,100,29630801,0,12,0,0,0,0,急速,自身每存在一个指挥战法，速度属性提高@10%@,0,0,,,,,104,速度属性提高,0
296309,296309,5,5,1,0,100,100,29630901,0,12,0,0,2,0,固守,处于建筑领地上，若为防守方，受到的所有伤害减少@15%@,0,0,,,,,522,受到攻击伤害降低,0
296310,296310,5,5,1,0,100,100,29631001,0,12,0,0,0,0,止戈,前@3@回合受到伤害时，有@15%@概率进入规避状态，免疫此次伤害,0,0,,,,,122,子技能（有益）,0
296311,296311,5,5,1,0,100,100,29631101,0,12,0,0,0,0,青囊,每受到@2@次伤害，恢复一定兵力（恢复率@60%@）,0,0,,,,,401,急救,0
296312,296312,5,5,1,0,100,100,29631201,0,12,0,0,0,0,兴仁,自身受到恢复效果后，使自身下回合受到伤害减少@6%@，可叠加@3@层,0,0,,,,,122,子技能（有益）,0
296313,296313,5,5,1,0,100,100,29631301,0,12,0,0,1,0,金戈,作为进攻方时，前@4@回合内，每回合造成的首次攻击伤害提升@25%@,0,0,,,,,122,子技能（有益）,0
296314,296314,5,5,1,0,100,100,29631401,0,12,0,0,0,0,勃发,每回合开始时自身谋略属性提升@4%@，可叠加@4@次,0,0,,,,,103,谋略属性提高,0
296315,296315,5,5,1,0,100,100,29631501,0,12,0,0,0,0,奇正,发动主动或追击战法后，使敌军单体下次受到策略伤害提升@15%@,0,0,,,,,122,子技能（有益）,0
296316,296316,5,5,1,0,100,100,29631601,0,12,0,0,0,0,繁盛,非建筑领地上作战时，造成的所有伤害提升@15%@,0,0,,,,,531,攻击伤害提高,0
296321,296321,5,5,1,0,100,100,29632101,0,12,0,0,0,0,木械,受妖术、恐慌、动摇伤害降低@30%@，受火攻、燃烧的伤害提高@15%@,0,0,,,,,261,受到特殊伤害提高,0
296322,296322,5,5,1,0,100,100,29632201,0,12,0,0,0,0,粮援,第2，4，6，8回合行动前，恢复自身一定兵力（恢复率@60%@）,0,0,,,,,122,子技能（有益）,0
296323,296323,5,5,1,0,100,100,29632301,0,12,0,0,0,0,蛰伏,战斗开始后受到的首次伤害大幅降低,0,0,,,,,122,子技能（有益）,0
296324,296324,5,5,1,0,100,100,29632401,0,12,0,0,0,0,奇袭,战斗开始后前@2@回合可以优先行动，且受到的所有伤害降低@15%@,0,0,,,,,122,子技能（有益）,0
296331,296331,5,5,1,0,100,100,29633101,0,12,0,0,0,0,冲阵,前@4@次造成的所有伤害提升@18%@,0,0,,,,,531,攻击伤害提高,0
296332,296332,5,5,1,0,100,100,29633201,0,12,0,0,0,0,迎击,前@2@回合，使自身受到普通攻击时能进行反击（伤害率@75%@）,0,0,,,,,551,反击,0
296333,296333,5,5,1,0,100,100,29633301,0,12,0,0,0,0,骑射,自身所有战法距离+1,0,0,,,,,171,战法有效距离提高,0
296334,296334,5,5,1,0,100,100,29633401,0,12,0,0,0,0,不屈,混乱、暴走、怯战、犹豫状态下，自身受所有伤害降低@25%@,0,0,,,,,421,处于混乱状态受伤害降低,0
296335,296335,5,5,1,0,100,100,29633501,0,12,0,0,0,0,野性,不受指挥战法的影响，受到所有伤害降低@10%@,0,0,,,,,121,不受指挥战法影响,0
296341,296341,5,5,1,0,100,100,29634101,0,12,0,0,0,0,轻装,速度属性提升@15@,0,0,,,,,104,速度属性提高,0
296371,296371,5,5,1,0,100,100,29637101,0,12,0,0,0,0,掩袭,位于前锋时受到的所有伤害降低@25%@，造成的所有伤害降低@15%@；位于大营造成的所有伤害提升@20%@，受到的所有伤害提升@10%@,0,0,,,,,522,受到攻击伤害降低,0
296372,296372,5,5,1,0,100,100,29637201,0,12,0,0,0,0,策马,自身攻击距离+1,0,0,,,,,106,攻击距离提高,0
296373,296373,5,5,1,0,100,100,29637301,0,12,0,0,0,0,冲锋,首次普通攻击后使攻击目标陷入混乱状态，持续@1回合@,0,0,,,,,122,子技能（有益）,0
297101,297101,5,5,1,0,100,100,29710101,0,12,0,0,0,0,射马,射马子技能,0,0,,,,,322,主动战法伤害提高,0
297102,297102,5,5,1,0,100,100,29710201,0,12,0,0,0,0,伪装,伪装子技能,0,0,,,,,522,受到攻击伤害降低,0
297107,297107,5,5,1,0,100,100,29710701,0,12,0,0,0,0,直射,直射子技能,0,0,,,,,111,额外参数,0
297108,297108,5,5,3,0,100,100,29710801,0,12,0,0,0,0,散射,散射子技能,0,0,,,,,545,分兵,0
297145,297145,5,5,1,0,100,100,29714501,0,12,0,0,0,0,居高,水域中战斗时，首次造成的伤害无视规避,0,0,,,,,515,无视规避,0
297172,297172,5,5,1,0,100,100,29717201,0,12,0,0,0,0,假势,假势子技能,0,0,,,,,522,受到攻击伤害降低,0
297173,297173,5,5,6,0,100,100,29717301,0,12,0,0,0,0,点燃,点燃子技能,0,0,,,,,150,触发指定效果,0
297175,297175,5,5,6,0,100,100,29717501,0,12,0,0,0,0,毒矢,毒矢子技能,0,0,,,,,303,动摇,0
297201,297201,5,5,1,0,100,100,29720101,0,12,0,0,1,0,守备,子技能,0,0,,,,,522,受到攻击伤害降低,0
297204,297204,5,5,1,0,100,100,29720401,0,12,0,0,0,0,近战,近战子技能,0,0,,,,,531,攻击伤害提高,0
297205,297205,5,5,1,0,100,100,29720501,0,12,0,0,0,0,固阵,固阵子技能,0,0,,,,,522,受到攻击伤害降低,0
297206,297206,5,5,1,0,100,100,29720601,0,12,0,0,0,0,文韬,文韬子技能,0,0,,,,,533,策略攻击伤害提高,0
297207,297207,5,5,1,0,100,100,29720701,0,12,0,0,0,0,勇毅,勇毅子技能,0,0,,,,,524,受到策略攻击伤害降低,0
297231,297231,5,5,1,0,100,100,29723101,0,12,0,0,0,0,披甲,披甲子技能,0,0,,,,,352,受到主动战法伤害降低,0
297236,297236,5,5,1,0,100,100,29723601,0,12,0,0,0,0,肉搏,肉搏子技能,0,0,,,,,301,攻击伤害,0
297244,297244,5,5,1,0,100,100,29724401,0,12,0,0,0,0,惧火,惧火子技能,0,0,,,,,903,不分敌我目标,0
297272,297272,5,5,1,0,100,100,29727201,0,12,0,0,0,0,举盾,举盾子技能,0,0,,,,,522,受到攻击伤害降低,0
297274,297274,5,5,1,0,100,100,29727401,0,12,0,0,1,0,铁戟,子技能,0,0,,,,,101,攻击属性提高,0
297275,297275,5,5,1,0,100,100,29727501,0,12,0,0,0,0,巧变,子技能,0,0,,,,,122,子技能（有益）,0
297276,297276,5,5,1,0,100,100,29727601,0,12,0,0,0,0,疾射,疾射子技能,0,0,,,,,545,分兵,0
297278,297278,5,5,1,0,100,100,29727801,0,12,0,0,0,0,大戟士追加,子技能,0,0,,,,,171,战法有效距离提高,0
297280,297280,5,5,6,0,100,100,29728001,0,12,0,0,0,0,绝援,子技能,0,0,,,,,122,子技能（有益）,0
297281,297281,5,5,1,0,100,100,29728101,0,12,0,0,0,0,黄巾轻骑追加,子技能,0,0,,,,,122,子技能（有益）,0
297282,297282,5,5,5,0,100,100,29728201,0,12,0,0,0,0,势众,子技能,0,0,,,,,532,攻击伤害降低,0
297284,297284,5,5,1,0,100,100,29728401,0,12,0,0,0,0,连弩兵追加,子技能,0,0,,,,,122,子技能（有益）,0
297285,297285,5,5,1,0,100,100,29728501,0,12,0,0,0,0,丹阳兵追加,子技能,0,0,,,,,581,减少自带战法准备回合,0
297287,297287,5,5,5,0,100,100,29728701,0,12,0,0,0,0,解烦兵追加,子技能,0,0,,,,,101,攻击属性提高,0
297288,297288,5,5,1,0,100,100,29728801,0,12,0,0,0,0,白毦兵追加,子技能,0,0,,,,,524,受到策略攻击伤害降低,0
297293,297293,5,5,1,0,100,100,29729301,0,12,0,0,0,0,西凉铁骑追加,子技能,0,0,,,,,321,普通攻击伤害提高,0
297300,297300,5,5,2,0,100,100,29730001,0,12,0,0,0,0,救主,子技能,0,0,,,,,122,子技能（有益）,0
297304,297304,5,5,1,0,100,100,29730401,0,12,0,0,0,0,乱阵,乱阵子技能,0,0,,,,,322,主动战法伤害提高,0
297305,297305,5,5,1,0,100,100,29730501,0,12,0,0,0,0,侧击,侧击子技能,0,0,,,,,531,攻击伤害提高,0
297306,297306,5,5,1,0,100,100,29730601,0,12,0,0,0,0,挫锐,挫锐子技能,0,0,,,,,531,攻击伤害提高,0
297307,297307,5,5,1,0,100,100,29730701,0,12,0,0,0,0,扰后,扰后子技能,0,0,,,,,531,攻击伤害提高,0
297310,297310,5,5,1,0,100,100,29731001,0,12,0,0,0,0,止戈,子技能,0,0,,,,,122,子技能（有益）,0
297312,297312,5,5,1,0,100,100,29731201,0,12,0,0,0,0,兴仁,子技能,0,0,,,,,122,子技能（有益）,0
297313,297313,5,5,1,0,100,100,29731301,0,12,0,0,1,0,金戈,子技能,0,0,,,,,531,攻击伤害提高,0
297315,297315,5,5,5,0,100,100,29731501,0,12,0,0,0,0,奇正,子技能,0,0,,,,,523,受到策略攻击伤害提高,0
297322,297322,5,5,1,0,100,100,29732201,0,12,0,0,0,0,粮援,恢复子技能,0,0,,,,,401,急救,0
297323,297323,5,5,1,0,100,100,29732301,0,12,0,0,0,0,蛰伏,子技能,0,0,,,,,522,受到攻击伤害降低,0
297324,297324,5,5,1,0,100,100,29732401,0,12,0,0,0,0,奇袭,子技能,0,0,,,,,522,受到攻击伤害降低,0
297373,297373,5,5,6,0,100,100,29737301,0,12,0,0,0,0,冲锋,冲锋子技能,0,0,,,,,501,混乱,0
298101,298101,5,5,1,0,100,100,29810101,0,12,0,0,0,0,射马,射马子技能,0,0,,,,,325,追击战法伤害提高,0
298102,298102,5,5,1,0,100,100,29810201,0,12,0,0,0,0,伪装,伪装子技能,0,0,,,,,524,受到策略攻击伤害降低,0
298201,298201,5,5,1,0,100,100,29820101,0,12,0,0,2,0,守备,子技能,0,0,,,,,522,受到攻击伤害降低,0
298204,298204,5,5,1,0,100,100,29820401,0,12,0,0,0,0,近战,近战子技能,0,0,,,,,533,策略攻击伤害提高,0
298231,298231,5,5,1,0,100,100,29823101,0,12,0,0,0,0,披甲,披甲子技能,0,0,,,,,152,移除效果,0
298274,298274,5,5,1,0,100,100,29827401,0,12,0,0,2,0,铁戟,子技能,0,0,,,,,102,防御属性提高,0
298275,298275,5,5,1,0,100,100,29827501,0,12,0,0,0,0,巧变,子技能,0,0,,,,,533,策略攻击伤害提高,0
298280,298280,5,5,6,0,100,100,29828001,0,12,0,0,0,0,绝援,子技能,0,0,,,,,207,不可回复兵力,0
298281,298281,5,5,1,0,100,100,29828101,0,12,0,0,0,0,黄巾轻骑追加,子技能,0,0,,,,,581,减少自带战法准备回合,0
298284,298284,5,5,1,0,100,100,29828401,0,12,0,0,0,0,连弩兵追加,子技能,0,0,,,,,141,生效几率提高,0
298300,298300,5,5,2,0,100,100,29830001,0,12,0,0,0,0,救主,子技能,0,0,,,,,504,援护,0
298304,298304,5,5,1,0,100,100,29830401,0,12,0,0,0,0,乱阵,乱阵子技能,0,0,,,,,325,追击战法伤害提高,0
298306,298306,5,5,1,0,100,100,29830601,0,12,0,0,0,0,挫锐,挫锐子技能,0,0,,,,,533,策略攻击伤害提高,0
298307,298307,5,5,1,0,100,100,29830701,0,12,0,0,0,0,扰后,扰后子技能,0,0,,,,,533,策略攻击伤害提高,0
298310,298310,5,5,1,0,100,100,29831001,0,12,0,0,0,0,止戈,子技能,0,0,,,,,514,规避,0
298312,298312,5,5,1,0,100,100,29831201,0,12,0,0,0,0,兴仁,子技能,0,0,,,,,522,受到攻击伤害降低,0
299275,299275,5,5,1,0,100,100,29927501,0,12,0,0,0,0,巧变,子技能,0,0,,,,,524,受到策略攻击伤害降低,0
300001,300001,6,59,2,0,100,100,30000101,4,2,0,0,0,0,汉末纷争XP,友军【五星-董卓】【五星-皇甫嵩】【五星-朱儁】每次受到伤害时，使军士自身下一次攻击造成的伤害提高#subsk_310001_effect_01#%（受攻击属性影响），该效果最多叠加@4@次,0,0,,B,,,122,子技能（有益）,0
300002,300002,6,59,5,0,100,100,30000201,4,2,0,0,0,0,一还一报XP,前@3@回合中，友军【五星-吕蒙】【五星-孙策】【五星-于吉】【五星-关羽】每次受到伤害后，使伤害来源造成的所有伤害降低#subsk_310002_effect_01#%，受到的所有伤害提高#subsk_310002_effect_01#%，持续至战斗结束，该效果最多叠加@4@次,敌军单体,0,,B,,,123,子技能（有害）,0
300003,300003,6,59,5,0,100,100,30000301,4,2,0,0,0,0,红颜薄命XP,每回合友军【五星-甄洛】【五星-小乔&大乔】【五星-大乔】【五星-董白】首次受到伤害后，军士自身有@60@%概率对敌军群体发动一次攻击（伤害率#subsk_330003_effect_01#%）,敌军群体（有效距离内2个目标）,0,,B,,,122,子技能（有益）,0
300004,300004,6,59,5,0,100,100,30000401,4,2,0,0,0,0,乱世毒计XP,每回合自身首次受到策略攻击的伤害后，有@60@%概率获得以下效果中的一种：对敌军群体发动一次攻击（伤害率#subsk_310004_effect_01#%）；使友军【五星-贾诩】【五星-陈宫】【五星-李儒】下次行动时对随机敌军单体发动一次策略攻击（伤害率#subsk_320004_effect_01#%，受谋略属性影响）,敌军群体（有效距离内2个目标）,0,,B,,,122,子技能（有益）,0
300005,300005,6,59,2,0,100,100,30000501,4,2,0,0,0,0,孤胆铁卫XP,自身发动主动战法后，有#prob_param_01#概率使友军【五星-许褚】【五星-典韦】下一次行动时主战法发动概率提高至@100@%,友军单体,0,,B,,,122,子技能（有益）,0
300006,300006,6,59,2,0,100,100,30000601,4,2,0,0,0,0,无上孝灵XP,提高我军全体谋略属性#effect_01#。同时使友军【五星-灵帝】【五星-何太后】【五星-十常侍】处于大营时造成的所有伤害提高#subsk_340006_effect_01#%（受谋略属性影响）；处于中军时造成的所有伤害提高#subsk_350006_effect_01#%（受谋略属性影响），受到的所有伤害降低#subsk_350006_effect_01#%（受谋略属性影响）；处于前锋时受到的所有伤害降低#subsk_360006_effect_01#%（受谋略属性影响）,0,0,,A,,,103,谋略属性提高,0
300007,300007,6,59,2,0,100,100,30000701,4,2,0,0,0,0,河北庭柱XP,提高我军全体防御属性#effect_01#。同时使友军【五星-颜良&文丑】【五星-张郃】【五星-高览】处于前锋时获得反击效果（伤害率#subsk_360007_effect_01#%）；处于中军时造成的主动战法伤害增加#subsk_350007_effect_01#%；处于大营时攻击距离+@2@,0,0,,B,,,102,防御属性提高,0
300008,300008,6,59,4,0,35,35,30000801,4,3,0,0,0,0,蛮夷之力XP,自身与友军全体蛮兵对敌军群体发动一次攻击（伤害率#subsk_310008_effect_01#%）,0,0,"11,51",A,,,301,攻击伤害,0
300009,300009,6,59,5,0,100,100,30000901,4,2,0,0,0,0,婴城固守XP,每回合自身以及友军【五星-郝昭】【五星-陆抗】【五星-曹仁】【五星-徐庶】行动时，使随机敌方单体造成的所有伤害下降#subsk_320009_effect_01#%（受谋略属性影响），该效果最多可叠加@5@次，持续直到战斗结束,敌军单体,0,,B,,,122,子技能（有益）,0
300010,300010,6,59,2,0,100,100,30001001,4,2,0,0,0,0,母范之正XP,提高自身速度属性#effect_01#，同时在战斗正式回合开始后，使友军【五星-黄月英】【五星-步皇后】【五星-卞夫人】攻击属性、防御属性、谋略属性提高#effect_11#（受最高属性影响）,友军群体（有效距离内2个目标）,0,,B,,,104,速度属性提高,0
300011,300011,6,59,5,0,100,100,30001101,4,2,0,0,0,0,各怀异心XP,战斗开始后前@3回合@，使敌我全体无法回复兵力；从第@4回合@起，自身每回合首次受到伤害时，有#subsk_310011_prob_param_01#概率使友军【五星-钟会】【五星-姜维】【五星-邓艾】下一次行动时主战法发动率提升至@100@%,0,0,,B,,,207,不可回复兵力,0
300012,300012,6,59,5,0,30,30,30001201,4,3,0,0,0,0,国之智谋XP,为自身与友军【五星-诸葛亮】【五星-法正】【五星-陆逊】【五星-司马懿】恢复一定兵力（恢复率#effect_01#%，受谋略属性影响）。同时使上述武将在下次行动时对敌军单体发动一次策略攻击（伤害率#subsk_310012_effect_01#%，受谋略属性影响）,我军全体,0,41,B,,,401,急救,0
300013,300013,6,59,5,0,100,100,30001301,4,2,0,0,0,0,壮猛有谋XP,自身与友军【五星-张辽】【五星-徐晃】【五星-李典】在普通攻击后，有#prob_param_01#概率对攻击目标发动一次攻击（伤害率#subsk_320013_effect_12#%），该伤害无视规避。,敌军单体,0,,B,,,122,子技能（有益）,0
300014,300014,6,59,5,1,30,30,30001401,4,3,0,0,0,0,善战无前XP,@1回合@准备，对敌军群体发动一次猛攻（伤害率#effect_01#%）。并使友军【五星-吕布】【五星-吕姬】下一次行动时，对敌军群体发动一次猛攻（伤害率#effect_01#%）；友军【五星-貂蝉】下一次行动时，使我军全体受到的所有伤害降低#subsk_320014_effect_01#%（受谋略属性影响），持续@1回合@,0,0,"11,51",B,,,301,攻击伤害,0
300015,300015,6,59,2,0,100,100,30001501,4,1,0,0,0,0,出其不意XP,自身与友军【五星-轲比能】【五星-张绣】【五星-沙摩柯】攻击造成的伤害提高#effect_01#%，每次受到伤害后该效果下降1/8,我军全体,0,,B,,,531,攻击伤害提高,0
300016,300016,6,59,2,0,100,100,30001601,4,2,0,0,0,0,医者仁心XP,自身受到伤害后，使友军【五星-张机】【五星-于吉】【五星-华佗】造成的急救及恢复效果提升#subsk_310016_effect_01#%（受谋略属性影响），持续@1回合@；自身发动主动战法后，有#prob_param_02#概率使上述武将本回合内进入洞察状态,友军群体（有效距离内2个目标）,0,,B,,,122,子技能（有益）,0
300017,300017,6,59,5,0,100,100,30001701,4,2,0,0,0,0,江东虎将XP,友军【五星-甘宁】【五星-凌统】【五星-周泰】【五星-黄盖】发动主动战法后，军士自身有@50@%概率对敌军单体发动一次攻击（伤害率#subsk_320017_effect_01#%）,敌军单体,0,,B,,,122,子技能（有益）,0
300018,300018,6,59,5,0,35,35,30001801,4,3,0,0,0,0,红颜祸水XP,自身与友军【五星-妲己】【五星-褒姒】【五星-骊姬】对敌军男性单体发动一次策略攻击（伤害率#subsk_310018_effect_01#%，受谋略属性影响），并使其陷入妖术诅咒状态（伤害率#subsk_310018_effect_02#%，受谋略属性影响），持续@1回合@,0,0,"21,51",B,,,302,策略攻击伤害,0
300019,300019,6,59,2,0,100,100,30001901,4,1,0,0,0,0,大汉脊梁XP,使友军【五星-潘凤】主战法带来的自身混乱状态可以被移除。同时自身每回合试图发动追击战法时，使友军【五星-袁绍】【五星-卢植】下一次行动时主战法发动概率提高#subsk_310019_effect_01#%，并有#subsk_310019_prob_param_31#概率移除上述武将的有害效果,友军群体（有效距离内2个目标）,0,,B,,,122,子技能（有益）,0
300020,300020,6,59,5,0,30,30,30002001,4,3,0,0,0,0,天妒英才XP,使敌我全体无法回复兵力，持续@1回合@；同时军士以损失自身一定兵力为代价，使自身与友军【五星-郭嘉】【五星-庞统】【五星-周瑜】【五星-诸葛恪】对敌军群体发动一次策略攻击（伤害率#subsk_310020_effect_01#%，受谋略属性影响）,敌军群体（有效距离内2个目标）,0,"21,51",A,,,207,不可回复兵力,0
300021,300021,6,59,2,0,100,100,30002101,4,2,0,0,0,0,内助之贤XP,提高我军全体谋略属性#effect_01#。同时友军【五星-张春华】【五星-王异】【五星-蔡文姬】每次造成伤害后，军士自身使我军单体男性武将造成的所有伤害提高#subsk_330021_effect_01#%（受谋略属性影响）；上述武将每次受到伤害后，军士自身使我军单体男性武将受到的所有伤害下降#subsk_340021_effect_01#%（受谋略属性影响）；以上效果可叠加@10@次，持续直到战斗结束,0,0,,B,,,103,谋略属性提高,0
300022,300022,6,59,2,0,100,100,30002201,4,2,0,0,0,0,择木而栖XP,使自身与友军【五星-庞德】【五星-黄忠】【五星-严颜】【五星-太史慈】前@3回合@造成的所有伤害降低#subsk_310022_effect_01#%，受到的所有伤害降低#subsk_310022_effect_03#%，从第@4@回合起，提高自身与上述武将攻击距离@1@，并获得反击（伤害率#subsk_310022_effect_06#%）,我军全体,0,,B,,,122,子技能（有益）,0
300023,300023,6,59,2,0,100,100,30002301,4,2,0,0,0,0,不让须眉XP,自身行动后，使友军【五星-张姬】【五星-关银屏】【五星-周姬】【五星-孙尚香】下一次的主动战法造成的伤害提高#subsk_310023_effect_01#%，同时有#prob_param_02#概率使下一次行动时主战法发动率提升至@100@%,友军群体（有效距离内2个目标）,0,,A,,,122,子技能（有益）,0
300024,300024,6,59,2,0,100,100,30002401,4,2,0,0,0,0,大贤天师XP,使我军全体速度属性提高#effect_01#。同时使友军【五星-张宁】【五星-张角】【五星-张宝】【五星-张梁】发动主动战法后，有#prob_param_22#概率为军士恢复一定兵力（恢复率#subsk_330024_effect_01#%）。前@3@回合，军士援护上述武将,0,0,,B,,,104,速度属性提高,0
300025,300025,6,59,2,0,100,100,30002501,4,2,0,0,0,0,创业垂统XP,自身与友军【五星-曹丕】【五星-曹操】【五星-孙权】【五星-孙坚】每学习一个指挥战法，则受到所有伤害下降#effect_01#%；每学习一个主动战法，则造成所有伤害提高#effect_03#%,我军全体,0,,B,,,522,受到攻击伤害降低,0
300026,300026,6,59,2,0,100,100,30002601,4,2,0,0,0,0,忠勇骁锐XP,使我军全体攻击属性提高#effect_01#。同时每回合有#subsk_310026_prob_param_01#概率获得以下效果，每个效果单独判定：友军【五星-夏侯惇】获得反击效果（伤害率#subsk_310026_effect_01#%），获得攻击距离+1；友军【五星-夏侯渊】获得无视兵种相克效果，获得1次无视规避效果；友军【五星-曹纯】获得免疫怯战效果，获得连击效果,0,0,,A,,,101,攻击属性提高,0
300027,300027,6,59,2,0,100,100,30002701,4,2,0,0,0,0,社稷之臣XP,战斗开始后，使自身与友军【五星-荀彧】【五星-荀攸】【五星-荀彧&荀攸】主动战法造成的伤害提高#effect_01#%（受谋略属性影响），该效果每回合下降1/4,我军全体,0,,B,,,322,主动战法伤害提高,0
300028,300028,6,59,2,0,100,100,30002801,4,2,0,0,0,0,匹马一麾XP,使我军全体攻击属性提高#effect_01#。同时友军【五星-马超】每回合行动时，使军士攻击造成的伤害提高#subsk_310028_effect_01#%；【五星-马云禄】每回合有#subsk_320028_prob_param_01#概率使军士获得连击效果；【五星-马腾】每回合有#subsk_330028_prob_param_01#概率使军士获得分兵效果（伤害率#subsk_330028_effect_01#%）；【五星-马岱】每回合使军士下一次普通攻击伤害提高#subsk_340028_effect_01#%,0,0,,B,,,101,攻击属性提高,0
300029,300029,6,59,5,0,100,100,30002901,4,2,0,0,0,0,当阳之威XP,正式回合开始后，友军【五星-刘备】有#prob_param_21#概率使军士进入规避状态，免疫接下来受到的@2@次伤害；战斗第@2回合@开始时，军士自身与友军【五星-赵云】对敌军单体发动一次攻击（伤害率#effect_01#%）；战斗第@3回合@开始时，军士自身与友军【五星-张飞】对敌军全体发动一次攻击（伤害率#effect_12#%）,敌军群体（有效距离内3个目标）,0,,B,,,301,攻击伤害,0
300050,300050,6,59,1,0,100,100,30005001,4,1,0,0,0,0,追亡逐北XP,追击战法发动概率提高#effect_01#%,0,0,,B,,,131,发动率提高,0
300051,300051,6,59,1,0,100,100,30005101,4,1,0,0,0,0,整旅厉卒XP,自身攻击属性、防御属性、谋略属性、速度属性提高#effect_01#。同时使自身学习的@【神兵天降】@@【大赏三军】@@【无心恋战】@@【避其锋芒】@受军士最高属性影响，发动时有@100@%概率额外影响一个目标,0,0,,A,,,101,攻击属性提高,0
300052,300052,6,59,1,0,100,100,30005201,4,1,0,0,0,0,摧枯拉朽XP,自身攻击属性、防御属性、谋略属性、速度属性提高#effect_01#。同时使自身学习的@【深谋远虑】@@【步步为营】@@【愈战愈勇】@在每回合开始时对友军1-2目标生效一次,0,0,,A,,,101,攻击属性提高,0
300053,300053,6,59,2,0,100,100,30005301,4,1,0,0,0,0,成者自成XP,自身攻击属性、防御属性、谋略属性、速度属性提高#effect_04#。同时使自身携带的@【青囊秘要】@@【百战精兵】@@【擅兵不寡】@受军士自身最高属性影响；每回合开始时获得以下效果中的一种：为友军单体恢复一定兵力（恢复率#subsk_310053_effect_01#%）；提高友军单体攻击属性、防御属性、谋略属性、速度属性#subsk_310053_effect_02#，持续@1@回合,0,0,,B,,,77,标记,0
300054,300054,6,59,1,0,100,100,30005401,4,1,0,0,0,0,摧城拔寨XP,攻城属性提高#effect_01#（受自身最高属性影响）,0,0,,C,,,105,攻城属性提高,0
300055,300055,6,59,1,0,100,100,30005501,4,1,0,0,0,0,长辔远驭XP,自身发动普通攻击时，必定选择攻击范围内最远的目标，同时攻击目标与军士自身距离每增加@1@，则对其造成的伤害额外提高#effect_03#%,0,0,,A,,,128,远攻,0
300059,300059,4,50,4,0,30,30,30005901,0,3,0,0,0,0,折戟强攻,对敌军群体发动一次猛攻（伤害率#effect_01#%），但此后使自身攻击属性降低#effect_12#%，持续#available_round_12#,0,"1,","11,51",A,1,对敌军群体造成攻击伤害，使自身攻击属性降低,301,攻击伤害,0
300060,300060,4,50,4,0,35,35,30006001,0,3,0,0,0,0,全军突击,移除我军全体骑兵及步兵的有害效果，对敌军单体发动一次攻击（伤害率#effect_12#%），并使我军全体骑兵及步兵接下来#available_hit_23#攻击的伤害提高#effect_23#%（受谋略属性影响）,0,"1,4","11,51",A,"1,3",移除我军全体骑兵步兵负面效果，对敌军单体造成攻击伤害，使我军全体骑兵步兵造成的攻击伤害提高,513,镇静,0
300061,300061,4,50,4,1,35,35,30006101,4,3,0,0,0,0,铁戟金戈,#prepare#准备，对敌军群体2目标发动一次猛烈攻击（伤害率#effect_01#%）或对敌军全体3目标发动一次猛烈攻击（伤害率#effect_12#%）,敌军群体（有效距离内2-3个目标）,"1,","11,51",B,1,1回合准备，对敌军群体或全体造成攻击伤害,301,攻击伤害,0
300062,300062,4,45,6,0,35,35,30006201,4,4,0,0,0,0,掠敌之利,普通攻击后，对攻击目标再次发动攻击（伤害率#effect_01#%），吸取目标#effect_02#攻击属性，并附加于自身，持续#available_round_13#,0,"1,","14,51",B,"1,3",对普通攻击目标造成攻击伤害，吸取其攻击属性,301,攻击伤害,0
300063,300063,4,50,6,0,25,30,30006301,0,4,0,0,0,0,怯心夺志,普通攻击后，对攻击目标再次发动猛攻（伤害率#effect_01#%），并使其无法发动主动战法，持续#available_round_02#,0,"1,","14,34,51",A,"1,5",对普通攻击目标造成攻击伤害，并使攻击目标陷入犹豫状态,301,攻击伤害,0
300064,300064,4,50,6,0,35,35,30006401,4,4,0,0,0,0,疾击其后,普通攻击后，随机对敌军单体再发动2次攻击（伤害率#effect_05#%-#effect_01#%），每次攻击的目标及伤害率独立判定,0,"1,","14,51",A,1,普通攻击后，对随机敌军单体造成攻击伤害,301,攻击伤害,0
300065,300065,4,50,6,0,25,30,30006501,0,4,0,0,0,0,钝兵挫锐,普通攻击后，对攻击目标再次发动猛攻（伤害率#effect_01#%），并使其无法进行攻击，持续#available_round_02#,0,"1,","14,34,51",A,"1,5",对普通攻击目标造成攻击伤害，并使攻击目标陷入怯战状态,301,攻击伤害,0
300066,300066,4,50,5,0,100,100,30006601,0,2,0,0,0,0,众谋不懈,战斗中，每当自身试图发动主动及追击战法前，有#subsk_310066_prob_param_01#的几率对距离5以内的敌军单体发动一次策略攻击（伤害率#subsk_311066_effect_01#%，受谋略属性影响）,敌军单体,"2,",,S,2,当自身试图发动主动战法时，对敌军单体造成策略攻击,122,子技能（有益）,0
300067,300067,4,50,5,1,40,40,30006701,2,3,0,0,0,0,十面埋伏,#prepare#准备，对敌军全体发动一次策略攻击（伤害率#effect_01#%，受谋略属性影响），并随机使敌军群体#1-2#目标造成的所有伤害大幅度降低，持续#available_round_12#,0,"2,","21,51",S,"2,3",1回合准备，对敌军全体造成策略攻击，并使敌军群体1-2目标造成的伤害降低,302,策略攻击伤害,0
300068,300068,4,50,3,0,40,40,30006801,0,3,0,0,0,0,掎角之势,对敌军单体发动一次攻击（伤害率#effect_01#%）和一次策略攻击（#effect_12#%，受谋略属性影响），每次攻击的目标独立判定,0,"1,2","11,21,51",A,"1,2",对敌军单体造成攻击伤害和策略攻击,301,攻击伤害,0
300069,300069,4,50,4,0,35,35,30006901,0,3,0,0,0,0,兼弱攻昧,对敌军防御属性最低的武将发动一次攻击（伤害率#effect_01#%），同时对敌军谋略属性最低的武将发动一次策略攻击（伤害率#effect_12#%，受谋略属性影响）,0,"1,2","11,21,51",A,"1,2",对敌军防御属性最低的武将造成攻击伤害，对敌军谋略属性最低的武将造成策略攻击,301,攻击伤害,0
300070,300070,4,50,4,0,40,40,30007001,0,3,0,0,0,0,道行险阻,使敌军单体防御属性降低#effect_01#（受攻击属性影响）、谋略属性降低#effect_02#（受谋略属性影响），持续#available_round_01#，同时在目标下一次行动前对其发动一次策略攻击（伤害率#effect_03#%，受谋略属性影响）和一次攻击（伤害率#effect_04#%）,0,"1,2","11,21,51",A,"1,2,3",使敌军单体防御、谋略属性降低，并在其下1次行动前对其造成攻击伤害和策略攻击,202,防御属性降低,0
300071,300071,4,50,5,1,40,40,30007101,4,3,0,0,0,0,翕处还张,#prepare#准备，对敌军群体发动一次策略攻击（伤害率#effect_01#%，受谋略属性影响），并使敌军群体#1-2#目标下一次造成伤害后，再受到一次策略伤害（伤害率#effect_12#%，受谋略属性影响）,0,"2,","21,51",A,2,1回合准备，对敌军群体造成策略攻击，并使其造成伤害后，再对其造成策略攻击,302,策略攻击伤害,0
300072,300072,4,50,1,0,100,100,30007201,0,2,0,0,0,0,不攻,在战斗中无法进行普通攻击，使自身发动策略攻击时造成的伤害提高#effect_02#%，并在每回合都会对有效距离5以内的敌军单体发动一次策略攻击（伤害率#subsk_310072_effect_01#%，受谋略属性影响）,0,"4,",,S,"2,3",自身无法普通攻击，使自身造成的策略伤害提升，并每回合对敌军单体造成策略攻击,952,不能普通攻击,0
300073,300073,4,50,4,1,50,50,30007301,0,3,0,0,0,0,三术奇谋,#prepare#准备，对敌军单体发动3次策略攻击（伤害率#effect_01#%，受谋略属性影响），并依次使目标的攻击属性、防御属性、谋略属性下降#effect_02#（受谋略属性影响），持续#available_round_02#，每次目标独立判定,0,"2,","21,51",S,"2,3",1回合准备，对敌军单体造成3次策略攻击，依次使目标攻击、防御、谋略属性降低，每次目标独立判定,302,策略攻击伤害,0
300074,300074,4,55,4,1,50,50,30007401,4,3,0,0,0,0,极火佐攻,#prepare#准备，使敌方群体陷入燃烧状态（伤害率#effect_01#%，受谋略属性影响），持续#available_round_01#，并使其受到下#available_hit_02#主动战法的伤害提升#effect_02#%（受谋略属性影响）,0,"2,","21,51",A,"2,3",1回合准备，使敌军群体陷入燃烧状态，使其受到主动战法伤害提升,305,燃烧,0
300075,300075,4,55,4,1,50,50,30007501,4,3,0,0,0,0,绝水遏敌,#prepare#准备，对敌军群体发动强力策略攻击（伤害率#effect_01#%，受谋略属性影响），并使其无法恢复兵力，持续#available_round_02#,0,"2,","21,51",A,"2,5",1回合准备，对敌军群体造成策略攻击，并使其陷入围困状态,302,策略攻击伤害,0
300076,300076,4,45,2,0,100,100,30007601,4,2,0,0,0,0,兵贵神速,战斗中，我军全体骑兵受到攻击伤害时防御属性提高#effect_01#（受速度属性影响），可叠加8次,0,"4,",,C,3,我军全体骑兵受到攻击伤害后，使其防御属性提升,102,防御属性提高,0
300077,300077,4,50,1,0,100,100,30007701,0,2,0,0,0,0,疾风迅雷,战斗中能够优先行动，第3回合开始，当普通攻击命中目标后将有#subsk_310077_prob_param_01#的几率使其混乱，持续#subsk_310077_available_round_01#,0,"4,",,B,"3,5",自身优先行动，第3回合后，普通攻击使目标陷入混乱状态,761,先手(预备),0
300078,300078,4,50,4,1,25,35,30007801,0,3,0,0,0,0,浑水摸鱼,#prepare#准备，使敌军群体陷入混乱状态，持续#available_round_01#,0,"4,",31,S,5,1回合准备，使敌军群体陷入混乱状态,501,混乱,0
300079,300079,4,50,4,1,30,50,30007901,0,3,0,0,0,0,妖术,#prepare#准备，使敌军群体陷入暴走状态，进行无差别攻击，持续#available_round_01#,0,"4,",31,S,5,1回合准备，使敌军群体陷入暴走状态,503,暴走,0
300080,300080,4,50,5,0,100,100,30008001,3,2,0,0,0,0,攻其不备,战斗中，使敌军群体在每受到一次攻击的伤害后，其所受到的所有伤害就提高#effect_01#%（受速度属性影响），此效果最多叠加5次,0,"4,",,S,3,使敌军受到的所有伤害提升,521,受到攻击伤害提高,0
300081,300081,4,50,5,0,100,100,30008112,0,2,0,0,0,0,白刃,战斗开始后前#available_round_01#，使敌我全军进行策略攻击的伤害降低#effect_01#%，我军全体骑兵及步兵防御属性提高#effect_23#，此效果结束后，攻击属性提高#effect_24#，持续#available_round_24#,0,"4,",,A,3,前3回合，使我军全体造成的策略伤害降低，使我军全体骑兵步兵防御属性和攻击属性提升,534,策略攻击伤害降低,0
300082,300082,4,45,1,0,30,40,30008201,2,3,0,0,0,0,疾战,使自身在本回合可以进行两次普通攻击，并免疫怯战效果,0,"4,",,B,3,使自身进入连击状态，并免疫怯战,544,连击,0
300083,300083,4,45,1,0,40,40,30008301,2,3,0,0,0,0,并进,使自身免疫怯战效果，同时进入分兵状态，普通攻击后同时对附近的敌军造成伤害（伤害率#effect_01#%）持续#available_round_01#,0,"4,",,B,3,使自身免疫怯战，并进入分兵状态,545,分兵,0
300084,300084,4,50,1,0,100,100,30008401,0,1,0,0,0,0,愈战愈勇,使自身进行攻击的伤害提高#effect_01#%，此效果每回合开始时额外叠加一次，持续直到战斗结束,0,"4,",,A,3,每回合提升自身攻击伤害,531,攻击伤害提高,0
300085,300085,4,50,1,0,100,100,30008501,0,2,0,0,0,0,先驱突击,战斗开始后前#available_round_01#，使自身优先行动，每回合可进行两次普通攻击，并使攻击属性提高#effect_02#,0,"4,",,A,3,前3回合，自身优先行动并进入连击状态,761,先手(预备),0
300086,300086,4,50,3,1,50,50,30008601,4,3,0,0,0,0,利兵谋胜,#prepare#准备，对敌军群体发动强力策略攻击（伤害率#effect_01#%，受谋略属性影响），并使自身及友军单体回复一定兵力（恢复率#effect_12#%，受谋略影响）,0,"2,3","21,41,51",S,"2,4",1回合准备，对敌军群体造成策略攻击，并恢复自身及友军单体兵力,302,策略攻击伤害,0
300087,300087,4,50,3,1,45,45,30008701,0,3,0,0,0,0,三军之众,#prepare#准备，使我军单体恢复4次兵力（恢复率#effect_01#%，受谋略属性影响），每次目标独立判定,0,"3,",41,S,4,1回合准备，为我军单体恢复4次兵力，每次目标独立判定,401,急救,0
300088,300088,4,41,3,0,100,100,30008801,3,2,0,0,0,0,重整旗鼓,战斗开始后第5回合起，每回合恢复我军群体较多兵力（恢复率#effect_01#%，受谋略属性影响）,0,"3,",,S,4,第5回合起，每回合恢复我军群体兵力,402,休整,0
300089,300089,4,50,1,0,100,100,30008901,0,1,0,0,0,0,擅兵不寡,战斗中每回合都会恢复一定兵力（恢复率#effect_01#%），并有#prob_param_02#的几率额外恢复一定兵力（恢复率#effect_02#%）,0,"3,",,A,4,每回合恢复自身兵力,402,休整,0
300090,300090,3,31,3,0,100,100,30009001,0,2,0,0,0,0,援军秘策,战斗开始后第5回合起，每回合恢复我军群体一定兵力（恢复率#effect_01#%，受谋略属性影响）,0,"3,",,B,4,第5回合起，每回合恢复我军群体兵力,402,休整,0
300091,300091,4,50,2,0,100,100,30009101,0,2,0,0,0,0,避其锋芒,战斗开始后前#available_round_01#，使我军群体受到攻击和策略攻击时的伤害降低#effect_01#%（受谋略属性影响）,0,"4,",,S,3,前3回合，使我军群体受到的伤害降低,522,受到攻击伤害降低,0
300092,300092,3,40,3,0,25,35,30009201,0,3,0,0,0,0,安抚军心,移除我军群体的有害效果，并立即恢复其一定兵力（恢复率#effect_02#%，受谋略属性影响）,0,"3,4",41,B,"3,4",移除我军群体负面效果，并恢复兵力,513,镇静,0
300093,300093,4,50,1,0,100,100,30009301,0,1,0,0,0,0,兵无常势,战斗中，每回合自身行动时随机获得以下效果中的两种：自身恢复一定兵力（恢复率#subsk_312093_effect_01#%）；自身攻击、防御、谋略属性提高#subsk_314093_effect_02#，持续#subsk_314093_available_round_01#；自身受到的所有伤害降低#subsk_315093_effect_01#%，持续#subsk_315093_available_round_01#,0,"3,4",,A,"6,4",随机获得2种效果：恢复自身兵力，使自身攻击、防御、谋略属性提升，使自身受到伤害降低,122,子技能（有益）,0
300094,300094,4,45,1,0,100,100,30009401,2,1,0,0,0,0,合众,战斗中可以优先行动，每2回合恢复自身一定兵力（恢复率#subsk_310094_effect_01#%）,0,"3,",,B,"3,4",使自身优先行动，并每2回合恢复自身兵力,122,子技能（有益）,0
300095,300095,4,55,2,0,100,100,30009501,4,2,0,0,0,0,磐阵善守,战斗开始后前#available_round_01#，每回合使我军单体兵力最低的武将受到首次攻击和策略攻击的伤害大幅度降低，并使我军随机单体受到下#subsk_310095_available_hit_13#伤害时有##subsk_310095_prob_param_13#几率进入规避状态，免疫该次伤害,我军单体,"4,",,A,3,前4回合，使我军兵力最低单体受到伤害降低，使我军随机单体进入规避状态,122,子技能（有益）,0
300096,300096,4,50,4,0,100,100,30009601,0,2,0,0,0,0,神兵天降,战斗开始后前#available_round_01#，使敌军群体受到攻击和策略攻击时的伤害提高#effect_01#%（受谋略属性影响）,0,"4,",,S,3,前3回合，使敌军受到的伤害提升,521,受到攻击伤害提高,0
300097,300097,4,50,3,0,100,100,30009701,0,2,0,0,0,0,大赏三军,战斗开始后前#available_round_01#，使我军群体进行攻击和策略攻击时的伤害提高#effect_01#%（受谋略属性影响）,0,"4,",,S,3,前3回合，使我军群体造成的伤害提升,531,攻击伤害提高,0
300098,300098,4,50,4,0,100,100,30009801,0,2,0,0,0,0,无心恋战,战斗开始后前#available_round_01#，使敌军群体进行攻击和策略攻击时的伤害降低#effect_01#%（受谋略属性影响）,0,"4,",,S,3,前3回合，使敌军群体造成的伤害降低,532,攻击伤害降低,0
300099,300099,4,55,2,0,100,100,30009901,4,2,0,0,0,0,形兵之极,战斗中，我方出战3名武将兵系均不相同时，大营主动、追击主战法发动率提升#effect_01#%，并于战斗前#available_round_12#，前锋受到的所有伤害下降#effect_23#%，中军每回合首次造成的所有伤害提高#subsk_310099_effect_01#%,我军全体,"4,",,B,3,我军3名武将兵系均不相同，不同位置武将获得不同增益效果,131,发动率提高,0
300100,300100,4,50,3,0,100,100,30010001,0,2,0,0,0,0,一夫当关,战斗开始后前#subsk_310100_available_round_01#，援护友军全体，使自身受到攻击时的伤害降低#subsk_310100_effect_01#%（受防御属性影响），仅对自身处于前锋位置时生效,0,"4,",,A,6,前2回合，援护友军全体，并降低自身受到的伤害,122,子技能（有益）,0
300101,300101,4,55,4,0,100,100,30010101,4,2,0,0,0,0,反间,本场战斗中，敌军群体进行攻击或策略攻击造成伤害时，有#prob_param_01#的几率使其自身造成的该类型伤害下降#effect_01#%，此效果最多叠加5次,0,"4,",,A,3,使敌军群体造成的伤害降低,532,攻击伤害降低,0
300102,300102,4,50,3,0,100,100,30010201,0,2,0,0,0,0,远攻秘策,使自身攻击属性提高#effect_02#，谋略属性提高#effect_03#，攻击距离+1，同时，使友军全体在战斗开始后前#available_round_14#也获得与自身同样的增益,0,"4,",,B,3,使自身攻击距离、攻击、谋略属性提升，前3回合友军获得相同效果,106,攻击距离提高,0
300103,300103,4,50,5,0,100,100,30010301,0,2,0,0,0,0,美人计,正式回合开始后，我方3名武将均为女武将时，大营造成的所有伤害提升#effect_01#%，中军每回合行动前随机使敌军单体男武将下一次攻击或策略攻击造成的伤害降低#subsk_310103_effect_01#%，前4回合前锋首次受到伤害时进入规避状态，免疫该次伤害,我军全体,"4,",,B,3,我方3名武将均为女武将时，不同位置武将获得不同效果,531,攻击伤害提高,0
300104,300104,4,45,1,0,100,100,30010401,2,1,0,0,0,0,分险,自身攻击距离+1，受到所有伤害时都有#prob_param_02#的几率使本次伤害降低#effect_02#%,0,"4,",,B,3,使自身攻击距离提升，使自身受到的伤害降低,106,攻击距离提高,0
300105,300105,4,45,3,0,35,35,30010501,2,3,0,0,0,0,励军,对敌军单体发动一次攻击（伤害率#effect_01#%），并使自身下一次主动战法的伤害提高#effect_12#%,0,"1,","11,51",B,"1,3",对敌军单体造成攻击伤害，使自身主动战法造成的伤害提升,301,攻击伤害,0
300106,300106,4,50,1,0,100,100,30010601,4,1,0,0,0,0,垒实迎击,受到普通攻击伤害时，有#subsk_311106_prob_param_01#几率使自身恢复一定兵力（恢复率#subsk_311106_effect_01#%）；有#subsk_311106_prob_param_01#几率移除自身由主动及追击战法带来的负面效果；使自身进入规避状态，有#subsk_311106_prob_param_01#几率免疫下1次受到的伤害。同时当自身位于中军及前锋时，每回合开始时有#subsk_313106_prob_param_01#几率援护友军全体，持续#subsk_310106_available_round_01#,0,"4,",,S,"6,4",受到普通攻击伤害时，恢复自身兵力，移除负面效果，使自身进入规避状态，援护友军全体,122,子技能（有益）,0
300107,300107,4,50,1,0,100,100,30010701,0,1,0,0,0,0,健卒不殆,使自身受到普通攻击时能进行反击（伤害率#effect_01#%），受到所有伤害时都有#subsk_310107_prob_param_01#的几率使本次伤害降低#subsk_310107_effect_02#%,0,"4,",,A,"6,3",使自身受到普通攻击后反击，使自身受到的伤害降低,551,反击,0
300108,300108,4,50,1,0,100,100,30010801,4,1,0,0,0,0,甚陷不惧,战斗中当自身兵力首次低于初始兵力的@90%@、@70%@、@50%@和@30%@时，使自身下次行动时武将主战法发动率提高#subsk_310108_effect_01#%，该效果仅对可造成攻击伤害或策略伤害的战法生效,0,"4,",,A,3,使自身主战法发动率提升,122,子技能（有益）,0
300109,300109,4,50,1,0,100,100,30010901,0,1,0,0,0,0,步步为营,使自身受到的所有伤害降低#effect_01#%，此效果每回合开始时额外叠加一次，持续直到战斗结束,0,"4,",,A,6,使自身受到的伤害降低，每回合效果累加,522,受到攻击伤害降低,0
300110,300110,4,50,2,0,100,100,30011001,4,1,0,0,0,0,谋定后动,战斗中，每当发动需要准备的主战法时，有#subsk_312110_prob_param_01#的几率使自身进入洞察状态，免疫混乱、犹豫、怯战、暴走和挑衅效果，持续#subsk_310110_available_round_01#；当自身发动主动战法后，有#subsk_313110_prob_param_01#的几率使我军群体攻击属性、防御属性、谋略属性提高#subsk_311110_effect_01#，持续#subsk_311110_available_round_01#,0,"4,",,B,3,发动准备主战法后，使自身进入洞察状态，使我军群体攻击、防御、谋略属性提升,122,子技能（有益）,0
300111,300111,4,50,1,0,100,100,30011101,0,1,0,0,0,0,击势,战斗中，每回合自身行动时有#subsk_310111_prob_param_01#几率获得以下效果：自身攻击时的伤害提升#subsk_312111_effect_01#%，持续#subsk_312111_available_round_01#；自身攻击时无视敌方#subsk_311111_effect_01#%防御属性，持续#subsk_311111_available_round_01#。每个效果独立判断,0,"4,",,S,3,使自身攻击伤害提升，使自身攻击无视目标防御属性,122,子技能（有益）,0
300112,300112,4,50,1,0,100,100,30011201,0,1,0,0,0,0,深谋远虑,使自身进行策略攻击的伤害提高#effect_01#%，此效果每回合开始时额外叠加一次，持续直到战斗结束,0,"4,",,A,3,每回合使自身造成的策略伤害提升,533,策略攻击伤害提高,0
300113,300113,4,50,5,0,100,100,30011301,0,2,0,0,0,0,始计,战斗前#available_round_01#，在自身行动前，使我军大营下一次攻击或策略攻击时的伤害提高#subsk_312113_effect_01#%（受谋略属性影响），敌方兵力最多单体下一次攻击或策略攻击时的伤害降低#subsk_311113_effect_01#%（受谋略属性影响），并在自身受到攻击或策略攻击伤害后，于本回合内进入洞察状态，免疫混乱、犹豫、怯战、暴走和挑衅效果,0,"4,",,S,3,前4回合，使我军大营造成的伤害增加，使敌军造成伤害降低，自身受到攻击后进入洞察状态,122,子技能（有益）,0
300114,300114,4,50,1,0,100,100,30011401,0,2,0,0,0,0,空城,战斗开始后前#available_round_01#，受到伤害时有#subsk_311114_prob_param_01#的几率使自身进入规避状态，可以免疫伤害,0,"4,",,B,6,前2回合，使自身受到伤害时进入规避状态,122,子技能（有益）,0
300115,300115,4,55,4,0,30,30,30011501,4,3,0,0,0,0,奇正之势,对敌方单体发动一次猛攻（伤害率#effect_01#%）；攻击最高的友军单体在#available_round_12#内首次试图发动主动战法时，造成的攻击无视目标#subsk_310115_effect_01#%防御属性，持续#subsk_310115_available_round_01#，对有效距离4以内的敌军单体发动一次猛攻（伤害率#subsk_310115_effect_12#%）,0,"1,","11,51",B,1,对敌军单体造成攻击伤害，使攻击力最高的我军单体造成的攻击伤害无视目标防御属性，并对敌军单体造成攻击伤害,301,攻击伤害,0
300116,300116,4,50,5,1,30,30,30011601,0,3,0,0,0,0,一骑当千,#prepare#准备，对敌军全体发动一次猛烈攻击（伤害率#effect_01#%）,0,"1,","11,51",S,1,1回合准备，对敌军全体造成大量攻击伤害,301,攻击伤害,0
300117,300117,4,50,5,0,35,35,30011701,2,3,0,0,0,0,万箭齐发,对敌军群体发动一次攻击（伤害率#effect_01#%），并使敌军群体进行策略攻击的伤害降低#effect_02#%（受攻击属性影响），持续#available_round_02#,0,"1,","11,51",A,"1,3",1回合准备，对敌军全体造成攻击伤害，并使敌军单体造成的伤害降低,301,攻击伤害,0
300118,300118,4,50,4,1,35,35,30011801,0,3,0,0,0,0,雄兵破敌,#prepare#准备，对敌军群体发动一次攻击（伤害率#effect_01#%），并使其防御、谋略属性降低#effect_02#，持续#available_round_02#,0,"1,","11,51",A,"1,3",1回合准备，对敌军群体造成攻击伤害，使其攻防御、谋略属性降低,301,攻击伤害,0
300127,300127,6,59,1,0,100,100,30012701,0,18,0,0,0,0,燃烧,主动及追击战法发动率提升#effect_01#%,0,0,,,,,131,发动率提高,0
300128,300128,6,59,1,0,100,100,30012801,0,18,0,0,0,0,积水,在本场战斗中，造成的攻击伤害提高#effect_01#%,0,0,,,,,531,攻击伤害提高,0
300129,300129,6,59,1,0,100,100,30012901,0,18,0,0,0,0,崎岖,在本场战斗中，无法恢复兵力,0,0,,,,,207,不可回复兵力,0
300130,300130,6,59,1,0,100,100,30013001,0,18,0,0,0,0,焦土,在本场战斗中，陷入怯战状态，无法进行普通攻击,0,0,,,,,952,不能普通攻击,0
300131,300131,4,41,4,1,50,50,30013101,4,3,0,0,0,0,焰焚箕轸XP,#prepare#准备，对敌军群体发动强力策略攻击（伤害率#effect_02#%，受谋略属性影响），并使其陷入燃烧状态，每回合损失一定兵力（伤害率#effect_03#%，受谋略属性影响），持续@1回合@。处在燃烧地块上战斗时，燃烧状态持续@2回合@，且发动时会立即引发敌军全体由之前焰焚箕轸XP带来的剩余燃烧效果,敌军群体（有效距离内2-3个目标）,"2,","21,51",A,2,1回合准备，对敌军造成策略攻击并使其陷入燃烧状态；在燃烧地块上战斗，触发额外效果,151,触发效果,0
300132,300132,4,41,3,1,50,50,30013201,4,3,0,0,0,0,水淹七军XP,#prepare#准备，对敌军群体发动强力策略攻击（伤害率#effect_01#%，受谋略属性影响），并使其攻击属性降低#effect_02#（受谋略属性影响），持续#available_round_02#。处在积水地块上战斗时，还会使其防御、谋略、速度属性同样降低,0,"2,","21,51",B,"2,3",1回合准备，对敌军造成策略攻击，并使其攻击属性降低；在积水地块上战斗，触发额外效果,302,策略攻击伤害,0
300133,300133,4,41,2,1,50,50,30013301,4,3,0,0,0,0,危崖困军XP,#prepare#准备，对敌军群体发动强力策略攻击（伤害率#effect_01#%，受谋略属性影响），并使其防御属性降低#effect_02#（受谋略属性影响），持续#available_round_02#。处在崎岖地块上战斗时，战法有效距离+1，且目标为敌军全体,0,"2,","21,51",B,"2,3",1回合准备，对敌军群体造成策略攻击，使其防御属性降低；在崎岖地块上战斗，触发额外效果,302,策略攻击伤害,0
300134,300134,4,41,4,0,35,35,30013401,0,3,0,0,0,0,落雷XP,对敌军单体发动策略攻击（伤害率#effect_01#%，受谋略属性影响），并使其陷入混乱状态，持续#available_round_02#。处在焦土地块上战斗时，有50%几率再发动一次效果,0,"2,","21,31,51",A,"2,5",对敌军单体造成策略攻击，并使其陷入混乱状态；在焦土地块上战斗，触发额外效果,302,策略攻击伤害,0
300135,300135,4,41,6,0,45,45,30013501,0,4,0,0,0,0,火积XP,普通攻击后，使攻击目标立即受到燃烧伤害（伤害率#effect_02#%，受谋略属性影响），并移除其有益效果。处在燃烧地块上战斗时，先移除其有益效果，再使攻击目标受到燃烧伤害,0,"2,","24,51",B,"2,3",使普通攻击目标陷入燃烧状态，并移除其有益效果；在燃烧地块上战斗，触发额外效果,512,看破,0
300136,300136,3,40,2,0,100,100,30013601,4,1,0,0,0,0,青囊秘要,旧战报保留待删20230315,0,"3,",,,4,每回合恢复自身一定兵力,402,休整,0
300137,300137,4,41,4,1,45,45,30013701,3,3,0,0,0,0,连环XP,#prepare#准备，对战法有效距离内最远的敌军单体发动一次策略攻击（伤害率#effect_01#%，受谋略属性影响），并再度对随机敌军单体发动一次猛烈的策略攻击（伤害率#effect_12#%，受谋略属性影响）。处在积水地块上战斗时，有50%几率再发动一次效果,0,"2,","21,51",B,2,1回合准备，对远距离敌军单体造成策略攻击，并对随机敌军单体造成策略攻击；在积水地块上战斗，触发额外效果,302,策略攻击伤害,0
300138,300138,4,41,4,0,50,50,30013801,0,3,0,0,0,0,闪击XP,对敌军群体发动一次攻击（伤害率#effect_12#%），并使敌军单体进行下一次攻击的伤害大幅度降低。处在焦土地块上战斗时，发动率提升为@100%@,敌军群体（有效距离内2个目标）,"1,","11,51",B,1,对敌军群体造成攻击伤害，使其造成的攻击伤害降低；在焦土地块上战斗，触发额外效果,532,攻击伤害降低,0
300139,300139,6,59,1,0,100,100,30013901,4,18,0,0,0,0,焰焚箕轸触发,焰焚箕轸XP生效,0,0,,,,,77,标记,0
300140,300140,6,59,1,0,100,100,30014001,4,18,0,0,0,0,水淹七军触发,水淹七军XP生效,0,0,,,,,77,标记,0
300141,300141,6,59,1,0,100,100,30014101,4,18,0,0,0,0,危崖困军触发,危崖困军XP生效,0,0,,,,,77,标记,0
300142,300142,6,59,1,0,100,100,30014201,4,18,0,0,0,0,落雷触发,落雷XP生效,0,0,,,,,77,标记,0
300143,300143,6,59,1,0,100,100,30014301,4,18,0,0,0,0,火积触发,火积XP生效,0,0,,,,,77,标记,0
300144,300144,6,59,1,0,100,100,30014401,4,18,0,0,0,0,楚歌四起触发,楚歌四起XP生效,0,0,,,,,77,标记,0
300145,300145,6,59,1,0,100,100,30014501,4,18,0,0,0,0,连环触发,连环XP生效,0,0,,,,,77,标记,0
300146,300146,6,59,1,0,100,100,30014601,4,18,0,0,0,0,闪击触发,闪击XP生效,0,0,,,,,77,标记,0
300147,300147,4,41,5,1,50,50,30014701,0,3,0,0,0,0,楚歌四起XP,#prepare#准备，使敌军群体陷入恐慌状态，每回合损失较多兵力（伤害率#effect_01#%，受谋略属性影响），持续#available_round_01#。处在崎岖地块上战斗时，战法目标为敌军全体，且恐慌状态无法清除,0,"2,","21,51",A,2,1回合准备，使敌军群体陷入恐慌状态；在崎岖地块上战斗，触发额外效果,304,恐慌,0
300148,300148,6,59,1,0,100,100,30014801,0,20,0,0,0,0,武冲,战斗中攻击、防御、谋略属性降低#effect_01#，速度属性降低#effect_04#,0,0,,,,,201,攻击属性降低,0
300149,300149,4,50,1,0,100,100,30014901,0,1,0,0,0,0,三军齐出,每回合行动时#subsk_211956_prob_param_01#几率使自身进入分兵状态，普通攻击后同时对附近的敌军造成伤害（伤害率#subsk_210956_effect_01#%）,0,"4,",,A,3,使自身进入分兵状态,122,子技能（有益）,0
300150,300150,4,50,3,0,100,100,30015001,4,2,0,0,0,0,久战熟谋,战斗中，使友军群体每造成一次策略伤害后，其策略伤害就提高#effect_01#%（受谋略属性影响），此效果最多叠加5次,0,"4,",,A,3,使友军群体造成的策略伤害提升,533,策略攻击伤害提高,0
300151,300151,4,41,4,0,35,35,30015101,0,3,0,0,0,0,激水之疾,对敌军群体发动一次策略攻击（伤害率#effect_01#%，受谋略属性影响），若目标士气低于自身，则使其谋略属性降低#effect_02#，持续#available_round_02#,0,"2,","21,51",A,"2,3",对敌军群体造成策略攻击，若目标士气低于自身，则使其谋略属性降低,302,策略攻击伤害,0
300152,300152,4,41,2,0,100,100,30015201,0,2,0,0,0,0,共饮避世,使我军群体受到的伤害降低#effect_01#%，武将每次造成伤害时，该效果降低1/7,0,"4,",,A,3,使我军群体受到伤害降低,522,受到攻击伤害降低,0
300153,300153,4,41,4,0,35,35,30015301,0,3,0,0,0,0,蓄盈待竭,选择随机敌军单体，其士气值低于自身时，对该敌军发动一次攻击（伤害率#effect_01#%），否则提升自身攻击、防御、谋略属性#subsk_220995_effect_01#，持续#subsk_220995_available_round_01#,0,"1,","11,51",B,"1,3",若目标士气低于自身，则对其造成攻击伤害；否则使自身攻击、防御、谋略属性提升,301,攻击伤害,0
300154,300154,4,41,3,0,25,25,30015401,0,3,0,0,0,0,亡命一搏,对敌军群体发动一次猛击（伤害率#subsk_210996_effect_01#%），当自身兵力低于初始兵力25%时，伤害率变为#subsk_220996_effect_01#%,敌军群体（有效距离内2个目标）,"1,","11,51",B,1,对敌军群体造成攻击伤害，若目标兵力较低，则造成的伤害提升,122,子技能（有益）,0
300184,300184,3,40,1,0,100,100,30018401,4,1,0,0,0,0,百战精兵,旧战报保留待删20230315,0,"4,",,,3,使自身攻击、防御、谋略、速度属性提升,101,攻击属性提高,0
300194,300194,4,50,2,0,100,100,30019401,4,2,0,0,0,0,避其锋芒,旧战报保留待删20230315,0,"4,",,,3,前3回合，使我军群体受到的伤害降低,522,受到攻击伤害降低,0
300198,300198,4,50,3,0,100,100,30019801,4,2,0,0,0,0,大赏三军,旧战报保留待删20230315,0,"4,",,,3,前3回合，使我军群体造成的伤害提升,531,攻击伤害提高,0
300201,300201,4,50,4,0,100,100,30020101,4,2,0,0,0,0,无心恋战,旧战报保留待删20230315,0,"4,",,,3,前3回合，使敌军群体造成的伤害降低,532,攻击伤害降低,0
300204,300204,4,50,4,0,100,100,30020401,4,2,0,0,0,0,神兵天降,旧战报保留待删20230315,0,"4,",,,3,前3回合，使敌军受到的伤害提升,521,受到攻击伤害提高,0
300205,300205,4,50,5,1,35,35,30020501,4,3,0,0,0,0,寒风摧胆,#prepare#准备，对敌军全体发动一次猛烈的策略攻击（伤害率#effect_01#%，受谋略属性影响）,敌军全体,"2,","21,51",S,2,1回合准备，对敌军全体造成策略攻击,302,策略攻击伤害,0
300206,300206,4,50,6,0,35,35,30020601,4,4,0,0,0,0,流风回雪,普通攻击后，随机对敌军单体再发动2次策略攻击（伤害率#effect_05#%-#effect_01#%，受谋略属性影响），每次攻击的目标及伤害率独立判定,敌军单体,"2,","24,51",S,2,普通攻击后，对随机敌军单体造成策略攻击伤害,302,策略攻击伤害,0
300207,300207,4,50,5,0,100,100,30020701,4,2,0,0,0,0,雪啸风摧,战斗中，每当自身试图发动主动及追击战法前，有#subsk_310207_prob_param_01#的几率对距离5以内的敌军单体发动一次攻击（伤害率#subsk_311207_effect_01#%）,敌军单体,"1,",,S,1,当自身试图发动主动或追击战法时，对敌军单体造成攻击伤害,122,子技能（有益）,0
300208,300208,4,50,2,0,100,100,30020801,4,2,0,0,0,0,寒霜铁甲,战斗开始后前#available_round_01#，使我军群体受到攻击和策略攻击时的伤害降低#effect_01#%（受防御属性影响）,我军群体,"4,",,S,6,前3回合，使我军群体受到的伤害降低,522,受到攻击伤害降低,0
300209,300209,4,50,5,0,100,100,30020901,4,2,0,0,0,0,霜甲成锋,在战斗中无法进行普通攻击，使自身造成的攻击伤害提高#effect_02#%，并在每回合都会对有效距离5以内的敌军单体发动一次攻击（伤害率#subsk_310209_effect_01#%）,自己,"4,",,S,"1,3",自身无法普通攻击，使自身造成的攻击伤害提升，并每回合对敌军单体造成一次攻击伤害,952,不能普通攻击,0
300210,300210,4,50,3,0,100,100,30021001,4,2,0,0,0,0,凛锋共济,战斗开始后前#available_round_01#，每回合为我军单体兵力最低的武将恢复一次伤兵（恢复率#subsk_310210_effect_01#%，受攻击属性影响），@第5回合@起，每回合对距离4以内的敌军单体兵力最低的武将发动一次攻击（伤害率#subsk_311210_effect_01#%）,敌军单体,"1,3",,S,"1,4",前4回合，恢复我军单体兵力最低武将兵力；5回合起，对敌军兵力最低单体造成攻击伤害,122,子技能（有益）,0
300643,300643,4,50,2,0,100,100,30064301,4,1,0,0,0,0,愈战愈勇,旧战报保留待删20230315,0,"4,",,,3,每回合提升自身攻击伤害,531,攻击伤害提高,0
300644,300644,4,50,2,0,100,100,30064401,4,1,0,0,0,0,步步为营,旧战报保留待删20230315,0,"4,",,,6,使自身受到的伤害降低，每回合效果累加,522,受到攻击伤害降低,0
300645,300645,4,50,2,0,100,100,30064501,4,1,0,0,0,0,深谋远虑,旧战报保留待删20230315,0,"4,",,,3,每回合使自身造成的策略伤害提升,533,策略攻击伤害提高,0
300719,300719,6,59,3,0,80,80,30071901,4,3,0,0,0,0,上将潘凤,旧战报保留待删20230315,0,0,"11,51",C,,,301,攻击伤害,0
300734,300734,4,50,1,0,100,100,30073401,4,1,0,0,0,0,擅兵不寡,旧战报保留待删20230315,0,"3,",,A,4,每回合恢复自身兵力,402,休整,0
300735,300735,6,59,3,0,100,100,30073501,0,22,0,0,0,0,锋矢阵,战斗中，使我军全体骑兵进行普通攻击的伤害降低#subsk_310735_effect_02#%，发动主动战法的伤害提高#subsk_310735_effect_01#%（受速度属性影响）,0,"4,",,,,,122,子技能（有益）,0
300736,300736,6,59,3,0,100,100,30073601,0,22,0,0,0,0,方圆阵,战斗中，使我军全体步兵进行普通攻击的伤害降低#subsk_310736_effect_01#%，主动战法伤害提高#subsk_310736_effect_02#%（受防御属性影响）,0,"4,",,,,,122,子技能（有益）,0
300737,300737,6,59,3,0,100,100,30073701,0,22,0,0,0,0,鹤翼阵,战斗第@1、3、5、7回合@，我军全体弓兵进入分兵状态（伤害率#subsk_310737_effect_01#%，受谋略属性影响），同时造成的普通攻击伤害降低#subsk_310737_effect_02#%，持续#subsk_310737_available_round_01#,0,"4,",,,,,122,子技能（有益）,0
300738,300738,6,59,2,0,100,100,0,4,22,0,0,0,0,衡轭阵,战斗中，使我军骑兵谋略属性提高#effect_01#，步兵发动普通攻击造成的伤害提升#effect_12#%,0,"4,",,,,,,,
300739,300739,6,59,2,0,100,100,0,4,22,0,0,0,0,疏数阵,战斗中，使我军弓兵防御提高#effect_01#，骑兵每回合有#subsk_311739_prob_param_01#的几率对距离3以内敌军单体发动一次攻击（伤害率#subsk_310739_effect_01#%）,0,"4,",,,,,,,
300740,300740,6,59,2,0,100,100,0,4,22,0,0,0,0,鱼鳞阵,战斗中，使我军步兵防御属性提高#effect_01#，弓兵受策略伤害降低#effect_12#%,0,"4,",,,,,,,
300741,300741,6,59,1,0,100,100,30074101,0,23,0,0,0,0,骁锐,使自身攻击属性提高#effect_01#,0,"4,",,,,,101,攻击属性提高,0
300742,300742,6,59,1,0,100,100,30074201,0,23,0,0,0,0,天资,使自身谋略属性提高#effect_01#,0,"4,",,,,,103,谋略属性提高,0
300743,300743,6,59,1,0,100,100,30074301,0,23,0,0,0,0,稳固,使自身防御属性提高#effect_01#,0,"4,",,,,,102,防御属性提高,0
300744,300744,6,59,1,0,100,100,30074401,0,23,0,0,0,0,灵动,使自身速度属性提高#effect_01#,0,"4,",,,,,104,速度属性提高,0
300745,300745,6,59,1,0,100,100,30074501,0,23,0,0,0,0,至策,自身造成的主动战法伤害提升#effect_01#%,0,"1,",,,,,322,主动战法伤害提高,0
300746,300746,6,59,1,0,100,100,30074601,0,23,0,0,0,0,明悟,自身造成的主动战法伤害时，无视敌方#effect_01#%防御属性和无视敌方#effect_02#%谋略属性,0,"1,",,,,,161,无视敌方属性,0
300747,300747,6,59,1,0,100,100,30074701,0,23,0,0,0,0,攻敌,自身造成的普通攻击伤害时，无视敌方#effect_01#%防御属性,0,"1,",,,,,161,无视敌方属性,0
300748,300748,6,59,1,0,100,100,30074801,0,23,0,0,0,0,勇猛,造成的攻击伤害+#effect_01#%,0,"1,",,,,,531,攻击伤害提高,0
300749,300749,6,59,1,0,100,100,30074901,0,23,0,0,0,0,不移,受所有伤害降低#effect_01#%,0,"4,",,,,,522,受到攻击伤害降低,0
300750,300750,6,59,5,0,100,100,30075001,0,23,0,0,0,0,抖擞,自身受到的恢复效果提升#effect_01#%,0,"3,",,,,,281,受到恢复效果提高,0
300751,300751,6,59,2,0,100,100,30075101,0,23,0,0,0,0,机敏,武将主动主战法发动率+#effect_01#%,0,"4,",,,,,131,发动率提高,0
300752,300752,6,59,2,0,100,100,30075201,0,23,0,0,0,0,豪纵,主动武将主战法的战法距离+1,0,"4,",,,,,171,战法有效距离提高,0
300753,300753,6,59,2,0,100,100,30075301,0,23,0,0,0,0,再战,第5，7回合进入连击状态，持续1回合,0,"1,",,,,,122,子技能（有益）,0
300754,300754,6,59,3,0,100,100,30075401,0,23,0,0,0,0,奔袭,追击战法发动率+#effect_01#%,0,"4,",,,,,131,发动率提高,0
300755,300755,6,59,3,0,100,100,30075501,0,23,0,0,0,0,无畏,追击战法伤害提升#effect_01#%,0,"4,",,,,,325,追击战法伤害提高,0
300756,300756,6,59,1,0,100,100,30075601,0,23,0,0,0,0,强固,战斗开始后，每回合首次受到的伤害降低#subsk_310756_effect_01#%,0,"4,",,,,,122,子技能（有益）,0
300757,300757,6,59,1,0,100,10000,30075701,0,23,0,0,0,0,猛击,正式回合后，每回合首次造成的主动战法伤害提升#subsk_310757_effect_01#%,0,"4,",,,,,122,子技能（有益）,0
300758,300758,6,59,2,0,100,10000,30075801,0,23,0,0,0,0,阻治,第2、4回合造成攻击伤害后，令敌方单体无法恢复兵力，持续1回合,0,"1,",,,,,122,子技能（有益）,0
300759,300759,6,59,2,0,100,10000,30075901,0,23,0,0,0,0,主战,自身每佩戴一个主动战法，自身造成的主动战法伤害提升#effect_01#%,0,"4,",,,,,322,主动战法伤害提高,0
300760,300760,6,59,2,0,100,10000,30076001,0,23,0,0,0,0,善战,自身造成的被动战法、指挥战法、追击战法伤害提升#effect_01#%,0,"4,",,,,,325,追击战法伤害提高,0
300761,300761,6,59,2,0,100,10000,30076101,0,23,0,0,0,0,激昂,自身每佩戴一个追击战法，防御属性、谋略属性、攻击属性提升#effect_01#,0,"4,",,,,,102,防御属性提高,0
300762,300762,6,59,5,0,100,10000,30076201,0,23,0,0,0,0,飞令,自身每次试图发动主动战法时，速度提升#effect_01#%，可叠加8次,0,"4,",,,,,104,速度属性提高,0
300763,300763,6,59,1,0,100,10000,30076301,0,23,0,0,0,0,勇战,每回合受到首次伤害后，造成的主动战法伤害提升#subsk_311763_effect_01#%，可叠加,0,"4,",,,,,122,子技能（有益）,0
300764,300764,6,59,2,0,100,10000,30076401,0,23,0,0,0,0,善谋,每次受到伤害后，令武将主动主战法发动率+#effect_01#%，最多可叠加7次,0,"4,",,,,,131,发动率提高,0
300765,300765,6,59,2,0,100,10000,30076501,0,23,0,0,0,0,英才,每次造成主动战法伤害，防御属性和谋略属性各提升#effect_01#，可叠加5次,0,"4,",,,,,102,防御属性提高,0
300766,300766,6,59,2,0,100,10000,30076601,0,23,0,0,0,0,乘胜,自身每次造成普攻伤害时，其造成的所有伤害提升#effect_01#%，可叠加5次,0,"1,",,,,,531,攻击伤害提高,0
300767,300767,6,59,3,0,100,10000,30076701,0,23,0,0,0,0,清心,每造成4次攻击伤害时，移除自身由主动以及追击战法带来的负面效果,0,"1,",,,,,122,子技能（有益）,0
300768,300768,6,59,1,0,100,10000,30076801,0,23,0,0,0,0,不屈,自身每受到1次伤害，受到的所有伤害降低#subsk_310768_effect_01#%，可叠加10次,0,"4,",,,,,122,子技能（有益）,0
300769,300769,6,59,1,0,100,10000,30076901,0,23,0,0,0,0,自愈,自身累计受到6次伤害，恢复自身一定兵力（恢复率#effect_01#%）,0,"3,",,,,,401,急救,0
300770,300770,6,59,1,0,100,10000,30077001,0,23,0,0,0,0,济世,自身造成的恢复效果提升#effect_01#%,0,"3,",,,,,271,造成恢复效果提高,0
300771,300771,6,59,1,0,100,10000,30077101,0,23,0,0,0,0,锋锐,每造成一次普攻伤害，攻击属性提升#effect_01#，可叠加10次,0,"1,",,,,,101,攻击属性提高,0
300772,300772,6,59,1,0,100,10000,30077201,0,23,0,0,0,0,自强,每受到1次攻击伤害，防御属性提升#effect_01#，可叠加6次；每受到一次策略伤害，谋略属性提升#effect_02#，可叠加6次,0,"2,",,,,,102,防御属性提高,0
300773,300773,6,59,3,0,100,10000,30077301,0,23,0,0,0,0,识破,前#available_round_01#，自身每次试图发动主动战法时，使下一次造成伤害无视规避,0,"1,",,,,,122,子技能（有益）,0
300774,300774,6,59,2,0,100,10000,30077401,0,23,0,0,0,0,奇谋,自身每存在一个非主动类战法，谋略属性提升#effect_01#,0,"4,",,,,,103,谋略属性提高,0
300775,300775,5,49,1,0,100,10000,30077501,0,23,0,0,0,0,迎击,前2回合，自身受到普攻攻击时能进行反击（伤害率#effect_01#%）,0,"1,",,,,,551,反击,0
300776,300776,6,59,5,0,100,100,30077601,0,23,0,0,0,0,穿杨,使自身攻击距离+1,0,"1,",,,,,106,攻击距离提高,0
302046,302046,5,49,5,0,35,35,30204601,4,3,0,0,0,0,修罗姬返XP,诅咒敌军群体，当其试图发动主动战法时，会陷入动摇状态，每回合产生逃兵（伤害率#effect_01#%），并有#prob_param_02#的几率陷入怯战状态，无法进行普通攻击，持续#available_round_02#,0,0,"11,31,51",B,,,303,动摇,0
302073,302073,5,49,3,0,100,100,30207301,4,2,0,0,0,0,六宫无怨XP,战斗开始后前#available_round_01#，使我军全体受到攻击和策略攻击时的伤害降低#effect_01#%（受最高属性影响），并使自身及友军单体在首回合进入洞察状态，免疫混乱、犹豫、怯战、暴走和挑衅效果,0,0,,A,,,522,受到攻击伤害降低,0
302074,302074,5,49,4,0,100,100,30207401,4,2,0,0,0,0,素衣伶姬XP,战斗开始后前#available_round_01#，使敌军群体进行策略攻击时的伤害降低#effect_01#%（受最高属性影响），此效果结束后的#available_round_02#内有#prob_param_02#的几率陷入混乱状态,0,0,,A,,,534,策略攻击伤害降低,0
302076,302076,5,49,5,0,35,35,30207601,0,3,0,0,0,0,鬼谋XP,阻止敌军单体恢复兵力，并使其每回合有#prob_param_02#的几率随机陷入混乱、暴走、怯战、犹豫等状态中，持续#available_round_01#，每个效果独立判定,0,0,31,A,,,207,不可回复兵力,0
302082,302082,5,49,1,0,100,100,30208201,4,1,0,0,0,0,死战明志XP,战斗中使自身处于洞察状态，免疫混乱、犹豫、怯战、暴走和挑衅效果，攻击属性、防御属性、谋略属性、速度属性提高#effect_01#,0,0,,C,,,101,攻击属性提高,0
302083,302083,5,49,3,0,25,40,30208301,4,3,0,0,0,0,八门金锁XP,使敌军群体陷入怯战状态，无法进行普通攻击，持续#available_round_01#,0,0,31,A,,,552,怯战,0
302089,302089,5,49,3,0,100,100,30208901,4,2,0,0,0,0,国太威仪XP,战斗开始后前#available_round_01#，使我军群体的谋略属性提高#effect_01#（受谋略属性影响），此效果结束后，使其进行策略攻击时的伤害提高#effect_02#%（受谋略属性影响），持续直到战斗结束,0,0,,C,,,103,谋略属性提高,0
302090,302090,5,49,5,1,35,35,30209001,0,3,0,0,0,0,奇计迭出XP,#prepare#准备，对敌军全体发动策略攻击（伤害率#effect_01#%，受谋略属性影响），有#prob_param_02#的几率对其再次发动策略攻击（伤害率#effect_02#%，受谋略属性影响），并使其陷入燃烧状态，每回合都有等同于上述的几率额外损失一定兵力（伤害率#effect_03#%，受谋略属性影响）持续#available_round_03#,0,0,"21,51",A,,,302,策略攻击伤害,0
302092,302092,5,49,4,0,40,40,30209201,0,3,0,0,0,0,蝶舞红莲XP,对敌军群体发动策略攻击（伤害率#effect_01#%，受谋略属性影响），并恢复友军全体一定兵力（恢复率#effect_12#%，受谋略属性影响）,0,0,"21,41,51",A,,,302,策略攻击伤害,0
302093,302093,5,49,1,0,100,100,30209301,4,1,0,0,0,0,众望南疆XP,使自身受到策略攻击时的伤害降低#effect_01#%（受最高属性影响），每回合都有#prob_param_02#的几率可以优先行动,0,0,,C,,,524,受到策略攻击伤害降低,0
302605,302605,5,49,5,0,35,35,30260512,4,3,0,0,0,0,飘零红颜XP,以一定兵力为代价，对敌军群体发动一次策略攻击（伤害率#effect_12#%，受谋略属性影响），并使其的攻击距离-1，持续#available_round_13#,0,0,"21,51",C,,,302,策略攻击伤害,0
302613,302613,5,49,4,0,30,30,30261301,4,3,0,0,0,0,强弓连射XP,对目标发动2次攻击（伤害率#effect_01#%），并有#prob_param_03#的几率再度对目标发动最多2次攻击（伤害率#effect_03#%）,0,0,"11,51",B,,,301,攻击伤害,0
302624,302624,5,49,1,0,100,100,30262401,4,2,0,0,0,0,轻侠妄为XP,战斗开始后前#available_round_01#，使自身进入洞察状态，免疫混乱、犹豫、怯战、暴走和挑衅效果，攻击所造成的伤害提高#effect_02#%（受最高属性影响）,0,0,,A,,,511,洞察,0
302630,302630,5,49,4,0,35,35,30263001,4,3,0,0,0,0,拔剑护主XP,使自身受到普通攻击时可以反击（伤害率#effect_01#%），受到攻击和策略攻击的伤害降低#effect_02#%（受最高属性影响），持续#available_round_01#,0,0,,B,,,551,反击,0
302640,302640,5,49,2,0,100,100,30264001,4,2,0,0,0,0,以主制客XP,战斗开始后@第5回合@，使我军全体进行攻击时的伤害提高#effect_01#%（受最高属性影响），持续直到战斗结束,0,0,,B,,,531,攻击伤害提高,0
302641,302641,5,49,6,0,30,30,30264101,4,4,0,0,0,0,水泽伏击XP,普通攻击后，对攻击目标发动出其不意的伏击（伤害率#effect_01#%），此攻击有#prob_param_02#的几率再度触发一次,0,0,"14,51",B,,,301,攻击伤害,0
302700,302700,5,49,2,0,40,40,30270012,4,3,0,0,0,0,斩将搴旗XP,对敌军单体发动一次猛攻（伤害率#effect_12#%），但此后将无法进行普通攻击，持续#available_round_01#,0,0,"11,51",C,,,301,攻击伤害,0
302702,302702,5,49,1,0,50,50,30270201,4,3,0,0,0,0,先登死士XP,使自身谋略属性降低#effect_01#，进入洞察状态，免疫怯战、犹豫、混乱、暴走、挑衅，受到攻击可以进行反击（伤害率#effect_03#%），持续#available_round_01#,0,0,,C,,,203,谋略属性降低,0
302712,302712,5,49,5,0,35,35,30271201,0,3,0,0,0,0,智取仁守XP,使敌军群体发动追击战法的伤害降低#effect_01#%（受最高属性影响），并使其陷入犹豫状态，持续#available_round_01#,敌军群体（有效距离内2个目标）,0,31,A,,,335,追击战法伤害降低,0
302727,302727,5,49,1,0,40,40,30272701,4,3,0,0,0,0,伪刺XP,使自身规避下一次伤害，并在进行攻击时伤害提高#effect_02#%（受最高属性影响），持续#available_round_02#,0,0,,C,,,714,规避(预备),0
302743,302743,5,49,5,0,40,40,30274301,4,3,0,0,0,0,陈王求隐XP,使敌军群体造成的所有伤害降低#effect_01#%（受谋略属性影响），在#available_round_02#内逐步恢复正常,0,0,,B,,,532,攻击伤害降低,0
302744,302744,5,49,1,0,100,100,30274401,4,1,0,0,0,0,奇士薄寿XP,使自身谋略属性提高#effect_02#，战斗开始后前#available_round_01#，使自身防御属性降低#effect_01#%，并处于洞察状态,0,0,,B,,,202,防御属性降低,0
302761,302761,5,49,1,0,100,100,30276101,0,2,0,0,0,0,疑兵避战XP,战斗开始后前#available_round_01#，使自身不攻击也不发动主动战法，受到普通攻击和主动战法的伤害大幅度降低，此效果结束后，将使自身攻击的伤害提高#effect_05#%，直到战斗结束,0,0,,B,,,952,不能普通攻击,0
302779,302779,5,49,3,0,100,100,30277901,0,2,0,0,0,0,土垒督战XP,战斗中，使我军全体骑兵攻城属性提高#effect_01#（受最高属性影响）,0,0,,B,,,105,攻城属性提高,0
304001,304001,6,59,1,0,100,100,30400101,4,14,0,0,0,0,严阵以待,在司隶范围内战斗时，造成所有伤害提高#effect_01#%,0,0,,,,,531,攻击伤害提高,0
304002,304002,6,59,1,0,100,100,30400201,4,14,0,0,0,0,一鼓作气,战斗中造成的攻击伤害提高#effect_01#%。首回合后，造成的攻击伤害每回合降低10%,0,0,,,,,531,攻击伤害提高,0
304003,304003,6,59,5,0,100,100,30400301,4,14,0,0,0,0,克敌,战斗中武将发动主动战法时，对距离最近的敌军单体发动1次攻击（伤害率#subsk_314003_effect_01#%）,0,0,,,,,122,子技能（有益）,0
304004,304004,6,59,1,0,100,100,30400401,4,14,0,0,0,0,避战,战斗中武将受到普通攻击伤害时，将规避下一次伤害，每个武将最多触发4次,0,0,,,,,122,子技能（有益）,0
304005,304005,6,59,1,0,100,100,30400501,4,14,0,0,0,0,久战生疑,战斗中受到谋略伤害降低#effect_01#%，第5回合开始，陷入动摇状态（伤害率#effect_02#%）,0,0,,,,,524,受到策略攻击伤害降低,0
304007,304007,6,59,1,0,100,100,30400701,4,14,0,0,0,0,勇武无谋,战斗中造成的攻击伤害提升#effect_01#%，速度提高#effect_02#。造成谋略伤害降低#effect_03#%，受到谋略伤害提高#effect_04#%,0,0,,,,,531,攻击伤害提高,0
304008,304008,6,59,1,0,100,100,30400801,4,14,0,0,0,0,流言乱令,战斗中前3回合主动战法发动率提升#effect_01#%，第5回合开始，每回合行动时有#prob_param_02#概率陷入暴走状态,0,0,,,,,131,发动率提高,0
304009,304009,6,59,1,0,100,100,30400901,4,14,0,0,0,0,民望,战斗中武将攻城值增加#effect_01#，攻击、防御、谋略、速度增加#effect_02#,0,0,,,,,105,攻城属性提高,0
310001,310001,6,59,1,0,100,100,31000101,4,2,0,0,0,0,汉末纷争XP,汉末纷争-子技能,0,0,,B,,,531,攻击伤害提高,0
310002,310002,6,59,5,0,100,100,31000201,4,2,0,0,0,0,一还一报XP,一还一报子技能,0,0,,B,,,532,攻击伤害降低,0
310003,310003,6,59,5,0,100,100,31000301,4,2,0,0,0,0,红颜薄命XP,红颜薄命子技能,0,0,,B,,,122,子技能（有益）,0
310004,310004,6,59,5,0,100,100,31000401,4,2,0,0,0,0,乱世毒计XP,乱世毒计子技能,0,0,,B,,,301,攻击伤害,0
310005,310005,6,59,2,0,100,100,31000501,4,2,0,0,0,0,孤胆铁卫XP,孤胆铁卫子技能,0,0,,B,,,131,发动率提高,0
310006,310006,6,59,2,0,100,100,31000601,4,2,0,0,0,0,无上孝灵XP,无上孝灵子技能,0,0,,A,,,122,子技能（有益）,0
310007,310007,6,59,2,0,100,100,31000701,4,2,0,0,0,0,河北庭柱XP,河北庭柱子技能,0,0,,B,,,122,子技能（有益）,0
310008,310008,6,59,4,0,100,100,31000801,4,3,0,0,0,0,蛮夷之力XP,蛮夷之力子技能,0,0,,A,,,301,攻击伤害,0
310009,310009,6,59,5,0,100,100,31000901,4,2,0,0,0,0,婴城固守XP,婴城固守子技能,0,0,,B,,,151,触发效果,0
310011,310011,6,59,5,0,100,100,31001101,4,2,0,0,0,0,各怀异心XP,各怀异心子技能,0,0,,B,,,122,子技能（有益）,0
310012,310012,6,59,5,0,100,100,31001201,4,3,0,0,0,0,国之智谋XP,国之智谋子技能,0,0,,B,,,302,策略攻击伤害,0
310013,310013,6,59,5,0,100,100,31001301,4,2,0,0,0,0,壮猛有谋XP,壮猛有谋子技能,0,0,,B,,,122,子技能（有益）,0
310014,310014,6,59,5,0,100,100,31001401,4,3,0,0,0,0,善战无前XP,温侯无双子技能,0,0,,B,,,301,攻击伤害,0
310016,310016,6,59,2,0,100,100,31001601,4,2,0,0,0,0,医者仁心XP,医者仁心子技能,0,0,,B,,,271,造成恢复效果提高,0
310017,310017,6,59,2,0,100,100,31001701,4,2,0,0,0,0,江东虎将XP,江东虎将子技能,0,0,,B,,,151,触发效果,0
310018,310018,6,59,5,0,100,100,31001801,4,3,0,0,0,0,红颜祸水XP,红颜祸水子技能,0,0,,B,,,302,策略攻击伤害,0
310019,310019,6,59,2,0,100,100,31001901,4,1,0,0,0,0,大汉脊梁XP,大汉脊梁子技能,0,0,,B,,,131,发动率提高,0
310020,310020,6,59,5,0,100,100,31002001,4,3,0,0,0,0,天妒英才XP,天妒英才子技能,0,0,,A,,,302,策略攻击伤害,0
310021,310021,6,59,2,0,100,100,31002101,4,2,0,0,0,0,内助之贤XP,內贤之助子技能,0,0,,B,,,122,子技能（有益）,0
310022,310022,6,59,2,0,100,100,31002201,4,2,0,0,0,0,择木而栖XP,择木而栖子技能,0,0,,B,,,532,攻击伤害降低,0
310023,310023,6,59,2,0,100,100,31002301,4,2,0,0,0,0,不让须眉XP,不让须眉子技能,0,0,,A,,,322,主动战法伤害提高,0
310024,310024,6,59,2,0,100,100,31002401,4,2,0,0,0,0,大贤天师XP,大贤天师子技能,0,0,,B,,,122,子技能（有益）,0
310025,310025,6,59,2,0,100,100,31002501,4,2,0,0,0,0,创业垂统XP,创业垂统子技能,0,0,,B,,,522,受到攻击伤害降低,0
310026,310026,6,59,2,0,100,100,31002601,4,2,0,0,0,0,忠勇骁锐XP,忠勇骁锐子技能,0,0,,A,,,551,反击,0
310028,310028,6,59,2,0,100,100,31002801,4,2,0,0,0,0,匹马一麾XP,匹马一麾子技能,0,0,,B,,,531,攻击伤害提高,0
310029,310029,6,59,5,0,100,100,31002901,4,2,0,0,0,0,当阳之威XP,当阳之威子技能,0,0,,B,,,714,规避(预备),0
310053,310053,6,59,2,0,100,100,31005301,4,1,0,0,0,0,成者自成XP,子技能,0,0,,B,,,401,急救,0
310066,310066,4,50,5,0,100,100,31006601,0,2,0,0,0,0,众谋不懈,众谋不懈子技能,0,0,,,2,当自身试图发动主动战法时，对敌军单体造成策略攻击,122,子技能（有益）,0
310072,310072,4,50,5,0,100,100,31007201,0,2,0,0,0,0,不攻,不攻子技能,0,0,,,"2,3",自身无法普通攻击，使自身造成的策略伤害提升，并每回合对敌军单体造成策略攻击,302,策略攻击伤害,0
310077,310077,4,50,6,0,100,100,31007701,0,2,0,0,0,0,疾风迅雷,疾风迅雷的子技能,0,0,,,"3,5",自身优先行动，第3回合后，普通攻击使目标陷入混乱状态,501,混乱,0
310093,310093,4,50,1,0,100,100,31009301,0,1,0,0,0,0,兵无常势,兵无常势子技能,0,0,,,"6,4",随机获得2种效果：恢复自身兵力，使自身攻击、防御、谋略属性提升，使自身受到伤害降低,122,子技能（有益）,0
310094,310094,4,45,1,0,100,100,31009401,4,1,0,0,0,0,合众,合众子技能,0,0,,,"3,4",使自身优先行动，并每2回合恢复自身兵力,401,急救,0
310095,310095,4,55,2,0,100,100,31009501,4,2,0,0,0,0,磐阵善守,磐阵善守子技能,0,0,,,3,前4回合，使我军兵力最低单体受到伤害降低，使我军随机单体进入规避状态,522,受到攻击伤害降低,0
310099,310099,4,55,1,0,100,100,31009901,4,2,0,0,0,0,形兵之极,形兵之极子技能,0,0,,,3,我军3名武将兵系均不相同，不同位置武将获得不同增益效果,531,攻击伤害提高,0
310100,310100,4,50,3,0,100,100,31010001,0,2,0,0,0,0,一夫当关,一夫当关子技能,0,0,,,6,前2回合，援护友军全体，并降低自身受到的伤害,522,受到攻击伤害降低,0
310101,310101,4,55,1,0,100,100,31010101,4,2,0,0,0,0,反间,反间子技能,0,0,,,3,使敌军群体造成的伤害降低,532,攻击伤害降低,0
310103,310103,4,50,5,0,100,100,31010301,0,2,0,0,0,0,美人计,美人计子技能,0,0,,,3,我方3名武将均为女武将时，不同位置武将获得不同效果,532,攻击伤害降低,0
310106,310106,4,50,2,0,100,100,31010601,0,1,0,0,0,0,垒实迎击,垒实迎击子技能,0,0,,,"6,4",受到普通攻击伤害时，恢复自身兵力，移除负面效果，使自身进入规避状态，援护友军全体,504,援护,0
310107,310107,4,50,1,0,100,100,31010701,0,1,0,0,0,0,健卒不殆,健卒不殆子技能,0,"4,",,,"6,3",使自身受到普通攻击后反击，使自身受到的伤害降低,522,受到攻击伤害降低,0
310108,310108,4,50,1,0,100,100,31010801,0,1,0,0,0,0,甚陷不惧,甚陷不惧子技能,0,0,,,3,使自身主战法发动率提升,131,发动率提高,0
310110,310110,4,50,2,0,100,100,31011001,4,1,0,0,0,0,谋定后动,谋定后动子技能,0,0,,,3,发动准备主战法后，使自身进入洞察状态，使我军群体攻击、防御、谋略属性提升,511,洞察,0
310111,310111,4,50,1,0,100,100,31011101,0,1,0,0,0,0,击势,击势子技能,0,0,,,3,使自身攻击伤害提升，使自身攻击无视目标防御属性,122,子技能（有益）,0
310113,310113,4,50,5,0,100,100,31011301,0,2,0,0,0,0,始计,始计子技能1,0,0,,,3,前4回合，使我军大营造成的伤害增加，使敌军造成伤害降低，自身受到攻击后进入洞察状态,511,洞察,0
310114,310114,4,50,1,0,100,100,31011401,0,2,0,0,0,0,空城,空城子技能,0,"4,",,,6,前2回合，使自身受到伤害时进入规避状态,514,规避,0
310115,310115,4,55,4,0,100,100,31011501,4,3,0,0,0,0,奇正之势,奇正之势子技能,0,0,,,1,对敌军单体造成攻击伤害，使攻击力最高的我军单体造成的攻击伤害无视目标防御属性，并对敌军单体造成攻击伤害,161,无视敌方属性,0
310131,310131,4,41,4,1,50,50,31013101,4,3,0,0,0,0,焰焚箕轸XP,旧战报保留待删20230315,0,"2,","21,51",A,,,151,触发效果,0
310132,310132,4,41,3,1,50,50,31013201,4,3,0,0,0,0,水淹七军XP,旧战报保留待删20230315,0,"2,","21,51",B,,,302,策略攻击伤害,0
310133,310133,4,41,2,0,100,100,31013301,4,3,0,0,0,0,危崖困军XP,#prepare#准备，对敌军群体发动强力策略攻击（伤害率#effect_01#%，受谋略属性影响），并使其防御属性降低#effect_02#（受谋略属性影响），持续#available_round_02#。处在崎岖地块上战斗时，战法有效距离+1，且目标为敌军全体,0,"2,","21,51",B,,,302,策略攻击伤害,0
310134,310134,4,41,4,0,35,35,31013401,0,3,0,0,0,0,落雷XP,旧战报保留待删20230315,0,"2,","21,31,51",A,,,302,策略攻击伤害,0
310135,310135,4,41,6,0,45,45,31013501,0,4,0,0,0,0,火积XP,旧战报保留待删20230315,0,"2,","24,51",B,,,512,看破,0
310137,310137,4,41,4,1,45,45,31013701,3,3,0,0,0,0,连环XP,旧战报保留待删20230315,0,"2,","21,51",B,,,302,策略攻击伤害,0
310138,310138,4,41,4,0,100,100,31013801,0,3,0,0,0,0,闪击XP,对敌军群体发动一次攻击（伤害率#effect_12#%），并使敌军单体进行下一次攻击的伤害大幅度降低。处在焦土地块上战斗时，发动率提升为@100%@,敌军群体（有效距离内2个目标）,"1,","11,51",B,,,532,攻击伤害降低,0
310147,310147,4,41,5,1,50,50,31014701,0,3,0,0,0,0,楚歌四起XP,旧战报保留待删20230315,0,"2,","21,51",A,,,304,恐慌,0
310149,310149,4,50,1,0,100,100,31014901,0,1,0,0,0,0,三军齐出,子技能,0,"4,",,,3,使自身进入分兵状态,545,分兵,0
310153,310153,4,41,4,0,100,100,31015301,0,3,0,0,0,0,蓄盈待竭,给自己buff,0,0,,B,"1,3",若目标士气低于自身，则对其造成攻击伤害；否则使自身攻击、防御、谋略属性提升,122,子技能（有益）,0
310154,310154,4,41,3,0,100,100,31015401,0,3,0,0,0,0,亡命一搏,亡命一搏子技能,0,0,11,B,1,对敌军群体造成攻击伤害，若目标兵力较低，则造成的伤害提升,301,攻击伤害,0
310207,310207,4,50,5,0,100,100,31020701,0,2,0,0,0,0,雪啸风摧,子技能,0,0,,,,,122,子技能（有益）,0
310209,310209,4,50,5,0,100,100,31020901,0,2,0,0,0,0,霜甲成锋,子技能,0,0,,,,,301,攻击伤害,0
310210,310210,4,50,3,0,100,100,31021001,0,2,0,0,0,0,凛锋共济,子技能,0,0,,,,,401,急救,0
310643,310643,4,50,2,0,100,100,31064301,4,1,0,0,0,0,愈战愈勇,旧战报保留待删20230315,0,"4,",,,3,每回合提升自身攻击伤害,151,触发效果,0
310644,310644,4,50,2,0,100,100,31064401,4,1,0,0,0,0,步步为营,旧战报保留待删20230315,0,"4,",,,6,使自身受到的伤害降低，每回合效果累加,151,触发效果,0
310645,310645,4,50,2,0,100,100,31064501,4,1,0,0,0,0,深谋远虑,旧战报保留待删20230315,0,"4,",,,3,每回合使自身造成的策略伤害提升,151,触发效果,0
310735,310735,6,59,3,0,100,100,31073501,0,22,0,0,0,0,锋矢阵,锋矢阵子技能,0,"4,",,,,,322,主动战法伤害提高,0
310736,310736,6,59,3,0,100,100,31073601,0,22,0,0,0,0,方圆阵,方圆阵子技能,0,"4,",,,,,331,普通攻击伤害降低,0
310737,310737,6,59,3,0,100,100,31073701,0,22,0,0,0,0,鹤翼阵,鹤翼子技能,0,"4,",,,,,545,分兵,0
310739,310739,6,59,3,0,100,100,31073901,4,22,0,0,0,0,疏数阵,疏二数子技能,0,0,,,,,301,攻击伤害,0
310753,310753,6,59,2,0,100,100,31075301,0,23,0,0,0,0,再战,子技能,0,"4,",,,,,544,连击,0
310756,310756,6,59,1,0,100,100,31075601,0,23,0,0,0,0,强固,子技能,0,"4,",,,,,522,受到攻击伤害降低,0
310757,310757,6,59,1,0,100,10000,31075701,0,23,0,0,0,0,猛击,子技能,0,"4,",,,,,322,主动战法伤害提高,0
310758,310758,6,59,2,0,100,10000,31075801,0,23,0,0,0,0,阻治,子技能,0,"4,",,,,,123,子技能（有害）,0
310763,310763,6,59,1,0,100,10000,31076301,0,23,0,0,0,0,勇战,子技能,0,"4,",,,,,122,子技能（有益）,0
310767,310767,6,59,3,0,100,10000,31076701,0,23,0,0,0,0,清心,子技能,0,"4,",,,,,513,镇静,0
310768,310768,6,59,1,0,100,10000,31076801,0,23,0,0,0,0,不屈,子技能,0,"4,",,,,,522,受到攻击伤害降低,0
310773,310773,6,59,3,0,100,10000,31077301,0,23,0,0,0,0,识破,子技能,0,"4,",,,,,515,无视规避,0
311066,311066,4,50,5,0,100,100,31106601,0,2,0,0,0,0,众谋不懈,众谋不懈子技能,0,0,,,2,当自身试图发动主动战法时，对敌军单体造成策略攻击,302,策略攻击伤害,0
311093,311093,4,50,1,0,100,100,31109301,0,1,0,0,0,0,兵无常势,兵无常势子技能,0,0,,,"6,4",随机获得2种效果：恢复自身兵力，使自身攻击、防御、谋略属性提升，使自身受到伤害降低,122,子技能（有益）,0
311103,311103,4,50,1,0,100,100,31110301,0,2,0,0,0,0,美人计,美人计子技能,0,0,,,3,我方3名武将均为女武将时，不同位置武将获得不同效果,714,规避(预备),0
311106,311106,4,50,1,0,100,100,31110601,0,1,0,0,0,0,垒实迎击,垒实迎击子技能,0,0,,,"6,4",受到普通攻击伤害时，恢复自身兵力，移除负面效果，使自身进入规避状态，援护友军全体,401,急救,0
311110,311110,4,50,2,0,100,100,31111001,4,1,0,0,0,0,谋定后动,谋定后动子技能,0,0,,,3,发动准备主战法后，使自身进入洞察状态，使我军群体攻击、防御、谋略属性提升,101,攻击属性提高,0
311111,311111,4,50,1,0,100,100,31111101,0,1,0,0,0,0,击势,击势子技能,0,0,,,3,使自身攻击伤害提升，使自身攻击无视目标防御属性,161,无视敌方属性,0
311113,311113,4,50,6,0,100,100,31111301,0,2,0,0,0,0,始计,始计子技能2,0,0,,,3,前4回合，使我军大营造成的伤害增加，使敌军造成伤害降低，自身受到攻击后进入洞察状态,532,攻击伤害降低,0
311114,311114,4,50,1,0,100,100,31111401,0,2,0,0,0,0,空城,空城子技能,0,"4,",,,6,前2回合，使自身受到伤害时进入规避状态,122,子技能（有益）,0
311134,311134,4,41,4,0,100,100,31113401,0,3,0,0,0,0,落雷XP,落雷XP子技能,0,"2,","21,31,51",,,,302,策略攻击伤害,0
311137,311137,4,41,4,0,100,100,31113701,0,3,0,0,0,0,连环XP,连环XP子技能,0,"2,","21,31,51",,,,302,策略攻击伤害,0
311149,311149,4,50,1,0,100,100,31114901,0,1,0,0,0,0,三军齐出,每回合行动时#subsk_210956_prob_param_01#几率使自身进入分兵状态，普通攻击后同时对附近的敌军造成伤害（伤害率#subsk_210956_effect_01#%）,0,"4,",,,3,使自身进入分兵状态,122,子技能（有益）,0
311207,311207,4,50,5,0,100,100,31120701,0,2,0,0,0,0,雪啸风摧,子技能,0,0,,,,,301,攻击伤害,0
311210,311210,4,50,4,0,100,100,31121001,0,2,0,0,0,0,凛锋共济,子技能,0,0,,,,,301,攻击伤害,0
311739,311739,6,59,3,0,100,100,31173901,4,22,0,0,0,0,疏数阵,疏二数子技能,0,0,,,,,122,子技能（有益）,0
311758,311758,6,59,2,0,100,10000,31175801,0,23,0,0,0,0,阻治,子技能,0,"4,",,,,,207,不可回复兵力,0
311763,311763,6,59,1,0,100,10000,31176301,0,23,0,0,0,0,勇战,子技能,0,"4,",,,,,322,主动战法伤害提高,0
312093,312093,4,50,1,0,100,100,31209301,0,1,0,0,0,0,兵无常势,兵无常势子技能,0,0,,,"6,4",随机获得2种效果：恢复自身兵力，使自身攻击、防御、谋略属性提升，使自身受到伤害降低,401,急救,0
312106,312106,4,50,1,0,100,100,31210601,0,1,0,0,0,0,垒实迎击,垒实迎击子技能,0,0,,,"6,4",受到普通攻击伤害时，恢复自身兵力，移除负面效果，使自身进入规避状态，援护友军全体,513,镇静,0
312110,312110,4,50,2,0,100,100,31211001,4,1,0,0,0,0,谋定后动,谋定后动子技能,0,0,,,3,发动准备主战法后，使自身进入洞察状态，使我军群体攻击、防御、谋略属性提升,122,子技能（有益）,0
312111,312111,4,50,1,0,100,100,31211101,0,1,0,0,0,0,击势,击势子技能,0,0,,,3,使自身攻击伤害提升，使自身攻击无视目标防御属性,531,攻击伤害提高,0
312113,312113,4,50,6,0,100,100,31211301,0,2,0,0,0,0,始计,始计子技能3,0,0,,,3,前4回合，使我军大营造成的伤害增加，使敌军造成伤害降低，自身受到攻击后进入洞察状态,531,攻击伤害提高,0
313093,313093,4,50,1,0,100,100,31309301,0,1,0,0,0,0,兵无常势,兵无常势子技能,0,0,,,"6,4",随机获得2种效果：恢复自身兵力，使自身攻击、防御、谋略属性提升，使自身受到伤害降低,122,子技能（有益）,0
313106,313106,4,50,1,0,100,100,31310601,0,1,0,0,0,0,垒实迎击,垒实迎击子技能,0,0,,,"6,4",受到普通攻击伤害时，恢复自身兵力，移除负面效果，使自身进入规避状态，援护友军全体,122,子技能（有益）,0
313110,313110,4,50,2,0,100,100,31311001,4,1,0,0,0,0,谋定后动,谋定后动子技能,0,0,,,3,发动准备主战法后，使自身进入洞察状态，使我军群体攻击、防御、谋略属性提升,122,子技能（有益）,0
314003,314003,6,59,5,0,100,100,31400301,4,14,0,0,0,0,克敌,克敌子技能,0,0,,,,,301,攻击伤害,0
314004,314004,6,59,1,0,100,100,31400401,0,14,0,0,0,0,避战,避战子技能,0,0,,,,,714,规避(预备),0
314093,314093,4,50,1,0,100,100,31409301,0,1,0,0,0,0,兵无常势,兵无常势子技能,0,0,,,"6,4",随机获得2种效果：恢复自身兵力，使自身攻击、防御、谋略属性提升，使自身受到伤害降低,101,攻击属性提高,0
315093,315093,4,50,1,0,100,100,31509301,0,1,0,0,0,0,兵无常势,兵无常势子技能,0,0,,,"6,4",随机获得2种效果：恢复自身兵力，使自身攻击、防御、谋略属性提升，使自身受到伤害降低,522,受到攻击伤害降低,0
320001,320001,6,59,2,0,100,100,32000101,4,2,0,0,0,0,汉末纷争XP,汉末纷争-子技能,0,0,,B,,,151,触发效果,0
320002,320002,6,59,5,0,100,100,32000201,4,2,0,0,0,0,一还一报XP,一还一报子技能,0,0,,B,,,151,触发效果,0
320003,320003,6,59,5,0,100,100,32000301,4,2,0,0,0,0,红颜薄命XP,红颜薄命子技能,0,0,,B,,,151,触发效果,0
320004,320004,6,59,5,0,100,100,32000401,4,2,0,0,0,0,乱世毒计XP,乱世毒计子技能,0,0,,B,,,302,策略攻击伤害,0
320006,320006,6,59,2,0,100,100,32000601,4,2,0,0,0,0,无上孝灵XP,无上孝灵子技能,0,0,,A,,,122,子技能（有益）,0
320007,320007,6,59,2,0,100,100,32000701,4,2,0,0,0,0,河北庭柱XP,河北庭柱子技能,0,0,,B,,,122,子技能（有益）,0
320009,320009,6,59,5,0,100,100,32000901,4,2,0,0,0,0,婴城固守XP,婴城固守子技能,0,0,,B,,,532,攻击伤害降低,0
320011,320011,6,59,5,0,100,100,32001101,4,2,0,0,0,0,各怀异心XP,各怀异心子技能,0,0,,B,,,131,发动率提高,0
320013,320013,6,59,5,0,100,100,32001301,4,2,0,0,0,0,壮猛有谋XP,壮猛有谋子技能,0,0,,B,,,515,无视规避,0
320014,320014,6,59,5,0,100,100,32001401,4,3,0,0,0,0,善战无前XP,温侯无双子技能,0,0,,B,,,524,受到策略攻击伤害降低,0
320016,320016,6,59,2,0,100,100,32001601,4,2,0,0,0,0,医者仁心XP,医者仁心子技能,0,0,,B,,,511,洞察,0
320017,320017,6,59,5,0,100,100,32001701,4,2,0,0,0,0,江东虎将XP,江东虎将子技能,0,0,,B,,,301,攻击伤害,0
320021,320021,6,59,2,0,100,100,32002101,4,2,0,0,0,0,内助之贤XP,內贤之助子技能,0,0,,B,,,122,子技能（有益）,0
320023,320023,6,59,2,0,100,100,32002301,4,2,0,0,0,0,不让须眉XP,不让须眉子技能,0,0,,A,,,131,发动率提高,0
320024,320024,6,59,2,0,100,100,32002401,4,2,0,0,0,0,大贤天师XP,大贤天师子技能,0,0,,B,,,504,援护,0
320025,320025,6,59,2,0,100,100,32002501,4,2,0,0,0,0,创业垂统XP,创业垂统子技能,0,0,,B,,,531,攻击伤害提高,0
320026,320026,6,59,2,0,100,100,32002601,4,2,0,0,0,0,忠勇骁锐XP,忠勇骁锐子技能,0,0,,A,,,571,无视兵种相克,0
320028,320028,6,59,2,0,100,100,32002801,4,2,0,0,0,0,匹马一麾XP,匹马一麾子技能,0,0,,B,,,744,连击(预备),0
320029,320029,6,59,5,0,100,100,32002901,4,2,0,0,0,0,当阳之威XP,当阳之威子技能,0,0,,B,,,301,攻击伤害,0
320134,320134,4,41,4,0,100,100,32013401,0,3,0,0,0,0,落雷XP,旧战报保留待删20230315,0,"2,","21,31,51",,,,302,策略攻击伤害,0
320137,320137,4,41,4,0,100,100,32013701,0,3,0,0,0,0,连环XP,旧战报保留待删20230315,0,"2,","21,31,51",,,,302,策略攻击伤害,0
320153,320153,4,41,4,0,100,100,32015301,0,3,0,0,0,0,蓄盈待竭,蓄盈待竭,0,0,,B,"1,3",若目标士气低于自身，则对其造成攻击伤害；否则使自身攻击、防御、谋略属性提升,103,谋略属性提高,0
320154,320154,4,41,3,0,100,100,32015401,0,3,0,0,0,0,亡命一搏,亡命一搏子技能,0,0,11,B,1,对敌军群体造成攻击伤害，若目标兵力较低，则造成的伤害提升,301,攻击伤害,0
330003,330003,6,59,5,0,100,100,33000301,4,2,0,0,0,0,红颜薄命XP,红颜薄命子技能,0,0,,B,,,301,攻击伤害,0
330004,330004,6,59,5,0,100,100,33000401,4,2,0,0,0,0,乱世毒计XP,乱世毒计子技能,0,0,,B,,,122,子技能（有益）,0
330006,330006,6,59,2,0,100,100,33000601,4,2,0,0,0,0,无上孝灵XP,无上孝灵子技能,0,0,,A,,,122,子技能（有益）,0
330007,330007,6,59,2,0,100,100,33000701,4,2,0,0,0,0,河北庭柱XP,河北庭柱子技能,0,0,,B,,,122,子技能（有益）,0
330021,330021,6,59,2,0,100,100,33002101,4,2,0,0,0,0,内助之贤XP,內贤之助子技能,0,0,,B,,,531,攻击伤害提高,0
330024,330024,6,59,2,0,100,100,33002401,4,2,0,0,0,0,大贤天师XP,大贤天师子技能,0,0,,B,,,401,急救,0
330026,330026,6,59,2,0,100,100,33002601,4,2,0,0,0,0,忠勇骁锐XP,忠勇骁锐子技能,0,0,,A,,,594,免疫怯战,0
330028,330028,6,59,2,0,100,100,33002801,4,2,0,0,0,0,匹马一麾XP,匹马一麾子技能,0,0,,B,,,545,分兵,0
330029,330029,6,59,5,0,100,100,33002901,4,2,0,0,0,0,当阳之威XP,当阳之威子技能,0,0,,B,,,301,攻击伤害,0
340006,340006,6,59,2,0,100,100,34000601,4,2,0,0,0,0,无上孝灵XP,无上孝灵子技能,0,0,,A,,,531,攻击伤害提高,0
340007,340007,6,59,2,0,100,100,34000701,4,2,0,0,0,0,河北庭柱XP,河北庭柱子技能,0,0,,B,,,106,攻击距离提高,0
340021,340021,6,59,2,0,100,100,34002101,4,2,0,0,0,0,内助之贤XP,內贤之助子技能,0,0,,B,,,522,受到攻击伤害降低,0
340028,340028,6,59,2,0,100,100,34002801,4,2,0,0,0,0,匹马一麾XP,匹马一麾子技能,0,0,,B,,,321,普通攻击伤害提高,0
350006,350006,6,59,2,0,100,100,35000601,4,2,0,0,0,0,无上孝灵XP,无上孝灵子技能,0,0,,A,,,531,攻击伤害提高,0
350007,350007,6,59,2,0,100,100,35000701,4,2,0,0,0,0,河北庭柱XP,河北庭柱子技能,0,0,,B,,,322,主动战法伤害提高,0
360006,360006,6,59,2,0,100,100,36000601,4,2,0,0,0,0,无上孝灵XP,无上孝灵子技能,0,0,,A,,,522,受到攻击伤害降低,0
360007,360007,6,59,2,0,100,100,36000701,4,2,0,0,0,0,河北庭柱XP,河北庭柱子技能,0,0,,B,,,551,反击,0
370001,370001,4,50,5,0,100,100,37000101,0,2,0,0,0,0,仁心,武将造成的恢复效果提升@20%@,我军全体,0,,,,,271,造成恢复效果提高,0
370002,370002,4,50,5,0,100,100,37000201,0,2,0,0,0,0,抖擞,武将受到的恢复效果提升@20%@,我军全体,0,,,,,281,受到恢复效果提高,0
370003,370003,4,50,5,0,100,100,37000301,0,2,0,0,2,0,固守,发生战斗时，若部队为防守方，受到所有伤害降低@20%@,我军全体,0,,,,,522,受到攻击伤害降低,0
370004,370004,4,50,5,0,100,100,37000401,0,2,0,0,1,0,强攻,发生战斗时，若部队为进攻方，前4回合内造成的首次伤害提升@25%@,我军全体,0,,,"1,3",对敌军单体造成攻击伤害，使其防御属性降低,122,子技能（有益）,0
370005,370005,4,50,5,0,100,100,37000501,0,2,0,0,0,0,全属性,所有武将全属性增加35点，但不可使用步兵,我军全体,0,,,,,101,攻击属性提高,0
370006,370006,4,50,5,0,100,100,37000601,0,2,0,0,0,0,全属性弓,所有弓兵武将全属性增加@20@点,我军全体,0,,,,,101,攻击属性提高,0
370007,370007,4,50,5,0,100,100,37000701,0,2,0,0,0,0,全属性步,所有步兵武将全属性增加@20@点,我军全体,0,,,,,101,攻击属性提高,0
370008,370008,4,50,5,0,100,100,37000801,0,2,0,0,0,0,全属性骑,所有骑兵武将全属性增加@20@点,我军全体,0,,,,,101,攻击属性提高,0
370009,370009,4,50,5,0,100,100,37000901,0,2,0,0,0,0,先攻,战斗开始后前3回合武将速度增加@10%@,我军全体,0,,,,,122,子技能（有益）,0
370010,370010,4,50,5,0,100,100,37001001,0,2,0,0,0,0,红颜,部队中的男性武将士气提升@10@,我军全体,0,,,,,113,士气提升,0
370011,370011,4,50,5,0,100,100,37001101,0,2,0,0,0,0,劲射,部队中有2个弓兵兵种时，主战法伤害提升@30%@；部队由纯弓兵组成时，主战法伤害提升@60%@,我军全体,0,,,,,122,子技能（有益）,0
370012,370012,4,50,5,0,100,100,37001201,0,2,0,0,0,0,不屈,部队每次战败后，其下一次战斗造成的伤害提升@5%@，可叠加，战斗胜利后清除,我军全体,0,,,,,531,攻击伤害提高,0
370013,370013,4,50,5,0,100,100,37001301,0,2,0,0,0,0,攻坚,部队中有2个步兵兵种时，攻城提升@60%@；部队由纯步兵组成时，攻城提升@120%@,我军全体,0,,,,,122,子技能（有益）,0
380004,380004,4,50,5,0,100,100,38000401,0,2,0,0,1,0,强攻,子技能,我军全体,0,,,"1,3",对敌军单体造成攻击伤害，使其防御属性降低,531,攻击伤害提高,0
380009,380009,4,50,5,0,100,100,38000901,0,2,0,0,0,0,先攻,子技能,我军全体,0,,,,,104,速度属性提高,0
380011,380011,4,50,5,0,100,100,38001101,0,2,0,0,0,0,劲射,子技能,我军全体,0,,,,,151,触发效果,0
380013,380013,4,50,5,0,100,100,38001301,0,2,0,0,0,0,攻坚,子技能,我军全体,0,,,,,151,触发效果,0
381011,381011,4,50,5,0,100,100,38101101,0,2,0,0,0,0,劲射,子技能,我军全体,0,,,,,322,主动战法伤害提高,0
381013,381013,4,50,5,0,100,100,38101301,0,2,0,0,0,0,攻坚,子技能,我军全体,0,,,,,105,攻城属性提高,0
382011,382011,4,50,5,0,100,100,38201101,0,2,0,0,0,0,劲射,子技能,我军全体,0,,,,,151,触发效果,0
382013,382013,4,50,5,0,100,100,38201301,0,2,0,0,0,0,攻坚,子技能,我军全体,0,,,,,151,触发效果,0
390001,390001,4,50,5,0,100,100,39000101,0,21,0,0,0,0,国家政策-蜀阵营,部队中蜀阵营武将攻击、谋略属性各提高10点,我军全体,0,,,,,101,攻击属性提高,0
390002,390002,4,50,5,0,100,100,39000201,0,21,0,0,0,0,国家政策-吴阵营,部队中吴阵营武将攻击、谋略属性各提高10点,我军全体,0,,,,,101,攻击属性提高,0
390003,390003,4,50,5,0,100,100,39000301,0,21,0,0,0,0,国家政策-魏阵营,部队中魏阵营武将攻击、谋略属性各提高10点,我军全体,0,,,,,101,攻击属性提高,0
390004,390004,4,50,5,0,100,100,39000401,0,21,0,0,0,0,国家政策-蜀,部队中阵营加成-蜀激活时，蜀阵营武将攻击、防御、谋略、速度属性增加15,我军全体,0,,,,,101,攻击属性提高,0
390005,390005,4,50,5,0,100,100,39000501,0,21,0,0,0,0,国家政策-吴,部队中阵营加成-吴激活时，吴阵营武将攻击、防御、谋略、速度属性增加15,我军全体,0,,,,,101,攻击属性提高,0
390006,390006,4,50,5,0,100,100,39000601,0,21,0,0,0,0,国家政策-魏,部队中阵营加成-魏激活时，魏阵营武将攻击、防御、谋略、速度属性增加15,我军全体,0,,,,,101,攻击属性提高,0
390007,390007,4,50,5,0,100,100,39000701,0,21,0,0,0,0,国家政策-赵,部队中阵营加成-群激活时，群阵营武将攻击、防御、谋略、速度属性增加15,我军全体,0,,,,,101,攻击属性提高,0
390008,390008,4,50,5,0,100,100,39000801,0,21,0,0,0,0,国家政策-燕,部队中阵营加成-汉激活时，汉阵营武将攻击、防御、谋略、速度属性增加20,我军全体,0,,,,,101,攻击属性提高,0
390009,390009,4,50,5,0,100,100,39000901,0,21,0,0,0,0,国家政策-晋,部队中阵营加成-晋激活时，晋阵营武将攻击、防御、谋略、速度属性增加20,我军全体,0,,,,,101,攻击属性提高,0
390010,390010,4,50,5,0,100,100,39001001,0,21,0,0,0,0,国家政策-宋,部队中兵种加成-弓兵系激活时，弓兵武将速度、防御属性增加15,我军全体,0,,,,,104,速度属性提高,0
390011,390011,4,50,5,0,100,100,39001101,0,21,0,0,0,0,国家政策-楚,部队中兵种加成-步兵系激活时，步兵武将攻击、防御属性增加15,我军全体,0,,,,,101,攻击属性提高,0
390012,390012,4,50,5,0,100,100,39001201,0,21,0,0,0,0,国家政策-齐,部队中兵种加成-骑兵系激活时，骑兵武将攻击、速度属性增加12,我军全体,0,,,,,101,攻击属性提高,0
390013,390013,4,50,5,0,100,100,39001301,0,21,0,0,0,0,国家政策-襄,部队中，称号加成激活时，武将全属性增加30点,我军全体,0,,,,,101,攻击属性提高,0
390014,390014,4,50,5,0,100,100,39001401,0,21,0,0,0,0,国家政策-韩,部队中蜀、汉武将攻击、防御、谋略属性各提高10点,我军全体,0,,,,,77,标记,0
390015,390015,4,50,5,0,100,100,39001501,0,21,0,0,0,0,国家政策-商,部队中魏、晋武将攻击、防御、谋略属性各提高10点,我军全体,0,,,,,77,标记,0
390016,390016,4,50,5,0,100,100,39001601,0,21,0,0,0,0,国家政策-吕,部队中吴阵营武将攻击、防御、谋略属性各提高10点,我军全体,0,,,,,101,攻击属性提高,0
390017,390017,4,50,5,0,100,100,39001701,0,21,0,0,0,0,国家政策-翊,部队中群阵营武将攻击、防御、谋略属性各提高10点,我军全体,0,,,,,101,攻击属性提高,0
390018,390018,4,50,5,0,100,100,39001801,0,21,0,0,0,0,国家政策-周,部队中弓兵武将攻击、防御、谋略、速度属性各提高10点,我军全体,0,,,,,101,攻击属性提高,0
390019,390019,4,50,5,0,100,100,39001901,0,21,0,0,0,0,国家政策-成,部队中步兵武将攻击、防御、谋略、速度属性各提高10点,我军全体,0,,,,,101,攻击属性提高,0
390020,390020,4,50,5,0,100,100,39002001,0,21,0,0,0,0,国家政策-代,部队中骑兵武将攻击、防御、谋略、速度属性各提高10点,我军全体,0,,,,,101,攻击属性提高,0
390021,390021,4,50,5,0,100,100,39002101,0,21,0,0,0,0,国家政策-隋,部队中武将的谋略属性提升10,我军全体,0,,,,,103,谋略属性提高,0
390022,390022,4,50,5,0,100,100,39002201,0,21,0,0,0,0,国家政策-越,部队中武将的攻击属性提升10,我军全体,0,,,,,101,攻击属性提高,0
390023,390023,4,50,5,0,100,100,39002301,0,21,0,0,0,0,国家政策-巴,部队中武将的防御属性提升20,我军全体,0,,,,,102,防御属性提高,0
390024,390024,4,50,5,0,100,100,39002401,0,21,0,0,0,0,国家政策-宁,部队中大营武将攻击、防御属性提升15点,我军全体,0,,,,,101,攻击属性提高,0
390025,390025,4,50,5,0,100,100,39002501,0,21,0,0,0,0,国家政策-唐,部队中中军武将谋略、防御属性提升20点,我军全体,0,,,,,103,谋略属性提高,0
390026,390026,4,50,5,0,100,100,39002601,0,21,0,0,0,0,国家政策-梁,部队中前锋武将防御属性提升50点,我军全体,0,,,,,102,防御属性提高,0
399100,399100,4,50,5,0,100,100,0,0,1,0,0,0,0,被动古籍0,被动古籍,0,"5,",,S,,,,,
399101,399101,4,50,5,0,100,100,0,0,1,0,0,0,0,被动古籍1,被动古籍,0,"5,",,S,,,,,
399102,399102,4,50,5,0,100,100,0,0,1,0,0,0,0,被动古籍2,被动古籍,0,"5,",,S,,,,,
399200,399200,4,50,5,0,100,100,0,0,2,0,0,0,0,指挥古籍0,指挥古籍,0,"5,",,S,,,,,
399201,399201,4,50,5,0,100,100,0,0,2,0,0,0,0,指挥古籍1,指挥古籍,0,"5,",,S,,,,,
399202,399202,4,50,5,0,100,100,0,0,2,0,0,0,0,指挥古籍2,指挥古籍,0,"5,",,S,,,,,
399300,399300,4,50,5,0,100,100,0,0,3,0,0,0,0,主动古籍0,主动古籍,0,"5,",,S,,,,,
399301,399301,4,50,5,0,100,100,0,0,3,0,0,0,0,主动古籍1,主动古籍,0,"5,",,S,,,,,
399302,399302,4,50,5,0,100,100,0,0,3,0,0,0,0,主动古籍2,主动古籍,0,"5,",,S,,,,,
399400,399400,4,50,5,0,100,100,0,0,4,0,0,0,0,追击古籍0,追击古籍,0,"5,",,S,,,,,
399401,399401,4,50,5,0,100,100,0,0,4,0,0,0,0,追击古籍1,追击古籍,0,"5,",,S,,,,,
399402,399402,4,50,5,0,100,100,0,0,4,0,0,0,0,追击古籍2,追击古籍,0,"5,",,S,,,,,
399910,399910,4,50,5,0,100,100,0,0,1,0,0,0,0,被动古籍中转0,被动古籍,0,"5,",,S,,,,,
399920,399920,4,50,5,0,100,100,0,0,2,0,0,0,0,指挥古籍中转0,指挥古籍,0,"5,",,S,,,,,
399921,399921,4,50,5,0,100,100,0,0,2,0,0,0,0,指挥古籍中转1,指挥古籍,0,"5,",,S,,,,,
399922,399922,4,50,5,0,100,100,0,0,2,0,0,0,0,指挥古籍中转2,指挥古籍,0,"5,",,S,,,,,
399923,399923,4,50,5,0,100,100,0,0,2,0,0,0,0,指挥古籍中转3,指挥古籍,0,"5,",,S,,,,,
399930,399930,4,50,5,0,100,100,0,0,3,0,0,0,0,主动古籍中转0,主动古籍,0,"5,",,S,,,,,
399931,399931,4,50,5,0,100,100,0,0,3,0,0,0,0,主动古籍中转1,主动古籍,0,"5,",,S,,,,,
399932,399932,4,50,5,0,100,100,0,0,3,0,0,0,0,主动古籍中转2,主动古籍,0,"5,",,S,,,,,
399933,399933,4,50,5,0,100,100,0,0,3,0,0,0,0,主动古籍中转3,主动古籍,0,"5,",,S,,,,,
399934,399934,4,50,5,0,100,100,0,0,3,0,0,0,0,主动古籍中转4,主动古籍,0,"5,",,S,,,,,
399940,399940,4,50,5,0,100,100,0,0,4,0,0,0,0,追击古籍中转0,追击古籍,0,"5,",,S,,,,,
400001,400001,6,70,1,0,100,100,40000101,0,16,0,0,0,0,骁锐,攻击属性提高#effect_01#,0,0,,,,,101,攻击属性提高,0
400002,400002,6,70,1,0,100,100,40000201,0,16,0,0,0,0,亢厉,主动及追击武将主战法伤害提高#effect_01#%,0,0,,,,,322,主动战法伤害提高,0
400003,400003,6,70,1,0,100,100,40000301,0,16,0,0,0,0,奇袭,与目标距离每提高1，造成的攻击伤害提高#effect_02#%,0,0,,,,,111,额外参数,0
400007,400007,6,70,1,0,100,100,40000701,0,16,0,0,0,0,无畏,追击战法伤害提高#effect_01#%,0,0,,,,,325,追击战法伤害提高,0
400008,400008,6,70,1,0,100,100,40000801,0,16,0,0,0,0,骁锐,攻击属性提高#effect_01#,0,0,,,,,101,攻击属性提高,0
400009,400009,6,70,1,0,100,100,40000901,0,16,0,0,0,0,陷阵,普通攻击伤害提高#effect_01#%,0,0,,,,,321,普通攻击伤害提高,0
400010,400010,6,70,1,0,100,100,40001001,0,16,0,0,0,0,骁锐,攻击属性提高#effect_01#,0,0,,,,,101,攻击属性提高,0
400011,400011,6,70,1,0,100,100,40001101,0,16,0,0,0,0,无畏,追击战法伤害提高#effect_01#%,0,0,,,,,325,追击战法伤害提高,0
400012,400012,6,70,1,0,100,100,40001201,0,16,0,0,0,0,破敌,造成的攻击伤害无视目标#effect_01#%的防御属性,0,0,,,,,161,无视敌方属性,0
400013,400013,6,70,1,0,100,100,40001301,0,16,0,0,0,0,稳固,防御属性提高#effect_01#,0,0,,,,,102,防御属性提高,0
400014,400014,6,70,1,0,100,100,40001401,0,16,0,0,0,0,亢厉,主动及追击武将主战法伤害提高#effect_01#%,0,0,,,,,322,主动战法伤害提高,0
400015,400015,6,70,1,0,100,100,40001501,0,16,0,0,0,0,骁锐,攻击属性提高#effect_01#%,0,0,,,,,101,攻击属性提高,0
400016,400016,6,70,1,0,100,100,40001601,0,16,0,0,0,0,不移,受攻击伤害降低#effect_01#%,0,0,,,,,522,受到攻击伤害降低,0
400017,400017,6,70,1,0,100,100,40001701,0,16,0,0,0,0,破敌,造成的攻击伤害无视目标#effect_01#%的防御属性,0,0,,,,,161,无视敌方属性,0
400018,400018,6,70,1,0,100,100,40001801,0,16,0,0,0,0,英才,攻击、防御属性提高#effect_01#%,0,0,,,,,101,攻击属性提高,0
400019,400019,6,70,1,0,100,100,40001901,0,16,0,0,0,0,破敌,造成的攻击伤害无视目标#effect_01#%的防御属性,0,0,,,,,161,无视敌方属性,0
400020,400020,6,70,1,0,100,100,40002001,0,16,0,0,0,0,骁锐,攻击属性提高#effect_01#,0,0,,,,,101,攻击属性提高,0
400021,400021,6,70,1,0,100,100,40002101,0,16,0,0,0,0,盛气,正式回合后，前2回合造成的攻击伤害提高#effect_01#%,0,0,,,,,531,攻击伤害提高,0
400022,400022,6,70,1,0,100,100,40002201,0,16,0,0,0,0,骁锐,攻击属性提高#effect_01#,0,0,,,,,101,攻击属性提高,0
400023,400023,6,70,1,0,100,100,40002301,0,16,0,0,0,0,稳固,防御属性提高#effect_01#,0,0,,,,,102,防御属性提高,0
400024,400024,6,70,1,0,100,100,40002401,0,16,0,0,0,0,勇猛,造成的攻击伤害提高#effect_01#%,0,0,,,,,531,攻击伤害提高,0
400025,400025,6,70,1,0,100,100,40002501,0,16,0,0,0,0,稳固,防御属性提高#effect_01#,0,0,,,,,102,防御属性提高,0
400026,400026,6,70,1,0,100,100,40002601,0,16,0,0,0,0,不移,受所有伤害降低#effect_01#%,0,0,,,,,522,受到攻击伤害降低,0
400027,400027,6,70,1,0,100,100,40002701,0,16,0,0,0,0,英才,谋略、速度属性提高#effect_01#%,0,0,,,,,103,谋略属性提高,0
400028,400028,6,70,1,0,100,100,40002801,0,16,0,0,0,0,稳固,防御属性提高#effect_01#,0,0,,,,,102,防御属性提高,0
400029,400029,6,70,1,0,100,100,40002901,0,16,0,0,0,0,英才,攻击、谋略属性提高#effect_01#,0,0,,,,,101,攻击属性提高,0
400030,400030,6,70,1,0,100,100,40003001,0,16,0,0,0,0,亢厉,主动及追击武将主战法伤害提高#effect_01#%,0,0,,,,,322,主动战法伤害提高,0
400031,400031,6,70,1,0,100,100,40003101,0,16,0,0,0,0,稳固,防御属性提高#effect_01#,0,0,,,,,102,防御属性提高,0
400032,400032,6,70,1,0,100,100,40003201,0,16,0,0,0,0,亢厉,主动武将主战法伤害提高#effect_01#%,0,0,,,,,322,主动战法伤害提高,0
400033,400033,6,70,1,0,100,100,40003301,0,16,0,0,0,0,英才,攻击、谋略、速度属性提高#effect_01#,0,0,,,,,101,攻击属性提高,0
400034,400034,6,70,1,0,100,100,40003401,0,16,0,0,0,0,稳固,防御属性提高#effect_01#%,0,0,,,,,102,防御属性提高,0
400035,400035,6,70,1,0,100,100,40003501,0,16,0,0,0,0,骁锐,攻击属性提高#effect_01#%,0,0,,,,,101,攻击属性提高,0
400036,400036,6,70,1,0,100,100,40003601,0,16,0,0,0,0,亢厉,主动战法的攻击伤害提高#effect_01#%,0,0,,,,,531,攻击伤害提高,0
400040,400040,6,70,1,0,100,100,40004001,0,16,0,0,0,0,稳固,防御属性提高#effect_01#,0,0,,,,,102,防御属性提高,0
400041,400041,6,70,1,0,100,100,40004101,0,16,0,0,0,0,亢厉,主动战法伤害提高#effect_01#%,0,0,,,,,322,主动战法伤害提高,0
400042,400042,6,70,1,0,100,100,40004201,0,16,0,0,0,0,睚眦,恐慌、妖术、燃烧、火攻伤害提高#effect_01#%,0,0,,,,,251,特殊伤害提高,0
400043,400043,6,70,1,0,100,100,40004301,0,16,0,0,0,0,骁锐,攻击属性提高#effect_01#,0,0,,,,,101,攻击属性提高,0
400044,400044,6,70,1,0,100,100,40004401,0,16,0,0,0,0,天资,谋略属性提高#effect_01#,0,0,,,,,103,谋略属性提高,0
400045,400045,6,70,1,0,100,100,40004501,0,16,0,0,0,0,机先,正式回合后，前2次造成的策略伤害提高#subsk_401045_effect_01#%,0,0,,,,,122,子技能（有益）,0
400046,400046,6,70,1,0,100,100,40004601,0,16,0,0,0,0,安贞,控制状态下受伤害降低#effect_01#%,0,0,,,,,421,处于混乱状态受伤害降低,0
400047,400047,6,70,1,0,100,100,40004701,0,16,0,0,0,0,坚忍,受到的主动战法伤害降低#effect_01#%,0,0,,,,,352,受到主动战法伤害降低,0
400048,400048,6,70,1,0,100,100,40004801,0,16,0,0,0,0,抖擞,自身受到的恢复效果提高#effect_01#%,0,0,,,,,281,受到恢复效果提高,0
400049,400049,6,70,1,0,100,100,40004901,0,16,0,0,0,0,先知,受策略伤害降低#effect_01#%,0,0,,,,,524,受到策略攻击伤害降低,0
400050,400050,6,70,1,0,100,100,40005001,0,16,0,0,0,0,妙算,主动战法的策略伤害提高#effect_01#%,0,0,,,,,533,策略攻击伤害提高,0
400051,400051,6,70,1,0,100,100,40005101,0,16,0,0,0,0,颖悟,造成的策略伤害无视目标#effect_01#%的谋略属性,0,0,,,,,161,无视敌方属性,0
400052,400052,6,70,1,0,100,100,40005201,0,16,0,0,0,0,先知,受策略伤害降低#effect_01#%,0,0,,,,,524,受到策略攻击伤害降低,0
400053,400053,6,70,1,0,100,100,40005301,0,16,0,0,0,0,灵动,速度属性提高#effect_01#,0,0,,,,,104,速度属性提高,0
400054,400054,6,70,1,0,100,100,40005401,0,16,0,0,0,0,天资,谋略属性提高#effect_01#%,0,0,,,,,103,谋略属性提高,0
400055,400055,6,70,1,0,100,100,40005501,0,16,0,0,0,0,灵动,速度属性提高#effect_01#,0,0,,,,,104,速度属性提高,0
400056,400056,6,70,1,0,100,100,40005601,0,16,0,0,0,0,破敌,造成的攻击伤害无视目标#effect_01#%的防御属性,0,0,,,,,161,无视敌方属性,0
400057,400057,6,70,1,0,100,100,40005701,0,16,0,0,0,0,英才,攻击、谋略属性提高#effect_01#%,0,0,,,,,101,攻击属性提高,0
400058,400058,6,70,1,0,100,100,40005801,0,16,0,0,0,0,骁锐,攻击属性提高#effect_01#,0,0,,,,,101,攻击属性提高,0
400059,400059,6,70,1,0,100,100,40005901,0,16,0,0,0,0,陷阵,前4回合普通攻击伤害提高#effect_01#%,0,0,,,,,321,普通攻击伤害提高,0
400060,400060,6,70,1,0,100,100,40006001,0,16,0,0,0,0,再战,第5回合有50%几率获得连击效果,0,0,,,,,122,子技能（有益）,0
400061,400061,6,70,1,0,100,100,40006101,0,16,0,0,0,0,稳固,防御属性提高#effect_01#,0,0,,,,,102,防御属性提高,0
400062,400062,6,70,1,0,100,100,40006201,0,16,0,0,0,0,亢厉,主动武将主战法伤害提高#effect_01#%,0,0,,,,,322,主动战法伤害提高,0
400063,400063,6,70,1,0,100,100,40006301,0,16,0,0,0,0,谋断,第2次发动需要准备的主动武将主战法时，跳过1个准备回合,0,0,,,,,122,子技能（有益）,0
400064,400064,6,70,1,0,100,100,40006401,0,16,0,0,0,0,灵动,速度属性提高#effect_01#,0,0,,,,,104,速度属性提高,0
400065,400065,6,70,1,0,100,100,40006501,0,16,0,0,0,0,亢厉,主动及追击武将主战法伤害提高#effect_01#%,0,0,,,,,322,主动战法伤害提高,0
400066,400066,6,70,1,0,100,100,40006601,0,16,0,0,0,0,逐胜,对兵力最低的敌军造成伤害提高#subsk_401066_effect_01#%,0,0,,,,,122,子技能（有益）,0
400070,400070,6,70,1,0,100,100,40007001,0,16,0,0,0,0,稳固,防御属性提高#effect_01#%,0,0,,,,,102,防御属性提高,0
400071,400071,6,70,1,0,100,100,40007101,0,16,0,0,0,0,强韧,受到的普通攻击伤害降低#effect_01#%,0,0,,,,,351,受到普通攻击伤害降低,0
400072,400072,6,70,2,0,100,100,40007201,0,16,0,0,0,0,护主,战斗开始后前#available_round_01#，援护我军大营,0,0,,,,,504,援护,0
400073,400073,6,70,1,0,100,100,40007301,0,16,0,0,0,0,骁锐,攻击属性提高#effect_01#,0,0,,,,,101,攻击属性提高,0
400074,400074,6,70,1,0,100,100,40007401,0,16,0,0,0,0,明镜,谋略属性提高#effect_01#，初始统率值低于3的武将防御属性额外提高#effect_02#,0,0,,,,,103,谋略属性提高,0
400075,400075,6,70,1,0,100,100,40007501,0,16,0,0,0,0,强固,正式回合后，每回合首次受到的伤害降低#subsk_401075_effect_01#%,0,0,,,,,122,子技能（有益）,0
400076,400076,6,70,1,0,100,100,40007601,0,16,0,0,0,0,强韧,受到的普通攻击伤害降低#effect_01#%,0,0,,,,,351,受到普通攻击伤害降低,0
400077,400077,6,70,1,0,100,100,40007701,0,16,0,0,0,0,坚忍,受到的主动战法伤害降低#effect_01#%,0,0,,,,,352,受到主动战法伤害降低,0
400078,400078,6,70,1,0,100,100,40007801,0,16,0,0,0,0,避险,战斗中首次受到伤害后，进入规避状态，免疫下1次受到的伤害,0,0,,,,,122,子技能（有益）,0
400079,400079,6,70,1,0,100,100,40007901,0,16,0,0,0,0,稳固,防御属性提高#effect_01#,0,0,,,,,102,防御属性提高,0
400080,400080,6,70,1,0,100,100,40008001,0,16,0,0,0,0,安贞,控制状态下受伤害降低#effect_01#%,0,0,,,,,421,处于混乱状态受伤害降低,0
400081,400081,6,70,1,0,100,100,40008101,0,16,0,0,0,0,破障,普通攻击后，移除攻击目标由主动或追击战法带来的1种增益效果,0,0,,,,,122,子技能（有益）,0
400082,400082,6,70,1,0,100,100,40008201,0,16,0,0,0,0,无畏,追击战法伤害提高#effect_01#%,0,0,,,,,325,追击战法伤害提高,0
400083,400083,6,70,1,0,100,100,40008301,0,16,0,0,0,0,灵动,速度属性提高#effect_01#,0,0,,,,,104,速度属性提高,0
400084,400084,6,70,1,0,100,100,40008401,0,16,0,0,0,0,穿杨,攻击距离+1,0,0,,,,,106,攻击距离提高,0
400085,400085,6,70,1,0,100,100,40008501,0,16,0,0,0,0,灵动,速度属性提高#effect_01#,0,0,,,,,104,速度属性提高,0
400086,400086,6,70,1,0,100,100,40008601,0,16,0,0,0,0,骁锐,攻击属性提高#effect_01#,0,0,,,,,101,攻击属性提高,0
400087,400087,6,70,1,0,100,100,40008701,0,16,0,0,0,0,豪纵,主动武将主战法的战法距离+1,0,0,,,,,171,战法有效距离提高,0
400088,400088,6,70,1,0,100,100,40008801,0,16,0,0,0,0,迅猛,处于连击状态时，普通攻击伤害提高#subsk_410088_effect_01#%,0,0,,,,,122,子技能（有益）,0
400090,400090,6,70,1,0,100,100,40009001,0,16,0,0,0,0,矜节,女性武将携带时，主战法造成的恢复效果提高#effect_01#%,0,0,,,,,271,造成恢复效果提高,0
400091,400091,6,70,1,0,100,100,40009101,0,16,0,0,0,0,慑心,追击武将主战法施加的控制效果增加@1回合@,0,0,,,,,311,控制延长,0
400092,400092,6,70,1,0,100,100,40009201,0,16,0,0,0,0,摧阵,目标为敌军单体且施加控制效果的主动武将主战法伤害提高#effect_01#,0,0,,,,,322,主动战法伤害提高,0
400093,400093,6,70,1,0,100,100,40009301,0,16,0,0,0,0,稳固,防御属性提高#effect_01#,0,0,,,,,102,防御属性提高,0
400094,400094,6,70,1,0,100,100,40009401,0,16,0,0,0,0,天资,谋略属性提高#effect_01#,0,0,,,,,103,谋略属性提高,0
400095,400095,6,70,1,0,100,100,40009501,0,16,0,0,0,0,坚忍,受到的主动战法伤害降低#effect_01#%,0,0,,,,,352,受到主动战法伤害降低,0
400096,400096,6,70,1,0,100,100,40009601,0,16,0,0,0,0,骁锐,攻击属性提高#effect_01#,0,0,,,,,101,攻击属性提高,0
400097,400097,6,70,1,0,100,100,40009701,0,16,0,0,0,0,坚忍,受到的主动战法伤害降低#effect_01#%,0,0,,,,,352,受到主动战法伤害降低,0
400098,400098,6,70,1,0,100,100,40009801,0,16,0,0,0,0,不移,受攻击伤害降低#effect_01#%,0,0,,,,,522,受到攻击伤害降低,0
400101,400101,6,70,1,0,100,100,40010101,0,16,0,0,0,0,归心,主动主战法对其他目标造成恢复效果后，自身恢复25%恢复量的兵力,0,0,,,,,122,子技能（有益）,0
400102,400102,6,70,1,0,100,100,40010201,0,16,0,0,0,0,阵舞,女性武将携带时，主战法施加控制的目标，受该控制期间受到的所有伤害提高#subsk_420102_effect_01#%,0,0,,,,,122,子技能（有益）,0
400103,400103,6,70,1,0,100,100,40010301,0,16,0,0,0,0,灵动,速度属性提高#effect_01#,0,0,,,,,104,速度属性提高,0
400104,400104,6,70,1,0,100,100,40010401,0,16,0,0,0,0,亢厉,追击武将主战法伤害提高#effect_01#%,0,0,,,,,325,追击战法伤害提高,0
400105,400105,6,70,1,0,100,100,40010501,0,16,0,0,0,0,不移,受攻击伤害降低#effect_01#%,0,0,,,,,522,受到攻击伤害降低,0
400106,400106,6,70,1,0,100,100,40010601,0,16,0,0,0,0,先知,受策略伤害降低#effect_01#%,0,0,,,,,524,受到策略攻击伤害降低,0
400107,400107,6,70,1,0,100,100,40010701,0,16,0,0,0,0,安贞,控制状态下受伤害降低#effect_01#%,0,0,,,,,421,处于混乱状态受伤害降低,0
400108,400108,6,70,1,0,100,100,40010801,0,16,0,0,0,0,骁锐,攻击属性提高#effect_01#,0,0,,,,,101,攻击属性提高,0
400109,400109,6,70,1,0,100,100,40010901,0,16,0,0,0,0,惑心,主动主战法造成妖术伤害后，自身谋略、防御属性提升8，可叠加5次,0,0,,,,,103,谋略属性提高,0
400110,400110,6,70,2,0,100,100,40011001,0,16,0,0,0,0,归心,我军全体每发动2次主动战法，自身恢复一定兵力（恢复率#effect_12#%）,0,0,,,,,122,子技能（有益）,0
400111,400111,6,70,2,0,100,100,40011101,0,16,0,0,0,0,破浪,自身每受到1次伤害，本回合造成所有伤害提升#subsk_410111_effect_01#%，最多可叠加10次,0,0,,,,,122,子技能（有益）,0
400112,400112,6,70,5,0,100,100,40011201,0,16,0,0,0,0,迸发,首次发动追击主战法时，额外选取攻击距离内1个目标,0,0,,,,,122,子技能（有益）,0
400113,400113,6,70,5,0,100,100,40011301,0,16,0,0,0,0,劲弩,首回合无法普通攻击，第2回合起首次发动普通攻击时，对攻击距离内敌军全体发动1次普通攻击,0,0,,,,,123,子技能（有害）,0
400114,400114,6,70,5,0,100,100,40011401,0,16,0,0,0,0,陷阵,普通攻击伤害提高#effect_01#%,0,0,,,,,321,普通攻击伤害提高,0
400115,400115,6,70,5,0,100,100,40011501,0,16,0,0,0,0,无畏,追击战法伤害提高#effect_01#%,0,0,,,,,325,追击战法伤害提高,0
400116,400116,6,70,5,0,100,100,40011601,0,16,0,0,0,0,无畏,追击战法伤害提高#effect_01#%,0,0,,,,,325,追击战法伤害提高,0
400117,400117,6,70,5,0,100,100,40011701,0,16,0,0,0,0,英才,攻击、谋略属性提高#effect_01#,0,0,,,,,101,攻击属性提高,0
400118,400118,6,70,5,0,100,100,40011801,0,16,0,0,0,0,稳固,防御属性提高#effect_01#,0,0,,,,,102,防御属性提高,0
400119,400119,6,70,5,0,100,100,40011901,0,16,0,0,0,0,坚忍,受到的主动战法伤害降低#effect_01#%,0,0,,,,,352,受到主动战法伤害降低,0
400120,400120,6,70,5,0,100,100,40012001,0,16,0,0,0,0,稳固,防御属性提高#effect_01#%,0,0,,,,,102,防御属性提高,0
400121,400121,6,70,5,0,100,100,40012101,0,16,0,0,0,0,不移,受所有伤害降低#effect_01#%,0,0,,,,,522,受到攻击伤害降低,0
400122,400122,6,70,1,0,100,100,40012201,0,16,0,0,0,0,鸠佑,主动武将主战法发动后，自身造成的攻击伤害提高#effect_01#%，可叠加,0,0,,,,,531,攻击伤害提高,0
400123,400123,6,70,1,0,100,100,40012301,0,16,0,0,0,0,亢厉,主动战法伤害提高#effect_01#%,0,0,,,,,322,主动战法伤害提高,0
400124,400124,6,70,1,0,100,100,40012401,0,16,0,0,0,0,破敌,造成的攻击伤害无视目标#effect_01#%的防御属性,0,0,,,,,161,无视敌方属性,0
400125,400125,6,70,5,0,100,100,40012501,0,16,0,0,0,0,燮理,正式回合后，自身施加的燃烧效果每回合首次造成伤害后，自身恢复一次兵力（恢复率#subsk_412125_effect_01#%),0,0,,,,,122,子技能（有益）,0
400126,400126,6,70,5,0,100,100,40012601,0,16,0,0,0,0,炎势,火攻、燃烧伤害提高#effect_01#%,0,0,,,,,251,特殊伤害提高,0
400127,400127,6,70,1,0,100,100,40012701,0,16,0,0,0,0,稳固,防御属性提高#effect_01#,0,0,,,,,102,防御属性提高,0
401045,401045,6,70,1,0,100,100,40104501,0,16,0,0,0,0,机先,子技能,0,0,,,,,533,策略攻击伤害提高,0
401063,401063,6,70,1,0,100,100,40106301,0,16,0,0,0,0,谋断,谋断子技能,0,0,,,,,581,减少自带战法准备回合,0
401066,401066,6,70,1,0,100,100,40106601,0,16,0,0,0,0,逐胜,子技能,0,0,,,,,531,攻击伤害提高,0
401075,401075,6,70,1,0,100,100,40107501,0,16,0,0,0,0,强固,子技能,0,0,,,,,522,受到攻击伤害降低,0
401078,401078,6,70,1,0,100,100,40107801,0,16,0,0,0,0,避险,子技能,0,0,,,,,714,规避(预备),0
401081,401081,6,70,6,0,100,100,40108101,0,16,0,0,0,0,破障,子技能,0,0,,,,,512,看破,0
402066,402066,6,70,1,0,100,100,40206601,0,16,0,0,0,0,逐胜,子技能,0,0,,,,,533,策略攻击伤害提高,0
410060,410060,6,70,1,0,100,100,41006001,0,16,0,0,0,0,再战,子技能,0,0,,,,,544,连击,0
410088,410088,6,70,1,0,100,100,41008801,0,16,0,0,0,0,迅猛,子技能,0,0,,,,,321,普通攻击伤害提高,0
410101,410101,6,70,1,0,100,100,41010101,0,16,0,0,0,0,归心,子技能,0,0,,,,,401,急救,0
410102,410102,6,70,5,0,100,100,41010201,0,16,0,0,0,0,阵舞,子技能,0,0,,,,,122,子技能（有益）,0
410110,410110,6,70,2,0,100,100,41011001,0,16,0,0,0,0,归心,子技能,0,0,,,,,151,触发效果,0
410111,410111,6,70,2,0,100,100,41011101,0,16,0,0,0,0,破浪,子技能,0,0,,,,,531,攻击伤害提高,0
410112,410112,6,70,5,0,100,100,41011201,0,16,0,0,0,0,迸发,子技能,0,0,,,,,77,标记,0
410113,410113,6,70,5,0,100,100,41011301,0,16,0,0,0,0,劲弩,子技能,0,0,,,,,152,移除效果,0
410125,410125,6,70,5,0,100,100,41012501,0,16,0,0,0,0,燮理,燮理子技能,0,0,,,,,122,子技能（有益）,0
411110,411110,6,70,2,0,100,100,41111001,0,16,0,0,0,0,归心,子技能,0,0,,,,,152,移除效果,0
411112,411112,6,70,5,0,100,100,41111201,0,16,0,0,0,0,迸发,子技能,0,0,,,,,77,标记,0
411113,411113,6,70,5,0,100,100,41111301,0,16,0,0,0,0,劲弩,子技能,0,0,,,,,952,不能普通攻击,0
411125,411125,6,70,1,0,100,100,41112501,0,16,0,0,0,0,燮理,燮理子技能,0,0,,,,,77,标记,0
412110,412110,6,70,2,0,100,100,41211001,0,16,0,0,0,0,归心,子技能,0,0,,,,,401,急救,0
412125,412125,6,70,1,0,100,100,41212501,0,16,0,0,0,0,燮理,燮理子技能,0,0,,,,,401,急救,0
420088,420088,6,70,1,0,100,100,42008801,0,16,0,0,0,0,迅猛,子技能,0,0,,,,,321,普通攻击伤害提高,0
420102,420102,6,70,1,0,100,100,42010201,0,16,0,0,0,0,阵舞,子技能,0,0,,,,,521,受到攻击伤害提高,0
421102,421102,6,70,1,0,100,100,42110201,0,16,0,0,0,0,阵舞,子技能,0,0,,,,,152,移除效果,0
440001,440001,6,70,1,0,100,100,44000101,0,16,0,0,0,0,沉重,速度属性降低#effect_01#,0,0,,,,,204,速度属性降低,0
440002,440002,6,70,1,0,100,100,44000201,0,16,0,0,0,0,坚硬,谋略属性降低#effect_01#,0,0,,,,,203,谋略属性降低,0
440007,440007,6,70,1,0,100,100,44000701,0,16,0,0,0,0,沉重,速度属性降低#effect_01#,0,0,,,,,204,速度属性降低,0
440008,440008,6,70,1,0,100,100,44000801,0,16,0,0,0,0,过砺,防御属性降低#effect_01#,0,0,,,,,202,防御属性降低,0
440010,440010,6,70,1,0,100,100,44001001,0,16,0,0,0,0,沉重,速度属性降低#effect_01#,0,0,,,,,204,速度属性降低,0
440011,440011,6,70,1,0,100,100,44001101,0,16,0,0,0,0,过砺,防御属性降低#effect_01#,0,0,,,,,202,防御属性降低,0
440013,440013,6,70,1,0,100,100,44001301,0,16,0,0,0,0,沉重,速度属性降低#effect_01#,0,0,,,,,204,速度属性降低,0
440014,440014,6,70,1,0,100,100,44001401,0,16,0,0,0,0,坚硬,谋略属性降低#effect_01#,0,0,,,,,203,谋略属性降低,0
440016,440016,6,70,1,0,100,100,44001601,0,16,0,0,0,0,沉重,速度属性降低#effect_01#,0,0,,,,,204,速度属性降低,0
440017,440017,6,70,1,0,100,100,44001701,0,16,0,0,0,0,坚硬,谋略属性降低#effect_01#,0,0,,,,,203,谋略属性降低,0
440019,440019,6,70,1,0,100,100,44001901,0,16,0,0,0,0,沉重,速度属性降低#effect_01#,0,0,,,,,204,速度属性降低,0
440020,440020,6,70,1,0,100,100,44002001,0,16,0,0,0,0,坚硬,谋略属性降低#effect_01#,0,0,,,,,203,谋略属性降低,0
440022,440022,6,70,1,0,100,100,44002201,0,16,0,0,0,0,沉重,速度属性降低#effect_01#,0,0,,,,,204,速度属性降低,0
440023,440023,6,70,1,0,100,100,44002301,0,16,0,0,0,0,坚硬,谋略属性降低#effect_01#,0,0,,,,,203,谋略属性降低,0
440025,440025,6,70,1,0,100,100,44002501,0,16,0,0,0,0,浮华,攻击属性降低#effect_01#,0,0,,,,,201,攻击属性降低,0
440026,440026,6,70,1,0,100,100,44002601,0,16,0,0,0,0,沉重,速度属性降低#effect_01#,0,0,,,,,204,速度属性降低,0
440028,440028,6,70,1,0,100,100,44002801,0,16,0,0,0,0,虚饰,攻击属性降低#effect_01#,0,0,,,,,201,攻击属性降低,0
440029,440029,6,70,1,0,100,100,44002901,0,16,0,0,0,0,坚硬,谋略属性降低#effect_01#,0,0,,,,,203,谋略属性降低,0
440031,440031,6,70,1,0,100,100,44003101,0,16,0,0,0,0,沉重,速度属性降低#effect_01#,0,0,,,,,204,速度属性降低,0
440032,440032,6,70,1,0,100,100,44003201,0,16,0,0,0,0,坚硬,谋略属性降低#effect_01#,0,0,,,,,203,谋略属性降低,0
440034,440034,6,70,1,0,100,100,44003401,0,16,0,0,0,0,沉重,速度属性降低#effect_01#,0,0,,,,,204,速度属性降低,0
440035,440035,6,70,1,0,100,100,44003501,0,16,0,0,0,0,坚硬,谋略属性降低#effect_01#,0,0,,,,,203,谋略属性降低,0
440040,440040,6,70,1,0,100,100,44004001,0,16,0,0,0,0,虚饰,攻击属性降低#effect_01#,0,0,,,,,201,攻击属性降低,0
440041,440041,6,70,1,0,100,100,44004101,0,16,0,0,0,0,沉重,速度属性降低#effect_01#,0,0,,,,,204,速度属性降低,0
440043,440043,6,70,1,0,100,100,44004301,0,16,0,0,0,0,沉重,速度属性降低#effect_01#,0,0,,,,,204,速度属性降低,0
440044,440044,6,70,1,0,100,100,44004401,0,16,0,0,0,0,过砺,防御属性降低#effect_01#,0,0,,,,,202,防御属性降低,0
440046,440046,6,70,1,0,100,100,44004601,0,16,0,0,0,0,沉重,速度属性降低#effect_01#,0,0,,,,,204,速度属性降低,0
440047,440047,6,70,1,0,100,100,44004701,0,16,0,0,0,0,坚硬,谋略属性降低#effect_01#,0,0,,,,,203,谋略属性降低,0
440049,440049,6,70,1,0,100,100,44004901,0,16,0,0,0,0,松软,攻击属性降低#effect_01#,0,0,,,,,201,攻击属性降低,0
440050,440050,6,70,1,0,100,100,44005001,0,16,0,0,0,0,厚实,速度属性降低#effect_01#,0,0,,,,,204,速度属性降低,0
440052,440052,6,70,1,0,100,100,44005201,0,16,0,0,0,0,浮华,攻击属性降低#effect_01#,0,0,,,,,201,攻击属性降低,0
440053,440053,6,70,1,0,100,100,44005301,0,16,0,0,0,0,沉重,速度属性降低#effect_01#,0,0,,,,,204,速度属性降低,0
440055,440055,6,70,1,0,100,100,44005501,0,16,0,0,0,0,过砺,防御属性降低#effect_01#,0,0,,,,,202,防御属性降低,0
440056,440056,6,70,1,0,100,100,44005601,0,16,0,0,0,0,短小,攻击属性降低#effect_01#,0,0,,,,,201,攻击属性降低,0
440058,440058,6,70,1,0,100,100,44005801,0,16,0,0,0,0,沉重,速度属性降低#effect_01#,0,0,,,,,204,速度属性降低,0
440059,440059,6,70,1,0,100,100,44005901,0,16,0,0,0,0,坚硬,谋略属性降低#effect_01#,0,0,,,,,203,谋略属性降低,0
440061,440061,6,70,1,0,100,100,44006101,0,16,0,0,0,0,沉重,速度属性降低#effect_01#,0,0,,,,,204,速度属性降低,0
440062,440062,6,70,1,0,100,100,44006201,0,16,0,0,0,0,虚饰,攻击属性降低#effect_01#,0,0,,,,,201,攻击属性降低,0
440064,440064,6,70,1,0,100,100,44006401,0,16,0,0,0,0,虚饰,攻击属性降低#effect_01#,0,0,,,,,201,攻击属性降低,0
440065,440065,6,70,1,0,100,100,44006501,0,16,0,0,0,0,坚硬,谋略属性降低#effect_01#,0,0,,,,,203,谋略属性降低,0
440070,440070,6,70,1,0,100,100,44007001,0,16,0,0,0,0,沉重,速度属性降低#effect_01#,0,0,,,,,204,速度属性降低,0
440071,440071,6,70,1,0,100,100,44007101,0,16,0,0,0,0,坚硬,谋略属性降低#effect_01#,0,0,,,,,203,谋略属性降低,0
440073,440073,6,70,1,0,100,100,44007301,0,16,0,0,0,0,沉重,速度属性降低#effect_01#,0,0,,,,,204,速度属性降低,0
440074,440074,6,70,1,0,100,100,44007401,0,16,0,0,0,0,坚硬,谋略属性降低#effect_01#,0,0,,,,,203,谋略属性降低,0
440076,440076,6,70,1,0,100,100,44007601,0,16,0,0,0,0,过砺,防御属性降低#effect_01#,0,0,,,,,202,防御属性降低,0
440077,440077,6,70,1,0,100,100,44007701,0,16,0,0,0,0,短小,攻击属性降低#effect_01#,0,0,,,,,201,攻击属性降低,0
440079,440079,6,70,1,0,100,100,44007901,0,16,0,0,0,0,短小,攻击属性降低#effect_01#,0,0,,,,,201,攻击属性降低,0
440080,440080,6,70,1,0,100,100,44008001,0,16,0,0,0,0,沉重,速度属性降低#effect_01#,0,0,,,,,204,速度属性降低,0
440082,440082,6,70,1,0,100,100,44008201,0,16,0,0,0,0,沉重,速度属性降低#effect_01#,0,0,,,,,204,速度属性降低,0
440083,440083,6,70,1,0,100,100,44008301,0,16,0,0,0,0,坚硬,谋略属性降低#effect_01#,0,0,,,,,203,谋略属性降低,0
440085,440085,6,70,1,0,100,100,44008501,0,16,0,0,0,0,过砺,防御属性降低#effect_01#,0,0,,,,,202,防御属性降低,0
440086,440086,6,70,1,0,100,100,44008601,0,16,0,0,0,0,短小,攻击属性降低#effect_01#,0,0,,,,,201,攻击属性降低,0
440088,440088,6,70,1,0,100,100,44008801,0,16,0,0,0,0,过砺,防御属性降低#effect_01#,0,0,,,,,202,防御属性降低,0
440089,440089,6,70,1,0,100,100,44008901,0,16,0,0,0,0,短小,攻击属性降低#effect_01#,0,0,,,,,201,攻击属性降低,0
440091,440091,6,70,1,0,100,100,44009101,0,16,0,0,0,0,沉重,速度属性降低#effect_01#,0,0,,,,,204,速度属性降低,0
440092,440092,6,70,1,0,100,100,44009201,0,16,0,0,0,0,坚硬,谋略属性降低#effect_01#,0,0,,,,,203,谋略属性降低,0
440094,440094,6,70,1,0,100,100,44009401,0,16,0,0,0,0,松软,攻击属性降低#effect_01#,0,0,,,,,201,攻击属性降低,0
440095,440095,6,70,1,0,100,100,44009501,0,16,0,0,0,0,厚实,速度属性降低#effect_01#,0,0,,,,,204,速度属性降低,0
440097,440097,6,70,1,0,100,100,44009701,0,16,0,0,0,0,浮华,攻击属性降低#effect_01#,0,0,,,,,201,攻击属性降低,0
440098,440098,6,70,1,0,100,100,44009801,0,16,0,0,0,0,厚实,速度属性降低#effect_01#,0,0,,,,,204,速度属性降低,0
440100,440100,6,70,1,0,100,100,44010001,0,16,0,0,0,0,沉重,速度属性降低#effect_01#,0,0,,,,,204,速度属性降低,0
440101,440101,6,70,1,0,100,100,44010101,0,16,0,0,0,0,虚饰,攻击属性降低#effect_01#,0,0,,,,,201,攻击属性降低,0
440103,440103,6,70,1,0,100,100,44010301,0,16,0,0,0,0,沉重,速度属性降低#effect_01#,0,0,,,,,204,速度属性降低,0
440104,440104,6,70,1,0,100,100,44010401,0,16,0,0,0,0,虚饰,攻击属性降低#effect_01#,0,0,,,,,201,攻击属性降低,0
440106,440106,6,70,1,0,100,100,44010601,0,16,0,0,0,0,坚硬,谋略属性降低#effect_01#,0,0,,,,,203,谋略属性降低,0
440107,440107,6,70,1,0,100,100,44010701,0,16,0,0,0,0,沉重,速度属性降低#effect_01#,0,0,,,,,204,速度属性降低,0
440109,440109,6,70,1,0,100,100,44010901,0,16,0,0,0,0,坚硬,谋略属性降低#effect_01#,0,0,,,,,203,谋略属性降低,0
440110,440110,6,70,1,0,100,100,44011001,0,16,0,0,0,0,沉重,速度属性降低#effect_01#,0,0,,,,,204,速度属性降低,0
450002,450002,6,70,1,0,100,100,45000201,0,17,0,0,0,0,骁锐,攻击属性提高#effect_01#%,0,0,,,,,101,攻击属性提高,0
450003,450003,6,70,1,0,100,100,45000301,0,17,0,0,0,0,灵动,速度属性提高#effect_01#,0,0,,,,,104,速度属性提高,0
450006,450006,6,70,1,0,100,100,45000601,0,17,0,0,0,0,稳固,防御属性提高#effect_01#%,0,0,,,,,102,防御属性提高,0
450008,450008,6,70,1,0,100,100,45000801,0,17,0,0,0,0,天资,谋略属性提高#effect_01#%,0,0,,,,,103,谋略属性提高,0
450009,450009,6,70,1,0,100,100,45000901,0,17,0,0,0,0,亢厉,主动及追击武将主战法伤害提高#effect_01#%,0,0,,,,,322,主动战法伤害提高,0
450010,450010,6,70,1,0,100,100,45001001,0,17,0,0,0,0,英勇,造成攻击伤害的武将主战法发动率提高#effect_01#%,0,0,,,,,131,发动率提高,0
450011,450011,6,70,1,0,100,100,45001101,0,17,0,0,0,0,善谋,@第4，6回合@，造成攻击伤害的武将主战法发动率提高#subsk_451011_effect_01#%,0,0,,,,,122,子技能（有益）,0
450012,450012,6,70,1,0,100,100,45001201,0,17,0,0,0,0,炫惑,恐慌及妖术伤害提高#effect_01#%,0,0,,,,,251,特殊伤害提高,0
450013,450013,6,70,1,0,100,100,45001301,0,17,0,0,0,0,驱火,燃烧及火攻伤害提高#effect_01#%,0,0,,,,,251,特殊伤害提高,0
450014,450014,6,70,1,0,100,100,45001401,0,17,0,0,0,0,无畏,追击战法伤害提高#effect_01#%,0,0,,,,,325,追击战法伤害提高,0
450015,450015,6,70,1,0,100,100,45001501,0,17,0,0,0,0,陷阵,普通攻击伤害提高#effect_01#%,0,0,,,,,321,普通攻击伤害提高,0
450016,450016,6,70,1,0,100,100,45001601,0,17,0,0,0,0,仁心,造成的恢复效果提高#effect_01#%,0,0,,,,,271,造成恢复效果提高,0
450017,450017,6,70,1,0,100,100,45001701,0,17,0,0,0,0,熟虑,需要准备的主动武将主战法发动率提高#effect_01#%,0,0,,,,,131,发动率提高,0
450018,450018,6,70,1,0,100,100,45001801,0,17,0,0,0,0,威势,受到初始统率值低于自身武将的所有伤害降低#subsk_451018_effect_01#%,0,0,,,,,122,子技能（有益）,0
450019,450019,6,70,1,0,100,100,45001901,0,17,0,0,0,0,击虚,正式回合后，目标每存在一种持续性伤害或控制效果，自身对其造成的伤害提升#subsk_451019_effect_01#%，最多可计算5种,0,0,,,,,122,子技能（有益）,0
450020,450020,6,70,1,0,100,100,45002001,0,17,0,0,0,0,不屈,每次受到伤害后，本回合受到所有伤害降低#subsk_451020_effect_01#%，该效果可叠加,0,0,,,,,122,子技能（有益）,0
450021,450021,6,70,1,0,100,100,45002101,0,17,0,0,0,0,破敌,造成的攻击伤害无视目标#effect_01#%的防御属性,0,0,,,,,161,无视敌方属性,0
450022,450022,6,70,5,0,100,100,45002201,0,17,0,0,0,0,济世,主战法每造成一次恢复效果，效果目标下一次受到伤害减少#subsk_451022_effect_01#%，该效果可叠加,0,0,,,,,122,子技能（有益）,0
450023,450023,6,70,1,0,100,100,45002301,0,17,0,0,0,0,颖悟,造成的策略伤害无视敌方#effect_01#%的谋略属性,0,0,,,,,161,无视敌方属性,0
450024,450024,6,70,1,0,100,100,45002401,0,17,0,0,0,0,强韧,受到的普通攻击伤害降低#effect_01#%,0,0,,,,,351,受到普通攻击伤害降低,0
450025,450025,6,70,1,0,100,100,45002501,0,17,0,0,0,0,沉稳,受到的指挥战法伤害降低#effect_01#%,0,0,,,,,354,受到指挥战法伤害降低,0
450028,450028,6,70,1,0,100,100,45002801,0,17,0,0,0,0,坚忍,受到的主动战法伤害降低#effect_01#%,0,0,,,,,352,受到主动战法伤害降低,0
450032,450032,6,70,1,0,100,100,45003201,0,17,0,0,0,0,机敏,武将主战法发动率提高#effect_01#%,0,0,,,,,131,发动率提高,0
450034,450034,6,70,1,0,100,100,45003401,0,17,0,0,0,0,奔袭,追击战法发动率提高#effect_01#%,0,0,,,,,131,发动率提高,0
450035,450035,6,70,1,0,100,100,45003501,0,17,0,0,0,0,至策,主动战法伤害提高#effect_01#%,0,0,,,,,322,主动战法伤害提高,0
450036,450036,6,70,1,0,100,100,45003601,0,17,0,0,0,0,艮止,自身无法普通攻击，谋略属性提高#effect_02#,0,0,,,,,952,不能普通攻击,0
450037,450037,6,70,1,0,100,100,45003701,0,17,0,0,0,0,筹算,造成策略伤害的武将主战法发动率提高#effect_01#%,0,0,,,,,131,发动率提高,0
450038,450038,6,70,1,0,100,100,45003801,0,17,0,0,0,0,选锋,普通攻击后，自身下一次造成策略伤害提高#subsk_451038_effect_01#%,0,0,,,,,122,子技能（有益）,0
450040,450040,6,70,1,0,100,100,45004001,0,17,0,0,0,0,蓄锐,每2次普通攻击，自身追击战法伤害提高#effect_01#%，可叠加,0,0,,,,,325,追击战法伤害提高,0
450041,450041,6,70,1,0,100,100,45004101,0,17,0,0,0,0,破阵,对距离最近的目标造成伤害时，使目标受到的该次伤害提升#subsk_451041_effect_01#%,0,0,,,,,122,子技能（有益）,0
450042,450042,6,70,1,0,100,100,45004201,0,17,0,0,0,0,不懈,自身每低于初始兵力15%，受到的恢复效果提升#subsk_451042_effect_01#%,0,0,,,,,122,子技能（有益）,0
450043,450043,6,70,1,0,100,100,45004301,0,17,0,0,0,0,戒备,前2回合受到的所有伤害降低#effect_01#%,0,0,,,,,522,受到攻击伤害降低,0
451011,451011,6,70,1,0,100,100,45101101,0,17,0,0,0,0,善谋,子技能,0,0,,,,,131,发动率提高,0
451018,451018,6,70,5,0,100,100,45101801,0,17,0,0,0,0,威势,威势子技能,0,0,,,,,522,受到攻击伤害降低,0
451019,451019,6,70,1,0,100,100,45101901,0,17,0,0,0,0,击虚,子技能,0,0,,,,,531,攻击伤害提高,0
451020,451020,6,70,5,0,100,100,45102001,0,17,0,0,0,0,不屈,子技能,0,0,,,,,522,受到攻击伤害降低,0
451022,451022,6,70,1,0,100,100,45102201,0,17,0,0,0,0,济世,子技能,0,0,,,,,522,受到攻击伤害降低,0
451038,451038,6,70,1,0,100,100,45103801,0,17,0,0,0,0,选锋,子技能,0,0,,,,,533,策略攻击伤害提高,0
451041,451041,6,70,5,0,100,100,45104101,0,17,0,0,0,0,破阵,子技能,0,0,,,,,521,受到攻击伤害提高,0
451042,451042,6,70,1,0,100,100,45104201,0,17,0,0,0,0,不懈,子技能,0,0,,,,,281,受到恢复效果提高,0
451119,451119,6,70,1,0,100,100,45111901,0,17,0,0,0,0,击虚,子技能,0,0,,,,,122,子技能（有益）,0
451919,451919,6,70,1,0,100,100,45191901,0,17,0,0,0,0,击虚,子技能,0,0,,,,,531,攻击伤害提高,0
452041,452041,6,70,5,0,100,100,45204101,0,17,0,0,0,0,破阵,子技能,0,0,,,,,152,移除效果,0
453019,453019,6,70,1,0,100,100,45301901,0,17,0,0,0,0,击虚,子技能,0,0,,,,,531,攻击伤害提高,0
454019,454019,6,70,1,0,100,100,45401901,0,17,0,0,0,0,击虚,子技能,0,0,,,,,531,攻击伤害提高,0
455019,455019,6,70,1,0,100,100,45501901,0,17,0,0,0,0,击虚,子技能,0,0,,,,,531,攻击伤害提高,0
456019,456019,6,70,1,0,100,100,45601901,0,17,0,0,0,0,击虚,子技能,0,0,,,,,533,策略攻击伤害提高,0
457019,457019,6,70,1,0,100,100,45701901,0,17,0,0,0,0,击虚,子技能,0,0,,,,,533,策略攻击伤害提高,0
458019,458019,6,70,1,0,100,100,45801901,0,17,0,0,0,0,击虚,子技能,0,0,,,,,533,策略攻击伤害提高,0
459019,459019,6,70,1,0,100,100,45901901,0,17,0,0,0,0,击虚,子技能,0,0,,,,,533,策略攻击伤害提高,0
459119,459119,6,70,1,0,100,100,45911901,0,17,0,0,0,0,击虚,子技能,0,0,,,,,533,策略攻击伤害提高,0
460001,460001,6,70,1,0,100,100,46000101,0,17,0,0,0,0,强击,@前1回合@普通攻击不会触发反击,0,0,,,,,553,无视反击,0
460002,460002,6,70,1,0,100,100,46000201,0,17,0,0,0,0,强击,@前2回合@普通攻击不会触发反击,0,0,,,,,553,无视反击,0
460003,460003,6,70,1,0,100,100,46000301,0,17,0,0,0,0,强击,@前3回合@普通攻击不会触发反击,0,0,,,,,553,无视反击,0
460004,460004,6,70,1,0,100,100,46000401,0,17,0,0,0,0,强击,@前4回合@普通攻击不会触发反击,0,0,,,,,553,无视反击,0
460005,460005,6,70,1,0,100,100,46000501,0,17,0,0,0,0,强击,@前5回合@普通攻击不会触发反击,0,0,,,,,553,无视反击,0
460031,460031,6,70,1,0,100,100,46003101,0,17,0,0,0,0,坚毅,@前2回合@免疫混乱及暴走,0,0,,,,,791,免疫混乱(预备),0
460032,460032,6,70,1,0,100,100,46003201,0,17,0,0,0,0,坚毅,@前3回合@免疫混乱及暴走,0,0,,,,,791,免疫混乱(预备),0
460033,460033,6,70,1,0,100,100,46003301,0,17,0,0,0,0,坚毅,@前4回合@免疫混乱及暴走,0,0,,,,,791,免疫混乱(预备),0
460034,460034,6,70,1,0,100,100,46003401,0,17,0,0,0,0,坚毅,@前5回合@免疫混乱及暴走,0,0,,,,,791,免疫混乱(预备),0
460035,460035,6,70,1,0,100,100,46003501,0,17,0,0,0,0,坚毅,@前6回合@免疫混乱及暴走,0,0,,,,,791,免疫混乱(预备),0
460051,460051,6,70,1,0,100,100,46005101,0,17,0,0,0,0,清毅,@第5回合@武将行动时获得洞察状态,0,0,,,,,711,洞察(预备),0
460052,460052,6,70,1,0,100,100,46005201,0,17,0,0,0,0,清毅,@第5-6回合@武将行动时获得洞察状态,0,0,,,,,711,洞察(预备),0
460053,460053,6,70,1,0,100,100,46005301,0,17,0,0,0,0,清毅,@第5-7回合@武将行动时获得洞察状态,0,0,,,,,711,洞察(预备),0
460054,460054,6,70,1,0,100,100,46005401,0,17,0,0,0,0,清毅,@第5-8回合@武将行动时获得洞察状态,0,0,,,,,711,洞察(预备),0
460061,460061,6,70,1,0,100,100,46006101,0,17,0,0,0,0,惑言,正式回合后武将主战法成功施加的前1个控制效果增加@1回合@,0,0,,,,,122,子技能（有益）,0
460062,460062,6,70,1,0,100,100,46006201,0,17,0,0,0,0,惑言,正式回合后武将主战法成功施加的前2个控制效果增加@1回合@,0,0,,,,,122,子技能（有益）,0
460063,460063,6,70,1,0,100,100,46006301,0,17,0,0,0,0,惑言,正式回合后武将主战法成功施加的前3个控制效果增加@1回合@,0,0,,,,,122,子技能（有益）,0
460064,460064,6,70,1,0,100,100,46006401,0,17,0,0,0,0,惑言,正式回合后武将主战法成功施加的前4个控制效果增加@1回合@,0,0,,,,,122,子技能（有益）,0
460071,460071,6,70,1,0,100,100,46007101,0,17,0,0,0,0,识破,@前1回合@，主动及追击武将主战法造成的伤害无视规避,0,0,,,,,515,无视规避,0
460072,460072,6,70,1,0,100,100,46007201,0,17,0,0,0,0,识破,@前2回合@，主动及追击武将主战法造成的伤害无视规避,0,0,,,,,515,无视规避,0
460073,460073,6,70,1,0,100,100,46007301,0,17,0,0,0,0,识破,@前3回合@，主动及追击武将主战法造成的伤害无视规避,0,0,,,,,515,无视规避,0
460074,460074,6,70,1,0,100,100,46007401,0,17,0,0,0,0,识破,@前4回合@，主动及追击武将主战法造成的伤害无视规避,0,0,,,,,515,无视规避,0
461061,461061,6,70,1,0,100,100,46106101,0,17,0,0,0,0,惑言,子技能,0,0,,,,,311,控制延长,0
461062,461062,6,70,1,0,100,100,46106201,0,17,0,0,0,0,惑言,子技能,0,0,,,,,311,控制延长,0
461063,461063,6,70,1,0,100,100,46106301,0,17,0,0,0,0,惑言,子技能,0,0,,,,,311,控制延长,0
461064,461064,6,70,1,0,100,100,46106401,0,17,0,0,0,0,惑言,子技能,0,0,,,,,311,控制延长,0
470001,470001,6,70,3,0,100,100,47000101,0,19,0,0,0,0,禁军,使自身带兵上限提高#5000#,0,0,,,,,77,标记,0
470002,470002,6,70,3,0,100,100,47000201,0,19,0,0,0,0,领兵,使自身带兵上限提高#200#,0,0,,,,,77,标记,0
470003,470003,6,70,3,0,100,100,47000301,0,19,0,0,0,0,领兵,使自身带兵上限提高#400#,0,0,,,,,77,标记,0
470004,470004,6,70,3,0,100,100,47000401,0,19,0,0,0,0,领兵,使自身带兵上限提高#600#,0,0,,,,,77,标记,0
470005,470005,6,70,3,0,100,100,47000501,0,19,0,0,0,0,统率,使自身初始统率值下降#0.5#,0,0,,,,,77,标记,0
470006,470006,6,70,3,0,100,100,47000601,0,19,0,0,0,0,稳固,我军前锋、中军防御属性提高#effect_12#,0,0,,,,,122,子技能（有益）,0
470007,470007,6,70,3,0,100,100,47000701,0,19,0,0,0,0,英姿,我军前锋、中军谋略属性提高#effect_12#,0,0,,,,,122,子技能（有益）,0
470008,470008,6,70,3,0,100,100,47000801,0,19,0,0,0,0,陷阵,我军全体普通攻击伤害提高#effect_01#%,0,0,,,,,321,普通攻击伤害提高,0
470009,470009,6,70,3,0,100,100,47000901,0,19,0,0,0,0,再战,我军全体以前4回合无法发动主动战法为代价，第7回合开始可以进行两次普通攻击,0,0,,,,,902,无法发动主动战法,0
470010,470010,6,70,3,0,100,100,47001001,0,19,0,0,0,0,亢厉,我军全体主动武将主战法伤害提高#effect_01#%,0,0,,,,,322,主动战法伤害提高,0
470011,470011,6,70,3,0,100,100,47001101,0,19,0,0,0,0,善谋,我军全体武将每学习一个非主动类战法，其自身造成伤害的主动武将主战法发动率提高#subsk_471011_effect_01#%,0,0,,,,,122,子技能（有益）,0
470012,470012,6,70,3,0,100,100,47001201,0,19,0,0,0,0,惑言,我军全体每个武将主战法正式回合后成功施加的前1个控制效果增加1回合,0,0,,,,,122,子技能（有益）,0
470013,470013,6,70,3,0,100,100,47001301,0,19,0,0,0,0,惑言,我军全体每个武将主战法正式回合后成功施加的前2个控制效果增加1回合,0,0,,,,,122,子技能（有益）,0
470014,470014,6,70,3,0,100,100,47001401,0,19,0,0,0,0,破敌,我军全体造成的攻击伤害无视目标#effect_01#%的防御属性,0,0,,,,,161,无视敌方属性,0
470015,470015,6,70,3,0,100,100,47001501,0,19,0,0,0,0,坚毅,我军全体前2回合免疫混乱及暴走,0,0,,,,,791,免疫混乱(预备),0
470016,470016,6,70,3,0,100,100,47001601,0,19,0,0,0,0,抖擞,我军全体受到的恢复效果提高#effect_01#%,0,0,,,,,281,受到恢复效果提高,0
470017,470017,6,70,3,0,100,100,47001701,0,19,0,0,0,0,回春,我军全体每回合首次受到伤害时，恢复一定兵力（恢复率#subsk_471017_effect_01#%）,0,0,,,,,122,子技能（有益）,0
470018,470018,6,70,3,0,100,100,47001801,0,19,0,0,0,0,长辔,我军中军攻击距离+1,0,0,,,,,106,攻击距离提高,0
470019,470019,6,70,3,0,100,100,47001901,0,19,0,0,0,0,雄图,我军大营战法距离+1,0,0,,,,,171,战法有效距离提高,0
470020,470020,6,70,3,0,100,100,47002001,0,19,0,0,0,0,诛责,对兵力低于初始兵力20%时的目标造成的伤害提升#effect_01#%,0,0,,,,,531,攻击伤害提高,0
470021,470021,6,70,3,0,100,100,47002101,0,19,0,0,0,0,诛责,对兵力低于初始兵力25%时的目标造成的伤害提升#effect_01#%,0,0,,,,,531,攻击伤害提高,0
470022,470022,6,70,5,0,100,100,47002201,0,19,0,0,0,0,诛责,使敌军全体在兵力低于初始兵力75%时受到的所有伤害提升#subsk_472022_effect_01#%,0,0,,,,,123,子技能（有害）,0
470023,470023,6,70,5,0,100,100,47002301,0,19,0,0,0,0,诛责,使敌军全体在兵力低于初始兵力25%时受到的所有伤害提升#subsk_472023_effect_01#%,0,0,,,,,123,子技能（有害）,0
470024,470024,6,70,3,0,100,100,47002401,0,19,0,0,0,0,飞令,我军全体速度属性提高#effect_01#,0,0,,,,,104,速度属性提高,0
470025,470025,6,70,3,0,100,100,47002501,0,19,0,0,0,0,迅机,我军全体发动需要准备的主战法时，有#prob_param_01#的几率跳过1回合的准备时间,0,0,,,,,581,减少自带战法准备回合,0
470026,470026,6,70,3,0,100,100,47002601,0,19,0,0,0,0,威势,我军全体受到初始统率值低于自身武将的所有伤害减少#subsk_472026_effect_01#%,0,0,,,,,122,子技能（有益）,0
470027,470027,6,70,3,0,100,100,47002701,0,19,0,0,0,0,威势,我军全体受到初始统率值低于自身武将的所有伤害减少#subsk_472027_effect_01#%,0,0,,,,,122,子技能（有益）,0
470028,470028,6,70,3,0,100,100,47002801,0,19,0,0,0,0,威势,我军全体受到初始统率值低于自身武将的所有伤害减少#subsk_472028_effect_01#%,0,0,,,,,122,子技能（有益）,0
470029,470029,6,70,3,0,100,100,47002901,0,19,0,0,0,0,威势,我军全体受到初始统率值低于自身武将的所有伤害减少#subsk_472029_effect_01#%,0,0,,,,,122,子技能（有益）,0
470031,470031,6,70,3,0,100,100,47003101,0,19,0,0,2,0,镇戍,我军全体作为防守方时，受到的所有伤害降低#effect_01#%,0,0,,,,,522,受到攻击伤害降低,0
470032,470032,6,70,3,0,100,100,47003201,0,19,0,0,2,0,镇戍,我军全体作为防守方时，受到的所有伤害降低#effect_01#%,0,0,,,,,522,受到攻击伤害降低,0
470033,470033,6,70,3,0,100,100,47003301,0,19,0,0,2,0,镇戍,我军全体作为防守方时，受到的所有伤害降低#effect_01#%,0,0,,,,,522,受到攻击伤害降低,0
470034,470034,6,70,3,0,100,100,47003401,0,19,0,0,2,0,镇戍,我军全体作为防守方时，受到的所有伤害降低#effect_01#%,0,0,,,,,522,受到攻击伤害降低,0
470035,470035,6,70,3,0,100,100,47003501,0,19,0,0,0,0,暂避,每造成3次攻击伤害后，有#prob_param_01#几率使自身无法成为主动战法、追击战法和普通攻击的目标，持续1回合,0,0,,,,,122,子技能（有益）,0
470038,470038,6,70,3,0,100,100,47003801,0,19,0,0,0,0,乘胜,成功发动主动武将主战法后，有#prob_param_01#几率再次发动（不会跳过准备回合）,0,0,,,,,122,子技能（有益）,0
470040,470040,6,70,5,0,100,100,47004001,0,19,0,0,0,0,达尊,战斗开始时，自身初始统率值每高于一名敌方武将，主战法发动率提升#effect_01#%,0,0,,,,,131,发动率提高,0
470042,470042,6,70,3,0,100,100,47004201,0,19,0,0,0,0,清心,每回合自身行动前，有#prob_param_01#几率移除自身所有负面效果,0,0,,,,,122,子技能（有益）,0
470043,470043,6,70,3,0,100,100,47004301,0,19,0,0,0,0,魅惑,每对敌方成功施加一次控制效果，为自身恢复一定兵力（恢复率#effect_01#%）,0,0,,,,,401,急救,0
470044,470044,6,70,1,0,100,100,47004401,0,19,0,0,0,0,惑言,每为友军恢复一次兵力，使自身下一次造成的控制效果延长#1回合#,0,0,,,,,122,子技能（有益）,0
470045,470045,6,70,3,0,100,100,47004501,0,19,0,0,0,0,蓄势,未成功发动造成策略攻击伤害的主战法后，使其下回合发动率提升#subsk_471045_effect_01#%，可叠加,0,0,,,,,122,子技能（有益）,0
471006,471006,6,70,3,0,100,100,47100601,0,19,0,0,0,0,稳固,子技能,0,0,,,,,77,标记,0
471007,471007,6,70,3,0,100,100,47100701,0,19,0,0,0,0,英姿,子技能,0,0,,,,,77,标记,0
471009,471009,6,70,3,0,100,100,47100901,0,19,0,0,0,0,再战,子技能,0,0,,,,,544,连击,0
471011,471011,6,70,3,0,100,100,47101101,0,19,0,0,0,0,善谋,子技能,0,0,,,,,131,发动率提高,0
471012,471012,6,70,3,0,100,100,47101201,0,19,0,0,0,0,惑言,子技能,0,0,,,,,311,控制延长,0
471013,471013,6,70,3,0,100,100,47101301,0,19,0,0,0,0,惑言,子技能,0,0,,,,,311,控制延长,0
471017,471017,6,70,3,0,100,100,47101701,0,19,0,0,0,0,回春,青囊子技能,0,0,,,,,401,急救,0
471022,471022,6,70,5,0,100,100,47102201,0,19,0,0,0,0,诛责,诛责子技能,0,0,,,,,123,子技能（有害）,0
471023,471023,6,70,5,0,100,100,47102301,0,19,0,0,0,0,诛责,诛责子技能,0,0,,,,,123,子技能（有害）,0
471026,471026,6,70,5,0,100,100,47102601,0,19,0,0,0,0,威势,威势子技能,0,0,,,,,122,子技能（有益）,0
471027,471027,6,70,5,0,100,100,47102701,0,19,0,0,0,0,威势,威势子技能,0,0,,,,,122,子技能（有益）,0
471028,471028,6,70,5,0,100,100,47102801,0,19,0,0,0,0,威势,威势子技能,0,0,,,,,122,子技能（有益）,0
471029,471029,6,70,5,0,100,100,47102901,0,19,0,0,0,0,威势,威势子技能,0,0,,,,,122,子技能（有益）,0
471035,471035,6,70,3,0,100,100,47103501,0,19,0,0,0,0,暂避,暂避子技能,0,0,,,,,193,无法成为主动战法目标,0
471042,471042,6,70,3,0,100,100,47104201,0,1,0,0,0,0,清心,子技能,0,0,,,,,513,镇静,0
471044,471044,6,70,1,0,100,100,47104401,0,19,0,0,0,0,惑言,子技能,0,0,,,,,312,全体控制延长,0
471045,471045,6,70,3,0,100,100,47104501,0,19,0,0,0,0,蓄势,子技能,0,0,,,,,131,发动率提高,0
472022,472022,6,70,5,0,100,100,47202201,0,19,0,0,0,0,诛责,诛责子技能,0,0,,,,,521,受到攻击伤害提高,0
472023,472023,6,70,5,0,100,100,47202301,0,19,0,0,0,0,诛责,诛责子技能,0,0,,,,,521,受到攻击伤害提高,0
472026,472026,6,70,5,0,100,100,47202601,0,19,0,0,0,0,威势,威势子技能,0,0,,,,,522,受到攻击伤害降低,0
472027,472027,6,70,5,0,100,100,47202701,0,19,0,0,0,0,威势,威势子技能,0,0,,,,,522,受到攻击伤害降低,0
472028,472028,6,70,5,0,100,100,47202801,0,19,0,0,0,0,威势,威势子技能,0,0,,,,,522,受到攻击伤害降低,0
472029,472029,6,70,5,0,100,100,47202901,0,19,0,0,0,0,威势,威势子技能,0,0,,,,,522,受到攻击伤害降低,0
510001,510001,4,50,1,0,100,100,51000101,4,1,0,0,0,0,被动恢复单体1,前3回合，使自身受到普通攻击伤害时，有#prob_param_01#的几率恢复一定兵力（恢复率#effect_01#%）,0,"3,",,S,4,恢复自身兵力,401,急救,0
510002,510002,4,50,1,0,100,100,51000201,4,1,0,0,0,0,被动恢复单体2,前3回合，使自身发动主动战法后，有#prob_param_01#的几率恢复一定兵力（恢复率#effect_01#%）,0,"3,",,S,4,恢复自身兵力,401,急救,0
510003,510003,4,50,1,0,100,100,51000301,4,1,0,0,0,0,被动恢复单体3,前3回合，使自身普通攻击后，有#prob_param_01#的几率恢复一定兵力（恢复率#effect_01#%）,0,"3,",,S,4,恢复自身兵力,401,急救,0
510004,510004,4,50,1,0,100,100,51000401,4,1,0,0,0,0,被动恢复单体4,前3回合，使自身发动追击战法后，有#prob_param_01#的几率恢复一定兵力（恢复率#effect_01#%）,0,"3,",,S,4,恢复自身兵力,401,急救,0
510005,510005,4,50,1,0,100,100,51000501,4,1,0,0,0,0,被动恢复单体5,前3回合，使自身行动开始前，有#prob_param_01#的几率恢复一定兵力（恢复率#effect_01#%）,0,"3,",,S,4,恢复自身兵力,401,急救,0
510006,510006,4,50,1,0,100,100,51000601,4,1,0,0,0,0,被动恢复单体6,使自身受到普通攻击伤害时，有#prob_param_01#的几率恢复一定兵力（恢复率#effect_01#%）,0,"3,",,S,4,恢复自身兵力,401,急救,0
510007,510007,4,50,1,0,100,100,51000701,4,1,0,0,0,0,被动恢复单体7,使自身发动主动战法后，有#prob_param_01#的几率恢复一定兵力（恢复率#effect_01#%）,0,"3,",,S,4,恢复自身兵力,401,急救,0
510008,510008,4,50,1,0,100,100,51000801,4,1,0,0,0,0,被动恢复单体8,使自身普通攻击后，有#prob_param_01#的几率恢复一定兵力（恢复率#effect_01#%）,0,"3,",,S,4,恢复自身兵力,401,急救,0
510009,510009,4,50,1,0,100,100,51000901,4,1,0,0,0,0,被动恢复单体9,使自身发动追击战法后，有#prob_param_01#的几率恢复一定兵力（恢复率#effect_01#%）,0,"3,",,S,4,恢复自身兵力,401,急救,0
510010,510010,4,50,1,0,100,100,51001001,4,1,0,0,0,0,被动恢复单体10,使自身行动开始前，有#prob_param_01#的几率恢复一定兵力（恢复率#effect_01#%）,0,"3,",,S,4,恢复自身兵力,401,急救,0
510011,510011,4,50,1,0,100,100,51001101,4,1,0,0,0,0,被动休整单体1,前3回合，使自身进入休整状态，每回合恢复一定兵力（恢复率#effect_01#%）,0,"3,",,S,4,使自身进入修整状态,402,休整,0
510012,510012,4,50,1,0,100,100,51001201,4,1,0,0,0,0,被动休整单体2,使自身进入休整状态，每回合恢复一定兵力（恢复率#effect_01#%）,0,"3,",,S,4,使自身进入修整状态,402,休整,0
510013,510013,4,50,1,0,100,100,51001301,4,1,0,0,0,0,被动休整单体3,使自身进入休整状态，每2回合恢复一定兵力（恢复率#effect_01#%）,0,"3,",,S,4,使自身进入修整状态,402,休整,0
510014,510014,4,50,3,0,100,100,51001401,4,1,0,0,0,0,被动援护单体1,当自身位于中军及前锋时，每回合开始有#prob_param_01#几率援护友军单体，持续#1回合#,0,"4,",,S,6,援护友军,122,子技能（有益）,0
510015,510015,4,50,3,0,100,100,51001501,4,1,0,0,0,0,被动援护单体2,当自身位于中军及前锋时，每回合开始有#prob_param_01#几率援护我军大营，持续#1回合#,0,"4,",,S,6,援护友军,122,子技能（有益）,0
510016,510016,4,50,3,0,100,100,51001601,4,1,0,0,0,0,被动援护群体1,当自身位于中军及前锋时，每回合开始有#prob_param_01#几率援护友军群体2目标，持续#1回合#,0,"4,",,S,6,援护友军,122,子技能（有益）,0
510017,510017,4,50,3,0,100,100,51001701,4,1,0,0,0,0,被动援护群体3,当自身位于中军及前锋时，当友军群体2目标受到普通攻击伤害，有#subsk_513017_prob_param_01#几率使自身下#1回合#对其进行援护,0,"4,",,S,6,援护友军,122,子技能（有益）,0
510018,510018,4,50,3,0,100,100,51001801,4,1,0,0,0,0,被动援护群体4,当自身位于中军及前锋时，当友军群体2目标受到普通攻击伤害，有##subsk_513018_prob_param_01#几率使自身下#2回合#对其进行援护,0,"4,",,S,6,援护友军,122,子技能（有益）,0
510019,510019,4,50,5,0,100,100,51001901,4,1,0,0,0,0,被动挑衅单体1,使自身位于中军及前锋时，每回合开始有#prob_param_01#几率挑衅敌军单体，持续#1回合#,0,"4,",,S,6,挑衅敌军,122,子技能（有益）,0
510020,510020,4,50,5,0,100,100,51002001,4,1,0,0,0,0,被动挑衅群体1,使自身位于中军及前锋时，每回合开始有#prob_param_01#几率挑衅敌军群体2目标，持续#1回合#,0,"4,",,S,6,挑衅敌军,122,子技能（有益）,0
510021,510021,4,50,5,0,100,100,51002101,4,1,0,0,0,0,被动挑衅全体1,使自身位于中军及前锋时，每回合开始有#prob_param_01#几率挑衅敌军全体3目标，持续#1回合#,0,"4,",,S,6,挑衅敌军,122,子技能（有益）,0
510022,510022,4,50,5,0,100,100,51002201,4,1,0,0,0,0,被动挑衅单体2,使自身位于中军及前锋时，自身受到伤害有#prob_param_01#几率挑衅伤害来源，使其下#1回合#攻击自身,0,"4,",,S,6,挑衅敌军,122,子技能（有益）,0
510023,510023,4,50,5,0,100,100,51002301,4,1,0,0,0,0,被动挑衅单体3,使自身位于中军及前锋时，自身受到伤害有#prob_param_01#几率挑衅伤害来源，使其下#2回合#攻击自身,0,"4,",,S,6,挑衅敌军,122,子技能（有益）,0
510024,510024,4,50,1,0,100,100,51002401,4,1,0,0,0,0,被动攻击+单体1,使自身攻击属性提高#effect_01#,0,"4,",,S,3,使自身攻击属性提升,101,攻击属性提高,0
510025,510025,4,50,1,0,100,100,51002501,4,1,0,0,0,0,被动攻击+单体5,使自身攻击属性提升#effect_01#，此效果每回合开始时额外叠加一次，持续到战斗结束,0,"4,",,S,3,使自身攻击属性提升,101,攻击属性提高,0
510026,510026,4,50,1,0,100,100,51002601,4,1,0,0,0,0,被动攻击+单体12,使自身每次受到伤害时有#subsk_511026_prob_param_01#概率攻击属性提高#subsk_510026_effect_01#，可叠加，持续到战斗结束,0,"4,",,S,3,使自身攻击属性提升,122,子技能（有益）,0
510028,510028,4,50,1,0,100,100,51002801,4,1,0,0,0,0,被动攻击+单体14,使自身每次造成伤害时有#subsk_511028_prob_param_01#概率攻击属性提高#subsk_511028_effect_01#，可叠加，持续到战斗结束,0,"4,",,S,3,使自身攻击属性提升,122,子技能（有益）,0
510030,510030,4,50,1,0,100,100,51003001,4,1,0,0,0,0,被动防御+单体1,使自身防御属性提高#effect_01#,0,"4,",,S,6,使自身防御属性提升,102,防御属性提高,0
510031,510031,4,50,1,0,100,100,51003101,4,1,0,0,0,0,被动防御+单体5,使自身防御属性提升#effect_01#，此效果每回合开始时额外叠加一次，持续到战斗结束,0,"4,",,S,6,使自身防御属性提升,102,防御属性提高,0
510032,510032,4,50,1,0,100,100,51003201,4,1,0,0,0,0,被动防御+单体12,使自身每次受到伤害时有#subsk_511032_prob_param_01#概率防御属性提高#subsk_511032_effect_01#，可叠加，持续到战斗结束,0,"4,",,S,6,使自身防御属性提升,122,子技能（有益）,0
510034,510034,4,50,1,0,100,100,51003401,4,1,0,0,0,0,被动防御+单体14,使自身每次造成伤害时有#subsk_511034_prob_param_01#概率防御属性提高#subsk_511034_effect_01#，可叠加，持续到战斗结束,0,"4,",,S,6,使自身防御属性提升,122,子技能（有益）,0
510036,510036,4,50,1,0,100,100,51003601,4,1,0,0,0,0,被动谋略+单体1,使自身谋略属性提高#effect_01#,0,"4,",,S,3,使自身谋略属性提升,103,谋略属性提高,0
510037,510037,4,50,1,0,100,100,51003701,4,1,0,0,0,0,被动谋略+单体5,使自身谋略属性提升#effect_01#，此效果每回合开始时额外叠加一次，持续到战斗结束,0,"4,",,S,3,使自身谋略属性提升,103,谋略属性提高,0
510038,510038,4,50,1,0,100,100,51003801,4,1,0,0,0,0,被动谋略+单体11,使自身每次受到伤害时有#subsk_511038_prob_param_01#概率谋略属性提高#subsk_511038_effect_01#，可叠加，持续到战斗结束,0,"4,",,S,3,使自身谋略属性提升,122,子技能（有益）,0
510040,510040,4,50,1,0,100,100,51004001,4,1,0,0,0,0,被动谋略+单体13,使自身每次造成伤害时有#subsk_511040_prob_param_01#概率谋略属性提高#subsk_511040_effect_01#，可叠加，持续到战斗结束,0,"4,",,S,3,使自身谋略属性提升,122,子技能（有益）,0
510042,510042,4,50,1,0,100,100,51004201,4,1,0,0,0,0,被动出物伤+单体2,使自身造成的攻击伤害提高#effect_01#%，此效果每回合开始时额外叠加一次，持续直到战斗结束,0,"4,",,S,3,使自身造成的攻击伤害提升,531,攻击伤害提高,0
510043,510043,4,50,1,0,100,100,51004301,4,1,0,0,0,0,被动出物伤+单体9,使自身每次造成攻击伤害时有#prob_param_01#概率使本次攻击伤害提高#effect_01#%,0,"4,",,S,3,使自身造成的攻击伤害提升,531,攻击伤害提高,0
510044,510044,4,50,1,0,100,100,51004401,4,1,0,0,0,0,被动出物伤+单体11,使自身每次造成攻击伤害时有#prob_param_01#概率使攻击伤害提高#effect_01#%，此效果最多可叠加5次,0,"4,",,S,3,使自身造成的攻击伤害提升,531,攻击伤害提高,0
510045,510045,4,50,1,0,100,100,51004501,4,1,0,0,0,0,被动出谋伤+单体2,使自身造成的策略攻击伤害提高#effect_01#%，此效果每回合开始时额外叠加一次，持续直到战斗结束,0,"4,",,S,3,使自身造成的策略伤害提升,533,策略攻击伤害提高,0
510046,510046,4,50,1,0,100,100,51004601,4,1,0,0,0,0,被动出谋伤+单体9,使自身每次造成策略攻击伤害时有#prob_param_01#概率使本次策略攻击伤害提高#effect_01#%,0,"4,",,S,3,使自身造成的策略伤害提升,533,策略攻击伤害提高,0
510047,510047,4,50,1,0,100,100,51004701,4,1,0,0,0,0,被动出谋伤+单体11,使自身每次造成策略攻击伤害时有#prob_param_01#概率使策略攻击伤害提高#effect_01#%，此效果最多可叠加5次,0,"4,",,S,3,使自身造成的策略伤害提升,533,策略攻击伤害提高,0
510048,510048,4,50,1,0,100,100,51004801,4,1,0,0,0,0,被动受物伤-单体3,使自身受到的攻击伤害降低#effect_01#%，此效果每回合开始时额外叠加一次，持续直到战斗结束,0,"4,",,S,6,使自身受到的攻击伤害降低,522,受到攻击伤害降低,0
510049,510049,4,50,1,0,100,100,51004901,4,1,0,0,0,0,被动受物伤-单体5,受到攻击伤害时有#prob_param_01#的几率使本次受到的攻击伤害降低#effect_01#%,0,"4,",,S,6,使自身受到的攻击伤害降低,522,受到攻击伤害降低,0
510050,510050,4,50,1,0,100,100,51005001,4,1,0,0,0,0,被动受物伤-单体7,每回合行动时使自身受到的攻击伤害降低#subsk_511050_effect_01#%，每当受到攻击伤害后，减伤效果降低1/4,0,"4,",,S,6,使自身受到的攻击伤害降低,122,子技能（有益）,0
510052,510052,4,50,1,0,100,100,51005201,4,1,0,0,0,0,被动受谋伤-单体3,使自身受到的策略攻击伤害降低#effect_01#%，此效果每回合开始时额外叠加一次，持续直到战斗结束,0,"4,",,S,6,使自身受到的策略伤害降低,524,受到策略攻击伤害降低,0
510053,510053,4,50,1,0,100,100,51005301,4,1,0,0,0,0,被动受谋伤-单体5,受到策略攻击伤害时有#prob_param_01#的几率使本次受到的策略攻击伤害降低#effect_01#%,0,"4,",,S,6,使自身受到的策略伤害降低,524,受到策略攻击伤害降低,0
510054,510054,4,50,1,0,100,100,51005401,4,1,0,0,0,0,被动受谋伤-单体7,每回合行动时使自身受到的策略攻击伤害降低#subsk_511054_effect_01#%，每当受到策略攻击伤害后，减伤效果降低1/4,0,"4,",,S,6,使自身受到的策略伤害降低,122,子技能（有益）,0
510055,510055,4,50,1,0,100,100,51005501,4,1,0,0,0,0,被动规避单体1,使自身受到普通攻击伤害时，有#prob_param_01#几率进入规避状态，免疫下#1次#受到的伤害,0,"4,",,S,3,使自身进入规避状态,714,规避(预备),0
510056,510056,4,50,1,0,100,100,51005601,4,1,0,0,0,0,被动规避单体2,使自身受到伤害前，有#prob_param_01#进入规避状态，免疫本次伤害,0,"4,",,S,3,使自身进入规避状态,714,规避(预备),0
510057,510057,4,50,1,0,100,100,51005701,4,1,0,0,0,0,被动规避单体3,使自身每回合开始有#prob_param_01#几率进入规避状态，免疫下#subsk_511057_available_hit_01#受到的伤害,0,"4,",,S,3,使自身进入规避状态,122,子技能（有益）,0
510058,510058,4,50,1,0,100,100,51005801,4,1,0,0,0,0,被动反击单体1,使自身受到普通攻击时进行反击（伤害率#effect_01#%）,0,"4,",,S,3,使自身受到普通攻击后反击,551,反击,0
510059,510059,4,50,1,0,100,100,51005901,4,1,0,0,0,0,被动反击单体2,使自身每回合有#prob_param_01#的几率受到普通攻击时进行反击（伤害率#effect_01#%）,0,"4,",,S,3,使自身受到普通攻击后反击,551,反击,0
510060,510060,4,50,1,0,100,100,51006001,4,1,0,0,0,0,被动分兵单体1,使自身进入分兵状态，普通攻击后同时对附近的敌军造成伤害（伤害率#effect_01#%）,0,"4,",,S,3,使自身进入分兵状态,545,分兵,0
510061,510061,4,50,1,0,100,100,51006101,4,1,0,0,0,0,被动分兵单体2,使自身每回合都有#prob_param_01#的几率进入分兵状态，普通攻击后同时对附近的敌军造成伤害（伤害率#effect_01#%）,0,"4,",,S,3,使自身进入分兵状态,545,分兵,0
511014,511014,4,50,3,0,100,100,51101401,4,1,0,0,0,0,被动援护单体1子技能1,0,0,"4,",,S,,,504,援护,0
511015,511015,4,50,3,0,100,100,51101501,4,1,0,0,0,0,被动援护单体2子技能1,0,0,"4,",,S,,,504,援护,0
511016,511016,4,50,3,0,100,100,51101601,4,1,0,0,0,0,被动援护群体1子技能1,0,0,"4,",,S,,,504,援护,0
511017,511017,4,50,3,0,100,100,51101701,4,1,0,0,0,0,被动援护群体3子技能1,0,0,"4,",,S,,,122,子技能（有益）,0
511018,511018,4,50,3,0,100,100,51101801,4,1,0,0,0,0,被动援护群体4子技能1,0,0,"4,",,S,,,122,子技能（有益）,0
511019,511019,4,50,5,0,100,100,51101901,4,1,0,0,0,0,被动挑衅单体1子技能,0,0,"4,",,S,,,505,挑衅,0
511020,511020,4,50,5,0,100,100,51102001,4,1,0,0,0,0,被动挑衅群体1子技能,0,0,"4,",,S,,,505,挑衅,0
511021,511021,4,50,5,0,100,100,51102101,4,1,0,0,0,0,被动挑衅全体1子技能,0,0,"4,",,S,,,505,挑衅,0
511022,511022,4,50,5,0,100,100,51102201,4,1,0,0,0,0,被动挑衅单体2子技能,0,0,"4,",,S,,,505,挑衅,0
511023,511023,4,50,5,0,100,100,51102301,4,1,0,0,0,0,被动挑衅单体3子技能,0,0,"4,",,S,,,505,挑衅,0
511026,511026,4,50,1,0,100,100,51102601,4,1,0,0,0,0,被动攻击+单体12子技能,被动攻击+单体12子技能,0,"4,",,S,3,使自身攻击属性提升,101,攻击属性提高,0
511028,511028,4,50,1,0,100,100,51102801,4,1,0,0,0,0,被动攻击+单体14子技能,被动攻击+单体14子技能,0,"4,",,S,3,使自身攻击属性提升,101,攻击属性提高,0
511032,511032,4,50,1,0,100,100,51103201,4,1,0,0,0,0,被动防御+单体12子技能,被动防御+单体12子技能,0,"4,",,S,6,使自身防御属性提升,102,防御属性提高,0
511034,511034,4,50,1,0,100,100,51103401,4,1,0,0,0,0,被动防御+单体14子技能,被动防御+单体14子技能,0,"4,",,S,6,使自身防御属性提升,102,防御属性提高,0
511038,511038,4,50,1,0,100,100,51103801,4,1,0,0,0,0,被动谋略+单体11子技能,被动谋略+单体11子技能,0,"4,",,S,3,使自身谋略属性提升,103,谋略属性提高,0
511040,511040,4,50,1,0,100,100,51104001,4,1,0,0,0,0,被动谋略+单体13子技能,被动谋略+单体13子技能,0,"4,",,S,3,使自身谋略属性提升,103,谋略属性提高,0
511050,511050,4,50,1,0,100,100,51105001,4,1,0,0,0,0,被动受物伤-单体7,被动受物伤-单体7子技能,0,"4,",,S,6,使自身受到的攻击伤害降低,522,受到攻击伤害降低,0
511054,511054,4,50,1,0,100,100,51105401,4,1,0,0,0,0,被动受谋伤-单体7,被动受谋伤-单体7子技能,0,"4,",,S,6,使自身受到的策略伤害降低,524,受到策略攻击伤害降低,0
511057,511057,4,50,1,0,100,100,51105701,4,1,0,0,0,0,被动规避单体3,被动规避单体3子技能,0,"4,",,S,3,使自身进入规避状态,714,规避(预备),0
512017,512017,4,50,3,0,100,100,51201701,4,1,0,0,0,0,被动援护群体3子子技能1,0,0,"4,",,S,,,504,援护,0
512018,512018,4,50,3,0,100,100,51201801,4,1,0,0,0,0,被动援护群体4子子技能1,0,0,"4,",,S,,,504,援护,0
513017,513017,4,50,3,0,100,100,51301701,4,1,0,0,0,0,被动援护群体3子技能3,0,0,"4,",,S,,,122,子技能（有益）,0
513018,513018,4,50,3,0,100,100,51301801,4,1,0,0,0,0,被动援护群体4子技能3,0,0,"4,",,S,,,122,子技能（有益）,0
520001,520001,4,50,5,0,100,100,52000101,4,2,0,0,0,0,指挥恢复单体1,前3回合，使我军单体受到伤害后，有#prob_param_01#的几率恢复一定兵力（恢复率#effect_01#%，受谋略属性影响）,0,"3,",,S,4,恢复我军兵力,401,急救,0
520002,520002,4,50,5,0,100,100,52000201,4,2,0,0,0,0,指挥恢复单体2,前3回合，使我军前锋受到普通攻击伤害时，有#prob_param_01#的几率恢复一定兵力（恢复率#effect_01#%，受谋略属性影响）,0,"3,",,S,4,恢复我军兵力,401,急救,0
520003,520003,4,50,5,0,100,100,52000301,4,2,0,0,0,0,指挥恢复单体3,使我军单体受到伤害后，有#prob_param_01#的几率恢复一定兵力（恢复率#effect_01#%，受谋略属性影响）,0,"3,",,S,4,恢复我军兵力,401,急救,0
520004,520004,4,50,5,0,100,100,52000401,4,2,0,0,0,0,指挥恢复单体4,使我军前锋受到普通攻击伤害时有#prob_param_01#的几率恢复一定兵力（恢复率#effect_01#%，受谋略属性影响）,0,"3,",,S,4,恢复我军兵力,401,急救,0
520005,520005,4,50,5,0,100,100,52000501,4,2,0,0,0,0,指挥恢复群体1,前3回合，使我军群体2目标受到伤害后，有#prob_param_01#的几率恢复一定兵力（恢复率#effect_01#%，受谋略属性影响）,0,"3,",,S,4,恢复我军兵力,401,急救,0
520006,520006,4,50,5,0,100,100,52000601,4,2,0,0,0,0,指挥恢复群体2,前3回合，使我军群体2目标发动主动战法后，有#prob_param_01#的几率恢复一定兵力（恢复率#effect_01#%，受谋略属性影响）,0,"3,",,S,4,恢复我军兵力,401,急救,0
520007,520007,4,50,5,0,100,100,52000701,4,2,0,0,0,0,指挥恢复群体3,前3回合，使我军群体2目标普通攻击后，有#prob_param_01#的几率恢复一定兵力（恢复率#effect_01#%，受谋略属性影响）,0,"3,",,S,4,恢复我军兵力,401,急救,0
520008,520008,4,50,5,0,100,100,52000801,4,2,0,0,0,0,指挥恢复群体4,前3回合，使我军群体2目标发动追击战法后，有#prob_param_01#的几率恢复一定兵力（恢复率#effect_01#%，受谋略属性影响）,0,"3,",,S,4,恢复我军兵力,401,急救,0
520009,520009,4,50,5,0,100,100,52000901,4,2,0,0,0,0,指挥恢复群体5,使我军群体2目标受到伤害后，有#prob_param_01#的几率恢复一定兵力（恢复率#effect_01#%，受谋略属性影响）,0,"3,",,S,4,恢复我军兵力,401,急救,0
520010,520010,4,50,5,0,100,100,52001001,4,2,0,0,0,0,指挥恢复群体6,使我军群体2目标发动主动战法后，有#prob_param_01#的几率恢复一定兵力（恢复率#effect_01#%，受谋略属性影响）,0,"3,",,S,4,恢复我军兵力,401,急救,0
520011,520011,4,50,5,0,100,100,52001101,4,2,0,0,0,0,指挥恢复群体7,使我军群体2目标普通攻击后，有#prob_param_01#的几率恢复一定兵力（恢复率#effect_01#%，受谋略属性影响）,0,"3,",,S,4,恢复我军兵力,401,急救,0
520012,520012,4,50,5,0,100,100,52001201,4,2,0,0,0,0,指挥恢复群体8,使我军群体2目标发动追击战法后，有#prob_param_01#的几率恢复一定兵力（恢复率#effect_01#%，受谋略属性影响）,0,"3,",,S,4,恢复我军兵力,401,急救,0
520013,520013,4,50,5,0,100,100,52001301,4,2,0,0,0,0,指挥恢复群体9,使我军全体3目标第5回合行动后，受到伤害有#prob_param_01#的几率恢复一定兵力（恢复率#effect_01#%，受谋略属性影响）,0,"3,",,S,4,恢复我军兵力,401,急救,0
520014,520014,4,50,5,0,100,100,52001401,4,2,0,0,0,0,指挥恢复群体10,第5回合，使我军群体2目标发动主动战法后，有#prob_param_01#的几率恢复一定兵力（恢复率#effect_01#%，受谋略属性影响）,0,"3,",,S,4,恢复我军兵力,401,急救,0
520015,520015,4,50,5,0,100,100,52001501,4,2,0,0,0,0,指挥恢复群体11,第5回合，使我军群体2目标普通攻击后，有#prob_param_01#的几率恢复一定兵力（恢复率#effect_01#%，受谋略属性影响）,0,"3,",,S,4,恢复我军兵力,401,急救,0
520016,520016,4,50,5,0,100,100,52001601,4,2,0,0,0,0,指挥恢复群体12,第5回合，使我军群体2目标发动追击战法后，有#prob_param_01#的几率恢复一定兵力（恢复率#effect_01#%，受谋略属性影响）,0,"3,",,S,4,恢复我军兵力,401,急救,0
520017,520017,4,50,5,0,100,100,52001701,4,2,0,0,0,0,指挥恢复全体1,前3回合，使我军全体3目标受到伤害后，有#prob_param_01#的几率恢复一定兵力（恢复率#effect_01#%，受谋略属性影响）,0,"3,",,S,4,恢复我军兵力,401,急救,0
520018,520018,4,50,5,0,100,100,52001801,4,2,0,0,0,0,指挥恢复全体2,前3回合，使我军全体3目标发动主动战法后，有#prob_param_01#的几率恢复一定兵力（恢复率#effect_01#%，受谋略属性影响）,0,"3,",,S,4,恢复我军兵力,401,急救,0
520019,520019,4,50,5,0,100,100,52001901,4,2,0,0,0,0,指挥恢复全体3,前3回合，使我军全体3目标普通攻击后，有#prob_param_01#的几率恢复一定兵力（恢复率#effect_01#%，受谋略属性影响）,0,"3,",,S,4,恢复我军兵力,401,急救,0
520020,520020,4,50,5,0,100,100,52002001,4,2,0,0,0,0,指挥恢复全体4,前3回合，使我军全体3目标发动追击战法后，有#prob_param_01#的几率恢复一定兵力（恢复率#effect_01#%，受谋略属性影响）,0,"3,",,S,4,恢复我军兵力,401,急救,0
520021,520021,4,50,5,0,100,100,52002101,4,2,0,0,0,0,指挥恢复全体5,使我军全体3目标受到伤害后，有#prob_param_01#的几率恢复一定兵力（恢复率#effect_01#%，受谋略属性影响）,0,"3,",,S,4,恢复我军兵力,401,急救,0
520022,520022,4,50,5,0,100,100,52002201,4,2,0,0,0,0,指挥恢复全体6,使我军全体3目标发动主动战法后，有#prob_param_01#的几率恢复一定兵力（恢复率#effect_01#%，受谋略属性影响）,0,"3,",,S,4,恢复我军兵力,401,急救,0
520023,520023,4,50,5,0,100,100,52002301,4,2,0,0,0,0,指挥恢复全体7,使我军全体3目标普通攻击后，有#prob_param_01#的几率恢复一定兵力（恢复率#effect_01#%，受谋略属性影响）,0,"3,",,S,4,恢复我军兵力,401,急救,0
520024,520024,4,50,5,0,100,100,52002401,4,2,0,0,0,0,指挥恢复全体8,使我军全体3目标发动追击战法后，有#prob_param_01#的几率恢复一定兵力（恢复率#effect_01#%，受谋略属性影响）,0,"3,",,S,4,恢复我军兵力,401,急救,0
520025,520025,4,50,5,0,100,100,52002501,4,2,0,0,0,0,指挥恢复全体9,使我军全体3目标第5回合行动后，受到伤害有#prob_param_01#的几率恢复一定兵力（恢复率#effect_01#%，受谋略属性影响）,0,"3,",,S,4,恢复我军兵力,401,急救,0
520026,520026,4,50,5,0,100,100,52002601,4,2,0,0,0,0,指挥恢复全体10,第5回合，使我军全体3目标发动主动战法后，有#prob_param_01#的几率恢复一定兵力（恢复率#effect_01#%，受谋略属性影响）,0,"3,",,S,4,恢复我军兵力,401,急救,0
520027,520027,4,50,5,0,100,100,52002701,4,2,0,0,0,0,指挥恢复全体11,第5回合，使我军全体3目标普通攻击后，有#prob_param_01#的几率恢复一定兵力（恢复率#effect_01#%，受谋略属性影响）,0,"3,",,S,4,恢复我军兵力,401,急救,0
520028,520028,4,50,5,0,100,100,52002801,4,2,0,0,0,0,指挥恢复全体12,第5回合，使我军全体3目标发动追击战法后，有#prob_param_01#的几率恢复一定兵力（恢复率#effect_01#%，受谋略属性影响）,0,"3,",,S,4,恢复我军兵力,401,急救,0
520029,520029,4,50,5,0,100,100,52002901,4,2,0,0,0,0,指挥休整单体1,前3回合，使我军单体进入休整状态，每回合恢复一定兵力（恢复率#effect_01#%，受谋略属性影响）,0,"3,",,S,4,使我军进入休整状态,402,休整,0
520030,520030,4,50,5,0,100,100,52003001,4,2,0,0,0,0,指挥休整单体2,前3回合，使我军前锋进入休整状态，每回合恢复一定兵力（恢复率#effect_01#%，受谋略属性影响）,0,"3,",,S,4,使我军进入休整状态,402,休整,0
520031,520031,4,50,5,0,100,100,52003101,4,2,0,0,0,0,指挥休整单体3,第5回合，使我军单体进入休整状态，每回合恢复一定兵力（恢复率#effect_01#%，受谋略属性影响）,0,"3,",,S,4,使我军进入休整状态,402,休整,0
520032,520032,4,50,5,0,100,100,52003201,4,2,0,0,0,0,指挥休整单体4,第5回合，使我军前锋进入休整状态，每回合恢复一定兵力（恢复率#effect_01#%，受谋略属性影响）,0,"3,",,S,4,使我军进入休整状态,402,休整,0
520033,520033,4,50,5,0,100,100,52003301,4,2,0,0,0,0,指挥休整群体1,前3回合，使我军群体2目标进入休整状态，每回合恢复一定兵力（恢复率#effect_01#%，受谋略属性影响）,0,"3,",,S,4,使我军进入休整状态,402,休整,0
520034,520034,4,50,5,0,100,100,52003401,4,2,0,0,0,0,指挥休整群体2,第5回合，使我军群体2目标进入休整状态，每回合恢复一定兵力（恢复率#effect_01#%，受谋略属性影响）,0,"3,",,S,4,使我军进入休整状态,402,休整,0
520035,520035,4,50,5,0,100,100,52003501,4,2,0,0,0,0,指挥休整群体3,使我军群体2目标进入休整状态，每回合有#prob_param_01#的几率恢复一定兵力（恢复率#effect_01#%，受谋略属性影响）,0,"3,",,S,4,使我军进入休整状态,402,休整,0
520036,520036,4,50,5,0,100,100,52003601,4,2,0,0,0,0,指挥休整全体1,前3回合，使我军全体3目标进入休整状态，每回合恢复一定兵力（恢复率#effect_01#%，受谋略属性影响）,0,"3,",,S,4,使我军进入休整状态,402,休整,0
520037,520037,4,50,5,0,100,100,52003701,4,2,0,0,0,0,指挥休整全体2,第5回合，使我军全体3目标进入休整状态，每回合恢复一定兵力（恢复率#effect_01#%，受谋略属性影响）,0,"3,",,S,4,使我军进入休整状态,402,休整,0
520038,520038,4,50,5,0,100,100,52003801,4,2,0,0,0,0,指挥休整全体3,使我军全体3目标进入休整状态，每回合有#prob_param_01#的几率恢复一定兵力（恢复率#effect_01#%，受谋略属性影响）,0,"3,",,S,4,使我军进入休整状态,402,休整,0
520039,520039,4,50,5,0,100,100,52003901,4,2,0,0,0,0,指挥燃烧单体1,第3回合，使敌军单体陷入燃烧状态，每回合行动前损失一定兵力（伤害率#effect_12#%，受谋略属性影响），持续#available_round_12#，燃烧效果造成的伤害无视规避,0,"2,",,S,2,使敌军陷入燃烧状态,515,无视规避,0
520040,520040,4,50,5,0,100,100,52004001,4,2,0,0,0,0,指挥燃烧单体2,第4回合，使敌军单体陷入燃烧状态，每回合行动前损失一定兵力（伤害率#effect_12#%，受谋略属性影响），持续#available_round_12#，燃烧效果造成的伤害无视规避,0,"2,",,S,2,使敌军陷入燃烧状态,515,无视规避,0
520041,520041,4,50,5,0,100,100,52004101,4,2,0,0,0,0,指挥燃烧单体3,第3回合，使敌军单体陷入燃烧状态，每回合行动前损失一定兵力（伤害率#effect_12#%，受谋略属性影响），持续至战斗结束，燃烧效果造成的伤害无视规避,0,"2,",,S,2,使敌军陷入燃烧状态,515,无视规避,0
520042,520042,4,50,5,0,100,100,52004201,4,2,0,0,0,0,指挥燃烧单体4,第4回合，使敌军单体陷入燃烧状态，每回合行动前损失一定兵力（伤害率#effect_12#%，受谋略属性影响），持续至战斗结束，燃烧效果造成的伤害无视规避,0,"2,",,S,2,使敌军陷入燃烧状态,515,无视规避,0
520043,520043,4,50,5,0,100,100,52004301,4,2,0,0,0,0,指挥燃烧群体1,第3回合，使敌军群体2目标陷入燃烧状态，每回合行动前损失一定兵力（伤害率#effect_12#%，受谋略属性影响），持续#available_round_12#，燃烧效果造成的伤害无视规避,0,"2,",,S,2,使敌军陷入燃烧状态,515,无视规避,0
520044,520044,4,50,5,0,100,100,52004401,4,2,0,0,0,0,指挥燃烧群体2,第4回合，使敌军群体2目标陷入燃烧状态，每回合行动前损失一定兵力（伤害率#effect_12#%，受谋略属性影响），持续#available_round_12#，燃烧效果造成的伤害无视规避,0,"2,",,S,2,使敌军陷入燃烧状态,515,无视规避,0
520045,520045,4,50,5,0,100,100,52004501,4,2,0,0,0,0,指挥燃烧群体3,第3回合，使敌军群体2目标陷入燃烧状态，每回合行动前损失一定兵力（伤害率#effect_12#%，受谋略属性影响），持续至战斗结束，燃烧效果造成的伤害无视规避,0,"2,",,S,2,使敌军陷入燃烧状态,515,无视规避,0
520046,520046,4,50,5,0,100,100,52004601,4,2,0,0,0,0,指挥燃烧群体4,第4回合，使敌军群体2目标陷入燃烧状态，每回合行动前损失一定兵力（伤害率#effect_12#%，受谋略属性影响），持续至战斗结束，燃烧效果造成的伤害无视规避,0,"2,",,S,2,使敌军陷入燃烧状态,515,无视规避,0
520047,520047,4,50,5,0,100,100,52004701,4,2,0,0,0,0,指挥燃烧全体1,第3回合，使敌军全体3目标陷入燃烧状态，每回合行动前损失一定兵力（伤害率#effect_12#%，受谋略属性影响），持续#available_round_12#，燃烧效果造成的伤害无视规避,0,"2,",,S,2,使敌军陷入燃烧状态,515,无视规避,0
520048,520048,4,50,5,0,100,100,52004801,4,2,0,0,0,0,指挥燃烧全体2,第4回合，使敌军全体3目标陷入燃烧状态，每回合行动前损失一定兵力（伤害率#effect_12#%，受谋略属性影响），持续#available_round_12#，燃烧效果造成的伤害无视规避,0,"2,",,S,2,使敌军陷入燃烧状态,515,无视规避,0
520049,520049,4,50,5,0,100,100,52004901,4,2,0,0,0,0,指挥燃烧全体3,第3回合，使敌军全体3目标陷入燃烧状态，每回合行动前损失一定兵力（伤害率#effect_12#%，受谋略属性影响），持续至战斗结束，燃烧效果造成的伤害无视规避,0,"2,",,S,2,使敌军陷入燃烧状态,515,无视规避,0
520050,520050,4,50,5,0,100,100,52005001,4,2,0,0,0,0,指挥燃烧全体4,第4回合，使敌军全体3目标陷入燃烧状态，每回合行动前损失一定兵力（伤害率#effect_12#%，受谋略属性影响），持续至战斗结束，燃烧效果造成的伤害无视规避,0,"2,",,S,2,使敌军陷入燃烧状态,515,无视规避,0
520051,520051,4,50,5,0,100,100,52005101,4,2,0,0,0,0,指挥妖术单体1,第5回合，使敌军单体陷入妖术状态，每回合行动前损失一定兵力（伤害率#effect_12#%，受谋略属性影响），持续#available_round_12#，妖术效果造成的伤害无视规避,0,"2,",,S,2,使敌军陷入妖术状态,515,无视规避,0
520052,520052,4,50,5,0,100,100,52005201,4,2,0,0,0,0,指挥妖术单体2,第4回合，使敌军单体陷入妖术状态，每回合行动前损失一定兵力（伤害率#effect_12#%，受谋略属性影响），持续#available_round_12#，妖术效果造成的伤害无视规避,0,"2,",,S,2,使敌军陷入妖术状态,515,无视规避,0
520053,520053,4,50,5,0,100,100,52005301,4,2,0,0,0,0,指挥妖术单体3,第5回合，使敌军单体陷入妖术状态，每回合行动前损失一定兵力（伤害率#effect_12#%，受谋略属性影响），持续至战斗结束，妖术效果造成的伤害无视规避,0,"2,",,S,2,使敌军陷入妖术状态,515,无视规避,0
520054,520054,4,50,5,0,100,100,52005401,4,2,0,0,0,0,指挥妖术单体4,第6回合，使敌军单体陷入妖术状态，每回合行动前损失一定兵力（伤害率#effect_12#%，受谋略属性影响），持续至战斗结束，妖术效果造成的伤害无视规避,0,"2,",,S,2,使敌军陷入妖术状态,515,无视规避,0
520055,520055,4,50,5,0,100,100,52005501,4,2,0,0,0,0,指挥妖术群体1,第5回合，使敌军群体2目标陷入妖术状态，每回合行动前损失一定兵力（伤害率#effect_12#%，受谋略属性影响），持续#available_round_12#，妖术效果造成的伤害无视规避,0,"2,",,S,2,使敌军陷入妖术状态,515,无视规避,0
520056,520056,4,50,5,0,100,100,52005601,4,2,0,0,0,0,指挥妖术群体2,第4回合，使敌军群体2目标陷入妖术状态，每回合行动前损失一定兵力（伤害率#effect_12#%，受谋略属性影响），持续#available_round_12#，妖术效果造成的伤害无视规避,0,"2,",,S,2,使敌军陷入妖术状态,515,无视规避,0
520057,520057,4,50,5,0,100,100,52005701,4,2,0,0,0,0,指挥妖术群体3,第5回合，使敌军群体2目标陷入妖术状态，每回合行动前损失一定兵力（伤害率#effect_12#%，受谋略属性影响），持续至战斗结束，妖术效果造成的伤害无视规避,0,"2,",,S,2,使敌军陷入妖术状态,515,无视规避,0
520058,520058,4,50,5,0,100,100,52005801,4,2,0,0,0,0,指挥妖术群体4,第6回合，使敌军群体2目标陷入妖术状态，每回合行动前损失一定兵力（伤害率#effect_12#%，受谋略属性影响），持续至战斗结束，妖术效果造成的伤害无视规避,0,"2,",,S,2,使敌军陷入妖术状态,515,无视规避,0
520059,520059,4,50,5,0,100,100,52005901,4,2,0,0,0,0,指挥妖术全体1,第5回合，使敌军全体3目标陷入妖术状态，每回合行动前损失一定兵力（伤害率#effect_12#%，受谋略属性影响），持续#available_round_12#，妖术效果造成的伤害无视规避,0,"2,",,S,2,使敌军陷入妖术状态,515,无视规避,0
520060,520060,4,50,5,0,100,100,52006001,4,2,0,0,0,0,指挥妖术全体2,第4回合，使敌军全体3目标陷入妖术状态，每回合行动前损失一定兵力（伤害率#effect_12#%，受谋略属性影响），持续#available_round_12#，妖术效果造成的伤害无视规避,0,"2,",,S,2,使敌军陷入妖术状态,515,无视规避,0
520061,520061,4,50,5,0,100,100,52006101,4,2,0,0,0,0,指挥妖术全体3,第5回合，使敌军全体3目标陷入妖术状态，每回合行动前损失一定兵力（伤害率#effect_12#%，受谋略属性影响），持续至战斗结束，妖术效果造成的伤害无视规避,0,"2,",,S,2,使敌军陷入妖术状态,515,无视规避,0
520062,520062,4,50,5,0,100,100,52006201,4,2,0,0,0,0,指挥妖术全体4,第6回合，使敌军全体3目标陷入妖术状态，每回合行动前损失一定兵力（伤害率#effect_12#%，受谋略属性影响），持续至战斗结束，妖术效果造成的伤害无视规避,0,"2,",,S,2,使敌军陷入妖术状态,515,无视规避,0
520063,520063,4,50,5,0,100,100,52006301,4,2,0,0,0,0,指挥恐慌单体1,第3回合，使敌军单体陷入恐慌状态，每回合行动前损失一定兵力（伤害率#effect_12#%，受谋略属性影响），持续#available_round_12#，恐慌效果造成的伤害无视规避,0,"2,",,S,2,使敌军陷入恐慌状态,515,无视规避,0
520064,520064,4,50,5,0,100,100,52006401,4,2,0,0,0,0,指挥恐慌单体2,第2回合，使敌军单体陷入恐慌状态，每回合行动前损失一定兵力（伤害率#effect_12#%，受谋略属性影响），持续#available_round_12#，恐慌效果造成的伤害无视规避,0,"2,",,S,2,使敌军陷入恐慌状态,515,无视规避,0
520065,520065,4,50,5,0,100,100,52006501,4,2,0,0,0,0,指挥恐慌单体3,第1回合，使敌军单体陷入恐慌状态，每回合行动前损失一定兵力（伤害率#effect_12#%，受谋略属性影响），持续至战斗结束，恐慌效果造成的伤害无视规避,0,"2,",,S,2,使敌军陷入恐慌状态,515,无视规避,0
520066,520066,4,50,5,0,100,100,52006601,4,2,0,0,0,0,指挥恐慌单体4,第2回合，使敌军单体陷入恐慌状态，每回合行动前损失一定兵力（伤害率#effect_12#%，受谋略属性影响），持续至战斗结束，恐慌效果造成的伤害无视规避,0,"2,",,S,2,使敌军陷入恐慌状态,515,无视规避,0
520067,520067,4,50,5,0,100,100,52006701,4,2,0,0,0,0,指挥恐慌群体1,第3回合，使敌军群体2目标陷入恐慌状态，每回合行动前损失一定兵力（伤害率#effect_12#%，受谋略属性影响），持续#available_round_12#，恐慌效果造成的伤害无视规避,0,"2,",,S,2,使敌军陷入恐慌状态,515,无视规避,0
520068,520068,4,50,5,0,100,100,52006801,4,2,0,0,0,0,指挥恐慌群体2,第2回合，使敌军群体2目标陷入恐慌状态，每回合行动前损失一定兵力（伤害率#effect_12#%，受谋略属性影响），持续#available_round_12#，恐慌效果造成的伤害无视规避,0,"2,",,S,2,使敌军陷入恐慌状态,515,无视规避,0
520069,520069,4,50,5,0,100,100,52006901,4,2,0,0,0,0,指挥恐慌群体3,第1回合，使敌军群体2目标陷入恐慌状态，每回合行动前损失一定兵力（伤害率#effect_12#%，受谋略属性影响），持续至战斗结束，恐慌效果造成的伤害无视规避,0,"2,",,S,2,使敌军陷入恐慌状态,515,无视规避,0
520070,520070,4,50,5,0,100,100,52007001,4,2,0,0,0,0,指挥恐慌群体4,第2回合，使敌军群体2目标陷入恐慌状态，每回合行动前损失一定兵力（伤害率#effect_12#%，受谋略属性影响），持续至战斗结束，恐慌效果造成的伤害无视规避,0,"2,",,S,2,使敌军陷入恐慌状态,515,无视规避,0
520071,520071,4,50,5,0,100,100,52007101,4,2,0,0,0,0,指挥恐慌全体1,第3回合，使敌军全体3目标陷入恐慌状态，每回合行动前损失一定兵力（伤害率#effect_12#%，受谋略属性影响），持续#available_round_12#，恐慌效果造成的伤害无视规避,0,"2,",,S,2,使敌军陷入恐慌状态,515,无视规避,0
520072,520072,4,50,5,0,100,100,52007201,4,2,0,0,0,0,指挥恐慌全体2,第2回合，使敌军全体3目标陷入恐慌状态，每回合行动前损失一定兵力（伤害率#effect_12#%，受谋略属性影响），持续#available_round_12#，恐慌效果造成的伤害无视规避,0,"2,",,S,2,使敌军陷入恐慌状态,515,无视规避,0
520073,520073,4,50,5,0,100,100,52007301,4,2,0,0,0,0,指挥恐慌全体3,第1回合，使敌军全体3目标陷入恐慌状态，每回合行动前损失一定兵力（伤害率#effect_12#%，受谋略属性影响），持续至战斗结束，恐慌效果造成的伤害无视规避,0,"2,",,S,2,使敌军陷入恐慌状态,515,无视规避,0
520074,520074,4,50,5,0,100,100,52007401,4,2,0,0,0,0,指挥恐慌全体4,第2回合，使敌军全体3目标陷入恐慌状态，每回合行动前损失一定兵力（伤害率#effect_12#%，受谋略属性影响），持续至战斗结束，恐慌效果造成的伤害无视规避,0,"2,",,S,2,使敌军陷入恐慌状态,515,无视规避,0
520075,520075,4,50,5,0,100,100,52007501,4,2,0,0,0,0,指挥动摇单体1,第3回合，使敌军单体陷入动摇状态，每回合行动前损失一定兵力（伤害率#effect_12#%），持续#available_round_12#，动摇效果造成的伤害无视规避,0,"1,",,S,1,使敌军陷入动摇状态,515,无视规避,0
520076,520076,4,50,5,0,100,100,52007601,4,2,0,0,0,0,指挥动摇单体2,第4回合，使敌军单体陷入动摇状态，每回合行动前损失一定兵力（伤害率#effect_12#%），持续#available_round_12#，动摇效果造成的伤害无视规避,0,"1,",,S,1,使敌军陷入动摇状态,515,无视规避,0
520077,520077,4,50,5,0,100,100,52007701,4,2,0,0,0,0,指挥动摇单体3,第2回合，使敌军单体陷入动摇状态，每回合行动前损失一定兵力（伤害率#effect_12#%），持续#available_round_12#，动摇效果造成的伤害无视规避,0,"1,",,S,1,使敌军陷入动摇状态,515,无视规避,0
520078,520078,4,50,5,0,100,100,52007801,4,2,0,0,0,0,指挥动摇单体4,第5回合，使敌军单体陷入动摇状态，每回合行动前损失一定兵力（伤害率#effect_12#%），持续#available_round_12#，动摇效果造成的伤害无视规避,0,"1,",,S,1,使敌军陷入动摇状态,515,无视规避,0
520079,520079,4,50,5,0,100,100,52007901,4,2,0,0,0,0,指挥动摇群体1,第3回合，使敌军群体2目标陷入动摇状态，每回合行动前损失一定兵力（伤害率#effect_12#%），持续#available_round_12#，动摇效果造成的伤害无视规避,0,"1,",,S,1,使敌军陷入动摇状态,515,无视规避,0
520080,520080,4,50,5,0,100,100,52008001,4,2,0,0,0,0,指挥动摇群体2,第4回合，使敌军群体2目标陷入动摇状态，每回合行动前损失一定兵力（伤害率#effect_12#%），持续#available_round_12#，动摇效果造成的伤害无视规避,0,"1,",,S,1,使敌军陷入动摇状态,515,无视规避,0
520081,520081,4,50,5,0,100,100,52008101,4,2,0,0,0,0,指挥动摇群体3,第2回合，使敌军群体2目标陷入动摇状态，每回合行动前损失一定兵力（伤害率#effect_12#%），持续#available_round_12#，动摇效果造成的伤害无视规避,0,"1,",,S,1,使敌军陷入动摇状态,515,无视规避,0
520082,520082,4,50,5,0,100,100,52008201,4,2,0,0,0,0,指挥动摇群体4,第5回合，使敌军群体2目标陷入动摇状态，每回合行动前损失一定兵力（伤害率#effect_12#%），持续#available_round_12#，动摇效果造成的伤害无视规避,0,"1,",,S,1,使敌军陷入动摇状态,515,无视规避,0
520083,520083,4,50,5,0,100,100,52008301,4,2,0,0,0,0,指挥动摇全体1,第3回合，使敌军全体3目标陷入动摇状态，每回合行动前损失一定兵力（伤害率#effect_12#%），持续#available_round_12#，动摇效果造成的伤害无视规避,0,"1,",,S,1,使敌军陷入动摇状态,515,无视规避,0
520084,520084,4,50,5,0,100,100,52008401,4,2,0,0,0,0,指挥动摇全体2,第4回合，使敌军全体3目标陷入动摇状态，每回合行动前损失一定兵力（伤害率#effect_12#%），持续#available_round_12#，动摇效果造成的伤害无视规避,0,"1,",,S,1,使敌军陷入动摇状态,515,无视规避,0
520085,520085,4,50,5,0,100,100,52008501,4,2,0,0,0,0,指挥动摇全体3,第2回合，使敌军全体3目标陷入动摇状态，每回合行动前损失一定兵力（伤害率#effect_12#%），持续#available_round_12#，动摇效果造成的伤害无视规避,0,"1,",,S,1,使敌军陷入动摇状态,515,无视规避,0
520086,520086,4,50,5,0,100,100,52008601,4,2,0,0,0,0,指挥动摇全体4,第5回合，使敌军全体3目标陷入动摇状态，每回合行动前损失一定兵力（伤害率#effect_12#%），持续#available_round_12#，动摇效果造成的伤害无视规避,0,"1,",,S,1,使敌军陷入动摇状态,515,无视规避,0
520087,520087,4,50,5,0,100,100,52008701,4,2,0,0,0,0,指挥援护单体1,前1回合，当自身位于中军及前锋时，每回合开始有#prob_param_01#几率援护友军单体,0,"4,",,S,6,援护友军,122,子技能（有益）,0
520088,520088,4,50,5,0,100,100,52008801,4,2,0,0,0,0,指挥援护单体2,前2回合，当自身位于中军及前锋时，每回合开始有#prob_param_01#几率援护友军单体,0,"4,",,S,6,援护友军,122,子技能（有益）,0
520089,520089,4,50,5,0,100,100,52008901,4,2,0,0,0,0,指挥援护单体3,前3回合，当自身位于中军及前锋时，每回合开始有#prob_param_01#几率援护友军单体,0,"4,",,S,6,援护友军,122,子技能（有益）,0
520090,520090,4,50,5,0,100,100,52009001,4,2,0,0,0,0,指挥援护单体4,前4回合，当自身位于中军及前锋时，每回合开始有#prob_param_01#几率援护友军单体,0,"4,",,S,6,援护友军,122,子技能（有益）,0
520091,520091,4,50,5,0,100,100,52009101,4,2,0,0,0,0,指挥援护群体1,前1回合，当自身位于中军及前锋时，每回合开始有#prob_param_01#几率援护友军群体2目标,0,"4,",,S,6,援护友军,122,子技能（有益）,0
520092,520092,4,50,5,0,100,100,52009201,4,2,0,0,0,0,指挥援护群体2,前2回合，当自身位于中军及前锋时，每回合开始有#prob_param_01#几率援护友军群体2目标,0,"4,",,S,6,援护友军,122,子技能（有益）,0
520093,520093,4,50,5,0,100,100,52009301,4,2,0,0,0,0,指挥援护群体3,前3回合，当自身位于中军及前锋时，每回合开始有#prob_param_01#几率援护友军群体2目标,0,"4,",,S,6,援护友军,122,子技能（有益）,0
520094,520094,4,50,5,0,100,100,52009401,4,2,0,0,0,0,指挥援护群体4,前4回合，当自身位于中军及前锋时，每回合开始有#prob_param_01#几率援护友军群体2目标,0,"4,",,S,6,援护友军,122,子技能（有益）,0
520095,520095,4,50,5,0,100,100,52009501,4,2,0,0,0,0,指挥挑衅单体1,前1回合，当自身位于中军及前锋时，使敌军单体每回合行动前有#subsk_521095_prob_param_01#几率受自身挑衅,0,"4,",,S,6,挑衅敌军,122,子技能（有益）,0
520096,520096,4,50,5,0,100,100,52009601,4,2,0,0,0,0,指挥挑衅单体2,前2回合，当自身位于中军及前锋时，使敌军单体每回合行动前有#subsk_521096_prob_param_01#几率受自身挑衅,0,"4,",,S,6,挑衅敌军,122,子技能（有益）,0
520097,520097,4,50,5,0,100,100,52009701,4,2,0,0,0,0,指挥挑衅单体3,前3回合，当自身位于中军及前锋时，使敌军单体每回合行动前有#subsk_521097_prob_param_01#几率受自身挑衅,0,"4,",,S,6,挑衅敌军,122,子技能（有益）,0
520098,520098,4,50,5,0,100,100,52009801,4,2,0,0,0,0,指挥挑衅单体4,前4回合，当自身位于中军及前锋时，使敌军单体每回合行动前有#subsk_521098_prob_param_01#几率受自身挑衅,0,"4,",,S,6,挑衅敌军,122,子技能（有益）,0
520099,520099,4,50,5,0,100,100,52009901,4,2,0,0,0,0,指挥挑衅群体1,前1回合，当自身位于中军及前锋时，使敌军群体2目标每回合行动前有#subsk_521099_prob_param_01#几率受自身挑衅,0,"4,",,S,6,挑衅敌军,122,子技能（有益）,0
520100,520100,4,50,5,0,100,100,52010001,4,2,0,0,0,0,指挥挑衅群体2,前2回合，当自身位于中军及前锋时，使敌军群体2目标每回合行动前有#subsk_521100_prob_param_01#几率受自身挑衅,0,"4,",,S,6,挑衅敌军,122,子技能（有益）,0
520101,520101,4,50,5,0,100,100,52010101,4,2,0,0,0,0,指挥挑衅群体3,前3回合，当自身位于中军及前锋时，使敌军群体2目标每回合行动前有#subsk_521101_prob_param_01#几率受自身挑衅,0,"4,",,S,6,挑衅敌军,122,子技能（有益）,0
520102,520102,4,50,5,0,100,100,52010201,4,2,0,0,0,0,指挥挑衅群体4,前4回合，当自身位于中军及前锋时，使敌军群体2目标每回合行动前有#subsk_521102_prob_param_01#几率受自身挑衅,0,"4,",,S,6,挑衅敌军,122,子技能（有益）,0
520103,520103,4,50,5,0,100,100,52010301,4,2,0,0,0,0,指挥挑衅全体1,前1回合，当自身位于中军及前锋时，使敌军全体3目标每回合行动前有#subsk_521103_prob_param_01#几率受自身挑衅,0,"4,",,S,6,挑衅敌军,122,子技能（有益）,0
520104,520104,4,50,5,0,100,100,52010401,4,2,0,0,0,0,指挥挑衅全体2,前2回合，当自身位于中军及前锋时，使敌军全体3目标每回合行动前有#subsk_521104_prob_param_01#几率受自身挑衅,0,"4,",,S,6,挑衅敌军,122,子技能（有益）,0
520105,520105,4,50,5,0,100,100,52010501,4,2,0,0,0,0,指挥挑衅全体3,前3回合，当自身位于中军及前锋时，使敌军全体3目标每回合行动前有#subsk_521105_prob_param_01#几率受自身挑衅,0,"4,",,S,6,挑衅敌军,122,子技能（有益）,0
520106,520106,4,50,5,0,100,100,52010601,4,2,0,0,0,0,指挥挑衅全体4,前4回合，当自身位于中军及前锋时，使敌军全体3目标每回合行动前有#subsk_521106_prob_param_01#几率受自身挑衅,0,"4,",,S,6,挑衅敌军,122,子技能（有益）,0
520107,520107,4,50,4,0,100,100,52010701,4,2,0,0,0,0,指挥暴走单体1,前2回合，使距离4以内敌军单体行动时有#prob_param_01#概率陷入暴走状态,0,"4,",,S,5,使敌军陷入暴走状态,703,暴走(预备),0
520108,520108,4,50,4,0,100,100,52010801,4,2,0,0,0,0,指挥暴走单体2,第3回合，使距离4以内敌军单体每回合行动时有#prob_param_01#概率陷入暴走状态，持续#available_round_01#,0,"4,",,S,5,使敌军陷入暴走状态,703,暴走(预备),0
520109,520109,4,50,4,0,100,100,52010901,4,2,0,0,0,0,指挥暴走单体3,第5回合，使距离4以内敌军单体每回合行动时有#prob_param_01#概率陷入暴走状态，持续#available_round_01#,0,"4,",,S,5,使敌军陷入暴走状态,703,暴走(预备),0
520110,520110,4,50,4,0,100,100,52011001,4,2,0,0,0,0,指挥暴走群体1,前2回合，使距离4以内敌军群体2目标每回合行动时有#prob_param_01#概率陷入暴走状态,0,"4,",,S,5,使敌军陷入暴走状态,703,暴走(预备),0
520111,520111,4,50,4,0,100,100,52011101,4,2,0,0,0,0,指挥暴走群体2,第3回合，使距离4以内敌军群体2目标每回合行动时有#prob_param_01#概率陷入暴走状态，持续#available_round_01#,0,"4,",,S,5,使敌军陷入暴走状态,703,暴走(预备),0
520112,520112,4,50,4,0,100,100,52011201,4,2,0,0,0,0,指挥暴走群体3,第5回合，使距离4以内敌军群体2目标每回合行动时有#prob_param_01#概率陷入暴走状态，持续#available_round_01#,0,"4,",,S,5,使敌军陷入暴走状态,703,暴走(预备),0
520113,520113,4,50,4,0,100,100,52011301,4,2,0,0,0,0,指挥暴走全体1,前2回合，使距离4以内敌军全体3目标每回合行动时有#prob_param_01#概率陷入暴走状态,0,"4,",,S,5,使敌军陷入暴走状态,703,暴走(预备),0
520114,520114,4,50,4,0,100,100,52011401,4,2,0,0,0,0,指挥暴走全体2,第3回合，使距离4以内敌军全体3目标每回合行动时有#prob_param_01#概率陷入暴走状态，持续#available_round_01#,0,"4,",,S,5,使敌军陷入暴走状态,703,暴走(预备),0
520115,520115,4,50,4,0,100,100,52011501,4,2,0,0,0,0,指挥暴走全体3,第5回合，使距离4以内敌军全体3目标每回合行动时有#prob_param_01#概率陷入暴走状态，持续#available_round_01#,0,"4,",,S,5,使敌军陷入暴走状态,703,暴走(预备),0
520116,520116,4,50,4,0,100,100,52011601,4,2,0,0,0,0,指挥混乱单体1,前2回合，使距离4以内敌军单体行动时有#prob_param_01#概率陷入混乱状态,0,"4,",,S,5,使敌军陷入混乱状态,701,混乱(预备),0
520117,520117,4,50,4,0,100,100,52011701,4,2,0,0,0,0,指挥混乱单体2,第3回合，使距离4以内敌军单体每回合行动时有#prob_param_01#概率陷入混乱状态，持续#available_round_01#,0,"4,",,S,5,使敌军陷入混乱状态,701,混乱(预备),0
520118,520118,4,50,4,0,100,100,52011801,4,2,0,0,0,0,指挥混乱单体3,第5回合，使距离4以内敌军单体每回合行动时有#prob_param_01#概率陷入混乱状态，持续#available_round_01#,0,"4,",,S,5,使敌军陷入混乱状态,701,混乱(预备),0
520119,520119,4,50,4,0,100,100,52011901,4,2,0,0,0,0,指挥混乱群体1,前2回合，使距离4以内敌军群体2目标每回合行动时有#prob_param_01#概率陷入混乱状态,0,"4,",,S,5,使敌军陷入混乱状态,701,混乱(预备),0
520120,520120,4,50,4,0,100,100,52012001,4,2,0,0,0,0,指挥混乱群体2,第3回合，使距离4以内敌军群体2目标每回合行动时有#prob_param_01#概率陷入混乱状态，持续#available_round_01#,0,"4,",,S,5,使敌军陷入混乱状态,701,混乱(预备),0
520121,520121,4,50,4,0,100,100,52012101,4,2,0,0,0,0,指挥混乱群体3,第5回合，使距离4以内敌军群体2目标每回合行动时有#prob_param_01#概率陷入混乱状态，持续#available_round_01#,0,"4,",,S,5,使敌军陷入混乱状态,701,混乱(预备),0
520122,520122,4,50,4,0,100,100,52012201,4,2,0,0,0,0,指挥混乱全体1,前2回合，使距离4以内敌军全体3目标每回合行动时有#prob_param_01#概率陷入混乱状态,0,"4,",,S,5,使敌军陷入混乱状态,701,混乱(预备),0
520123,520123,4,50,4,0,100,100,52012301,4,2,0,0,0,0,指挥混乱全体2,第3回合，使距离4以内敌军全体3目标每回合行动时有#prob_param_01#概率陷入混乱状态，持续#available_round_01#,0,"4,",,S,5,使敌军陷入混乱状态,701,混乱(预备),0
520124,520124,4,50,4,0,100,100,52012401,4,2,0,0,0,0,指挥混乱全体3,第5回合，使距离4以内敌军全体3目标每回合行动时有#prob_param_01#概率陷入混乱状态，持续#available_round_01#,0,"4,",,S,5,使敌军陷入混乱状态,701,混乱(预备),0
520125,520125,4,50,4,0,100,100,52012501,4,2,0,0,0,0,指挥怯战单体1,前2回合，使距离4以内敌军单体行动时有#prob_param_01#概率陷入怯战状态,0,"4,",,S,5,使敌军陷入怯战状态,752,怯战(预备),0
520126,520126,4,50,4,0,100,100,52012601,4,2,0,0,0,0,指挥怯战单体2,第3回合，使距离4以内敌军单体每回合行动时有#prob_param_01#概率陷入怯战状态，持续#available_round_01#,0,"4,",,S,5,使敌军陷入怯战状态,752,怯战(预备),0
520127,520127,4,50,4,0,100,100,52012701,4,2,0,0,0,0,指挥怯战单体3,第5回合，使距离4以内敌军单体每回合行动时有#prob_param_01#概率陷入怯战状态，持续#available_round_01#,0,"4,",,S,5,使敌军陷入怯战状态,752,怯战(预备),0
520128,520128,4,50,4,0,100,100,52012801,4,2,0,0,0,0,指挥怯战群体1,前2回合，使距离4以内敌军群体2目标每回合行动时有#prob_param_01#概率陷入怯战状态,0,"4,",,S,5,使敌军陷入怯战状态,752,怯战(预备),0
520129,520129,4,50,4,0,100,100,52012901,4,2,0,0,0,0,指挥怯战群体2,第3回合，使距离4以内敌军群体2目标每回合行动时有#prob_param_01#概率陷入怯战状态，持续#available_round_01#,0,"4,",,S,5,使敌军陷入怯战状态,752,怯战(预备),0
520130,520130,4,50,4,0,100,100,52013001,4,2,0,0,0,0,指挥怯战群体3,第5回合，使距离4以内敌军群体2目标每回合行动时有#prob_param_01#概率陷入怯战状态，持续#available_round_01#,0,"4,",,S,5,使敌军陷入怯战状态,752,怯战(预备),0
520131,520131,4,50,4,0,100,100,52013101,4,2,0,0,0,0,指挥怯战全体1,前2回合，使距离4以内敌军全体3目标每回合行动时有#prob_param_01#概率陷入怯战状态,0,"4,",,S,5,使敌军陷入怯战状态,752,怯战(预备),0
520132,520132,4,50,4,0,100,100,52013201,4,2,0,0,0,0,指挥怯战全体2,第3回合，使距离4以内敌军全体3目标每回合行动时有#prob_param_01#概率陷入怯战状态，持续#available_round_01#,0,"4,",,S,5,使敌军陷入怯战状态,752,怯战(预备),0
520133,520133,4,50,4,0,100,100,52013301,4,2,0,0,0,0,指挥怯战全体3,第5回合，使距离4以内敌军全体3目标每回合行动时有#prob_param_01#概率陷入怯战状态，持续#available_round_01#,0,"4,",,S,5,使敌军陷入怯战状态,752,怯战(预备),0
520134,520134,4,50,4,0,100,100,52013401,4,2,0,0,0,0,指挥犹豫单体1,前2回合，使距离4以内敌军单体行动时有#prob_param_01#概率陷入犹豫状态,0,"4,",,S,5,使敌军陷入犹豫状态,702,犹豫(预备),0
520135,520135,4,50,4,0,100,100,52013501,4,2,0,0,0,0,指挥犹豫单体2,第3回合，使距离4以内敌军单体每回合行动时有#prob_param_01#概率陷入犹豫状态，持续#available_round_01#,0,"4,",,S,5,使敌军陷入犹豫状态,702,犹豫(预备),0
520136,520136,4,50,4,0,100,100,52013601,4,2,0,0,0,0,指挥犹豫单体3,第5回合，使距离4以内敌军单体每回合行动时有#prob_param_01#概率陷入犹豫状态，持续#available_round_01#,0,"4,",,S,5,使敌军陷入犹豫状态,702,犹豫(预备),0
520137,520137,4,50,4,0,100,100,52013701,4,2,0,0,0,0,指挥犹豫群体1,前2回合，使距离4以内敌军群体2目标每回合行动时有#prob_param_01#概率陷入犹豫状态,0,"4,",,S,5,使敌军陷入犹豫状态,702,犹豫(预备),0
520138,520138,4,50,4,0,100,100,52013801,4,2,0,0,0,0,指挥犹豫群体2,第3回合，使距离4以内敌军群体2目标每回合行动时有#prob_param_01#概率陷入犹豫状态，持续#available_round_01#,0,"4,",,S,5,使敌军陷入犹豫状态,702,犹豫(预备),0
520139,520139,4,50,4,0,100,100,52013901,4,2,0,0,0,0,指挥犹豫群体3,第5回合，使距离4以内敌军群体2目标每回合行动时有#prob_param_01#概率陷入犹豫状态，持续#available_round_01#,0,"4,",,S,5,使敌军陷入犹豫状态,702,犹豫(预备),0
520140,520140,4,50,4,0,100,100,52014001,4,2,0,0,0,0,指挥犹豫全体1,前2回合，使距离4以内敌军全体3目标每回合行动时有#prob_param_01#概率陷入犹豫状态,0,"4,",,S,5,使敌军陷入犹豫状态,702,犹豫(预备),0
520141,520141,4,50,4,0,100,100,52014101,4,2,0,0,0,0,指挥犹豫全体2,第3回合，使距离4以内敌军全体3目标每回合行动时有#prob_param_01#概率陷入犹豫状态，持续#available_round_01#,0,"4,",,S,5,使敌军陷入犹豫状态,702,犹豫(预备),0
520142,520142,4,50,4,0,100,100,52014201,4,2,0,0,0,0,指挥犹豫全体3,第5回合，使距离4以内敌军全体3目标每回合行动时有#prob_param_01#概率陷入犹豫状态，持续#available_round_01#,0,"4,",,S,5,使敌军陷入犹豫状态,702,犹豫(预备),0
520143,520143,4,50,3,0,100,100,52014301,4,2,0,0,0,0,指挥攻击+群体1,使我军群体2目标攻击属性提高#effect_01#,0,"4,",,S,3,使我军攻击属性提升,101,攻击属性提高,0
520144,520144,4,50,3,0,100,100,52014401,4,2,0,0,0,0,指挥攻击+群体3,使我军群体2目标攻击属性提高#effect_01#（受谋略属性影响）,0,"4,",,S,3,使我军攻击属性提升,101,攻击属性提高,0
520145,520145,4,50,3,0,100,100,52014501,4,2,0,0,0,0,指挥攻击+群体5,前3回合，使我军群体2目标攻击属性提高#effect_01#,0,"4,",,S,3,使我军攻击属性提升,101,攻击属性提高,0
520146,520146,4,50,3,0,100,100,52014601,4,2,0,0,0,0,指挥攻击+群体7,前3回合，使我军群体2目标攻击属性提高#effect_01#（受谋略属性影响）,0,"4,",,S,3,使我军攻击属性提升,101,攻击属性提高,0
520147,520147,4,50,3,0,100,100,52014701,4,2,0,0,0,0,指挥攻击+群体9,使我军群体2目标攻击属性提高#effect_01#，该效果每回合下降1/4,0,"4,",,S,3,使我军攻击属性提升,101,攻击属性提高,0
520148,520148,4,50,3,0,100,100,52014801,4,2,0,0,0,0,指挥攻击+群体11,使我军群体2目标攻击属性提高#effect_01#（受谋略属性影响），该效果每回合下降1/4,0,"4,",,S,3,使我军攻击属性提升,101,攻击属性提高,0
520149,520149,4,50,3,0,100,100,52014901,4,2,0,0,0,0,指挥攻击+全体1,使我军全体3目标攻击属性提高#effect_01#,0,"4,",,S,3,使我军攻击属性提升,101,攻击属性提高,0
520150,520150,4,50,3,0,100,100,52015001,4,2,0,0,0,0,指挥攻击+全体3,使我军全体3目标攻击属性提高#effect_01#（受谋略属性影响）,0,"4,",,S,3,使我军攻击属性提升,101,攻击属性提高,0
520151,520151,4,50,3,0,100,100,52015101,4,2,0,0,0,0,指挥攻击+全体5,前3回合，使我军全体3目标攻击属性提高#effect_01#,0,"4,",,S,3,使我军攻击属性提升,101,攻击属性提高,0
520152,520152,4,50,3,0,100,100,52015201,4,2,0,0,0,0,指挥攻击+全体7,前3回合，使我军全体3目标攻击属性提高#effect_01#（受谋略属性影响）,0,"4,",,S,3,使我军攻击属性提升,101,攻击属性提高,0
520153,520153,4,50,3,0,100,100,52015301,4,2,0,0,0,0,指挥攻击+全体9,使我军全体3目标攻击属性提高#effect_01#，该效果每回合下降1/4,0,"4,",,S,3,使我军攻击属性提升,101,攻击属性提高,0
520154,520154,4,50,3,0,100,100,52015401,4,2,0,0,0,0,指挥攻击+全体11,使我军全体3目标攻击属性提高#effect_01#（受谋略属性影响），该效果每回合下降1/4,0,"4,",,S,3,使我军攻击属性提升,101,攻击属性提高,0
520155,520155,4,50,4,0,100,100,52015501,4,2,0,0,0,0,指挥攻击-群体1,使距离4以内敌军群体2目标攻击属性降低#effect_01#,0,"4,",,S,3,使敌军攻击属性降低,201,攻击属性降低,0
520156,520156,4,50,4,0,100,100,52015601,4,2,0,0,0,0,指挥攻击-群体3,使距离4以内敌军群体2目标攻击属性降低#effect_01#（受谋略属性影响）,0,"4,",,S,3,使敌军攻击属性降低,201,攻击属性降低,0
520157,520157,4,50,4,0,100,100,52015701,4,2,0,0,0,0,指挥攻击-群体5,前3回合，使距离4以内敌军群体2目标攻击属性降低#effect_01#,0,"4,",,S,3,使敌军攻击属性降低,201,攻击属性降低,0
520158,520158,4,50,4,0,100,100,52015801,4,2,0,0,0,0,指挥攻击-群体7,前3回合，使距离4以内敌军群体2目标攻击属性降低#effect_01#（受谋略属性影响）,0,"4,",,S,3,使敌军攻击属性降低,201,攻击属性降低,0
520159,520159,4,50,4,0,100,100,52015901,4,2,0,0,0,0,指挥攻击-群体9,使距离4以内敌军群体2目标攻击属性降低#effect_01#，该效果每回合下降1/4,0,"4,",,S,3,使敌军攻击属性降低,201,攻击属性降低,0
520160,520160,4,50,4,0,100,100,52016001,4,2,0,0,0,0,指挥攻击-群体11,使距离4以内敌军群体2目标攻击属性降低#effect_01#（受谋略属性影响），该效果每回合下降1/4,0,"4,",,S,3,使敌军攻击属性降低,201,攻击属性降低,0
520161,520161,4,50,4,0,100,100,52016101,4,2,0,0,0,0,指挥攻击-全体1,使距离4以内敌军全体3目标攻击属性降低#effect_01#,0,"4,",,S,3,使敌军攻击属性降低,201,攻击属性降低,0
520162,520162,4,50,4,0,100,100,52016201,4,2,0,0,0,0,指挥攻击-全体3,使距离4以内敌军全体3目标攻击属性降低#effect_01#（受谋略属性影响）,0,"4,",,S,3,使敌军攻击属性降低,201,攻击属性降低,0
520163,520163,4,50,4,0,100,100,52016301,4,2,0,0,0,0,指挥攻击-全体5,前3回合，使距离4以内敌军全体3目标攻击属性降低#effect_01#,0,"4,",,S,3,使敌军攻击属性降低,201,攻击属性降低,0
520164,520164,4,50,4,0,100,100,52016401,4,2,0,0,0,0,指挥攻击-全体7,前3回合，使距离4以内敌军全体3目标攻击属性降低#effect_01#（受谋略属性影响）,0,"4,",,S,3,使敌军攻击属性降低,201,攻击属性降低,0
520165,520165,4,50,4,0,100,100,52016501,4,2,0,0,0,0,指挥攻击-全体9,使距离4以内敌军全体3目标攻击属性降低#effect_01#，该效果每回合下降1/4,0,"4,",,S,3,使敌军攻击属性降低,201,攻击属性降低,0
520166,520166,4,50,4,0,100,100,52016601,4,2,0,0,0,0,指挥攻击-全体11,使距离4以内敌军全体3目标攻击属性降低#effect_01#（受谋略属性影响），该效果每回合下降1/4,0,"4,",,S,3,使敌军攻击属性降低,201,攻击属性降低,0
520167,520167,4,50,3,0,100,100,52016701,4,2,0,0,0,0,指挥防御+群体1,使我军群体2目标防御属性提高#effect_01#,0,"4,",,S,3,使我军防御属性提升,102,防御属性提高,0
520168,520168,4,50,3,0,100,100,52016801,4,2,0,0,0,0,指挥防御+群体3,使我军群体2目标防御属性提高#effect_01#（受谋略属性影响）,0,"4,",,S,3,使我军防御属性提升,102,防御属性提高,0
520169,520169,4,50,3,0,100,100,52016901,4,2,0,0,0,0,指挥防御+群体5,前3回合，使我军群体2目标防御属性提高#effect_01#,0,"4,",,S,3,使我军防御属性提升,102,防御属性提高,0
520170,520170,4,50,3,0,100,100,52017001,4,2,0,0,0,0,指挥防御+群体7,前3回合，使我军群体2目标防御属性提高#effect_01#（受谋略属性影响）,0,"4,",,S,3,使我军防御属性提升,102,防御属性提高,0
520171,520171,4,50,3,0,100,100,52017101,4,2,0,0,0,0,指挥防御+群体9,使我军群体2目标防御属性提高#effect_01#，该效果每回合下降1/4,0,"4,",,S,3,使我军防御属性提升,102,防御属性提高,0
520172,520172,4,50,3,0,100,100,52017201,4,2,0,0,0,0,指挥防御+群体11,使我军群体2目标防御属性提高#effect_01#（受谋略属性影响），该效果每回合下降1/4,0,"4,",,S,3,使我军防御属性提升,102,防御属性提高,0
520173,520173,4,50,3,0,100,100,52017301,4,2,0,0,0,0,指挥防御+全体1,使我军全体3目标防御属性提高#effect_01#,0,"4,",,S,3,使我军防御属性提升,102,防御属性提高,0
520174,520174,4,50,3,0,100,100,52017401,4,2,0,0,0,0,指挥防御+全体3,使我军全体3目标防御属性提高#effect_01#（受谋略属性影响）,0,"4,",,S,3,使我军防御属性提升,102,防御属性提高,0
520175,520175,4,50,3,0,100,100,52017501,4,2,0,0,0,0,指挥防御+全体5,前3回合，使我军全体3目标防御属性提高#effect_01#,0,"4,",,S,3,使我军防御属性提升,102,防御属性提高,0
520176,520176,4,50,3,0,100,100,52017601,4,2,0,0,0,0,指挥防御+全体7,前3回合，使我军全体3目标防御属性提高#effect_01#（受谋略属性影响）,0,"4,",,S,3,使我军防御属性提升,102,防御属性提高,0
520177,520177,4,50,3,0,100,100,52017701,4,2,0,0,0,0,指挥防御+全体9,使我军全体3目标防御属性提高#effect_01#，该效果每回合下降1/4,0,"4,",,S,3,使我军防御属性提升,102,防御属性提高,0
520178,520178,4,50,3,0,100,100,52017801,4,2,0,0,0,0,指挥防御+全体11,使我军全体3目标防御属性提高#effect_01#（受谋略属性影响），该效果每回合下降1/4,0,"4,",,S,3,使我军防御属性提升,102,防御属性提高,0
520179,520179,4,50,4,0,100,100,52017901,4,2,0,0,0,0,指挥防御-群体1,使距离4以内敌军群体2目标防御属性降低#effect_01#,0,"4,",,S,3,使敌军防御属性降低,202,防御属性降低,0
520180,520180,4,50,4,0,100,100,52018001,4,2,0,0,0,0,指挥防御-群体3,使距离4以内敌军群体2目标防御属性降低#effect_01#（受谋略属性影响）,0,"4,",,S,3,使敌军防御属性降低,202,防御属性降低,0
520181,520181,4,50,4,0,100,100,52018101,4,2,0,0,0,0,指挥防御-群体5,前3回合，使距离4以内敌军群体2目标防御属性降低#effect_01#,0,"4,",,S,3,使敌军防御属性降低,202,防御属性降低,0
520182,520182,4,50,4,0,100,100,52018201,4,2,0,0,0,0,指挥防御-群体7,前3回合，使距离4以内敌军群体2目标防御属性降低#effect_01#（受谋略属性影响）,0,"4,",,S,3,使敌军防御属性降低,202,防御属性降低,0
520183,520183,4,50,4,0,100,100,52018301,4,2,0,0,0,0,指挥防御-群体9,使距离4以内敌军群体2目标防御属性降低#effect_01#，该效果每回合下降1/4,0,"4,",,S,3,使敌军防御属性降低,202,防御属性降低,0
520184,520184,4,50,4,0,100,100,52018401,4,2,0,0,0,0,指挥防御-群体11,使距离4以内敌军群体2目标防御属性降低#effect_01#（受谋略属性影响），该效果每回合下降1/4,0,"4,",,S,3,使敌军防御属性降低,202,防御属性降低,0
520185,520185,4,50,4,0,100,100,52018501,4,2,0,0,0,0,指挥防御-全体1,使距离4以内敌军全体3目标防御属性降低#effect_01#,0,"4,",,S,3,使敌军防御属性降低,202,防御属性降低,0
520186,520186,4,50,4,0,100,100,52018601,4,2,0,0,0,0,指挥防御-全体3,使距离4以内敌军全体3目标防御属性降低#effect_01#（受谋略属性影响）,0,"4,",,S,3,使敌军防御属性降低,202,防御属性降低,0
520187,520187,4,50,4,0,100,100,52018701,4,2,0,0,0,0,指挥防御-全体5,前3回合，使距离4以内敌军全体3目标防御属性降低#effect_01#,0,"4,",,S,3,使敌军防御属性降低,202,防御属性降低,0
520188,520188,4,50,4,0,100,100,52018801,4,2,0,0,0,0,指挥防御-全体7,前3回合，使距离4以内敌军全体3目标防御属性降低#effect_01#（受谋略属性影响）,0,"4,",,S,3,使敌军防御属性降低,202,防御属性降低,0
520189,520189,4,50,4,0,100,100,52018901,4,2,0,0,0,0,指挥防御-全体9,使距离4以内敌军全体3目标防御属性降低#effect_01#，该效果每回合下降1/4,0,"4,",,S,3,使敌军防御属性降低,202,防御属性降低,0
520190,520190,4,50,4,0,100,100,52019001,4,2,0,0,0,0,指挥防御-全体11,使距离4以内敌军全体3目标防御属性降低#effect_01#（受谋略属性影响），该效果每回合下降1/4,0,"4,",,S,3,使敌军防御属性降低,202,防御属性降低,0
520191,520191,4,50,3,0,100,100,52019101,4,2,0,0,0,0,指挥谋略+群体1,使我军群体2目标谋略属性提高#effect_01#,0,"4,",,S,3,使我军谋略属性提升,103,谋略属性提高,0
520192,520192,4,50,3,0,100,100,52019201,4,2,0,0,0,0,指挥谋略+群体3,使我军群体2目标谋略属性提高#effect_01#（受谋略属性影响）,0,"4,",,S,3,使我军谋略属性提升,103,谋略属性提高,0
520193,520193,4,50,3,0,100,100,52019301,4,2,0,0,0,0,指挥谋略+群体5,前3回合，使我军群体2目标谋略属性提高#effect_01#,0,"4,",,S,3,使我军谋略属性提升,103,谋略属性提高,0
520194,520194,4,50,3,0,100,100,52019401,4,2,0,0,0,0,指挥谋略+群体7,前3回合，使我军群体2目标谋略属性提高#effect_01#（受谋略属性影响）,0,"4,",,S,3,使我军谋略属性提升,103,谋略属性提高,0
520195,520195,4,50,3,0,100,100,52019501,4,2,0,0,0,0,指挥谋略+群体9,使我军群体2目标谋略属性提高#effect_01#，该效果每回合下降1/4,0,"4,",,S,3,使我军谋略属性提升,103,谋略属性提高,0
520196,520196,4,50,3,0,100,100,52019601,4,2,0,0,0,0,指挥谋略+群体11,使我军群体2目标谋略属性提高#effect_01#（受谋略属性影响），该效果每回合下降1/4,0,"4,",,S,3,使我军谋略属性提升,103,谋略属性提高,0
520197,520197,4,50,3,0,100,100,52019701,4,2,0,0,0,0,指挥谋略+全体1,使我军全体3目标谋略属性提高#effect_01#,0,"4,",,S,3,使我军谋略属性提升,103,谋略属性提高,0
520198,520198,4,50,3,0,100,100,52019801,4,2,0,0,0,0,指挥谋略+全体3,使我军全体3目标谋略属性提高#effect_01#（受谋略属性影响）,0,"4,",,S,3,使我军谋略属性提升,103,谋略属性提高,0
520199,520199,4,50,3,0,100,100,52019901,4,2,0,0,0,0,指挥谋略+全体5,前3回合，使我军全体3目标谋略属性提高#effect_01#,0,"4,",,S,3,使我军谋略属性提升,103,谋略属性提高,0
520200,520200,4,50,3,0,100,100,52020001,4,2,0,0,0,0,指挥谋略+全体7,前3回合，使我军全体3目标谋略属性提高#effect_01#（受谋略属性影响）,0,"4,",,S,3,使我军谋略属性提升,103,谋略属性提高,0
520201,520201,4,50,3,0,100,100,52020101,4,2,0,0,0,0,指挥谋略+全体9,使我军全体3目标谋略属性提高#effect_01#，该效果每回合下降1/4,0,"4,",,S,3,使我军谋略属性提升,103,谋略属性提高,0
520202,520202,4,50,3,0,100,100,52020201,4,2,0,0,0,0,指挥谋略+全体11,使我军全体3目标谋略属性提高#effect_01#（受谋略属性影响），该效果每回合下降1/4,0,"4,",,S,3,使我军谋略属性提升,103,谋略属性提高,0
520203,520203,4,50,4,0,100,100,52020301,4,2,0,0,0,0,指挥谋略-群体1,使距离4以内敌军群体2目标谋略属性降低#effect_01#,0,"4,",,S,3,使敌军谋略属性降低,203,谋略属性降低,0
520204,520204,4,50,4,0,100,100,52020401,4,2,0,0,0,0,指挥谋略-群体3,使距离4以内敌军群体2目标谋略属性降低#effect_01#（受谋略属性影响）,0,"4,",,S,3,使敌军谋略属性降低,203,谋略属性降低,0
520205,520205,4,50,4,0,100,100,52020501,4,2,0,0,0,0,指挥谋略-群体5,前3回合，使距离4以内敌军群体2目标谋略属性降低#effect_01#,0,"4,",,S,3,使敌军谋略属性降低,203,谋略属性降低,0
520206,520206,4,50,4,0,100,100,52020601,4,2,0,0,0,0,指挥谋略-群体7,前3回合，使距离4以内敌军群体2目标谋略属性降低#effect_01#（受谋略属性影响）,0,"4,",,S,3,使敌军谋略属性降低,203,谋略属性降低,0
520207,520207,4,50,4,0,100,100,52020701,4,2,0,0,0,0,指挥谋略-群体9,使距离4以内敌军群体2目标谋略属性降低#effect_01#，该效果每回合下降1/4,0,"4,",,S,3,使敌军谋略属性降低,203,谋略属性降低,0
520208,520208,4,50,4,0,100,100,52020801,4,2,0,0,0,0,指挥谋略-群体11,使距离4以内敌军群体2目标谋略属性降低#effect_01#（受谋略属性影响），该效果每回合下降1/4,0,"4,",,S,3,使敌军谋略属性降低,203,谋略属性降低,0
520209,520209,4,50,4,0,100,100,52020901,4,2,0,0,0,0,指挥谋略-全体1,使距离4以内敌军全体3目标谋略属性降低#effect_01#,0,"4,",,S,3,使敌军谋略属性降低,203,谋略属性降低,0
520210,520210,4,50,4,0,100,100,52021001,4,2,0,0,0,0,指挥谋略-全体3,使距离4以内敌军全体3目标谋略属性降低#effect_01#（受谋略属性影响）,0,"4,",,S,3,使敌军谋略属性降低,203,谋略属性降低,0
520211,520211,4,50,4,0,100,100,52021101,4,2,0,0,0,0,指挥谋略-全体5,前3回合，使距离4以内敌军全体3目标谋略属性降低#effect_01#,0,"4,",,S,3,使敌军谋略属性降低,203,谋略属性降低,0
520212,520212,4,50,4,0,100,100,52021201,4,2,0,0,0,0,指挥谋略-全体7,前3回合，使距离4以内敌军全体3目标谋略属性降低#effect_01#（受谋略属性影响）,0,"4,",,S,3,使敌军谋略属性降低,203,谋略属性降低,0
520213,520213,4,50,4,0,100,100,52021301,4,2,0,0,0,0,指挥谋略-全体9,使距离4以内敌军全体3目标谋略属性降低#effect_01#，该效果每回合下降1/4,0,"4,",,S,3,使敌军谋略属性降低,203,谋略属性降低,0
520214,520214,4,50,4,0,100,100,52021401,4,2,0,0,0,0,指挥谋略-全体11,使距离4以内敌军全体3目标谋略属性降低#effect_01#（受谋略属性影响），该效果每回合下降1/4,0,"4,",,S,3,使敌军谋略属性降低,203,谋略属性降低,0
520215,520215,4,50,3,0,100,100,52021501,4,2,0,0,0,0,指挥出物伤+单体3,前3回合，使我军单体造成的攻击伤害提高#effect_01#%（受谋略属性影响）,0,"4,",,S,3,使我军造成的攻击伤害提升,531,攻击伤害提高,0
520216,520216,4,50,3,0,100,100,52021601,4,2,0,0,0,0,指挥出物伤+单体4,前3回合，使我军单体造成的攻击伤害提高#effect_01#%,0,"4,",,S,3,使我军造成的攻击伤害提升,531,攻击伤害提高,0
520217,520217,4,50,3,0,100,100,52021701,4,2,0,0,0,0,指挥出物伤+单体15,战斗开始后首回合，使我军单体造成的攻击伤害提高#effect_01#%（受谋略属性影响），此效果每回合降低1/4,0,"4,",,S,3,使我军造成的攻击伤害提升,531,攻击伤害提高,0
520218,520218,4,50,3,0,100,100,52021801,4,2,0,0,0,0,指挥出物伤+单体16,战斗开始后首回合，使我军单体造成的攻击伤害提高#effect_01#%，此效果每回合降低1/4,0,"4,",,S,3,使我军造成的攻击伤害提升,531,攻击伤害提高,0
520219,520219,4,50,3,0,100,100,52021901,4,2,0,0,0,0,指挥出物伤+单体21,第5回合，使我军单体造成的攻击伤害提高#effect_01#%（受谋略属性影响），持续到战斗结束,0,"4,",,S,3,使我军造成的攻击伤害提升,531,攻击伤害提高,0
520220,520220,4,50,3,0,100,100,52022001,4,2,0,0,0,0,指挥出物伤+单体22,第5回合，使我军单体造成的攻击伤害提高#effect_01#%，持续到战斗结束,0,"4,",,S,3,使我军造成的攻击伤害提升,531,攻击伤害提高,0
520221,520221,4,50,3,0,100,100,52022101,4,2,0,0,0,0,指挥出物伤+群体3,前3回合，使我军群体2目标造成的攻击伤害提高#effect_01#%（受谋略属性影响）,0,"4,",,S,3,使我军造成的攻击伤害提升,531,攻击伤害提高,0
520222,520222,4,50,3,0,100,100,52022201,4,2,0,0,0,0,指挥出物伤+群体4,前3回合，使我军群体2目标造成的攻击伤害提高#effect_01#%,0,"4,",,S,3,使我军造成的攻击伤害提升,531,攻击伤害提高,0
520223,520223,4,50,3,0,100,100,52022301,4,2,0,0,0,0,指挥出物伤+群体15,战斗开始后首回合，使我军群体2目标造成的攻击伤害提高#effect_01#%（受谋略属性影响），此效果每回合降低1/4,0,"4,",,S,3,使我军造成的攻击伤害提升,531,攻击伤害提高,0
520224,520224,4,50,3,0,100,100,52022401,4,2,0,0,0,0,指挥出物伤+群体16,战斗开始后首回合，使我军群体2目标造成的攻击伤害提高#effect_01#%，此效果每回合降低1/4,0,"4,",,S,3,使我军造成的攻击伤害提升,531,攻击伤害提高,0
520225,520225,4,50,3,0,100,100,52022501,4,2,0,0,0,0,指挥出物伤+群体21,第5回合，使我军群体2目标造成的攻击伤害提高#effect_01#%（受谋略属性影响），持续到战斗结束,0,"4,",,S,3,使我军造成的攻击伤害提升,531,攻击伤害提高,0
520226,520226,4,50,3,0,100,100,52022601,4,2,0,0,0,0,指挥出物伤+群体22,第5回合，使我军群体2目标造成的攻击伤害提高#effect_01#%，持续到战斗结束,0,"4,",,S,3,使我军造成的攻击伤害提升,531,攻击伤害提高,0
520227,520227,4,50,3,0,100,100,52022701,4,2,0,0,0,0,指挥出物伤+全体3,前3回合，使我军全体3目标造成的攻击伤害提高#effect_01#%（受谋略属性影响）,0,"4,",,S,3,使我军造成的攻击伤害提升,531,攻击伤害提高,0
520228,520228,4,50,3,0,100,100,52022801,4,2,0,0,0,0,指挥出物伤+全体4,前3回合，使我军全体3目标造成的攻击伤害提高#effect_01#%,0,"4,",,S,3,使我军造成的攻击伤害提升,531,攻击伤害提高,0
520229,520229,4,50,3,0,100,100,52022901,4,2,0,0,0,0,指挥出物伤+全体15,战斗开始后首回合，使我军全体3目标造成的攻击伤害提高#effect_01#%（受谋略属性影响），此效果每回合降低1/4,0,"4,",,S,3,使我军造成的攻击伤害提升,531,攻击伤害提高,0
520230,520230,4,50,3,0,100,100,52023001,4,2,0,0,0,0,指挥出物伤+全体16,战斗开始后首回合，使我军全体3目标造成的攻击伤害提高#effect_01#%，此效果每回合降低1/4,0,"4,",,S,3,使我军造成的攻击伤害提升,531,攻击伤害提高,0
520231,520231,4,50,3,0,100,100,52023101,4,2,0,0,0,0,指挥出物伤+全体21,第5回合，使我军全体3目标造成的攻击伤害提高#effect_01#%（受谋略属性影响），持续到战斗结束,0,"4,",,S,3,使我军造成的攻击伤害提升,531,攻击伤害提高,0
520232,520232,4,50,3,0,100,100,52023201,4,2,0,0,0,0,指挥出物伤+全体22,第5回合，使我军全体3目标造成的攻击伤害提高#effect_01#%，持续到战斗结束,0,"4,",,S,3,使我军造成的攻击伤害提升,531,攻击伤害提高,0
520233,520233,4,50,3,0,100,100,52023301,4,2,0,0,0,0,指挥出谋伤+单体3,前3回合，使我军单体造成的策略攻击伤害提高#effect_01#%（受谋略属性影响）,0,"4,",,S,3,使我军造成的策略伤害提升,533,策略攻击伤害提高,0
520234,520234,4,50,3,0,100,100,52023401,4,2,0,0,0,0,指挥出谋伤+单体4,前3回合，使我军单体造成的策略攻击伤害提高#effect_01#%,0,"4,",,S,3,使我军造成的策略伤害提升,533,策略攻击伤害提高,0
520235,520235,4,50,3,0,100,100,52023501,4,2,0,0,0,0,指挥出谋伤+单体15,战斗开始后首回合，使我军单体造成的策略攻击伤害提高#effect_01#%（受谋略属性影响），此效果每回合降低1/4,0,"4,",,S,3,使我军造成的策略伤害提升,533,策略攻击伤害提高,0
520236,520236,4,50,3,0,100,100,52023601,4,2,0,0,0,0,指挥出谋伤+单体16,战斗开始后首回合，使我军单体造成的策略攻击伤害提高#effect_01#%，此效果每回合降低1/4,0,"4,",,S,3,使我军造成的策略伤害提升,533,策略攻击伤害提高,0
520237,520237,4,50,3,0,100,100,52023701,4,2,0,0,0,0,指挥出谋伤+单体21,第5回合，使我军单体造成的策略攻击伤害提高#effect_01#%（受谋略属性影响），持续到战斗结束,0,"4,",,S,3,使我军造成的策略伤害提升,533,策略攻击伤害提高,0
520238,520238,4,50,3,0,100,100,52023801,4,2,0,0,0,0,指挥出谋伤+单体22,第5回合，使我军单体造成的策略攻击伤害提高#effect_01#%，持续到战斗结束,0,"4,",,S,3,使我军造成的策略伤害提升,533,策略攻击伤害提高,0
520239,520239,4,50,3,0,100,100,52023901,4,2,0,0,0,0,指挥出谋伤+群体3,前3回合，使我军群体2目标造成的策略攻击伤害提高#effect_01#%（受谋略属性影响）,0,"4,",,S,3,使我军造成的策略伤害提升,533,策略攻击伤害提高,0
520240,520240,4,50,3,0,100,100,52024001,4,2,0,0,0,0,指挥出谋伤+群体4,前3回合，使我军群体2目标造成的策略攻击伤害提高#effect_01#%,0,"4,",,S,3,使我军造成的策略伤害提升,533,策略攻击伤害提高,0
520241,520241,4,50,3,0,100,100,52024101,4,2,0,0,0,0,指挥出谋伤+群体15,战斗开始后首回合，使我军群体2目标造成的策略攻击伤害提高#effect_01#%（受谋略属性影响），此效果每回合降低1/4,0,"4,",,S,3,使我军造成的策略伤害提升,533,策略攻击伤害提高,0
520242,520242,4,50,3,0,100,100,52024201,4,2,0,0,0,0,指挥出谋伤+群体16,战斗开始后首回合，使我军群体2目标造成的策略攻击伤害提高#effect_01#%，此效果每回合降低1/4,0,"4,",,S,3,使我军造成的策略伤害提升,533,策略攻击伤害提高,0
520243,520243,4,50,3,0,100,100,52024301,4,2,0,0,0,0,指挥出谋伤+群体21,第5回合，使我军群体2目标造成的策略攻击伤害提高#effect_01#%（受谋略属性影响），持续到战斗结束,0,"4,",,S,3,使我军造成的策略伤害提升,533,策略攻击伤害提高,0
520244,520244,4,50,3,0,100,100,52024401,4,2,0,0,0,0,指挥出谋伤+群体22,第5回合，使我军群体2目标造成的策略攻击伤害提高#effect_01#%，持续到战斗结束,0,"4,",,S,3,使我军造成的策略伤害提升,533,策略攻击伤害提高,0
520245,520245,4,50,3,0,100,100,52024501,4,2,0,0,0,0,指挥出谋伤+全体3,前3回合，使我军全体3目标造成的策略攻击伤害提高#effect_01#%（受谋略属性影响）,0,"4,",,S,3,使我军造成的策略伤害提升,533,策略攻击伤害提高,0
520246,520246,4,50,3,0,100,100,52024601,4,2,0,0,0,0,指挥出谋伤+全体4,前3回合，使我军全体3目标造成的策略攻击伤害提高#effect_01#%,0,"4,",,S,3,使我军造成的策略伤害提升,533,策略攻击伤害提高,0
520247,520247,4,50,3,0,100,100,52024701,4,2,0,0,0,0,指挥出谋伤+全体15,战斗开始后首回合，使我军全体3目标造成的策略攻击伤害提高#effect_01#%（受谋略属性影响），此效果每回合降低1/4,0,"4,",,S,3,使我军造成的策略伤害提升,533,策略攻击伤害提高,0
520248,520248,4,50,3,0,100,100,52024801,4,2,0,0,0,0,指挥出谋伤+全体16,战斗开始后首回合，使我军全体3目标造成的策略攻击伤害提高#effect_01#%，此效果每回合降低1/4,0,"4,",,S,3,使我军造成的策略伤害提升,533,策略攻击伤害提高,0
520249,520249,4,50,3,0,100,100,52024901,4,2,0,0,0,0,指挥出谋伤+全体21,第5回合，使我军全体3目标造成的策略攻击伤害提高#effect_01#%（受谋略属性影响），持续到战斗结束,0,"4,",,S,3,使我军造成的策略伤害提升,533,策略攻击伤害提高,0
520250,520250,4,50,3,0,100,100,52025001,4,2,0,0,0,0,指挥出谋伤+全体22,第5回合，使我军全体3目标造成的策略攻击伤害提高#effect_01#%，持续到战斗结束,0,"4,",,S,3,使我军造成的策略伤害提升,533,策略攻击伤害提高,0
520251,520251,4,50,3,0,100,100,52025101,4,2,0,0,0,0,指挥受物伤-单体3,前3回合，使我军单体受到的攻击伤害降低#effect_01#%（受谋略属性影响）,0,"4,",,S,3,使我军受到攻击伤害降低,522,受到攻击伤害降低,0
520252,520252,4,50,3,0,100,100,52025201,4,2,0,0,0,0,指挥受物伤-单体4,前3回合，使我军单体受到的攻击伤害降低#effect_01#%,0,"4,",,S,3,使我军受到攻击伤害降低,522,受到攻击伤害降低,0
520253,520253,4,50,3,0,100,100,52025301,4,2,0,0,0,0,指挥受物伤-单体15,战斗开始后首回合，使我军单体受到的攻击伤害降低#effect_01#%（受谋略属性影响），此效果每回合降低1/4,0,"4,",,S,3,使我军受到攻击伤害降低,522,受到攻击伤害降低,0
520254,520254,4,50,3,0,100,100,52025401,4,2,0,0,0,0,指挥受物伤-单体16,战斗开始后首回合，使我军单体受到的攻击伤害降低#effect_01#%，此效果每回合降低1/4,0,"4,",,S,3,使我军受到攻击伤害降低,522,受到攻击伤害降低,0
520255,520255,4,50,3,0,100,100,52025501,4,2,0,0,0,0,指挥受物伤-单体21,第5回合，使我军单体受到的攻击伤害降低#effect_01#%（受谋略属性影响），持续到战斗结束,0,"4,",,S,3,使我军受到攻击伤害降低,522,受到攻击伤害降低,0
520256,520256,4,50,3,0,100,100,52025601,4,2,0,0,0,0,指挥受物伤-单体22,第5回合，使我军单体受到的攻击伤害降低#effect_01#%，持续到战斗结束,0,"4,",,S,3,使我军受到攻击伤害降低,522,受到攻击伤害降低,0
520257,520257,4,50,3,0,100,100,52025701,4,2,0,0,0,0,指挥受物伤-群体3,前3回合，使我军群体2目标受到的攻击伤害降低#effect_01#%（受谋略属性影响）,0,"4,",,S,3,使我军受到攻击伤害降低,522,受到攻击伤害降低,0
520258,520258,4,50,3,0,100,100,52025801,4,2,0,0,0,0,指挥受物伤-群体4,前3回合，使我军群体2目标受到的攻击伤害降低#effect_01#%,0,"4,",,S,3,使我军受到攻击伤害降低,522,受到攻击伤害降低,0
520259,520259,4,50,3,0,100,100,52025901,4,2,0,0,0,0,指挥受物伤-群体15,战斗开始后首回合，使我军群体2目标受到的攻击伤害降低#effect_01#%（受谋略属性影响），此效果每回合降低1/4,0,"4,",,S,3,使我军受到攻击伤害降低,522,受到攻击伤害降低,0
520260,520260,4,50,3,0,100,100,52026001,4,2,0,0,0,0,指挥受物伤-群体16,战斗开始后首回合，使我军群体2目标受到的攻击伤害降低#effect_01#%，此效果每回合降低1/4,0,"4,",,S,3,使我军受到攻击伤害降低,522,受到攻击伤害降低,0
520261,520261,4,50,3,0,100,100,52026101,4,2,0,0,0,0,指挥受物伤-群体21,第5回合，使我军群体2目标受到的攻击伤害降低#effect_01#%（受谋略属性影响），持续到战斗结束,0,"4,",,S,3,使我军受到攻击伤害降低,522,受到攻击伤害降低,0
520262,520262,4,50,3,0,100,100,52026201,4,2,0,0,0,0,指挥受物伤-群体22,第5回合，使我军群体2目标受到的攻击伤害降低#effect_01#%，持续到战斗结束,0,"4,",,S,3,使我军受到攻击伤害降低,522,受到攻击伤害降低,0
520263,520263,4,50,3,0,100,100,52026301,4,2,0,0,0,0,指挥受物伤-全体3,前3回合，使我军全体3目标受到的攻击伤害降低#effect_01#%（受谋略属性影响）,0,"4,",,S,3,使我军受到攻击伤害降低,522,受到攻击伤害降低,0
520264,520264,4,50,3,0,100,100,52026401,4,2,0,0,0,0,指挥受物伤-全体4,前3回合，使我军全体3目标受到的攻击伤害降低#effect_01#%,0,"4,",,S,3,使我军受到攻击伤害降低,522,受到攻击伤害降低,0
520265,520265,4,50,3,0,100,100,52026501,4,2,0,0,0,0,指挥受物伤-全体15,战斗开始后首回合，使我军全体3目标受到的攻击伤害降低#effect_01#%（受谋略属性影响），此效果每回合降低1/4,0,"4,",,S,3,使我军受到攻击伤害降低,522,受到攻击伤害降低,0
520266,520266,4,50,3,0,100,100,52026601,4,2,0,0,0,0,指挥受物伤-全体16,战斗开始后首回合，使我军全体3目标受到的攻击伤害降低#effect_01#%，此效果每回合降低1/4,0,"4,",,S,3,使我军受到攻击伤害降低,522,受到攻击伤害降低,0
520267,520267,4,50,3,0,100,100,52026701,4,2,0,0,0,0,指挥受物伤-全体21,第5回合，使我军全体3目标受到的攻击伤害降低#effect_01#%（受谋略属性影响），持续到战斗结束,0,"4,",,S,3,使我军受到攻击伤害降低,522,受到攻击伤害降低,0
520268,520268,4,50,3,0,100,100,52026801,4,2,0,0,0,0,指挥受物伤-全体22,第5回合，使我军全体3目标受到的攻击伤害降低#effect_01#%，持续到战斗结束,0,"4,",,S,3,使我军受到攻击伤害降低,522,受到攻击伤害降低,0
520269,520269,4,50,3,0,100,100,52026901,4,2,0,0,0,0,指挥受谋伤-单体3,前3回合，使我军单体受到的策略攻击伤害降低#effect_01#%（受谋略属性影响）,0,"4,",,S,3,使我军受到策略伤害降低,524,受到策略攻击伤害降低,0
520270,520270,4,50,3,0,100,100,52027001,4,2,0,0,0,0,指挥受谋伤-单体4,前3回合，使我军单体受到的策略攻击伤害降低#effect_01#%,0,"4,",,S,3,使我军受到策略伤害降低,524,受到策略攻击伤害降低,0
520271,520271,4,50,3,0,100,100,52027101,4,2,0,0,0,0,指挥受谋伤-单体15,战斗开始后首回合，使我军单体受到的策略攻击伤害降低#effect_01#%（受谋略属性影响），此效果每回合降低1/4,0,"4,",,S,3,使我军受到策略伤害降低,524,受到策略攻击伤害降低,0
520272,520272,4,50,3,0,100,100,52027201,4,2,0,0,0,0,指挥受谋伤-单体16,战斗开始后首回合，使我军单体受到的策略攻击伤害降低#effect_01#%，此效果每回合降低1/4,0,"4,",,S,3,使我军受到策略伤害降低,524,受到策略攻击伤害降低,0
520273,520273,4,50,3,0,100,100,52027301,4,2,0,0,0,0,指挥受谋伤-单体21,第5回合，使我军单体受到的策略攻击伤害降低#effect_01#%（受谋略属性影响），持续到战斗结束,0,"4,",,S,3,使我军受到策略伤害降低,524,受到策略攻击伤害降低,0
520274,520274,4,50,3,0,100,100,52027401,4,2,0,0,0,0,指挥受谋伤-单体22,第5回合，使我军单体受到的策略攻击伤害降低#effect_01#%，持续到战斗结束,0,"4,",,S,3,使我军受到策略伤害降低,524,受到策略攻击伤害降低,0
520275,520275,4,50,3,0,100,100,52027501,4,2,0,0,0,0,指挥受谋伤-群体3,前3回合，使我军群体2目标受到的策略攻击伤害降低#effect_01#%（受谋略属性影响）,0,"4,",,S,3,使我军受到策略伤害降低,524,受到策略攻击伤害降低,0
520276,520276,4,50,3,0,100,100,52027601,4,2,0,0,0,0,指挥受谋伤-群体4,前3回合，使我军群体2目标受到的策略攻击伤害降低#effect_01#%,0,"4,",,S,3,使我军受到策略伤害降低,524,受到策略攻击伤害降低,0
520277,520277,4,50,3,0,100,100,52027701,4,2,0,0,0,0,指挥受谋伤-群体15,战斗开始后首回合，使我军群体2目标受到的策略攻击伤害降低#effect_01#%（受谋略属性影响），此效果每回合降低1/4,0,"4,",,S,3,使我军受到策略伤害降低,524,受到策略攻击伤害降低,0
520278,520278,4,50,3,0,100,100,52027801,4,2,0,0,0,0,指挥受谋伤-群体16,战斗开始后首回合，使我军群体2目标受到的策略攻击伤害降低#effect_01#%，此效果每回合降低1/4,0,"4,",,S,3,使我军受到策略伤害降低,524,受到策略攻击伤害降低,0
520279,520279,4,50,3,0,100,100,52027901,4,2,0,0,0,0,指挥受谋伤-群体21,第5回合，使我军群体2目标受到的策略攻击伤害降低#effect_01#%（受谋略属性影响），持续到战斗结束,0,"4,",,S,3,使我军受到策略伤害降低,524,受到策略攻击伤害降低,0
520280,520280,4,50,3,0,100,100,52028001,4,2,0,0,0,0,指挥受谋伤-群体22,第5回合，使我军群体2目标受到的策略攻击伤害降低#effect_01#%，持续到战斗结束,0,"4,",,S,3,使我军受到策略伤害降低,524,受到策略攻击伤害降低,0
520281,520281,4,50,3,0,100,100,52028101,4,2,0,0,0,0,指挥受谋伤-全体3,前3回合，使我军全体3目标受到的策略攻击伤害降低#effect_01#%（受谋略属性影响）,0,"4,",,S,3,使我军受到策略伤害降低,524,受到策略攻击伤害降低,0
520282,520282,4,50,3,0,100,100,52028201,4,2,0,0,0,0,指挥受谋伤-全体4,前3回合，使我军全体3目标受到的策略攻击伤害降低#effect_01#%,0,"4,",,S,3,使我军受到策略伤害降低,524,受到策略攻击伤害降低,0
520283,520283,4,50,3,0,100,100,52028301,4,2,0,0,0,0,指挥受谋伤-全体15,战斗开始后首回合，使我军全体3目标受到的策略攻击伤害降低#effect_01#%（受谋略属性影响），此效果每回合降低1/4,0,"4,",,S,3,使我军受到策略伤害降低,524,受到策略攻击伤害降低,0
520284,520284,4,50,3,0,100,100,52028401,4,2,0,0,0,0,指挥受谋伤-全体16,战斗开始后首回合，使我军全体3目标受到的策略攻击伤害降低#effect_01#%，此效果每回合降低1/4,0,"4,",,S,3,使我军受到策略伤害降低,524,受到策略攻击伤害降低,0
520285,520285,4,50,3,0,100,100,52028501,4,2,0,0,0,0,指挥受谋伤-全体21,第5回合，使我军全体3目标受到的策略攻击伤害降低#effect_01#%（受谋略属性影响），持续到战斗结束,0,"4,",,S,3,使我军受到策略伤害降低,524,受到策略攻击伤害降低,0
520286,520286,4,50,3,0,100,100,52028601,4,2,0,0,0,0,指挥受谋伤-全体22,第5回合，使我军全体3目标受到的策略攻击伤害降低#effect_01#%，持续到战斗结束,0,"4,",,S,3,使我军受到策略伤害降低,524,受到策略攻击伤害降低,0
520287,520287,4,50,4,0,100,100,52028701,4,2,0,0,0,0,指挥出物伤-单体3,前3回合，使距离4以内敌军单体造成的攻击伤害降低#effect_01#%（受谋略属性影响）,0,"4,",,S,3,使我军造成的攻击伤害提升,532,攻击伤害降低,0
520288,520288,4,50,4,0,100,100,52028801,4,2,0,0,0,0,指挥出物伤-单体4,前3回合，使距离4以内敌军单体造成的攻击伤害降低#effect_01#%,0,"4,",,S,3,使我军造成的攻击伤害提升,532,攻击伤害降低,0
520289,520289,4,50,4,0,100,100,52028901,4,2,0,0,0,0,指挥出物伤-单体15,战斗开始后首回合，使距离4以内敌军单体造成的攻击伤害降低#effect_01#%（受谋略属性影响），此效果每回合降低1/4,0,"4,",,S,3,使我军造成的攻击伤害提升,532,攻击伤害降低,0
520290,520290,4,50,4,0,100,100,52029001,4,2,0,0,0,0,指挥出物伤-单体16,战斗开始后首回合，使距离4以内敌军单体造成的攻击伤害降低#effect_01#%，此效果每回合降低1/4,0,"4,",,S,3,使我军造成的攻击伤害提升,532,攻击伤害降低,0
520291,520291,4,50,4,0,100,100,52029101,4,2,0,0,0,0,指挥出物伤-单体21,第5回合，使距离4以内敌军单体造成的攻击伤害降低#effect_01#%（受谋略属性影响），持续到战斗结束,0,"4,",,S,3,使我军造成的攻击伤害提升,532,攻击伤害降低,0
520292,520292,4,50,4,0,100,100,52029201,4,2,0,0,0,0,指挥出物伤-单体22,第5回合，使距离4以内敌军单体造成的攻击伤害降低#effect_01#%，持续到战斗结束,0,"4,",,S,3,使我军造成的攻击伤害提升,532,攻击伤害降低,0
520293,520293,4,50,4,0,100,100,52029301,4,2,0,0,0,0,指挥出物伤-群体3,前3回合，使距离4以内敌军群体2目标造成的攻击伤害降低#effect_01#%（受谋略属性影响）,0,"4,",,S,3,使我军造成的攻击伤害提升,532,攻击伤害降低,0
520294,520294,4,50,4,0,100,100,52029401,4,2,0,0,0,0,指挥出物伤-群体4,前3回合，使距离4以内敌军群体2目标造成的攻击伤害降低#effect_01#%,0,"4,",,S,3,使我军造成的攻击伤害提升,532,攻击伤害降低,0
520295,520295,4,50,4,0,100,100,52029501,4,2,0,0,0,0,指挥出物伤-群体15,战斗开始后首回合，使距离4以内敌军群体2目标造成的攻击伤害降低#effect_01#%（受谋略属性影响），此效果每回合降低1/4,0,"4,",,S,3,使我军造成的攻击伤害提升,532,攻击伤害降低,0
520296,520296,4,50,4,0,100,100,52029601,4,2,0,0,0,0,指挥出物伤-群体16,战斗开始后首回合，使距离4以内敌军群体2目标造成的攻击伤害降低#effect_01#%，此效果每回合降低1/4,0,"4,",,S,3,使我军造成的攻击伤害提升,532,攻击伤害降低,0
520297,520297,4,50,4,0,100,100,52029701,4,2,0,0,0,0,指挥出物伤-群体21,第5回合，使距离4以内敌军群体2目标造成的攻击伤害降低#effect_01#%（受谋略属性影响），持续到战斗结束,0,"4,",,S,3,使我军造成的攻击伤害提升,532,攻击伤害降低,0
520298,520298,4,50,4,0,100,100,52029801,4,2,0,0,0,0,指挥出物伤-群体22,第5回合，使距离4以内敌军群体2目标造成的攻击伤害降低#effect_01#%，持续到战斗结束,0,"4,",,S,3,使我军造成的攻击伤害提升,532,攻击伤害降低,0
520299,520299,4,50,4,0,100,100,52029901,4,2,0,0,0,0,指挥出物伤-全体3,前3回合，使距离4以内敌军全体3目标造成的攻击伤害降低#effect_01#%（受谋略属性影响）,0,"4,",,S,3,使我军造成的攻击伤害提升,532,攻击伤害降低,0
520300,520300,4,50,4,0,100,100,52030001,4,2,0,0,0,0,指挥出物伤-全体4,前3回合，使距离4以内敌军全体3目标造成的攻击伤害降低#effect_01#%,0,"4,",,S,3,使我军造成的攻击伤害提升,532,攻击伤害降低,0
520301,520301,4,50,4,0,100,100,52030101,4,2,0,0,0,0,指挥出物伤-全体15,战斗开始后首回合，使距离4以内敌军全体3目标造成的攻击伤害降低#effect_01#%（受谋略属性影响），此效果每回合降低1/4,0,"4,",,S,3,使我军造成的攻击伤害提升,532,攻击伤害降低,0
520302,520302,4,50,4,0,100,100,52030201,4,2,0,0,0,0,指挥出物伤-全体16,战斗开始后首回合，使距离4以内敌军全体3目标造成的攻击伤害降低#effect_01#%，此效果每回合降低1/4,0,"4,",,S,3,使我军造成的攻击伤害提升,532,攻击伤害降低,0
520303,520303,4,50,4,0,100,100,52030301,4,2,0,0,0,0,指挥出物伤-全体21,第5回合，使距离4以内敌军全体3目标造成的攻击伤害降低#effect_01#%（受谋略属性影响），持续到战斗结束,0,"4,",,S,3,使我军造成的攻击伤害提升,532,攻击伤害降低,0
520304,520304,4,50,4,0,100,100,52030401,4,2,0,0,0,0,指挥出物伤-全体22,第5回合，使距离4以内敌军全体3目标造成的攻击伤害降低#effect_01#%，持续到战斗结束,0,"4,",,S,3,使我军造成的攻击伤害提升,532,攻击伤害降低,0
520305,520305,4,50,4,0,100,100,52030501,4,2,0,0,0,0,指挥出谋伤-单体3,前3回合，使距离4以内敌军单体造成的策略攻击伤害降低#effect_01#%（受谋略属性影响）,0,"4,",,S,3,使我军造成的策略伤害提升,534,策略攻击伤害降低,0
520306,520306,4,50,4,0,100,100,52030601,4,2,0,0,0,0,指挥出谋伤-单体4,前3回合，使距离4以内敌军单体造成的策略攻击伤害降低#effect_01#%,0,"4,",,S,3,使我军造成的策略伤害提升,534,策略攻击伤害降低,0
520307,520307,4,50,4,0,100,100,52030701,4,2,0,0,0,0,指挥出谋伤-单体15,战斗开始后首回合，使距离4以内敌军单体造成的策略攻击伤害降低#effect_01#%（受谋略属性影响），此效果每回合降低1/4,0,"4,",,S,3,使我军造成的策略伤害提升,534,策略攻击伤害降低,0
520308,520308,4,50,4,0,100,100,52030801,4,2,0,0,0,0,指挥出谋伤-单体16,战斗开始后首回合，使距离4以内敌军单体造成的策略攻击伤害降低#effect_01#%，此效果每回合降低1/4,0,"4,",,S,3,使我军造成的策略伤害提升,534,策略攻击伤害降低,0
520309,520309,4,50,4,0,100,100,52030901,4,2,0,0,0,0,指挥出谋伤-单体21,第5回合，使距离4以内敌军单体造成的策略攻击伤害降低#effect_01#%（受谋略属性影响），持续到战斗结束,0,"4,",,S,3,使我军造成的策略伤害提升,534,策略攻击伤害降低,0
520310,520310,4,50,4,0,100,100,52031001,4,2,0,0,0,0,指挥出谋伤-单体22,第5回合，使距离4以内敌军单体造成的策略攻击伤害降低#effect_01#%，持续到战斗结束,0,"4,",,S,3,使我军造成的策略伤害提升,534,策略攻击伤害降低,0
520311,520311,4,50,4,0,100,100,52031101,4,2,0,0,0,0,指挥出谋伤-群体3,前3回合，使距离4以内敌军群体2目标造成的策略攻击伤害降低#effect_01#%（受谋略属性影响）,0,"4,",,S,3,使我军造成的策略伤害提升,534,策略攻击伤害降低,0
520312,520312,4,50,4,0,100,100,52031201,4,2,0,0,0,0,指挥出谋伤-群体4,前3回合，使距离4以内敌军群体2目标造成的策略攻击伤害降低#effect_01#%,0,"4,",,S,3,使我军造成的策略伤害提升,534,策略攻击伤害降低,0
520313,520313,4,50,4,0,100,100,52031301,4,2,0,0,0,0,指挥出谋伤-群体15,战斗开始后首回合，使距离4以内敌军群体2目标造成的策略攻击伤害降低#effect_01#%（受谋略属性影响），此效果每回合降低1/4,0,"4,",,S,3,使我军造成的策略伤害提升,534,策略攻击伤害降低,0
520314,520314,4,50,4,0,100,100,52031401,4,2,0,0,0,0,指挥出谋伤-群体16,战斗开始后首回合，使距离4以内敌军群体2目标造成的策略攻击伤害降低#effect_01#%，此效果每回合降低1/4,0,"4,",,S,3,使我军造成的策略伤害提升,534,策略攻击伤害降低,0
520315,520315,4,50,4,0,100,100,52031501,4,2,0,0,0,0,指挥出谋伤-群体21,第5回合，使距离4以内敌军群体2目标造成的策略攻击伤害降低#effect_01#%（受谋略属性影响），持续到战斗结束,0,"4,",,S,3,使我军造成的策略伤害提升,534,策略攻击伤害降低,0
520316,520316,4,50,4,0,100,100,52031601,4,2,0,0,0,0,指挥出谋伤-群体22,第5回合，使距离4以内敌军群体2目标造成的策略攻击伤害降低#effect_01#%，持续到战斗结束,0,"4,",,S,3,使我军造成的策略伤害提升,534,策略攻击伤害降低,0
520317,520317,4,50,4,0,100,100,52031701,4,2,0,0,0,0,指挥出谋伤-全体3,前3回合，使距离4以内敌军全体3目标造成的策略攻击伤害降低#effect_01#%（受谋略属性影响）,0,"4,",,S,3,使我军造成的策略伤害提升,534,策略攻击伤害降低,0
520318,520318,4,50,4,0,100,100,52031801,4,2,0,0,0,0,指挥出谋伤-全体4,前3回合，使距离4以内敌军全体3目标造成的策略攻击伤害降低#effect_01#%,0,"4,",,S,3,使我军造成的策略伤害提升,534,策略攻击伤害降低,0
520319,520319,4,50,4,0,100,100,52031901,4,2,0,0,0,0,指挥出谋伤-全体15,战斗开始后首回合，使距离4以内敌军全体3目标造成的策略攻击伤害降低#effect_01#%（受谋略属性影响），此效果每回合降低1/4,0,"4,",,S,3,使我军造成的策略伤害提升,534,策略攻击伤害降低,0
520320,520320,4,50,4,0,100,100,52032001,4,2,0,0,0,0,指挥出谋伤-全体16,战斗开始后首回合，使距离4以内敌军全体3目标造成的策略攻击伤害降低#effect_01#%，此效果每回合降低1/4,0,"4,",,S,3,使我军造成的策略伤害提升,534,策略攻击伤害降低,0
520321,520321,4,50,4,0,100,100,52032101,4,2,0,0,0,0,指挥出谋伤-全体21,第5回合，使距离4以内敌军全体3目标造成的策略攻击伤害降低#effect_01#%（受谋略属性影响），持续到战斗结束,0,"4,",,S,3,使我军造成的策略伤害提升,534,策略攻击伤害降低,0
520322,520322,4,50,4,0,100,100,52032201,4,2,0,0,0,0,指挥出谋伤-全体22,第5回合，使距离4以内敌军全体3目标造成的策略攻击伤害降低#effect_01#%，持续到战斗结束,0,"4,",,S,3,使我军造成的策略伤害提升,534,策略攻击伤害降低,0
520323,520323,4,50,4,0,100,100,52032301,4,2,0,0,0,0,指挥受物伤+单体3,前3回合，使距离4以内敌军单体受到的攻击伤害提高#effect_01#%（受谋略属性影响）,0,"4,",,S,3,使敌军受到攻击伤害提升,521,受到攻击伤害提高,0
520324,520324,4,50,4,0,100,100,52032401,4,2,0,0,0,0,指挥受物伤+单体4,前3回合，使距离4以内敌军单体受到的攻击伤害提高#effect_01#%,0,"4,",,S,3,使敌军受到攻击伤害提升,521,受到攻击伤害提高,0
520325,520325,4,50,4,0,100,100,52032501,4,2,0,0,0,0,指挥受物伤+单体15,战斗开始后首回合，使距离4以内敌军单体受到的攻击伤害提高#effect_01#%（受谋略属性影响），此效果每回合降低1/4,0,"4,",,S,3,使敌军受到攻击伤害提升,521,受到攻击伤害提高,0
520326,520326,4,50,4,0,100,100,52032601,4,2,0,0,0,0,指挥受物伤+单体16,战斗开始后首回合，使距离4以内敌军单体受到的攻击伤害提高#effect_01#%，此效果每回合降低1/4,0,"4,",,S,3,使敌军受到攻击伤害提升,521,受到攻击伤害提高,0
520327,520327,4,50,4,0,100,100,52032701,4,2,0,0,0,0,指挥受物伤+单体21,第5回合，使距离4以内敌军单体受到的攻击伤害提高#effect_01#%（受谋略属性影响），持续到战斗结束,0,"4,",,S,3,使敌军受到攻击伤害提升,521,受到攻击伤害提高,0
520328,520328,4,50,4,0,100,100,52032801,4,2,0,0,0,0,指挥受物伤+单体22,第5回合，使距离4以内敌军单体受到的攻击伤害提高#effect_01#%，持续到战斗结束,0,"4,",,S,3,使敌军受到攻击伤害提升,521,受到攻击伤害提高,0
520329,520329,4,50,4,0,100,100,52032901,4,2,0,0,0,0,指挥受物伤+群体3,前3回合，使距离4以内敌军群体2目标受到的攻击伤害提高#effect_01#%（受谋略属性影响）,0,"4,",,S,3,使敌军受到攻击伤害提升,521,受到攻击伤害提高,0
520330,520330,4,50,4,0,100,100,52033001,4,2,0,0,0,0,指挥受物伤+群体4,前3回合，使距离4以内敌军群体2目标受到的攻击伤害提高#effect_01#%,0,"4,",,S,3,使敌军受到攻击伤害提升,521,受到攻击伤害提高,0
520331,520331,4,50,4,0,100,100,52033101,4,2,0,0,0,0,指挥受物伤+群体15,战斗开始后首回合，使距离4以内敌军群体2目标受到的攻击伤害提高#effect_01#%（受谋略属性影响），此效果每回合降低1/4,0,"4,",,S,3,使敌军受到攻击伤害提升,521,受到攻击伤害提高,0
520332,520332,4,50,4,0,100,100,52033201,4,2,0,0,0,0,指挥受物伤+群体16,战斗开始后首回合，使距离4以内敌军群体2目标受到的攻击伤害提高#effect_01#%，此效果每回合降低1/4,0,"4,",,S,3,使敌军受到攻击伤害提升,521,受到攻击伤害提高,0
520333,520333,4,50,4,0,100,100,52033301,4,2,0,0,0,0,指挥受物伤+群体21,第5回合，使距离4以内敌军群体2目标受到的攻击伤害提高#effect_01#%（受谋略属性影响），持续到战斗结束,0,"4,",,S,3,使敌军受到攻击伤害提升,521,受到攻击伤害提高,0
520334,520334,4,50,4,0,100,100,52033401,4,2,0,0,0,0,指挥受物伤+群体22,第5回合，使距离4以内敌军群体2目标受到的攻击伤害提高#effect_01#%，持续到战斗结束,0,"4,",,S,3,使敌军受到攻击伤害提升,521,受到攻击伤害提高,0
520335,520335,4,50,4,0,100,100,52033501,4,2,0,0,0,0,指挥受物伤+全体3,前3回合，使距离4以内敌军全体3目标受到的攻击伤害提高#effect_01#%（受谋略属性影响）,0,"4,",,S,3,使敌军受到攻击伤害提升,521,受到攻击伤害提高,0
520336,520336,4,50,4,0,100,100,52033601,4,2,0,0,0,0,指挥受物伤+全体4,前3回合，使距离4以内敌军全体3目标受到的攻击伤害提高#effect_01#%,0,"4,",,S,3,使敌军受到攻击伤害提升,521,受到攻击伤害提高,0
520337,520337,4,50,4,0,100,100,52033701,4,2,0,0,0,0,指挥受物伤+全体15,战斗开始后首回合，使距离4以内敌军全体3目标受到的攻击伤害提高#effect_01#%（受谋略属性影响），此效果每回合降低1/4,0,"4,",,S,3,使敌军受到攻击伤害提升,521,受到攻击伤害提高,0
520338,520338,4,50,4,0,100,100,52033801,4,2,0,0,0,0,指挥受物伤+全体16,战斗开始后首回合，使距离4以内敌军全体3目标受到的攻击伤害提高#effect_01#%，此效果每回合降低1/4,0,"4,",,S,3,使敌军受到攻击伤害提升,521,受到攻击伤害提高,0
520339,520339,4,50,4,0,100,100,52033901,4,2,0,0,0,0,指挥受物伤+全体21,第5回合，使距离4以内敌军全体3目标受到的攻击伤害提高#effect_01#%（受谋略属性影响），持续到战斗结束,0,"4,",,S,3,使敌军受到攻击伤害提升,521,受到攻击伤害提高,0
520340,520340,4,50,4,0,100,100,52034001,4,2,0,0,0,0,指挥受物伤+全体22,第5回合，使距离4以内敌军全体3目标受到的攻击伤害提高#effect_01#%，持续到战斗结束,0,"4,",,S,3,使敌军受到攻击伤害提升,521,受到攻击伤害提高,0
520341,520341,4,50,4,0,100,100,52034101,4,2,0,0,0,0,指挥受谋伤+单体3,前3回合，使距离4以内敌军单体受到的策略攻击伤害提高#effect_01#%（受谋略属性影响）,0,"4,",,S,3,使敌军受到策略伤害提升,523,受到策略攻击伤害提高,0
520342,520342,4,50,4,0,100,100,52034201,4,2,0,0,0,0,指挥受谋伤+单体4,前3回合，使距离4以内敌军单体受到的策略攻击伤害提高#effect_01#%,0,"4,",,S,3,使敌军受到策略伤害提升,523,受到策略攻击伤害提高,0
520343,520343,4,50,4,0,100,100,52034301,4,2,0,0,0,0,指挥受谋伤+单体15,战斗开始后首回合，使距离4以内敌军单体受到的策略攻击伤害提高#effect_01#%（受谋略属性影响），此效果每回合降低1/4,0,"4,",,S,3,使敌军受到策略伤害提升,523,受到策略攻击伤害提高,0
520344,520344,4,50,4,0,100,100,52034401,4,2,0,0,0,0,指挥受谋伤+单体16,战斗开始后首回合，使距离4以内敌军单体受到的策略攻击伤害提高#effect_01#%，此效果每回合降低1/4,0,"4,",,S,3,使敌军受到策略伤害提升,523,受到策略攻击伤害提高,0
520345,520345,4,50,4,0,100,100,52034501,4,2,0,0,0,0,指挥受谋伤+单体21,第5回合，使距离4以内敌军单体受到的策略攻击伤害提高#effect_01#%（受谋略属性影响），持续到战斗结束,0,"4,",,S,3,使敌军受到策略伤害提升,523,受到策略攻击伤害提高,0
520346,520346,4,50,4,0,100,100,52034601,4,2,0,0,0,0,指挥受谋伤+单体22,第5回合，使距离4以内敌军单体受到的策略攻击伤害提高#effect_01#%，持续到战斗结束,0,"4,",,S,3,使敌军受到策略伤害提升,523,受到策略攻击伤害提高,0
520347,520347,4,50,4,0,100,100,52034701,4,2,0,0,0,0,指挥受谋伤+群体3,前3回合，使距离4以内敌军群体2目标受到的策略攻击伤害提高#effect_01#%（受谋略属性影响）,0,"4,",,S,3,使敌军受到策略伤害提升,523,受到策略攻击伤害提高,0
520348,520348,4,50,4,0,100,100,52034801,4,2,0,0,0,0,指挥受谋伤+群体4,前3回合，使距离4以内敌军群体2目标受到的策略攻击伤害提高#effect_01#%,0,"4,",,S,3,使敌军受到策略伤害提升,523,受到策略攻击伤害提高,0
520349,520349,4,50,4,0,100,100,52034901,4,2,0,0,0,0,指挥受谋伤+群体15,战斗开始后首回合，使距离4以内敌军群体2目标受到的策略攻击伤害提高#effect_01#%（受谋略属性影响），此效果每回合降低1/4,0,"4,",,S,3,使敌军受到策略伤害提升,523,受到策略攻击伤害提高,0
520350,520350,4,50,4,0,100,100,52035001,4,2,0,0,0,0,指挥受谋伤+群体16,战斗开始后首回合，使距离4以内敌军群体2目标受到的策略攻击伤害提高#effect_01#%，此效果每回合降低1/4,0,"4,",,S,3,使敌军受到策略伤害提升,523,受到策略攻击伤害提高,0
520351,520351,4,50,4,0,100,100,52035101,4,2,0,0,0,0,指挥受谋伤+群体21,第5回合，使距离4以内敌军群体2目标受到的策略攻击伤害提高#effect_01#%（受谋略属性影响），持续到战斗结束,0,"4,",,S,3,使敌军受到策略伤害提升,523,受到策略攻击伤害提高,0
520352,520352,4,50,4,0,100,100,52035201,4,2,0,0,0,0,指挥受谋伤+群体22,第5回合，使距离4以内敌军群体2目标受到的策略攻击伤害提高#effect_01#%，持续到战斗结束,0,"4,",,S,3,使敌军受到策略伤害提升,523,受到策略攻击伤害提高,0
520353,520353,4,50,4,0,100,100,52035301,4,2,0,0,0,0,指挥受谋伤+全体3,前3回合，使距离4以内敌军全体3目标受到的策略攻击伤害提高#effect_01#%（受谋略属性影响）,0,"4,",,S,3,使敌军受到策略伤害提升,523,受到策略攻击伤害提高,0
520354,520354,4,50,4,0,100,100,52035401,4,2,0,0,0,0,指挥受谋伤+全体4,前3回合，使距离4以内敌军全体3目标受到的策略攻击伤害提高#effect_01#%,0,"4,",,S,3,使敌军受到策略伤害提升,523,受到策略攻击伤害提高,0
520355,520355,4,50,4,0,100,100,52035501,4,2,0,0,0,0,指挥受谋伤+全体15,战斗开始后首回合，使距离4以内敌军全体3目标受到的策略攻击伤害提高#effect_01#%（受谋略属性影响），此效果每回合降低1/4,0,"4,",,S,3,使敌军受到策略伤害提升,523,受到策略攻击伤害提高,0
520356,520356,4,50,4,0,100,100,52035601,4,2,0,0,0,0,指挥受谋伤+全体16,战斗开始后首回合，使距离4以内敌军全体3目标受到的策略攻击伤害提高#effect_01#%，此效果每回合降低1/4,0,"4,",,S,3,使敌军受到策略伤害提升,523,受到策略攻击伤害提高,0
520357,520357,4,50,4,0,100,100,52035701,4,2,0,0,0,0,指挥受谋伤+全体21,第5回合，使距离4以内敌军全体3目标受到的策略攻击伤害提高#effect_01#%（受谋略属性影响），持续到战斗结束,0,"4,",,S,3,使敌军受到策略伤害提升,523,受到策略攻击伤害提高,0
520358,520358,4,50,4,0,100,100,52035801,4,2,0,0,0,0,指挥受谋伤+全体22,第5回合，使距离4以内敌军全体3目标受到的策略攻击伤害提高#effect_01#%，持续到战斗结束,0,"4,",,S,3,使敌军受到策略伤害提升,523,受到策略攻击伤害提高,0
520359,520359,4,50,5,0,100,100,52035901,4,2,0,0,0,0,指挥规避单体1,前1回合，使我军单体进入规避状态，受到伤害前有#prob_param_01#进入规避状态，免疫本次伤害,0,"4,",,S,3,使我军进入规避状态,714,规避(预备),0
520360,520360,4,50,5,0,100,100,52036001,4,2,0,0,0,0,指挥规避单体2,前2回合，使我军单体进入规避状态，受到伤害前有#prob_param_01#进入规避状态，免疫本次伤害,0,"4,",,S,3,使我军进入规避状态,714,规避(预备),0
520361,520361,4,50,5,0,100,100,52036101,4,2,0,0,0,0,指挥规避单体3,前1回合，使自身进入规避状态，受到伤害前有#prob_param_01#进入规避状态，免疫本次伤害,0,"4,",,S,3,使我军进入规避状态,714,规避(预备),0
520362,520362,4,50,5,0,100,100,52036201,4,2,0,0,0,0,指挥规避单体4,前2回合，使自身进入规避状态，受到伤害前有#prob_param_01#进入规避状态，免疫本次伤害,0,"4,",,S,3,使我军进入规避状态,714,规避(预备),0
520363,520363,4,50,5,0,100,100,52036301,4,2,0,0,0,0,指挥规避群体1,前1回合，使我军群体2目标进入规避状态，受到伤害前有#prob_param_01#进入规避状态，免疫本次伤害,0,"4,",,S,3,使我军进入规避状态,714,规避(预备),0
520364,520364,4,50,5,0,100,100,52036401,4,2,0,0,0,0,指挥规避群体2,前2回合，使我军群体2目标进入规避状态，受到伤害前有#prob_param_01#进入规避状态，免疫本次伤害,0,"4,",,S,3,使我军进入规避状态,714,规避(预备),0
520365,520365,4,50,5,0,100,100,52036501,4,2,0,0,0,0,指挥反击群体1,前#available_round_01#，使我军群体每回合有#prob_param_01#的几率受到普通攻击时能进行反击（伤害率#effect_01#%）,0,"4,",,S,3,使我军受到普通攻击后反击,551,反击,0
520366,520366,4,50,5,0,100,100,0,4,2,0,0,0,0,指挥反击群体2,前#available_round_01#，使我军前锋与中军每回合有#prob_param_01#的几率受到普通攻击时能进行反击（伤害率#effect_01#%）,我军群体,"4,",,S,3,使我军受到普通攻击后反击,,,
520367,520367,4,50,5,0,100,100,52036701,4,2,0,0,0,0,指挥反击单体1,前#available_round_01#，使我军前锋每回合有#prob_param_01#的几率受到普通攻击时能进行反击（伤害率#effect_01#%）,0,"4,",,S,3,使我军受到普通攻击后反击,551,反击,0
520368,520368,4,50,5,0,100,100,52036801,4,2,0,0,0,0,指挥反击群体3,前#available_round_01#，使我军群体受到普通攻击时能进行反击（伤害率#effect_01#%）,0,"4,",,S,3,使我军受到普通攻击后反击,551,反击,0
520369,520369,4,50,5,0,100,100,0,4,2,0,0,0,0,指挥反击群体4,前#available_round_01#，使我军前锋与中军受到普通攻击时能进行反击（伤害率#effect_01#%）,我军群体,"4,",,S,3,使我军受到普通攻击后反击,,,
520370,520370,4,50,5,0,100,100,52037001,4,2,0,0,0,0,指挥反击单体2,前#available_round_01#，使我军前锋受到普通攻击时能进行反击（伤害率#effect_01#%）,0,"4,",,S,3,使我军受到普通攻击后反击,551,反击,0
520371,520371,4,50,5,0,100,100,52037101,4,2,0,0,0,0,指挥分兵群体1,前#available_round_01#，使我军群体每回合都有#prob_param_01#的几率进入分兵状态，普通攻击后同时对附近的敌军造成伤害（伤害率#effect_01#%）,0,"4,",,S,3,使我军进入分兵状态,545,分兵,0
520372,520372,4,50,5,0,100,100,52037201,4,2,0,0,0,0,指挥分兵全体1,前#available_round_01#，使我军全体每回合都有#prob_param_01#的几率进入分兵状态，普通攻击后同时对附近的敌军造成伤害（伤害率#effect_01#%）,0,"4,",,S,3,使我军进入分兵状态,545,分兵,0
521087,521087,4,50,5,0,100,100,52108701,4,2,0,0,0,0,指挥援护单体1,0,0,"4,",,S,,,504,援护,0
521088,521088,4,50,5,0,100,100,52108801,4,2,0,0,0,0,指挥援护单体2,0,0,"4,",,S,,,504,援护,0
521089,521089,4,50,5,0,100,100,52108901,4,2,0,0,0,0,指挥援护单体3,0,0,"4,",,S,,,504,援护,0
521090,521090,4,50,5,0,100,100,52109001,4,2,0,0,0,0,指挥援护单体4,0,0,"4,",,S,,,504,援护,0
521091,521091,4,50,5,0,100,100,52109101,4,2,0,0,0,0,指挥援护群体1,0,0,"4,",,S,,,504,援护,0
521092,521092,4,50,5,0,100,100,52109201,4,2,0,0,0,0,指挥援护群体2,0,0,"4,",,S,,,504,援护,0
521093,521093,4,50,5,0,100,100,52109301,4,2,0,0,0,0,指挥援护群体3,0,0,"4,",,S,,,504,援护,0
521094,521094,4,50,5,0,100,100,52109401,4,2,0,0,0,0,指挥援护群体4,0,0,"4,",,S,,,504,援护,0
521095,521095,4,50,5,0,100,100,52109501,4,2,0,0,0,0,指挥挑衅单体1,0,0,"4,",,S,,,505,挑衅,0
521096,521096,4,50,5,0,100,100,52109601,4,2,0,0,0,0,指挥挑衅单体2,0,0,"4,",,S,,,505,挑衅,0
521097,521097,4,50,5,0,100,100,52109701,4,2,0,0,0,0,指挥挑衅单体3,0,0,"4,",,S,,,505,挑衅,0
521098,521098,4,50,5,0,100,100,52109801,4,2,0,0,0,0,指挥挑衅单体4,0,0,"4,",,S,,,505,挑衅,0
521099,521099,4,50,5,0,100,100,52109901,4,2,0,0,0,0,指挥挑衅群体1,0,0,"4,",,S,,,505,挑衅,0
521100,521100,4,50,5,0,100,100,52110001,4,2,0,0,0,0,指挥挑衅群体2,0,0,"4,",,S,,,505,挑衅,0
521101,521101,4,50,5,0,100,100,52110101,4,2,0,0,0,0,指挥挑衅群体3,0,0,"4,",,S,,,505,挑衅,0
521102,521102,4,50,5,0,100,100,52110201,4,2,0,0,0,0,指挥挑衅群体4,0,0,"4,",,S,,,505,挑衅,0
521103,521103,4,50,5,0,100,100,52110301,4,2,0,0,0,0,指挥挑衅全体1,0,0,"4,",,S,,,505,挑衅,0
521104,521104,4,50,5,0,100,100,52110401,4,2,0,0,0,0,指挥挑衅全体2,0,0,"4,",,S,,,505,挑衅,0
521105,521105,4,50,5,0,100,100,52110501,4,2,0,0,0,0,指挥挑衅全体3,0,0,"4,",,S,,,505,挑衅,0
521106,521106,4,50,5,0,100,100,52110601,4,2,0,0,0,0,指挥挑衅全体4,0,0,"4,",,S,,,505,挑衅,0
530001,530001,4,50,5,0,100,100,53000101,4,3,0,0,0,0,主动攻击单体1,对敌军单体发动1次攻击（伤害率#effect_01#%）,0,"1,","11,51",S,1,对敌军造成攻击伤害,301,攻击伤害,0
530002,530002,4,50,5,0,100,100,53000201,4,3,0,0,0,0,主动攻击单体2,对敌军单体发动2-4次攻击（伤害率#effect_01#%）,0,"1,","11,51",S,1,对敌军造成攻击伤害,301,攻击伤害,0
530003,530003,4,50,4,0,100,100,53000301,4,3,0,0,0,0,主动攻击单体3,对距离4以内的敌军单体发动1次攻击（伤害率#effect_01#%）,0,"1,","11,51",S,1,对敌军造成攻击伤害,301,攻击伤害,0
530004,530004,4,50,5,0,100,100,53000401,4,3,0,0,0,0,主动攻击单体4,对兵力最低的敌军单体发动1次攻击（伤害率#effect_01#%）,0,"1,","11,51",S,1,对敌军造成攻击伤害,301,攻击伤害,0
530005,530005,4,50,5,0,100,100,53000501,4,3,0,0,0,0,主动攻击单体5,对防御最低的敌军单体发动1次攻击（伤害率#effect_01#%）,0,"1,","11,51",S,1,对敌军造成攻击伤害,301,攻击伤害,0
530006,530006,4,50,5,0,100,100,53000601,4,3,0,0,0,0,主动攻击单体6,对距离最远的敌军单体发动1次攻击（伤害率#effect_01#%）,0,"1,","11,51",S,1,对敌军造成攻击伤害,301,攻击伤害,0
530007,530007,4,50,4,0,100,100,53000701,4,3,0,0,0,0,主动攻击单体7,对距离4以内距离最远的敌军单体发动1次攻击（伤害率#effect_01#%）,0,"1,","11,51",S,1,对敌军造成攻击伤害,301,攻击伤害,0
530008,530008,4,50,5,0,100,100,53000801,4,3,0,0,0,0,主动攻击单体8,在敌军单体下一次行动时对其发动1次攻击（伤害率#effect_01#%）,0,"1,","11,51",S,1,对敌军造成攻击伤害,301,攻击伤害,0
530009,530009,4,50,5,0,100,100,53000901,4,3,0,0,0,0,主动攻击单体9,对敌军单体发动1次攻击（伤害率#effect_01#%），并使其在下一次造成伤害后，再次受到攻击（伤害率#effect_02#%）,0,"1,","11,51",S,1,对敌军造成攻击伤害,301,攻击伤害,0
530010,530010,4,50,5,0,100,100,53001001,4,3,0,0,0,0,主动攻击单体10,对敌军单体发动1次攻击（伤害率#effect_01#%），并使其在下一次行动时，再次受到攻击（伤害率#effect_02#%）,0,"1,","11,51",S,1,对敌军造成攻击伤害,301,攻击伤害,0
530011,530011,4,50,5,0,100,100,53001101,4,3,0,0,0,0,主动攻击群体1,对敌军群体2目标发动1次攻击（伤害率#effect_01#%）,0,"1,","11,51",S,1,对敌军造成攻击伤害,301,攻击伤害,0
530012,530012,4,50,5,0,100,100,53001201,4,3,0,0,0,0,主动攻击群体2,对敌军群体2目标发动2次攻击（伤害率#effect_01#%）,0,"1,","11,51",S,1,对敌军造成攻击伤害,301,攻击伤害,0
530013,530013,4,50,4,0,100,100,53001301,4,3,0,0,0,0,主动攻击群体3,对距离4以内的敌军群体2目标发动1次攻击（伤害率#effect_01#%）,0,"1,","11,51",S,1,对敌军造成攻击伤害,301,攻击伤害,0
530014,530014,4,50,5,0,100,100,53001401,4,3,0,0,0,0,主动攻击单体11,对距离最近的敌军单体发动1次攻击（伤害率#effect_01#%）,0,"1,","11,51",S,1,对敌军造成攻击伤害,301,攻击伤害,0
530015,530015,4,50,5,0,100,100,53001501,4,3,0,0,0,0,主动攻击群体5,对敌军群体2目标发动1次攻击（伤害率#effect_01#%），并使其在下一次造成伤害后，再次受到攻击（伤害率#effect_01#%）,0,"1,","11,51",S,1,对敌军造成攻击伤害,301,攻击伤害,0
530016,530016,4,50,5,0,100,100,53001601,4,3,0,0,0,0,主动攻击群体6,对敌军群体2-3目标发动1次攻击（伤害率#effect_01#%）,0,"1,","11,51",S,1,对敌军造成攻击伤害,301,攻击伤害,0
530017,530017,4,50,5,0,100,100,53001701,4,3,0,0,0,0,主动攻击群体7,对敌军群体2-3目标发动2次攻击（伤害率#effect_01#%）,0,"1,","11,51",S,1,对敌军造成攻击伤害,301,攻击伤害,0
530018,530018,4,50,4,0,100,100,53001801,4,3,0,0,0,0,主动攻击群体8,对距离4以内的敌军群体2-3目标发动1次攻击（伤害率#effect_01#%）,0,"1,","11,51",S,1,对敌军造成攻击伤害,301,攻击伤害,0
530019,530019,4,50,5,0,100,100,53001901,4,3,0,0,0,0,主动攻击群体9,对敌军群体2-3目标发动1次攻击（伤害率#effect_01#%），并使其在下一次造成伤害后，再次受到攻击（伤害率#effect_01#%）,0,"1,","11,51",S,1,对敌军造成攻击伤害,301,攻击伤害,0
530020,530020,4,50,5,0,100,100,53002001,4,3,0,0,0,0,主动攻击全体1,对敌军全体3目标发动1次攻击（伤害率#effect_01#%）,0,"1,","11,51",S,1,对敌军造成攻击伤害,301,攻击伤害,0
530021,530021,4,50,5,0,100,100,53002101,4,3,0,0,0,0,主动攻击全体2,对敌军全体3目标发动2次攻击（伤害率#effect_01#%）,0,"1,","11,51",S,1,对敌军造成攻击伤害,301,攻击伤害,0
530022,530022,4,50,4,0,100,100,53002201,4,3,0,0,0,0,主动攻击全体3,对距离4以内的敌军全体3目标发动1次攻击（伤害率#effect_01#%）,0,"1,","11,51",S,1,对敌军造成攻击伤害,301,攻击伤害,0
530023,530023,4,50,5,0,100,100,53002301,4,3,0,0,0,0,主动攻击全体4,对敌军全体3目标发动1次攻击（伤害率#effect_01#%），并使其在下一次造成伤害后，再次受到攻击（伤害率#effect_01#%）,0,"1,","11,51",S,1,对敌军造成攻击伤害,301,攻击伤害,0
530024,530024,4,50,5,0,100,100,53002401,4,3,0,0,0,0,主动策略攻击单体1,对敌军单体发动1次策略攻击（伤害率#effect_01#%，受谋略属性影响）,0,"2,","21,51",S,2,对敌军造成策略攻击,302,策略攻击伤害,0
530025,530025,4,50,5,0,100,100,53002501,4,3,0,0,0,0,主动策略攻击单体2,对敌军单体发动1-3次策略攻击（伤害率#effect_01#%，受谋略属性影响）,0,"2,","21,51",S,2,对敌军造成策略攻击,302,策略攻击伤害,0
530026,530026,4,50,4,0,100,100,53002601,4,3,0,0,0,0,主动策略攻击单体3,对距离4以内的敌军单体发动1次策略攻击（伤害率#effect_01#%，受谋略属性影响）,0,"2,","21,51",S,2,对敌军造成策略攻击,302,策略攻击伤害,0
530027,530027,4,50,5,0,100,100,53002701,4,3,0,0,0,0,主动策略攻击单体4,对兵力最低的敌军单体发动1次策略攻击（伤害率#effect_01#%，受谋略属性影响）,0,"2,","21,51",S,2,对敌军造成策略攻击,302,策略攻击伤害,0
530028,530028,4,50,5,0,100,100,53002801,4,3,0,0,0,0,主动策略攻击单体5,对谋略最低的敌军单体发动1次策略攻击（伤害率#effect_01#%，受谋略属性影响）,0,"2,","21,51",S,2,对敌军造成策略攻击,302,策略攻击伤害,0
530029,530029,4,50,5,0,100,100,53002901,4,3,0,0,0,0,主动策略攻击单体6,对距离最远的敌军单体发动1次策略攻击（伤害率#effect_01#%，受谋略属性影响）,0,"2,","21,51",S,2,对敌军造成策略攻击,302,策略攻击伤害,0
530030,530030,4,50,4,0,100,100,53003001,4,3,0,0,0,0,主动策略攻击单体7,对距离4以内距离最远的敌军单体发动1次策略攻击（伤害率#effect_01#%，受谋略属性影响）,0,"2,","21,51",S,2,对敌军造成策略攻击,302,策略攻击伤害,0
530031,530031,4,50,5,0,100,100,53003101,4,3,0,0,0,0,主动策略攻击单体8,在敌军单体下一次行动时对其发动1次策略攻击（伤害率#effect_01#%，受谋略属性影响）,0,"2,","21,51",S,2,对敌军造成策略攻击,302,策略攻击伤害,0
530032,530032,4,50,5,0,100,100,53003201,4,3,0,0,0,0,主动策略攻击单体9,对敌军单体发动1次策略攻击（伤害率#effect_01#%，受谋略属性影响），并使其在下一次造成伤害后，再次受到策略攻击（伤害率#effect_02#%，受谋略属性影响）,0,"2,","21,51",S,2,对敌军造成策略攻击,302,策略攻击伤害,0
530033,530033,4,50,5,0,100,100,53003301,4,3,0,0,0,0,主动策略攻击单体10,对敌军单体发动1次策略攻击（伤害率#effect_01#%，受谋略属性影响），并使其在下一次行动时，再次受到策略攻击（伤害率#effect_02#%，受谋略属性影响）,0,"2,","21,51",S,2,对敌军造成策略攻击,302,策略攻击伤害,0
530034,530034,4,50,5,0,100,100,53003401,4,3,0,0,0,0,主动策略攻击群体1,对敌军群体2目标发动1次策略攻击（伤害率#effect_01#%，受谋略属性影响）,0,"2,","21,51",S,2,对敌军造成策略攻击,302,策略攻击伤害,0
530035,530035,4,50,5,0,100,100,53003501,4,3,0,0,0,0,主动策略攻击群体2,对敌军群体2目标发动2次策略攻击（伤害率#effect_01#%，受谋略属性影响）,0,"2,","21,51",S,2,对敌军造成策略攻击,302,策略攻击伤害,0
530036,530036,4,50,4,0,100,100,53003601,4,3,0,0,0,0,主动策略攻击群体3,对距离4以内的敌军群体2目标发动1次策略攻击（伤害率#effect_01#%，受谋略属性影响）,0,"2,","21,51",S,2,对敌军造成策略攻击,302,策略攻击伤害,0
530037,530037,4,50,5,0,100,100,53003701,4,3,0,0,0,0,主动策略攻击单体11,对距离最近的敌军单体发动1次策略攻击（伤害率#effect_01#%，受谋略属性影响）,0,"2,","21,51",S,2,对敌军造成策略攻击,302,策略攻击伤害,0
530038,530038,4,50,5,0,100,100,53003801,4,3,0,0,0,0,主动策略攻击群体5,对敌军群体2目标发动1次策略攻击（伤害率#effect_01#%，受谋略属性影响），并使其在下一次造成伤害后，再次受到策略攻击（伤害率#effect_01#%，受谋略属性影响）,0,"2,","21,51",S,2,对敌军造成策略攻击,302,策略攻击伤害,0
530039,530039,4,50,5,0,100,100,53003901,4,3,0,0,0,0,主动策略攻击群体6,对敌军群体2-3目标发动1次策略攻击（伤害率#effect_01#%，受谋略属性影响）,0,"2,","21,51",S,2,对敌军造成策略攻击,302,策略攻击伤害,0
530040,530040,4,50,5,0,100,100,53004001,4,3,0,0,0,0,主动策略攻击群体7,对敌军群体2-3目标发动2次策略攻击（伤害率#effect_01#%，受谋略属性影响）,0,"2,","21,51",S,2,对敌军造成策略攻击,302,策略攻击伤害,0
530041,530041,4,50,4,0,100,100,53004101,4,3,0,0,0,0,主动策略攻击群体8,对距离4以内的敌军群体2-3目标发动1次策略攻击（伤害率#effect_01#%，受谋略属性影响）,0,"2,","21,51",S,2,对敌军造成策略攻击,302,策略攻击伤害,0
530042,530042,4,50,5,0,100,100,53004201,4,3,0,0,0,0,主动策略攻击群体9,对敌军群体2-3目标发动1次策略攻击（伤害率#effect_01#%，受谋略属性影响），并使其在下一次造成伤害后，再次受到策略攻击（伤害率#effect_01#%，受谋略属性影响）,0,"2,","21,51",S,2,对敌军造成策略攻击,302,策略攻击伤害,0
530043,530043,4,50,5,0,100,100,53004301,4,3,0,0,0,0,主动策略攻击全体1,对敌军全体3目标发动1次策略攻击（伤害率#effect_01#%，受谋略属性影响）,0,"2,","21,51",S,2,对敌军造成策略攻击,302,策略攻击伤害,0
530044,530044,4,50,5,0,100,100,53004401,4,3,0,0,0,0,主动策略攻击全体2,对敌军全体3目标发动2次策略攻击（伤害率#effect_01#%，受谋略属性影响）,0,"2,","21,51",S,2,对敌军造成策略攻击,302,策略攻击伤害,0
530045,530045,4,50,4,0,100,100,53004501,4,3,0,0,0,0,主动策略攻击全体3,对距离4以内的敌军全体3目标发动1次策略攻击（伤害率#effect_01#%，受谋略属性影响）,0,"2,","21,51",S,2,对敌军造成策略攻击,302,策略攻击伤害,0
530046,530046,4,50,5,0,100,100,53004601,4,3,0,0,0,0,主动策略攻击全体4,对敌军全体3目标发动1次策略攻击（伤害率#effect_01#%，受谋略属性影响），并使其在下一次造成伤害后，再次受到策略攻击（伤害率#effect_01#%，受谋略属性影响）,0,"2,","21,51",S,2,对敌军造成策略攻击,302,策略攻击伤害,0
530047,530047,4,50,5,0,100,100,53004701,4,3,0,0,0,0,主动恢复单体1,使我军单体恢复一定兵力（恢复率#effect_01#%，受谋略属性影响）,0,"3,",41,S,4,恢复我军兵力,401,急救,0
530048,530048,4,50,5,0,100,100,53004801,4,3,0,0,0,0,主动恢复单体2,使自身与友军单体恢复一定兵力（恢复率#effect_01#%，受谋略属性影响）,0,"3,",41,S,4,恢复我军兵力,401,急救,0
530049,530049,4,50,5,0,100,100,53004901,4,3,0,0,0,0,主动恢复单体3,使我军前锋武将恢复一定兵力（恢复率#effect_01#%，受谋略属性影响）,0,"3,",41,S,4,恢复我军兵力,401,急救,0
530050,530050,4,50,5,0,100,100,53005001,4,3,0,0,0,0,主动恢复单体4,使我军单体恢复2-4次兵力（恢复率#effect_01#%，受谋略属性影响），每次目标独立判定,0,"3,",41,S,4,恢复我军兵力,401,急救,0
530051,530051,4,50,5,0,100,100,53005101,4,3,0,0,0,0,主动恢复群体1,为我军群体2目标恢复一定兵力（恢复率#effect_01#%，受谋略属性影响）,0,"3,",41,S,4,恢复我军兵力,401,急救,0
530052,530052,4,50,5,0,100,100,53005201,4,3,0,0,0,0,主动恢复群体2,为我军群体2-3目标恢复一定兵力（恢复率#effect_01#%，受谋略属性影响）,0,"3,",41,S,4,恢复我军兵力,401,急救,0
530053,530053,4,50,5,0,100,100,53005301,4,3,0,0,0,0,主动恢复群体4,为友军群体2目标恢复一定兵力（恢复率#effect_01#%，受谋略属性影响）,0,"3,",41,S,4,恢复我军兵力,401,急救,0
530054,530054,4,50,5,0,100,100,53005401,4,3,0,0,0,0,主动恢复全体1,为我军全体恢复一定兵力（恢复率#effect_01#%，受谋略属性影响）,0,"3,",41,S,4,恢复我军兵力,401,急救,0
530055,530055,4,50,5,0,100,100,53005501,4,3,0,0,0,0,主动休整单体1,使我军单体进入休整状态，每回合恢复一定兵力（恢复率#effect_01#%，受谋略属性影响），持续#available_round_01#,0,"3,",41,S,4,使我军进入修整状态,402,休整,0
530056,530056,4,50,5,0,100,100,53005601,4,3,0,0,0,0,主动休整单体2,使我军前锋进入休整状态，每回合恢复一定兵力（恢复率#effect_01#%，受谋略属性影响），持续#available_round_01#,0,"3,",41,S,4,使我军进入修整状态,402,休整,0
530057,530057,4,50,5,0,100,100,53005701,4,3,0,0,0,0,主动休整群体1,使我军群体2目标进入休整状态，每回合恢复一定兵力（恢复率#effect_01#%，受谋略属性影响），持续#available_round_01#,0,"3,",41,S,4,使我军进入修整状态,402,休整,0
530058,530058,4,50,5,0,100,100,53005801,4,3,0,0,0,0,主动休整群体2,使友军群体2目标进入休整状态，每回合恢复一定兵力（恢复率#effect_01#%，受谋略属性影响），持续#available_round_01#,0,"3,",41,S,4,使我军进入修整状态,402,休整,0
530059,530059,4,50,5,0,100,100,53005901,4,3,0,0,0,0,主动休整群体3,使我军群体2-3目标进入休整状态，每回合恢复一定兵力（恢复率#effect_01#%，受谋略属性影响），持续#available_round_01#,0,"3,",41,S,4,使我军进入修整状态,402,休整,0
530060,530060,4,50,5,0,100,100,53006001,4,3,0,0,0,0,主动休整全体1,使我军全体进入休整状态，每回合恢复一定兵力（恢复率#effect_01#%，受谋略属性影响），持续#available_round_01#,0,"3,",41,S,4,使我军进入修整状态,402,休整,0
530061,530061,4,50,5,0,100,100,53006101,4,3,0,0,0,0,主动燃烧单体1,使敌军单体陷入燃烧状态，每回合行动前损失一定兵力（伤害率#effect_01#%，受谋略属性影响），持续#available_round_01#,0,"2,","21,51",S,2,使敌军陷入燃烧状态,305,燃烧,0
530062,530062,4,50,5,0,100,100,53006201,4,3,0,0,0,0,主动燃烧单体2,使敌军单体陷入燃烧状态，造成伤害时损失一定兵力（伤害率#effect_01#%，受谋略属性影响），最多生效#available_hit_01#，持续#1回合#,0,"2,","21,51",S,2,使敌军陷入燃烧状态,305,燃烧,0
530063,530063,4,50,5,0,100,100,53006301,4,3,0,0,0,0,主动燃烧单体3,使敌军单体陷入燃烧状态，造成伤害时有#prob_param_01#的几率损失一定兵力（伤害率#effect_01#%，受谋略属性影响），持续#available_round_01#,0,"2,","21,51",S,2,使敌军陷入燃烧状态,305,燃烧,0
530064,530064,4,50,5,0,100,100,53006401,4,3,0,0,0,0,主动燃烧单体4,使敌军单体陷入燃烧状态，造成伤害时损失一定兵力（伤害率#effect_01#%，受谋略属性影响），最多生效#available_hit_01#，持续#2回合#,0,"2,","21,51",S,2,使敌军陷入燃烧状态,305,燃烧,0
530065,530065,4,50,5,0,100,100,53006501,4,3,0,0,0,0,主动燃烧单体5,使距离最近的敌军单体陷入燃烧状态，造成伤害时有#prob_param_01#的几率损失一定兵力（伤害率#effect_01#%，受谋略属性影响），持续#available_round_01#,0,"2,","21,51",S,2,使敌军陷入燃烧状态,305,燃烧,0
530066,530066,4,50,4,0,100,100,53006601,4,3,0,0,0,0,主动燃烧单体6,使距离4以内的敌军单体陷入燃烧状态，每回合行动前损失一定兵力（伤害率#effect_01#%，受谋略属性影响），持续#available_round_01#,0,"2,","21,51",S,2,使敌军陷入燃烧状态,305,燃烧,0
530067,530067,4,50,4,0,100,100,53006701,4,3,0,0,0,0,主动燃烧单体7,使距离4以内谋略最低的敌军单体陷入燃烧状态，每回合行动前损失一定兵力（伤害率#effect_01#%，受谋略属性影响），持续#available_round_01#,0,"2,","21,51",S,2,使敌军陷入燃烧状态,305,燃烧,0
530068,530068,4,50,4,0,100,100,53006801,4,3,0,0,0,0,主动燃烧单体8,使距离4以内距离最远的敌军单体陷入燃烧状态，每回合行动前损失一定兵力（伤害率#effect_01#%，受谋略属性影响），持续#available_round_01#,0,"2,","21,51",S,2,使敌军陷入燃烧状态,305,燃烧,0
530069,530069,4,50,5,0,100,100,53006901,4,3,0,0,0,0,主动燃烧群体1,使敌军群体2目标陷入燃烧状态，每回合行动前损失一定兵力（伤害率#effect_01#%，受谋略属性影响），持续#available_round_01#,0,"2,","21,51",S,2,使敌军陷入燃烧状态,305,燃烧,0
530070,530070,4,50,5,0,100,100,53007001,4,3,0,0,0,0,主动燃烧群体2,使敌军群体2目标陷入燃烧状态，造成伤害时损失一定兵力（伤害率#effect_01#%，受谋略属性影响），最多生效#available_hit_01#，持续#1回合#,0,"2,","21,51",S,2,使敌军陷入燃烧状态,305,燃烧,0
530071,530071,4,50,5,0,100,100,53007101,4,3,0,0,0,0,主动燃烧群体3,使敌军群体2目标陷入燃烧状态，造成伤害时有#prob_param_01#的几率损失一定兵力（伤害率#effect_01#%，受谋略属性影响），持续#available_round_01#,0,"2,","21,51",S,2,使敌军陷入燃烧状态,305,燃烧,0
530072,530072,4,50,5,0,100,100,53007201,4,3,0,0,0,0,主动燃烧群体4,使敌军群体2目标陷入燃烧状态，造成伤害时损失一定兵力（伤害率#effect_01#%，受谋略属性影响），最多生效#available_hit_01#，持续#2回合#,0,"2,","21,51",S,2,使敌军陷入燃烧状态,305,燃烧,0
530073,530073,4,50,4,0,100,100,53007301,4,3,0,0,0,0,主动燃烧群体5,使距离4以内的敌军群体2目标陷入燃烧状态，每回合行动前损失一定兵力（伤害率#effect_01#%，受谋略属性影响），持续#available_round_01#,0,"2,","21,51",S,2,使敌军陷入燃烧状态,305,燃烧,0
530074,530074,4,50,5,0,100,100,53007401,4,3,0,0,0,0,主动燃烧群体6,使敌军群体2-3目标陷入燃烧状态，每回合行动前损失一定兵力（伤害率#effect_01#%，受谋略属性影响），持续#available_round_01#,0,"2,","21,51",S,2,使敌军陷入燃烧状态,305,燃烧,0
530075,530075,4,50,5,0,100,100,53007501,4,3,0,0,0,0,主动燃烧群体7,使敌军群体2-3目标陷入燃烧状态，造成伤害时损失一定兵力（伤害率#effect_01#%，受谋略属性影响），最多生效#available_hit_01#，持续#1回合#,0,"2,","21,51",S,2,使敌军陷入燃烧状态,305,燃烧,0
530076,530076,4,50,5,0,100,100,53007601,4,3,0,0,0,0,主动燃烧群体8,使敌军群体2-3目标陷入燃烧状态，造成伤害时有#prob_param_01#的几率损失一定兵力（伤害率#effect_01#%，受谋略属性影响），持续#available_round_01#,0,"2,","21,51",S,2,使敌军陷入燃烧状态,305,燃烧,0
530077,530077,4,50,5,0,100,100,53007701,4,3,0,0,0,0,主动燃烧群体9,使敌军群体2-3目标陷入燃烧状态，造成伤害时损失一定兵力（伤害率#effect_01#%，受谋略属性影响），最多生效#available_hit_01#，持续#2回合#,0,"2,","21,51",S,2,使敌军陷入燃烧状态,305,燃烧,0
530078,530078,4,50,4,0,100,100,53007801,4,3,0,0,0,0,主动燃烧群体10,使距离4以内的敌军群体2-3目标陷入燃烧状态，每回合行动前损失一定兵力（伤害率#effect_01#%，受谋略属性影响），持续#available_round_01#,0,"2,","21,51",S,2,使敌军陷入燃烧状态,305,燃烧,0
530079,530079,4,50,5,0,100,100,53007901,4,3,0,0,0,0,主动燃烧全体1,使敌军全体3目标陷入燃烧状态，每回合行动前损失一定兵力（伤害率#effect_01#%，受谋略属性影响），持续#available_round_01#,0,"2,","21,51",S,2,使敌军陷入燃烧状态,305,燃烧,0
530080,530080,4,50,5,0,100,100,53008001,4,3,0,0,0,0,主动燃烧全体2,使敌军全体3目标陷入燃烧状态，造成伤害时损失一定兵力（伤害率#effect_01#%，受谋略属性影响），最多生效#available_hit_01#，持续#1回合#,0,"2,","21,51",S,2,使敌军陷入燃烧状态,305,燃烧,0
530081,530081,4,50,5,0,100,100,53008101,4,3,0,0,0,0,主动燃烧全体3,使敌军全体3目标陷入燃烧状态，造成伤害时有#prob_param_01#的几率损失一定兵力（伤害率#effect_01#%，受谋略属性影响），持续#available_round_01#,0,"2,","21,51",S,2,使敌军陷入燃烧状态,305,燃烧,0
530082,530082,4,50,5,0,100,100,53008201,4,3,0,0,0,0,主动燃烧全体4,使敌军全体3目标陷入燃烧状态，造成伤害时损失一定兵力（伤害率#effect_01#%，受谋略属性影响），最多生效#available_hit_01#，持续#2回合#,0,"2,","21,51",S,2,使敌军陷入燃烧状态,305,燃烧,0
530083,530083,4,50,4,0,100,100,53008301,4,3,0,0,0,0,主动燃烧全体5,使距离4以内的敌军全体3目标陷入燃烧状态，每回合行动前损失一定兵力（伤害率#effect_01#%，受谋略属性影响），持续#available_round_01#,0,"2,","21,51",S,2,使敌军陷入燃烧状态,305,燃烧,0
530084,530084,4,50,5,0,100,100,53008401,4,3,0,0,0,0,主动妖术单体1,使敌军单体陷入妖术状态，每回合行动前损失一定兵力（伤害率#effect_01#%，受谋略属性影响），持续#available_round_01#,0,"2,","21,51",S,2,使敌军陷入妖术状态,306,妖术,0
530085,530085,4,50,5,0,100,100,53008501,4,3,0,0,0,0,主动妖术单体2,使敌军单体陷入妖术状态，普通攻击后损失一定兵力（伤害率#effect_01#%，受谋略属性影响），持续#available_round_01#,0,"2,","21,51",S,2,使敌军陷入妖术状态,306,妖术,0
530086,530086,4,50,5,0,100,100,53008601,4,3,0,0,0,0,主动妖术单体3,使敌军单体陷入妖术状态，试图发动主动战法时损失一定兵力（伤害率#effect_01#%，受谋略属性影响），持续#available_round_01#,0,"2,","21,51",S,2,使敌军陷入妖术状态,306,妖术,0
530087,530087,4,50,5,0,100,100,53008701,4,3,0,0,0,0,主动妖术单体4,使敌军单体陷入妖术状态，试图发动追击战法时损失一定兵力（伤害率#effect_01#%，受谋略属性影响），持续#available_round_01#,0,"2,","21,51",S,2,使敌军陷入妖术状态,306,妖术,0
530088,530088,4,50,4,0,100,100,53008801,4,3,0,0,0,0,主动妖术单体5,使距离4以内的敌军单体陷入妖术状态，每回合行动前损失一定兵力（伤害率#effect_01#%，受谋略属性影响），持续#available_round_01#,0,"2,","21,51",S,2,使敌军陷入妖术状态,306,妖术,0
530089,530089,4,50,4,0,100,100,53008901,4,3,0,0,0,0,主动妖术单体6,使距离4以内谋略最低的敌军单体陷入妖术状态，每回合行动前损失一定兵力（伤害率#effect_01#%，受谋略属性影响），持续#available_round_01#,0,"2,","21,51",S,2,使敌军陷入妖术状态,306,妖术,0
530090,530090,4,50,4,0,100,100,53009001,4,3,0,0,0,0,主动妖术单体7,使距离4以内距离最远的敌军单体陷入妖术状态，每回合行动前损失一定兵力（伤害率#effect_01#%，受谋略属性影响），持续#available_round_01#,0,"2,","21,51",S,2,使敌军陷入妖术状态,306,妖术,0
530091,530091,4,50,5,0,100,100,53009101,4,3,0,0,0,0,主动妖术群体1,使敌军群体2目标陷入妖术状态，每回合行动前损失一定兵力（伤害率#effect_01#%，受谋略属性影响），持续#available_round_01#,0,"2,","21,51",S,2,使敌军陷入妖术状态,306,妖术,0
530092,530092,4,50,5,0,100,100,53009201,4,3,0,0,0,0,主动妖术群体2,使敌军群体2目标陷入妖术状态，普通攻击后损失一定兵力（伤害率#effect_01#%，受谋略属性影响），最多生效#available_hit_01#，持续#1回合#,0,"2,","21,51",S,2,使敌军陷入妖术状态,306,妖术,0
530093,530093,4,50,5,0,100,100,53009301,4,3,0,0,0,0,主动妖术群体3,使敌军群体2目标陷入妖术状态，试图发动主动战法时损失一定兵力（伤害率#effect_01#%，受谋略属性影响），持续#available_round_01#,0,"2,","21,51",S,2,使敌军陷入妖术状态,306,妖术,0
530094,530094,4,50,5,0,100,100,53009401,4,3,0,0,0,0,主动妖术群体4,使敌军群体2目标陷入妖术状态，试图发动追击战法时损失一定兵力（伤害率#effect_01#%，受谋略属性影响），持续#available_round_01#,0,"2,","21,51",S,2,使敌军陷入妖术状态,306,妖术,0
530095,530095,4,50,4,0,100,100,53009501,4,3,0,0,0,0,主动妖术群体5,使距离4以内的敌军群体2目标陷入妖术状态，每回合行动前损失一定兵力（伤害率#effect_01#%，受谋略属性影响），持续#available_round_01#,0,"2,","21,51",S,2,使敌军陷入妖术状态,306,妖术,0
530096,530096,4,50,5,0,100,100,53009601,4,3,0,0,0,0,主动妖术群体6,使敌军群体2-3目标陷入妖术状态，每回合行动前损失一定兵力（伤害率#effect_01#%，受谋略属性影响），持续#available_round_01#,0,"2,","21,51",S,2,使敌军陷入妖术状态,306,妖术,0
530097,530097,4,50,5,0,100,100,53009701,4,3,0,0,0,0,主动妖术群体7,使敌军群体2-3目标陷入妖术状态，普通攻击后损失一定兵力（伤害率#effect_01#%，受谋略属性影响），最多生效#available_hit_01#，持续#1回合#,0,"2,","21,51",S,2,使敌军陷入妖术状态,306,妖术,0
530098,530098,4,50,5,0,100,100,53009801,4,3,0,0,0,0,主动妖术群体8,使敌军群体2-3目标陷入妖术状态，试图发动主动战法时损失一定兵力（伤害率#effect_01#%，受谋略属性影响），持续#available_round_01#,0,"2,","21,51",S,2,使敌军陷入妖术状态,306,妖术,0
530099,530099,4,50,5,0,100,100,53009901,4,3,0,0,0,0,主动妖术群体9,使敌军群体2-3目标陷入妖术状态，试图发动追击战法时损失一定兵力（伤害率#effect_01#%，受谋略属性影响），持续#available_round_01#,0,"2,","21,51",S,2,使敌军陷入妖术状态,306,妖术,0
530100,530100,4,50,4,0,100,100,53010001,4,3,0,0,0,0,主动妖术群体10,使距离4以内的敌军群体2-3目标陷入妖术状态，每回合行动前损失一定兵力（伤害率#effect_01#%，受谋略属性影响），持续#available_round_01#,0,"2,","21,51",S,2,使敌军陷入妖术状态,306,妖术,0
530101,530101,4,50,5,0,100,100,53010101,4,3,0,0,0,0,主动妖术全体1,使敌军全体3目标陷入妖术状态，每回合行动前损失一定兵力（伤害率#effect_01#%，受谋略属性影响），持续#available_round_01#,0,"2,","21,51",S,2,使敌军陷入妖术状态,306,妖术,0
530102,530102,4,50,5,0,100,100,53010201,4,3,0,0,0,0,主动妖术全体2,使敌军全体3目标陷入妖术状态，普通攻击后损失一定兵力（伤害率#effect_01#%，受谋略属性影响），最多生效#available_hit_01#，持续#1回合#,0,"2,","21,51",S,2,使敌军陷入妖术状态,306,妖术,0
530103,530103,4,50,5,0,100,100,53010301,4,3,0,0,0,0,主动妖术全体3,使敌军全体3目标陷入妖术状态，试图发动主动战法时损失一定兵力（伤害率#effect_01#%，受谋略属性影响），持续#available_round_01#,0,"2,","21,51",S,2,使敌军陷入妖术状态,306,妖术,0
530104,530104,4,50,5,0,100,100,53010401,4,3,0,0,0,0,主动妖术全体4,使敌军全体3目标陷入妖术状态，试图发动追击战法时损失一定兵力（伤害率#effect_01#%，受谋略属性影响），持续#available_round_01#,0,"2,","21,51",S,2,使敌军陷入妖术状态,306,妖术,0
530105,530105,4,50,4,0,100,100,53010501,4,3,0,0,0,0,主动妖术全体5,使距离4以内的敌军全体3目标陷入妖术状态，每回合行动前损失一定兵力（伤害率#effect_01#%，受谋略属性影响），持续#available_round_01#,0,"2,","21,51",S,2,使敌军陷入妖术状态,306,妖术,0
530106,530106,4,50,5,0,100,100,53010601,4,3,0,0,0,0,主动恐慌单体1,使敌军单体陷入恐慌状态，每回合行动前损失一定兵力（伤害率#effect_01#%，受谋略属性影响），持续#available_round_01#,0,"2,","21,51",S,2,使敌军陷入恐慌状态,304,恐慌,0
530107,530107,4,50,5,0,100,100,53010701,4,3,0,0,0,0,主动恐慌单体2,使敌军单体陷入恐慌状态，受到伤害时损失一定兵力（伤害率#effect_01#%，受谋略属性影响），最多生效#available_hit_01#，持续#1回合#,0,"2,","21,51",S,2,使敌军陷入恐慌状态,304,恐慌,0
530108,530108,4,50,5,0,100,100,53010801,4,3,0,0,0,0,主动恐慌单体3,使敌军单体陷入恐慌状态，受到伤害时有#prob_param_01#的几率损失一定兵力（伤害率#effect_01#%，受谋略属性影响），持续#available_round_01#,0,"2,","21,51",S,2,使敌军陷入恐慌状态,304,恐慌,0
530109,530109,4,50,5,0,100,100,53010901,4,3,0,0,0,0,主动恐慌单体4,使敌军单体陷入恐慌状态，受到伤害时损失一定兵力（伤害率#effect_01#%，受谋略属性影响），最多生效#available_hit_01#，持续#2回合#,0,"2,","21,51",S,2,使敌军陷入恐慌状态,304,恐慌,0
530110,530110,4,50,5,0,100,100,53011001,4,3,0,0,0,0,主动恐慌单体5,使距离最近的敌军单体陷入恐慌状态，受到伤害时有#prob_param_01#的几率损失一定兵力（伤害率#effect_01#%，受谋略属性影响），持续#available_round_01#,0,"2,","21,51",S,2,使敌军陷入恐慌状态,304,恐慌,0
530111,530111,4,50,4,0,100,100,53011101,4,3,0,0,0,0,主动恐慌单体6,使距离4以内的敌军单体陷入恐慌状态，每回合行动前损失一定兵力（伤害率#effect_01#%，受谋略属性影响），持续#available_round_01#,0,"2,","21,51",S,2,使敌军陷入恐慌状态,304,恐慌,0
530112,530112,4,50,4,0,100,100,53011201,4,3,0,0,0,0,主动恐慌单体7,使距离4以内谋略最低的敌军单体陷入恐慌状态，每回合行动前损失一定兵力（伤害率#effect_01#%，受谋略属性影响），持续#available_round_01#,0,"2,","21,51",S,2,使敌军陷入恐慌状态,304,恐慌,0
530113,530113,4,50,4,0,100,100,53011301,4,3,0,0,0,0,主动恐慌单体8,使距离4以内距离最远的敌军单体陷入恐慌状态，每回合行动前损失一定兵力（伤害率#effect_01#%，受谋略属性影响），持续#available_round_01#,0,"2,","21,51",S,2,使敌军陷入恐慌状态,304,恐慌,0
530114,530114,4,50,5,0,100,100,53011401,4,3,0,0,0,0,主动恐慌群体1,使敌军群体2目标陷入恐慌状态，每回合行动前损失一定兵力（伤害率#effect_01#%，受谋略属性影响），持续#available_round_01#,0,"2,","21,51",S,2,使敌军陷入恐慌状态,304,恐慌,0
530115,530115,4,50,5,0,100,100,53011501,4,3,0,0,0,0,主动恐慌群体2,使敌军群体2目标陷入恐慌状态，受到伤害时损失一定兵力（伤害率#effect_01#%，受谋略属性影响），最多生效#available_hit_01#，持续#1回合#,0,"2,","21,51",S,2,使敌军陷入恐慌状态,304,恐慌,0
530116,530116,4,50,5,0,100,100,53011601,4,3,0,0,0,0,主动恐慌群体3,使敌军群体2目标陷入恐慌状态，受到伤害时有#prob_param_01#的几率损失一定兵力（伤害率#effect_01#%，受谋略属性影响），持续#available_round_01#,0,"2,","21,51",S,2,使敌军陷入恐慌状态,304,恐慌,0
530117,530117,4,50,5,0,100,100,53011701,4,3,0,0,0,0,主动恐慌群体4,使敌军群体2目标陷入恐慌状态，受到伤害时损失一定兵力（伤害率#effect_01#%，受谋略属性影响），最多生效#available_hit_01#，持续#2回合#,0,"2,","21,51",S,2,使敌军陷入恐慌状态,304,恐慌,0
530118,530118,4,50,4,0,100,100,53011801,4,3,0,0,0,0,主动恐慌群体5,使距离4以内的敌军群体2目标陷入恐慌状态，每回合行动前损失一定兵力（伤害率#effect_01#%，受谋略属性影响），持续#available_round_01#,0,"2,","21,51",S,2,使敌军陷入恐慌状态,304,恐慌,0
530119,530119,4,50,5,0,100,100,53011901,4,3,0,0,0,0,主动恐慌群体6,使敌军群体2-3目标陷入恐慌状态，每回合行动前损失一定兵力（伤害率#effect_01#%，受谋略属性影响），持续#available_round_01#,0,"2,","21,51",S,2,使敌军陷入恐慌状态,304,恐慌,0
530120,530120,4,50,5,0,100,100,53012001,4,3,0,0,0,0,主动恐慌群体7,使敌军群体2-3目标陷入恐慌状态，受到伤害时损失一定兵力（伤害率#effect_01#%，受谋略属性影响），最多生效#available_hit_01#，持续#1回合#,0,"2,","21,51",S,2,使敌军陷入恐慌状态,304,恐慌,0
530121,530121,4,50,5,0,100,100,53012101,4,3,0,0,0,0,主动恐慌群体8,使敌军群体2-3目标陷入恐慌状态，受到伤害时有#prob_param_01#的几率损失一定兵力（伤害率#effect_01#%，受谋略属性影响），持续#available_round_01#,0,"2,","21,51",S,2,使敌军陷入恐慌状态,304,恐慌,0
530122,530122,4,50,5,0,100,100,53012201,4,3,0,0,0,0,主动恐慌群体9,使敌军群体2-3目标陷入恐慌状态，受到伤害时损失一定兵力（伤害率#effect_01#%，受谋略属性影响），最多生效#available_hit_01#，持续#2回合#,0,"2,","21,51",S,2,使敌军陷入恐慌状态,304,恐慌,0
530123,530123,4,50,4,0,100,100,53012301,4,3,0,0,0,0,主动恐慌群体10,使距离4以内的敌军群体2-3目标陷入恐慌状态，每回合行动前损失一定兵力（伤害率#effect_01#%，受谋略属性影响），持续#available_round_01#,0,"2,","21,51",S,2,使敌军陷入恐慌状态,304,恐慌,0
530124,530124,4,50,5,0,100,100,53012401,4,3,0,0,0,0,主动恐慌全体1,使敌军全体3目标陷入恐慌状态，每回合行动前损失一定兵力（伤害率#effect_01#%，受谋略属性影响），持续#available_round_01#,0,"2,","21,51",S,2,使敌军陷入恐慌状态,304,恐慌,0
530125,530125,4,50,5,0,100,100,53012501,4,3,0,0,0,0,主动恐慌全体2,使敌军全体3目标陷入恐慌状态，受到伤害时损失一定兵力（伤害率#effect_01#%，受谋略属性影响），最多生效#available_hit_01#，持续#1回合#,0,"2,","21,51",S,2,使敌军陷入恐慌状态,304,恐慌,0
530126,530126,4,50,5,0,100,100,53012601,4,3,0,0,0,0,主动恐慌全体3,使敌军全体3目标陷入恐慌状态，受到伤害时有#prob_param_01#的几率损失一定兵力（伤害率#effect_01#%，受谋略属性影响），持续#available_round_01#,0,"2,","21,51",S,2,使敌军陷入恐慌状态,304,恐慌,0
530127,530127,4,50,5,0,100,100,53012701,4,3,0,0,0,0,主动恐慌全体4,使敌军全体3目标陷入恐慌状态，受到伤害时损失一定兵力（伤害率#effect_01#%，受谋略属性影响），最多生效#available_hit_01#，持续#2回合#,0,"2,","21,51",S,2,使敌军陷入恐慌状态,304,恐慌,0
530128,530128,4,50,4,0,100,100,53012801,4,3,0,0,0,0,主动恐慌全体5,使距离4以内的敌军全体3目标陷入恐慌状态，每回合行动前损失一定兵力（伤害率#effect_01#%，受谋略属性影响），持续#available_round_01#,0,"2,","21,51",S,2,使敌军陷入恐慌状态,304,恐慌,0
530129,530129,4,50,5,0,100,100,53012901,4,3,0,0,0,0,主动动摇单体1,使敌军单体陷入动摇状态，每回合行动前损失一定兵力（伤害率#effect_01#%），持续#available_round_01#,0,"1,","11,51",S,1,使敌军陷入动摇状态,303,动摇,0
530130,530130,4,50,5,0,100,100,53013001,4,3,0,0,0,0,主动动摇单体2,使敌军单体陷入动摇状态，受到伤害时损失一定兵力（伤害率#effect_01#%），最多生效#available_hit_01#，持续#1回合#,0,"1,","11,51",S,1,使敌军陷入动摇状态,303,动摇,0
530131,530131,4,50,5,0,100,100,53013101,4,3,0,0,0,0,主动动摇单体3,使敌军单体陷入动摇状态，受到伤害时有#prob_param_01#的几率损失一定兵力（伤害率#effect_01#%），持续#available_round_01#,0,"1,","11,51",S,1,使敌军陷入动摇状态,303,动摇,0
530132,530132,4,50,5,0,100,100,53013201,4,3,0,0,0,0,主动动摇单体4,使敌军单体陷入动摇状态，受到伤害时损失一定兵力（伤害率#effect_01#%），最多生效#available_hit_01#，持续#2回合#,0,"1,","11,51",S,1,使敌军陷入动摇状态,303,动摇,0
530133,530133,4,50,5,0,100,100,53013301,4,3,0,0,0,0,主动动摇单体5,使距离最近的敌军单体陷入动摇状态，受到伤害时有#prob_param_01#的几率损失一定兵力（伤害率#effect_01#%），持续#available_round_01#,0,"1,","11,51",S,1,使敌军陷入动摇状态,303,动摇,0
530134,530134,4,50,4,0,100,100,53013401,4,3,0,0,0,0,主动动摇单体6,使距离4以内的敌军单体陷入动摇状态，每回合行动前损失一定兵力（伤害率#effect_01#%），持续#available_round_01#,0,"1,","11,51",S,1,使敌军陷入动摇状态,303,动摇,0
530135,530135,4,50,4,0,100,100,53013501,4,3,0,0,0,0,主动动摇单体7,使距离4以内防御最低的敌军单体陷入动摇状态，每回合行动前损失一定兵力（伤害率#effect_01#%），持续#available_round_01#,0,"1,","11,51",S,1,使敌军陷入动摇状态,303,动摇,0
530136,530136,4,50,4,0,100,100,53013601,4,3,0,0,0,0,主动动摇单体8,使距离4以内距离最远的敌军单体陷入动摇状态，每回合行动前损失一定兵力（伤害率#effect_01#%），持续#available_round_01#,0,"1,","11,51",S,1,使敌军陷入动摇状态,303,动摇,0
530137,530137,4,50,5,0,100,100,53013701,4,3,0,0,0,0,主动动摇群体1,使敌军群体2目标陷入动摇状态，每回合行动前损失一定兵力（伤害率#effect_01#%），持续#available_round_01#,0,"1,","11,51",S,1,使敌军陷入动摇状态,303,动摇,0
530138,530138,4,50,5,0,100,100,53013801,4,3,0,0,0,0,主动动摇群体2,使敌军群体2目标陷入动摇状态，受到伤害时损失一定兵力（伤害率#effect_01#%），最多生效#available_hit_01#，持续#1回合#,0,"1,","11,51",S,1,使敌军陷入动摇状态,303,动摇,0
530139,530139,4,50,5,0,100,100,53013901,4,3,0,0,0,0,主动动摇群体3,使敌军群体2目标陷入动摇状态，受到伤害时有#prob_param_01#的几率损失一定兵力（伤害率#effect_01#%），持续#available_round_01#,0,"1,","11,51",S,1,使敌军陷入动摇状态,303,动摇,0
530140,530140,4,50,5,0,100,100,53014001,4,3,0,0,0,0,主动动摇群体4,使敌军群体2目标陷入动摇状态，受到伤害时损失一定兵力（伤害率#effect_01#%），最多生效#available_hit_01#，持续#2回合#,0,"1,","11,51",S,1,使敌军陷入动摇状态,303,动摇,0
530141,530141,4,50,4,0,100,100,53014101,4,3,0,0,0,0,主动动摇群体5,使距离4以内的敌军群体2目标陷入动摇状态，每回合行动前损失一定兵力（伤害率#effect_01#%），持续#available_round_01#,0,"1,","11,51",S,1,使敌军陷入动摇状态,303,动摇,0
530142,530142,4,50,5,0,100,100,53014201,4,3,0,0,0,0,主动动摇群体6,使敌军群体2-3目标陷入动摇状态，每回合行动前损失一定兵力（伤害率#effect_01#%），持续#available_round_01#,0,"1,","11,51",S,1,使敌军陷入动摇状态,303,动摇,0
530143,530143,4,50,5,0,100,100,53014301,4,3,0,0,0,0,主动动摇群体7,使敌军群体2-3目标陷入动摇状态，受到伤害时损失一定兵力（伤害率#effect_01#%），最多生效#available_hit_01#，持续#1回合#,0,"1,","11,51",S,1,使敌军陷入动摇状态,303,动摇,0
530144,530144,4,50,5,0,100,100,53014401,4,3,0,0,0,0,主动动摇群体8,使敌军群体2-3目标陷入动摇状态，受到伤害时有#prob_param_01#的几率损失一定兵力（伤害率#effect_01#%），持续#available_round_01#,0,"1,","11,51",S,1,使敌军陷入动摇状态,303,动摇,0
530145,530145,4,50,5,0,100,100,53014501,4,3,0,0,0,0,主动动摇群体9,使敌军群体2-3目标陷入动摇状态，受到伤害时损失一定兵力（伤害率#effect_01#%），最多生效#available_hit_01#，持续#2回合#,0,"1,","11,51",S,1,使敌军陷入动摇状态,303,动摇,0
530146,530146,4,50,4,0,100,100,53014601,4,3,0,0,0,0,主动动摇群体10,使距离4以内的敌军群体2-3目标陷入动摇状态，每回合行动前损失一定兵力（伤害率#effect_01#%），持续#available_round_01#,0,"1,","11,51",S,1,使敌军陷入动摇状态,303,动摇,0
530147,530147,4,50,5,0,100,100,53014701,4,3,0,0,0,0,主动动摇全体1,使敌军全体3目标陷入动摇状态，每回合行动前损失一定兵力（伤害率#effect_01#%），持续#available_round_01#,0,"1,","11,51",S,1,使敌军陷入动摇状态,303,动摇,0
530148,530148,4,50,5,0,100,100,53014801,4,3,0,0,0,0,主动动摇全体2,使敌军全体3目标陷入动摇状态，受到伤害时损失一定兵力（伤害率#effect_01#%），最多生效#available_hit_01#，持续#1回合#,0,"1,","11,51",S,1,使敌军陷入动摇状态,303,动摇,0
530149,530149,4,50,5,0,100,100,53014901,4,3,0,0,0,0,主动动摇全体3,使敌军全体3目标陷入动摇状态，受到伤害时有#prob_param_01#的几率损失一定兵力（伤害率#effect_01#%），持续#available_round_01#,0,"1,","11,51",S,1,使敌军陷入动摇状态,303,动摇,0
530150,530150,4,50,5,0,100,100,53015001,4,3,0,0,0,0,主动动摇全体4,使敌军全体3目标陷入动摇状态，受到伤害时损失一定兵力（伤害率#effect_01#%），最多生效#available_hit_01#，持续#2回合#,0,"1,","11,51",S,1,使敌军陷入动摇状态,303,动摇,0
530151,530151,4,50,4,0,100,100,53015101,4,3,0,0,0,0,主动动摇全体5,使距离4以内的敌军全体3目标陷入动摇状态，每回合行动前损失一定兵力（伤害率#effect_01#%），持续#available_round_01#,0,"1,","11,51",S,1,使敌军陷入动摇状态,303,动摇,0
530152,530152,4,50,5,0,100,100,53015201,4,3,0,0,0,0,主动暴走单体1,使敌军单体陷入暴走状态，持续#available_round_01#,0,"4,",31,S,5,使敌军陷入暴走状态,503,暴走,0
530153,530153,4,50,5,0,100,100,53015301,4,3,0,0,0,0,主动暴走群体1,使敌军群体2目标陷入暴走状态，持续#available_round_01#,0,"4,",31,S,5,使敌军陷入暴走状态,503,暴走,0
530154,530154,4,50,5,0,100,100,53015401,4,3,0,0,0,0,主动暴走全体1,使敌军全体3目标陷入暴走状态，持续#available_round_01#,0,"4,",31,S,5,使敌军陷入暴走状态,503,暴走,0
530155,530155,4,50,4,0,100,100,53015501,4,3,0,0,0,0,主动暴走单体2,使距离4以内敌军单体陷入暴走状态，持续#available_round_01#,0,"4,",31,S,5,使敌军陷入暴走状态,503,暴走,0
530156,530156,4,50,4,0,100,100,53015601,4,3,0,0,0,0,主动暴走群体2,使距离4以内敌军群体2目标陷入暴走状态，持续#available_round_01#,0,"4,",31,S,5,使敌军陷入暴走状态,503,暴走,0
530157,530157,4,50,4,0,100,100,53015701,4,3,0,0,0,0,主动暴走全体2,使距离4以内敌军全体3目标陷入暴走状态，持续#available_round_01#,0,"4,",31,S,5,使敌军陷入暴走状态,503,暴走,0
530158,530158,4,50,5,0,100,100,53015801,4,3,0,0,0,0,主动暴走单体3,有#prob_param_01#的几率使敌军单体陷入暴走状态，持续#1回合#,0,"4,",31,S,5,使敌军陷入暴走状态,503,暴走,0
530159,530159,4,50,4,0,100,100,53015901,4,3,0,0,0,0,主动暴走单体4,有#prob_param_01#的几率使距离4以内敌军单体陷入暴走状态，持续#1回合#,0,"4,",31,S,5,使敌军陷入暴走状态,503,暴走,0
530160,530160,4,50,5,0,100,100,53016001,4,3,0,0,0,0,主动混乱单体1,使敌军单体陷入混乱状态，持续#available_round_01#,0,"4,",31,S,5,使敌军陷入混乱状态,501,混乱,0
530161,530161,4,50,5,0,100,100,53016101,4,3,0,0,0,0,主动混乱群体1,使敌军群体2目标陷入混乱状态，持续#available_round_01#,0,"4,",31,S,5,使敌军陷入混乱状态,501,混乱,0
530162,530162,4,50,5,0,100,100,53016201,4,3,0,0,0,0,主动混乱全体1,使敌军全体3目标陷入混乱状态，持续#available_round_01#,0,"4,",31,S,5,使敌军陷入混乱状态,501,混乱,0
530163,530163,4,50,4,0,100,100,53016301,4,3,0,0,0,0,主动混乱单体2,使距离4以内敌军单体陷入混乱状态，持续#available_round_01#,0,"4,",31,S,5,使敌军陷入混乱状态,501,混乱,0
530164,530164,4,50,4,0,100,100,53016401,4,3,0,0,0,0,主动混乱群体2,使距离4以内敌军群体2目标陷入混乱状态，持续#available_round_01#,0,"4,",31,S,5,使敌军陷入混乱状态,501,混乱,0
530165,530165,4,50,4,0,100,100,53016501,4,3,0,0,0,0,主动混乱全体2,使距离4以内敌军全体3目标陷入混乱状态，持续#available_round_01#,0,"4,",31,S,5,使敌军陷入混乱状态,501,混乱,0
530166,530166,4,50,5,0,100,100,53016601,4,3,0,0,0,0,主动混乱单体3,有#prob_param_01#的几率使敌军单体陷入混乱状态，持续#1回合#,0,"4,",31,S,5,使敌军陷入混乱状态,501,混乱,0
530167,530167,4,50,4,0,100,100,53016701,4,3,0,0,0,0,主动混乱单体4,有#prob_param_01#的几率使距离4以内敌军单体陷入混乱状态，持续#1回合#,0,"4,",31,S,5,使敌军陷入混乱状态,501,混乱,0
530168,530168,4,50,5,0,100,100,53016801,4,3,0,0,0,0,主动怯战单体1,使敌军单体陷入怯战状态，持续#available_round_01#,0,"4,",31,S,5,使敌军陷入怯战状态,552,怯战,0
530169,530169,4,50,5,0,100,100,53016901,4,3,0,0,0,0,主动怯战群体1,使敌军群体2目标陷入怯战状态，持续#available_round_01#,0,"4,",31,S,5,使敌军陷入怯战状态,552,怯战,0
530170,530170,4,50,5,0,100,100,53017001,4,3,0,0,0,0,主动怯战全体1,使敌军全体3目标陷入怯战状态，持续#available_round_01#,0,"4,",31,S,5,使敌军陷入怯战状态,552,怯战,0
530171,530171,4,50,4,0,100,100,53017101,4,3,0,0,0,0,主动怯战单体2,使距离4以内敌军单体陷入怯战状态，持续#available_round_01#,0,"4,",31,S,5,使敌军陷入怯战状态,552,怯战,0
530172,530172,4,50,4,0,100,100,53017201,4,3,0,0,0,0,主动怯战群体2,使距离4以内敌军群体2目标陷入怯战状态，持续#available_round_01#,0,"4,",31,S,5,使敌军陷入怯战状态,552,怯战,0
530173,530173,4,50,4,0,100,100,53017301,4,3,0,0,0,0,主动怯战全体2,使距离4以内敌军全体3目标陷入怯战状态，持续#available_round_01#,0,"4,",31,S,5,使敌军陷入怯战状态,552,怯战,0
530174,530174,4,50,5,0,100,100,53017401,4,3,0,0,0,0,主动怯战单体3,有#prob_param_01#的几率使敌军单体陷入怯战状态，持续#1回合#,0,"4,",31,S,5,使敌军陷入怯战状态,552,怯战,0
530175,530175,4,50,4,0,100,100,53017501,4,3,0,0,0,0,主动怯战单体4,有#prob_param_01#的几率使距离4以内敌军单体陷入怯战状态，持续#1回合#,0,"4,",31,S,5,使敌军陷入怯战状态,552,怯战,0
530176,530176,4,50,5,0,100,100,53017601,4,3,0,0,0,0,主动犹豫单体1,使敌军单体陷入犹豫状态，持续#available_round_01#,0,"4,",31,S,5,使敌军陷入犹豫状态,502,犹豫,0
530177,530177,4,50,5,0,100,100,53017701,4,3,0,0,0,0,主动犹豫群体1,使敌军群体2目标陷入犹豫状态，持续#available_round_01#,0,"4,",31,S,5,使敌军陷入犹豫状态,502,犹豫,0
530178,530178,4,50,5,0,100,100,53017801,4,3,0,0,0,0,主动犹豫全体1,使敌军全体3目标陷入犹豫状态，持续#available_round_01#,0,"4,",31,S,5,使敌军陷入犹豫状态,502,犹豫,0
530179,530179,4,50,4,0,100,100,53017901,4,3,0,0,0,0,主动犹豫单体2,使距离4以内敌军单体陷入犹豫状态，持续#available_round_01#,0,"4,",31,S,5,使敌军陷入犹豫状态,502,犹豫,0
530180,530180,4,50,4,0,100,100,53018001,4,3,0,0,0,0,主动犹豫群体2,使距离4以内敌军群体2目标陷入犹豫状态，持续#available_round_01#,0,"4,",31,S,5,使敌军陷入犹豫状态,502,犹豫,0
530181,530181,4,50,4,0,100,100,53018101,4,3,0,0,0,0,主动犹豫全体2,使距离4以内敌军全体3目标陷入犹豫状态，持续#available_round_01#,0,"4,",31,S,5,使敌军陷入犹豫状态,502,犹豫,0
530182,530182,4,50,5,0,100,100,53018201,4,3,0,0,0,0,主动犹豫单体3,有#prob_param_01#的几率使敌军单体陷入犹豫状态，持续#1回合#,0,"4,",31,S,5,使敌军陷入犹豫状态,502,犹豫,0
530183,530183,4,50,4,0,100,100,53018301,4,3,0,0,0,0,主动犹豫单体4,有#prob_param_01#的几率使距离4以内敌军单体陷入犹豫状态，持续#1回合#,0,"4,",31,S,5,使敌军陷入犹豫状态,502,犹豫,0
530184,530184,4,50,5,0,100,100,53018401,4,3,0,0,0,0,主动攻击+单体1,使自己与友军单体攻击属性提高#effect_01#，持续#available_round_01#,0,"4,",,S,3,使我军攻击属性提升,101,攻击属性提高,0
530185,530185,4,50,5,0,100,100,53018501,4,3,0,0,0,0,主动攻击+单体2,使自己与友军单体攻击属性提高#effect_01#（受谋略属性影响），持续#available_round_01#,0,"4,",,S,3,使我军攻击属性提升,101,攻击属性提高,0
530186,530186,4,50,5,0,100,100,53018601,4,3,0,0,0,0,主动攻击+单体3,使友军单体攻击属性提高#effect_01#，持续#available_round_01#,0,"4,",,S,3,使我军攻击属性提升,101,攻击属性提高,0
530187,530187,4,50,5,0,100,100,53018701,4,3,0,0,0,0,主动攻击+单体4,使友军单体攻击属性提高#effect_01#（受谋略属性影响），持续#available_round_01#,0,"4,",,S,3,使我军攻击属性提升,101,攻击属性提高,0
530188,530188,4,50,5,0,100,100,53018801,4,3,0,0,0,0,主动攻击+单体5,使我军单体攻击属性提高#effect_01#，持续#available_round_01#,0,"4,",,S,3,使我军攻击属性提升,101,攻击属性提高,0
530189,530189,4,50,5,0,100,100,53018901,4,3,0,0,0,0,主动攻击+单体6,使我军单体攻击属性提高#effect_01#（受谋略属性影响），持续#available_round_01#,0,"4,",,S,3,使我军攻击属性提升,101,攻击属性提高,0
530190,530190,4,50,5,0,100,100,53019001,4,3,0,0,0,0,主动攻击+单体7,使我军攻击最高的武将攻击属性提高#effect_01#，持续#available_round_01#,0,"4,",,S,3,使我军攻击属性提升,101,攻击属性提高,0
530191,530191,4,50,5,0,100,100,53019101,4,3,0,0,0,0,主动攻击+单体8,使我军攻击最高的武将单体攻击属性提高#effect_01#（受谋略属性影响），持续#available_round_01#,0,"4,",,S,3,使我军攻击属性提升,101,攻击属性提高,0
530192,530192,4,50,5,0,100,100,53019201,4,3,0,0,0,0,主动攻击+群体1,使友军群体2目标攻击属性提高#effect_01#，持续#available_round_01#,0,"4,",,S,3,使我军攻击属性提升,101,攻击属性提高,0
530193,530193,4,50,5,0,100,100,53019301,4,3,0,0,0,0,主动攻击+群体2,使友军群体2目标攻击属性提高#effect_01#（受谋略属性影响），持续#available_round_01#,0,"4,",,S,3,使我军攻击属性提升,101,攻击属性提高,0
530194,530194,4,50,5,0,100,100,53019401,4,3,0,0,0,0,主动攻击+群体3,使我军群体2目标攻击属性提高#effect_01#，持续#available_round_01#,0,"4,",,S,3,使我军攻击属性提升,101,攻击属性提高,0
530195,530195,4,50,5,0,100,100,53019501,4,3,0,0,0,0,主动攻击+群体4,使我军群体2目标攻击属性提高#effect_01#（受谋略属性影响），持续#available_round_01#,0,"4,",,S,3,使我军攻击属性提升,101,攻击属性提高,0
530196,530196,4,50,5,0,100,100,53019601,4,3,0,0,0,0,主动攻击+全体1,使我军全体3目标攻击属性提高#effect_01#，持续#available_round_01#,0,"4,",,S,3,使我军攻击属性提升,101,攻击属性提高,0
530197,530197,4,50,5,0,100,100,53019701,4,3,0,0,0,0,主动攻击+全体2,使我军全体3目标攻击属性提高#effect_01#（受谋略属性影响），持续#available_round_01#,0,"4,",,S,3,使我军攻击属性提升,101,攻击属性提高,0
530198,530198,4,50,5,0,100,100,53019801,4,3,0,0,0,0,主动攻击-单体1,使敌军单体攻击属性降低#effect_01#，持续#available_round_01#,0,"4,",,S,3,使敌军攻击属性降低,201,攻击属性降低,0
530199,530199,4,50,5,0,100,100,53019901,4,3,0,0,0,0,主动攻击-单体2,使敌军单体攻击属性降低#effect_01#（受谋略属性影响），持续#available_round_01#,0,"4,",,S,3,使敌军攻击属性降低,201,攻击属性降低,0
530200,530200,4,50,5,0,100,100,53020001,4,3,0,0,0,0,主动攻击-单体3,使敌军攻击最高的武将攻击属性降低#effect_01#，持续#available_round_01#,0,"4,",,S,3,使敌军攻击属性降低,201,攻击属性降低,0
530201,530201,4,50,5,0,100,100,53020101,4,3,0,0,0,0,主动攻击-单体4,使敌军攻击最高的武将单体攻击属性降低#effect_01#（受谋略属性影响），持续#available_round_01#,0,"4,",,S,3,使敌军攻击属性降低,201,攻击属性降低,0
530202,530202,4,50,5,0,100,100,53020201,4,3,0,0,0,0,主动攻击-群体3,使敌军群体2目标攻击属性降低#effect_01#，持续#available_round_01#,0,"4,",,S,3,使敌军攻击属性降低,201,攻击属性降低,0
530203,530203,4,50,5,0,100,100,53020301,4,3,0,0,0,0,主动攻击-群体4,使敌军群体2目标攻击属性降低#effect_01#（受谋略属性影响），持续#available_round_01#,0,"4,",,S,3,使敌军攻击属性降低,201,攻击属性降低,0
530204,530204,4,50,5,0,100,100,53020401,4,3,0,0,0,0,主动攻击-全体1,使敌军全体3目标攻击属性降低#effect_01#，持续#available_round_01#,0,"4,",,S,3,使敌军攻击属性降低,201,攻击属性降低,0
530205,530205,4,50,5,0,100,100,53020501,4,3,0,0,0,0,主动攻击-全体2,使敌军全体3目标攻击属性降低#effect_01#（受谋略属性影响），持续#available_round_01#,0,"4,",,S,3,使敌军攻击属性降低,201,攻击属性降低,0
530206,530206,4,50,5,0,100,100,53020601,4,3,0,0,0,0,主动防御+单体1,使自己与友军单体防御属性提高#effect_01#，持续#available_round_01#,0,"4,",,S,3,使我军防御属性提升,102,防御属性提高,0
530207,530207,4,50,5,0,100,100,53020701,4,3,0,0,0,0,主动防御+单体2,使自己与友军单体防御属性提高#effect_01#（受谋略属性影响），持续#available_round_01#,0,"4,",,S,3,使我军防御属性提升,102,防御属性提高,0
530208,530208,4,50,5,0,100,100,53020801,4,3,0,0,0,0,主动防御+单体3,使友军单体防御属性提高#effect_01#，持续#available_round_01#,0,"4,",,S,3,使我军防御属性提升,102,防御属性提高,0
530209,530209,4,50,5,0,100,100,53020901,4,3,0,0,0,0,主动防御+单体4,使友军单体防御属性提高#effect_01#（受谋略属性影响），持续#available_round_01#,0,"4,",,S,3,使我军防御属性提升,102,防御属性提高,0
530210,530210,4,50,5,0,100,100,53021001,4,3,0,0,0,0,主动防御+单体5,使我军单体防御属性提高#effect_01#，持续#available_round_01#,0,"4,",,S,3,使我军防御属性提升,102,防御属性提高,0
530211,530211,4,50,5,0,100,100,53021101,4,3,0,0,0,0,主动防御+单体6,使我军单体防御属性提高#effect_01#（受谋略属性影响），持续#available_round_01#,0,"4,",,S,3,使我军防御属性提升,102,防御属性提高,0
530212,530212,4,50,5,0,100,100,53021201,4,3,0,0,0,0,主动防御+群体1,使友军群体2目标防御属性提高#effect_01#，持续#available_round_01#,0,"4,",,S,3,使我军防御属性提升,102,防御属性提高,0
530213,530213,4,50,5,0,100,100,53021301,4,3,0,0,0,0,主动防御+群体2,使友军群体2目标防御属性提高#effect_01#（受谋略属性影响），持续#available_round_01#,0,"4,",,S,3,使我军防御属性提升,102,防御属性提高,0
530214,530214,4,50,5,0,100,100,53021401,4,3,0,0,0,0,主动防御+群体3,使我军群体2目标防御属性提高#effect_01#，持续#available_round_01#,0,"4,",,S,3,使我军防御属性提升,102,防御属性提高,0
530215,530215,4,50,5,0,100,100,53021501,4,3,0,0,0,0,主动防御+群体4,使我军群体2目标防御属性提高#effect_01#（受谋略属性影响），持续#available_round_01#,0,"4,",,S,3,使我军防御属性提升,102,防御属性提高,0
530216,530216,4,50,5,0,100,100,53021601,4,3,0,0,0,0,主动防御+全体1,使我军全体3目标防御属性提高#effect_01#，持续#available_round_01#,0,"4,",,S,3,使我军防御属性提升,102,防御属性提高,0
530217,530217,4,50,5,0,100,100,53021701,4,3,0,0,0,0,主动防御+全体2,使我军全体3目标防御属性提高#effect_01#（受谋略属性影响），持续#available_round_01#,0,"4,",,S,3,使我军防御属性提升,102,防御属性提高,0
530218,530218,4,50,5,0,100,100,53021801,4,3,0,0,0,0,主动防御-单体1,使敌军单体防御属性降低#effect_01#，持续#available_round_01#,0,"4,",,S,3,使敌军防御属性降低,202,防御属性降低,0
530219,530219,4,50,5,0,100,100,53021901,4,3,0,0,0,0,主动防御-单体2,使敌军单体防御属性降低#effect_01#（受谋略属性影响），持续#available_round_01#,0,"4,",,S,3,使敌军防御属性降低,202,防御属性降低,0
530220,530220,4,50,5,0,100,100,53022001,4,3,0,0,0,0,主动防御-群体3,使敌军群体2目标防御属性降低#effect_01#，持续#available_round_01#,0,"4,",,S,3,使敌军防御属性降低,202,防御属性降低,0
530221,530221,4,50,5,0,100,100,53022101,4,3,0,0,0,0,主动防御-群体4,使敌军群体2目标防御属性降低#effect_01#（受谋略属性影响），持续#available_round_01#,0,"4,",,S,3,使敌军防御属性降低,202,防御属性降低,0
530222,530222,4,50,5,0,100,100,53022201,4,3,0,0,0,0,主动防御-全体1,使敌军全体3目标防御属性降低#effect_01#，持续#available_round_01#,0,"4,",,S,3,使敌军防御属性降低,202,防御属性降低,0
530223,530223,4,50,5,0,100,100,53022301,4,3,0,0,0,0,主动防御-全体2,使敌军全体3目标防御属性降低#effect_01#（受谋略属性影响），持续#available_round_01#,0,"4,",,S,3,使敌军防御属性降低,202,防御属性降低,0
530224,530224,4,50,5,0,100,100,53022401,4,3,0,0,0,0,主动谋略+单体1,使自己与友军单体谋略属性提高#effect_01#，持续#available_round_01#,0,"4,",,S,3,使我军谋略属性提升,103,谋略属性提高,0
530225,530225,4,50,5,0,100,100,53022501,4,3,0,0,0,0,主动谋略+单体2,使自己与友军单体谋略属性提高#effect_01#（受谋略属性影响），持续#available_round_01#,0,"4,",,S,3,使我军谋略属性提升,103,谋略属性提高,0
530226,530226,4,50,5,0,100,100,53022601,4,3,0,0,0,0,主动谋略+单体3,使友军单体谋略属性提高#effect_01#，持续#available_round_01#,0,"4,",,S,3,使我军谋略属性提升,103,谋略属性提高,0
530227,530227,4,50,5,0,100,100,53022701,4,3,0,0,0,0,主动谋略+单体4,使友军单体谋略属性提高#effect_01#（受谋略属性影响），持续#available_round_01#,0,"4,",,S,3,使我军谋略属性提升,103,谋略属性提高,0
530228,530228,4,50,5,0,100,100,53022801,4,3,0,0,0,0,主动谋略+单体5,使我军单体谋略属性提高#effect_01#，持续#available_round_01#,0,"4,",,S,3,使我军谋略属性提升,103,谋略属性提高,0
530229,530229,4,50,5,0,100,100,53022901,4,3,0,0,0,0,主动谋略+单体6,使我军单体谋略属性提高#effect_01#（受谋略属性影响），持续#available_round_01#,0,"4,",,S,3,使我军谋略属性提升,103,谋略属性提高,0
530230,530230,4,50,5,0,100,100,53023001,4,3,0,0,0,0,主动谋略+单体7,使我军谋略最高的武将谋略属性提高#effect_01#，持续#available_round_01#,0,"4,",,S,3,使我军谋略属性提升,103,谋略属性提高,0
530231,530231,4,50,5,0,100,100,53023101,4,3,0,0,0,0,主动谋略+单体8,使我军谋略最高的武将单体谋略属性提高#effect_01#（受谋略属性影响），持续#available_round_01#,0,"4,",,S,3,使我军谋略属性提升,103,谋略属性提高,0
530232,530232,4,50,5,0,100,100,53023201,4,3,0,0,0,0,主动谋略+群体1,使友军群体2目标谋略属性提高#effect_01#，持续#available_round_01#,0,"4,",,S,3,使我军谋略属性提升,103,谋略属性提高,0
530233,530233,4,50,5,0,100,100,53023301,4,3,0,0,0,0,主动谋略+群体2,使友军群体2目标谋略属性提高#effect_01#（受谋略属性影响），持续#available_round_01#,0,"4,",,S,3,使我军谋略属性提升,103,谋略属性提高,0
530234,530234,4,50,5,0,100,100,53023401,4,3,0,0,0,0,主动谋略+群体3,使我军群体2目标谋略属性提高#effect_01#，持续#available_round_01#,0,"4,",,S,3,使我军谋略属性提升,103,谋略属性提高,0
530235,530235,4,50,5,0,100,100,53023501,4,3,0,0,0,0,主动谋略+群体4,使我军群体2目标谋略属性提高#effect_01#（受谋略属性影响），持续#available_round_01#,0,"4,",,S,3,使我军谋略属性提升,103,谋略属性提高,0
530236,530236,4,50,5,0,100,100,53023601,4,3,0,0,0,0,主动谋略+全体1,使我军全体3目标谋略属性提高#effect_01#，持续#available_round_01#,0,"4,",,S,3,使我军谋略属性提升,103,谋略属性提高,0
530237,530237,4,50,5,0,100,100,53023701,4,3,0,0,0,0,主动谋略+全体2,使我军全体3目标谋略属性提高#effect_01#（受谋略属性影响），持续#available_round_01#,0,"4,",,S,3,使我军谋略属性提升,103,谋略属性提高,0
530238,530238,4,50,5,0,100,100,53023801,4,3,0,0,0,0,主动谋略-单体1,使敌军单体谋略属性降低#effect_01#，持续#available_round_01#,0,"4,",,S,3,使敌军谋略属性降低,203,谋略属性降低,0
530239,530239,4,50,5,0,100,100,53023901,4,3,0,0,0,0,主动谋略-单体2,使敌军单体谋略属性降低#effect_01#（受谋略属性影响），持续#available_round_01#,0,"4,",,S,3,使敌军谋略属性降低,203,谋略属性降低,0
530240,530240,4,50,5,0,100,100,53024001,4,3,0,0,0,0,主动谋略-单体3,使敌军谋略最高的武将谋略属性降低#effect_01#，持续#available_round_01#,0,"4,",,S,3,使敌军谋略属性降低,203,谋略属性降低,0
530241,530241,4,50,5,0,100,100,53024101,4,3,0,0,0,0,主动谋略-单体4,使敌军谋略最高的武将单体谋略属性降低#effect_01#（受谋略属性影响），持续#available_round_01#,0,"4,",,S,3,使敌军谋略属性降低,203,谋略属性降低,0
530242,530242,4,50,5,0,100,100,53024201,4,3,0,0,0,0,主动谋略-群体3,使敌军群体2目标谋略属性降低#effect_01#，持续#available_round_01#,0,"4,",,S,3,使敌军谋略属性降低,203,谋略属性降低,0
530243,530243,4,50,5,0,100,100,53024301,4,3,0,0,0,0,主动谋略-群体4,使敌军群体2目标谋略属性降低#effect_01#（受谋略属性影响），持续#available_round_01#,0,"4,",,S,3,使敌军谋略属性降低,203,谋略属性降低,0
530244,530244,4,50,5,0,100,100,53024401,4,3,0,0,0,0,主动谋略-全体1,使敌军全体3目标谋略属性降低#effect_01#，持续#available_round_01#,0,"4,",,S,3,使敌军谋略属性降低,203,谋略属性降低,0
530245,530245,4,50,5,0,100,100,53024501,4,3,0,0,0,0,主动谋略-全体2,使敌军全体3目标谋略属性降低#effect_01#（受谋略属性影响），持续#available_round_01#,0,"4,",,S,3,使敌军谋略属性降低,203,谋略属性降低,0
530264,530264,4,50,5,0,100,100,53026401,4,3,0,0,0,0,主动出物伤+单体2,使我军大营造成的攻击伤害提高#effect_01#%（受谋略属性影响），持续#available_round_01#,0,"4,",,S,3,使我军造成的攻击伤害提升,531,攻击伤害提高,0
530265,530265,4,50,5,0,100,100,53026501,4,3,0,0,0,0,主动出物伤+单体3,使我军大营造成的攻击伤害提高#effect_01#%，持续#available_round_01#,0,"4,",,S,3,使我军造成的攻击伤害提升,531,攻击伤害提高,0
530266,530266,4,50,5,0,100,100,53026601,4,3,0,0,0,0,主动出物伤+单体4,使我军单体造成的攻击伤害提高#effect_01#%，持续#available_round_01#,0,"4,",,S,3,使我军造成的攻击伤害提升,531,攻击伤害提高,0
530267,530267,4,50,5,0,100,100,53026701,4,3,0,0,0,0,主动出物伤+单体5,使我军单体造成的攻击伤害提高#effect_01#%（受谋略属性影响），持续#available_round_01#,0,"4,",,S,3,使我军造成的攻击伤害提升,531,攻击伤害提高,0
530268,530268,4,50,5,0,100,100,53026801,4,3,0,0,0,0,主动出物伤+单体7,使友军单体造成的攻击伤害提高#effect_01#%（受谋略属性影响），持续#available_round_01#,0,"4,",,S,3,使我军造成的攻击伤害提升,531,攻击伤害提高,0
530269,530269,4,50,5,0,100,100,53026901,4,3,0,0,0,0,主动出物伤+单体8,使友军单体造成的攻击伤害提高#effect_01#%，持续#available_round_01#,0,"4,",,S,3,使我军造成的攻击伤害提升,531,攻击伤害提高,0
530270,530270,4,50,5,0,100,100,53027001,4,3,0,0,0,0,主动出物伤+单体9,使我军攻击最高单体造成的攻击伤害提高#effect_01#%（受谋略属性影响），持续#available_round_01#,0,"4,",,S,3,使我军造成的攻击伤害提升,531,攻击伤害提高,0
530271,530271,4,50,5,0,100,100,53027101,4,3,0,0,0,0,主动出物伤+单体11,使我军攻击最高单体造成的攻击伤害提高#effect_01#%，持续#available_round_01#,0,"4,",,S,3,使我军造成的攻击伤害提升,531,攻击伤害提高,0
530272,530272,4,50,5,0,100,100,53027201,4,3,0,0,0,0,主动出物伤+单体13,使自身和友军单体造成的攻击伤害提高#effect_01#%，持续#available_round_01#,0,"4,",,S,3,使我军造成的攻击伤害提升,531,攻击伤害提高,0
530273,530273,4,50,5,0,100,100,53027301,4,3,0,0,0,0,主动出物伤+单体15,使自身和友军单体下#available_hit_01#造成的攻击伤害提高#effect_01#%,0,"4,",,S,3,使我军造成的攻击伤害提升,531,攻击伤害提高,0
530274,530274,4,50,5,0,100,100,53027401,4,3,0,0,0,0,主动出物伤+单体16,使我军单体下#available_hit_01#造成的攻击伤害提高#effect_01#%（受谋略属性影响）,0,"4,",,S,3,使我军造成的攻击伤害提升,531,攻击伤害提高,0
530275,530275,4,50,5,0,100,100,53027501,4,3,0,0,0,0,主动出物伤+单体17,使友军单体下#available_hit_01#造成的攻击伤害提高#effect_01#%（受谋略属性影响）,0,"4,",,S,3,使我军造成的攻击伤害提升,531,攻击伤害提高,0
530276,530276,4,50,5,0,100,100,53027601,4,3,0,0,0,0,主动出物伤+单体18,使我军单体下#available_hit_01#造成的攻击伤害提高#effect_01#%,0,"4,",,S,3,使我军造成的攻击伤害提升,531,攻击伤害提高,0
530277,530277,4,50,5,0,100,100,53027701,4,3,0,0,0,0,主动出物伤+单体19,使友军单体下#available_hit_01#造成的攻击伤害提高#effect_01#%,0,"4,",,S,3,使我军造成的攻击伤害提升,531,攻击伤害提高,0
530278,530278,4,50,5,0,100,100,53027801,4,3,0,0,0,0,主动出物伤+群体2,使我军群体2目标造成的攻击伤害提高#effect_01#%（受谋略属性影响），持续#available_round_01#,0,"4,",,S,3,使我军造成的攻击伤害提升,531,攻击伤害提高,0
530279,530279,4,50,5,0,100,100,53027901,4,3,0,0,0,0,主动出物伤+群体3,使我军群体2目标造成的攻击伤害提高#effect_01#%，持续#available_round_01#,0,"4,",,S,3,使我军造成的攻击伤害提升,531,攻击伤害提高,0
530280,530280,4,50,5,0,100,100,53028001,4,3,0,0,0,0,主动出物伤+群体4,使友军群体2目标造成的攻击伤害提高#effect_01#%（受谋略属性影响），持续#available_round_01#,0,"4,",,S,3,使我军造成的攻击伤害提升,531,攻击伤害提高,0
530281,530281,4,50,5,0,100,100,53028101,4,3,0,0,0,0,主动出物伤+群体5,使友军群体2目标造成的攻击伤害提高#effect_01#%，持续#available_round_01#,0,"4,",,S,3,使我军造成的攻击伤害提升,531,攻击伤害提高,0
530282,530282,4,50,5,0,100,100,53028201,4,3,0,0,0,0,主动出物伤+群体6,使友军群体2目标下#available_hit_01#造成的攻击伤害提高#effect_01#%（受谋略属性影响）,0,"4,",,S,3,使我军造成的攻击伤害提升,531,攻击伤害提高,0
530283,530283,4,50,5,0,100,100,53028301,4,3,0,0,0,0,主动出物伤+群体7,使友军群体2目标下#available_hit_01#造成的攻击伤害提高#effect_01#%,0,"4,",,S,3,使我军造成的攻击伤害提升,531,攻击伤害提高,0
530284,530284,4,50,5,0,100,100,53028401,4,3,0,0,0,0,主动出物伤+群体9,使我军群体2目标下#available_hit_01#造成的攻击伤害提高#effect_01#%（受谋略属性影响）,0,"4,",,S,3,使我军造成的攻击伤害提升,531,攻击伤害提高,0
530285,530285,4,50,5,0,100,100,53028501,4,3,0,0,0,0,主动出物伤+群体10,使我军群体2目标下#available_hit_01#造成的攻击伤害提高#effect_01#%,0,"4,",,S,3,使我军造成的攻击伤害提升,531,攻击伤害提高,0
530286,530286,4,50,5,0,100,100,53028601,4,3,0,0,0,0,主动出物伤+群体12,使我军群体2-3目标造成的攻击伤害提高#effect_01#%（受谋略属性影响），持续#available_round_01#,0,"4,",,S,3,使我军造成的攻击伤害提升,531,攻击伤害提高,0
530287,530287,4,50,5,0,100,100,53028701,4,3,0,0,0,0,主动出物伤+群体13,使我军群体2-3目标造成的攻击伤害提高#effect_01#%，持续#available_round_01#,0,"4,",,S,3,使我军造成的攻击伤害提升,531,攻击伤害提高,0
530288,530288,4,50,5,0,100,100,53028801,4,3,0,0,0,0,主动出物伤+全体1,使我军全体3目标造成的攻击伤害提高#effect_01#%，持续#available_round_01#,0,"4,",,S,3,使我军造成的攻击伤害提升,531,攻击伤害提高,0
530289,530289,4,50,5,0,100,100,53028901,4,3,0,0,0,0,主动出物伤+全体3,使我军全体3目标造成的攻击伤害提高#effect_01#%（受谋略属性影响），持续#available_round_01#,0,"4,",,S,3,使我军造成的攻击伤害提升,531,攻击伤害提高,0
530290,530290,4,50,5,0,100,100,53029001,4,3,0,0,0,0,主动出物伤+全体4,使我军全体3目标下#available_hit_01#造成的攻击伤害提高#effect_01#%,0,"4,",,S,3,使我军造成的攻击伤害提升,531,攻击伤害提高,0
530291,530291,4,50,5,0,100,100,53029101,4,3,0,0,0,0,主动出物伤+全体5,使我军全体3目标下#available_hit_01#造成的攻击伤害提高#effect_01#%（受谋略属性影响）,0,"4,",,S,3,使我军造成的攻击伤害提升,531,攻击伤害提高,0
530292,530292,4,50,5,0,100,100,53029201,4,3,0,0,0,0,主动出谋伤+单体1,使自身造成的策略攻击伤害提高#effect_01#%（受谋略属性影响），持续#available_round_01#,0,"4,",,S,3,使我军造成的策略伤害提升,533,策略攻击伤害提高,0
530293,530293,4,50,5,0,100,100,53029301,4,3,0,0,0,0,主动出谋伤+单体2,使自身造成的策略攻击伤害提高#effect_01#%，持续#available_round_01#,0,"4,",,S,3,使我军造成的策略伤害提升,533,策略攻击伤害提高,0
530294,530294,4,50,5,0,100,100,53029401,4,3,0,0,0,0,主动出谋伤+单体3,使我军大营造成的策略攻击伤害提高#effect_01#%（受谋略属性影响），持续#available_round_01#,0,"4,",,S,3,使我军造成的策略伤害提升,533,策略攻击伤害提高,0
530295,530295,4,50,5,0,100,100,53029501,4,3,0,0,0,0,主动出谋伤+单体4,使我军大营造成的策略攻击伤害提高#effect_01#%，持续#available_round_01#,0,"4,",,S,3,使我军造成的策略伤害提升,533,策略攻击伤害提高,0
530296,530296,4,50,5,0,100,100,53029601,4,3,0,0,0,0,主动出谋伤+单体5,使我军单体造成的策略攻击伤害提高#effect_01#%（受谋略属性影响），持续#available_round_01#,0,"4,",,S,3,使我军造成的策略伤害提升,533,策略攻击伤害提高,0
530297,530297,4,50,5,0,100,100,53029701,4,3,0,0,0,0,主动出谋伤+单体6,使我军单体造成的策略攻击伤害提高#effect_01#%，持续#available_round_01#,0,"4,",,S,3,使我军造成的策略伤害提升,533,策略攻击伤害提高,0
530298,530298,4,50,5,0,100,100,53029801,4,3,0,0,0,0,主动出谋伤+单体7,使友军单体造成的策略攻击伤害提高#effect_01#%（受谋略属性影响），持续#available_round_01#,0,"4,",,S,3,使我军造成的策略伤害提升,533,策略攻击伤害提高,0
530299,530299,4,50,5,0,100,100,53029901,4,3,0,0,0,0,主动出谋伤+单体8,使友军单体造成的策略攻击伤害提高#effect_01#%，持续#available_round_01#,0,"4,",,S,3,使我军造成的策略伤害提升,533,策略攻击伤害提高,0
530300,530300,4,50,5,0,100,100,53030001,4,3,0,0,0,0,主动出谋伤+单体9,使我军谋略最高单体造成的策略攻击伤害提高#effect_01#%（受谋略属性影响），持续#available_round_01#,0,"4,",,S,3,使我军造成的策略伤害提升,533,策略攻击伤害提高,0
530301,530301,4,50,5,0,100,100,53030101,4,3,0,0,0,0,主动出谋伤+单体10,使我军谋略最高单体造成的策略攻击伤害提高#effect_01#%，持续#available_round_01#,0,"4,",,S,3,使我军造成的策略伤害提升,533,策略攻击伤害提高,0
530302,530302,4,50,5,0,100,100,53030201,4,3,0,0,0,0,主动出谋伤+单体11,使自身和友军单体造成的策略攻击伤害提高#effect_01#%（受谋略属性影响），持续#available_round_01#,0,"4,",,S,3,使我军造成的策略伤害提升,533,策略攻击伤害提高,0
530303,530303,4,50,5,0,100,100,53030301,4,3,0,0,0,0,主动出谋伤+单体12,使自身和友军单体造成的策略攻击伤害提高#effect_01#%，持续#available_round_01#,0,"4,",,S,3,使我军造成的策略伤害提升,533,策略攻击伤害提高,0
530304,530304,4,50,5,0,100,100,53030401,4,3,0,0,0,0,主动出谋伤+单体13,使自身和友军单体下#available_hit_01#造成的策略攻击伤害提高#effect_01#%（受谋略属性影响）,0,"4,",,S,3,使我军造成的策略伤害提升,533,策略攻击伤害提高,0
530305,530305,4,50,5,0,100,100,53030501,4,3,0,0,0,0,主动出谋伤+单体14,使自身和友军单体下#available_hit_01#造成的策略攻击伤害提高#effect_01#%,0,"4,",,S,3,使我军造成的策略伤害提升,533,策略攻击伤害提高,0
530306,530306,4,50,5,0,100,100,53030601,4,3,0,0,0,0,主动出谋伤+单体15,使我军单体下#available_hit_01#造成的策略攻击伤害提高#effect_01#%（受谋略属性影响）,0,"4,",,S,3,使我军造成的策略伤害提升,533,策略攻击伤害提高,0
530307,530307,4,50,5,0,100,100,53030701,4,3,0,0,0,0,主动出谋伤+单体16,使友军单体下#available_hit_01#造成的策略攻击伤害提高#effect_01#%（受谋略属性影响）,0,"4,",,S,3,使我军造成的策略伤害提升,533,策略攻击伤害提高,0
530308,530308,4,50,5,0,100,100,53030801,4,3,0,0,0,0,主动出谋伤+单体17,使我军单体下#available_hit_01#造成的策略攻击伤害提高#effect_01#%,0,"4,",,S,3,使我军造成的策略伤害提升,533,策略攻击伤害提高,0
530309,530309,4,50,5,0,100,100,53030901,4,3,0,0,0,0,主动出谋伤+单体18,使友军单体下#available_hit_01#造成的策略攻击伤害提高#effect_01#%,0,"4,",,S,3,使我军造成的策略伤害提升,533,策略攻击伤害提高,0
530310,530310,4,50,5,0,100,100,53031001,4,3,0,0,0,0,主动出谋伤+群体1,使我军群体2目标造成的策略攻击伤害提高#effect_01#%（受谋略属性影响），持续#available_round_01#,0,"4,",,S,3,使我军造成的策略伤害提升,533,策略攻击伤害提高,0
530311,530311,4,50,5,0,100,100,53031101,4,3,0,0,0,0,主动出谋伤+群体2,使我军群体2目标造成的策略攻击伤害提高#effect_01#%，持续#available_round_01#,0,"4,",,S,3,使我军造成的策略伤害提升,533,策略攻击伤害提高,0
530312,530312,4,50,5,0,100,100,53031201,4,3,0,0,0,0,主动出谋伤+群体3,使友军群体2目标造成的策略攻击伤害提高#effect_01#%（受谋略属性影响），持续#available_round_01#,0,"4,",,S,3,使我军造成的策略伤害提升,533,策略攻击伤害提高,0
530313,530313,4,50,5,0,100,100,53031301,4,3,0,0,0,0,主动出谋伤+群体4,使友军群体2目标造成的策略攻击伤害提高#effect_01#%，持续#available_round_01#,0,"4,",,S,3,使我军造成的策略伤害提升,533,策略攻击伤害提高,0
530314,530314,4,50,5,0,100,100,53031401,4,3,0,0,0,0,主动出谋伤+群体5,使友军群体2目标下#available_hit_01#造成的策略攻击伤害提高#effect_01#%（受谋略属性影响）,0,"4,",,S,3,使我军造成的策略伤害提升,533,策略攻击伤害提高,0
530315,530315,4,50,5,0,100,100,53031501,4,3,0,0,0,0,主动出谋伤+群体6,使友军群体2目标下#available_hit_01#造成的策略攻击伤害提高#effect_01#%,0,"4,",,S,3,使我军造成的策略伤害提升,533,策略攻击伤害提高,0
530316,530316,4,50,5,0,100,100,53031601,4,3,0,0,0,0,主动出谋伤+群体7,使我军群体2目标下#available_hit_01#造成的策略攻击伤害提高#effect_01#%（受谋略属性影响）,0,"4,",,S,3,使我军造成的策略伤害提升,533,策略攻击伤害提高,0
530317,530317,4,50,5,0,100,100,53031701,4,3,0,0,0,0,主动出谋伤+群体8,使我军群体2目标下#available_hit_01#造成的策略攻击伤害提高#effect_01#%,0,"4,",,S,3,使我军造成的策略伤害提升,533,策略攻击伤害提高,0
530318,530318,4,50,5,0,100,100,53031801,4,3,0,0,0,0,主动出谋伤+群体9,使我军群体2-3目标造成的策略攻击伤害提高#effect_01#%（受谋略属性影响），持续#available_round_01#,0,"4,",,S,3,使我军造成的策略伤害提升,533,策略攻击伤害提高,0
530319,530319,4,50,5,0,100,100,53031901,4,3,0,0,0,0,主动出谋伤+群体10,使我军群体2-3目标造成的策略攻击伤害提高#effect_01#%，持续#available_round_01#,0,"4,",,S,3,使我军造成的策略伤害提升,533,策略攻击伤害提高,0
530320,530320,4,50,5,0,100,100,53032001,4,3,0,0,0,0,主动出谋伤+全体3,使我军全体3目标造成的策略攻击伤害提高#effect_01#%（受谋略属性影响），持续#available_round_01#,0,"4,",,S,3,使我军造成的策略伤害提升,533,策略攻击伤害提高,0
530321,530321,4,50,5,0,100,100,53032101,4,3,0,0,0,0,主动出谋伤+全体4,使我军全体3目标造成的策略攻击伤害提高#effect_01#%，持续#available_round_01#,0,"4,",,S,3,使我军造成的策略伤害提升,533,策略攻击伤害提高,0
530322,530322,4,50,5,0,100,100,53032201,4,3,0,0,0,0,主动出谋伤+全体5,使我军全体3目标下#available_hit_01#造成的策略攻击伤害提高#effect_01#%（受谋略属性影响）,0,"4,",,S,3,使我军造成的策略伤害提升,533,策略攻击伤害提高,0
530323,530323,4,50,5,0,100,100,53032301,4,3,0,0,0,0,主动出谋伤+全体6,使我军全体3目标下#available_hit_01#造成的策略攻击伤害提高#effect_01#%,0,"4,",,S,3,使我军造成的策略伤害提升,533,策略攻击伤害提高,0
530324,530324,4,50,5,0,100,100,53032401,4,3,0,0,0,0,主动出物伤-单体1,使敌军单体造成的攻击伤害降低#effect_01#%（受谋略属性影响），持续#available_round_01#,0,"4,",,S,3,使敌军造成的攻击伤害降低,532,攻击伤害降低,0
530325,530325,4,50,5,0,100,100,53032501,4,3,0,0,0,0,主动出物伤-单体2,使敌军单体造成的攻击伤害降低#effect_01#%，持续#available_round_01#,0,"4,",,S,3,使敌军造成的攻击伤害降低,532,攻击伤害降低,0
530326,530326,4,50,5,0,100,100,53032601,4,3,0,0,0,0,主动出物伤-单体3,使敌军大营造成的攻击伤害降低#effect_01#%（受谋略属性影响），持续#available_round_01#,0,"4,",,S,3,使敌军造成的攻击伤害降低,532,攻击伤害降低,0
530327,530327,4,50,5,0,100,100,53032701,4,3,0,0,0,0,主动出物伤-单体4,使敌军大营造成的攻击伤害降低#effect_01#%，持续#available_round_01#,0,"4,",,S,3,使敌军造成的攻击伤害降低,532,攻击伤害降低,0
530328,530328,4,50,5,0,100,100,53032801,4,3,0,0,0,0,主动出物伤-单体5,使敌军兵力最多单体造成的攻击伤害降低#effect_01#%（受谋略属性影响），持续#available_round_01#,0,"4,",,S,3,使敌军造成的攻击伤害降低,532,攻击伤害降低,0
530329,530329,4,50,5,0,100,100,53032901,4,3,0,0,0,0,主动出物伤-单体6,使敌军兵力最多单体造成的攻击伤害降低#effect_01#%，持续#available_round_01#,0,"4,",,S,3,使敌军造成的攻击伤害降低,532,攻击伤害降低,0
530330,530330,4,50,5,0,100,100,53033001,4,3,0,0,0,0,主动出物伤-单体7,使敌军攻击最高单体造成的攻击伤害降低#effect_01#%（受谋略属性影响），持续#available_round_01#,0,"4,",,S,3,使敌军造成的攻击伤害降低,532,攻击伤害降低,0
530331,530331,4,50,5,0,100,100,53033101,4,3,0,0,0,0,主动出物伤-单体8,使敌军攻击最高单体造成的攻击伤害降低#effect_01#%，持续#available_round_01#,0,"4,",,S,3,使敌军造成的攻击伤害降低,532,攻击伤害降低,0
530332,530332,4,50,5,0,100,100,53033201,4,3,0,0,0,0,主动出物伤-单体9,使敌军单体造成的攻击伤害大幅度降低，持续#available_round_01#,0,"4,",,S,3,使敌军造成的攻击伤害降低,532,攻击伤害降低,0
530333,530333,4,50,5,0,100,100,53033301,4,3,0,0,0,0,主动出物伤-单体10,使敌军大营造成的攻击伤害大幅度降低，持续#available_round_01#,0,"4,",,S,3,使敌军造成的攻击伤害降低,532,攻击伤害降低,0
530334,530334,4,50,5,0,100,100,53033401,4,3,0,0,0,0,主动出物伤-单体11,使敌军兵力最多单体造成的攻击伤害大幅度降低，持续#available_round_01#,0,"4,",,S,3,使敌军造成的攻击伤害降低,532,攻击伤害降低,0
530335,530335,4,50,5,0,100,100,53033501,4,3,0,0,0,0,主动出物伤-单体12,使敌军攻击最高单体造成的攻击伤害大幅度降低，持续#available_round_01#,0,"4,",,S,3,使敌军造成的攻击伤害降低,532,攻击伤害降低,0
530336,530336,4,50,5,0,100,100,53033601,4,3,0,0,0,0,主动出物伤-单体13,使敌军单体下#available_hit_01#造成的攻击伤害降低#effect_01#%,0,"4,",,S,3,使敌军造成的攻击伤害降低,532,攻击伤害降低,0
530337,530337,4,50,5,0,100,100,53033701,4,3,0,0,0,0,主动出物伤-群体1,使敌军群体2目标造成的攻击伤害降低#effect_01#%（受谋略属性影响），持续#available_round_01#,0,"4,",,S,3,使敌军造成的攻击伤害降低,532,攻击伤害降低,0
530338,530338,4,50,5,0,100,100,53033801,4,3,0,0,0,0,主动出物伤-群体2,使敌军群体2目标造成的攻击伤害降低#effect_01#%，持续#available_round_01#,0,"4,",,S,3,使敌军造成的攻击伤害降低,532,攻击伤害降低,0
530339,530339,4,50,5,0,100,100,53033901,4,3,0,0,0,0,主动出物伤-群体3,使敌军群体2目标下#available_hit_01#造成的攻击伤害降低#effect_01#%（受谋略属性影响）,0,"4,",,S,3,使敌军造成的攻击伤害降低,532,攻击伤害降低,0
530340,530340,4,50,5,0,100,100,53034001,4,3,0,0,0,0,主动出物伤-群体4,使敌军群体2目标下#available_hit_01#造成的攻击伤害大幅降低,0,"4,",,S,3,使敌军造成的攻击伤害降低,532,攻击伤害降低,0
530341,530341,4,50,5,0,100,100,53034101,4,3,0,0,0,0,主动出物伤-群体5,使敌军群体2目标造成的攻击伤害大幅度降低，持续#available_round_01#,0,"4,",,S,3,使敌军造成的攻击伤害降低,532,攻击伤害降低,0
530342,530342,4,50,5,0,100,100,53034201,4,3,0,0,0,0,主动出物伤-群体9,使敌军群体2-3目标造成的攻击伤害降低#effect_01#%（受谋略属性影响），持续#available_round_01#,0,"4,",,S,3,使敌军造成的攻击伤害降低,532,攻击伤害降低,0
530343,530343,4,50,5,0,100,100,53034301,4,3,0,0,0,0,主动出物伤-群体10,使敌军群体2-3目标造成的攻击伤害降低#effect_01#%，持续#available_round_01#,0,"4,",,S,3,使敌军造成的攻击伤害降低,532,攻击伤害降低,0
530344,530344,4,50,5,0,100,100,53034401,4,3,0,0,0,0,主动出物伤-群体11,使敌军群体2-3目标下#available_hit_01#造成的攻击伤害降低#effect_01#%（受谋略属性影响）,0,"4,",,S,3,使敌军造成的攻击伤害降低,532,攻击伤害降低,0
530345,530345,4,50,5,0,100,100,53034501,4,3,0,0,0,0,主动出物伤-群体12,使敌军群体2-3目标下#available_hit_01#造成的攻击伤害大幅降低,0,"4,",,S,3,使敌军造成的攻击伤害降低,532,攻击伤害降低,0
530346,530346,4,50,5,0,100,100,53034601,4,3,0,0,0,0,主动出物伤-全体1,使敌军全体3目标造成的攻击伤害降低#effect_01#%（受谋略属性影响），持续#available_round_01#,0,"4,",,S,3,使敌军造成的攻击伤害降低,532,攻击伤害降低,0
530347,530347,4,50,5,0,100,100,53034701,4,3,0,0,0,0,主动出物伤-全体2,使敌军全体3目标造成的攻击伤害降低#effect_01#%，持续#available_round_01#,0,"4,",,S,3,使敌军造成的攻击伤害降低,532,攻击伤害降低,0
530348,530348,4,50,5,0,100,100,53034801,4,3,0,0,0,0,主动出物伤-全体3,使敌军全体3目标下#available_hit_01#造成的攻击伤害降低#effect_01#%（受谋略属性影响）,0,"4,",,S,3,使敌军造成的攻击伤害降低,532,攻击伤害降低,0
530349,530349,4,50,5,0,100,100,53034901,4,3,0,0,0,0,主动出物伤-全体4,使敌军全体3目标下#available_hit_01#造成的攻击伤害大幅降低,0,"4,",,S,3,使敌军造成的攻击伤害降低,532,攻击伤害降低,0
530350,530350,4,50,5,0,100,100,53035001,4,3,0,0,0,0,主动出物伤-全体5,使敌军全体3目标造成的攻击伤害大幅度降低，持续#available_round_01#,0,"4,",,S,3,使敌军造成的攻击伤害降低,532,攻击伤害降低,0
530351,530351,4,50,5,0,100,100,53035101,4,3,0,0,0,0,主动出谋伤-单体1,使敌军单体造成的策略攻击伤害降低#effect_01#%（受谋略属性影响），持续#available_round_01#,0,"4,",,S,3,使敌军造成的策略伤害降低,534,策略攻击伤害降低,0
530352,530352,4,50,5,0,100,100,53035201,4,3,0,0,0,0,主动出谋伤-单体2,使敌军单体造成的策略攻击伤害降低#effect_01#%，持续#available_round_01#,0,"4,",,S,3,使敌军造成的策略伤害降低,534,策略攻击伤害降低,0
530353,530353,4,50,5,0,100,100,53035301,4,3,0,0,0,0,主动出谋伤-单体3,使敌军大营造成的策略攻击伤害降低#effect_01#%（受谋略属性影响），持续#available_round_01#,0,"4,",,S,3,使敌军造成的策略伤害降低,534,策略攻击伤害降低,0
530354,530354,4,50,5,0,100,100,53035401,4,3,0,0,0,0,主动出谋伤-单体4,使敌军大营造成的策略攻击伤害降低#effect_01#%，持续#available_round_01#,0,"4,",,S,3,使敌军造成的策略伤害降低,534,策略攻击伤害降低,0
530355,530355,4,50,5,0,100,100,53035501,4,3,0,0,0,0,主动出谋伤-单体5,使敌军兵力最多单体造成的策略攻击伤害降低#effect_01#%（受谋略属性影响），持续#available_round_01#,0,"4,",,S,3,使敌军造成的策略伤害降低,534,策略攻击伤害降低,0
530356,530356,4,50,5,0,100,100,53035601,4,3,0,0,0,0,主动出谋伤-单体6,使敌军兵力最多单体造成的策略攻击伤害降低#effect_01#%，持续#available_round_01#,0,"4,",,S,3,使敌军造成的策略伤害降低,534,策略攻击伤害降低,0
530357,530357,4,50,5,0,100,100,53035701,4,3,0,0,0,0,主动出谋伤-单体7,使敌军谋略最高单体造成的策略攻击伤害降低#effect_01#%（受谋略属性影响），持续#available_round_01#,0,"4,",,S,3,使敌军造成的策略伤害降低,534,策略攻击伤害降低,0
530358,530358,4,50,5,0,100,100,53035801,4,3,0,0,0,0,主动出谋伤-单体8,使敌军谋略最高单体造成的策略攻击伤害降低#effect_01#%，持续#available_round_01#,0,"4,",,S,3,使敌军造成的策略伤害降低,534,策略攻击伤害降低,0
530359,530359,4,50,5,0,100,100,53035901,4,3,0,0,0,0,主动出谋伤-单体9,使敌军单体造成的策略攻击伤害大幅度降低，持续#available_round_01#,0,"4,",,S,3,使敌军造成的策略伤害降低,534,策略攻击伤害降低,0
530360,530360,4,50,5,0,100,100,53036001,4,3,0,0,0,0,主动出谋伤-单体10,使敌军大营造成的策略攻击伤害大幅度降低，持续#available_round_01#,0,"4,",,S,3,使敌军造成的策略伤害降低,534,策略攻击伤害降低,0
530361,530361,4,50,5,0,100,100,53036101,4,3,0,0,0,0,主动出谋伤-单体11,使敌军兵力最多单体造成的策略攻击伤害大幅度降低，持续#available_round_01#,0,"4,",,S,3,使敌军造成的策略伤害降低,534,策略攻击伤害降低,0
530362,530362,4,50,5,0,100,100,53036201,4,3,0,0,0,0,主动出谋伤-单体12,使敌军谋略最高单体造成的策略攻击伤害大幅度降低，持续#available_round_01#,0,"4,",,S,3,使敌军造成的策略伤害降低,534,策略攻击伤害降低,0
530363,530363,4,50,5,0,100,100,53036301,4,3,0,0,0,0,主动出谋伤-单体13,使敌军单体下#available_hit_01#造成的策略攻击伤害降低#effect_01#%,0,"4,",,S,3,使敌军造成的策略伤害降低,534,策略攻击伤害降低,0
530364,530364,4,50,5,0,100,100,53036401,4,3,0,0,0,0,主动出谋伤-群体1,使敌军群体2目标造成的策略攻击伤害降低#effect_01#%（受谋略属性影响），持续#available_round_01#,0,"4,",,S,3,使敌军造成的策略伤害降低,534,策略攻击伤害降低,0
530365,530365,4,50,5,0,100,100,53036501,4,3,0,0,0,0,主动出谋伤-群体2,使敌军群体2目标造成的策略攻击伤害降低#effect_01#%，持续#available_round_01#,0,"4,",,S,3,使敌军造成的策略伤害降低,534,策略攻击伤害降低,0
530366,530366,4,50,5,0,100,100,53036601,4,3,0,0,0,0,主动出谋伤-群体3,使敌军群体2目标下#available_hit_01#造成的策略攻击伤害降低#effect_01#%（受谋略属性影响）,0,"4,",,S,3,使敌军造成的策略伤害降低,534,策略攻击伤害降低,0
530367,530367,4,50,5,0,100,100,53036701,4,3,0,0,0,0,主动出谋伤-群体4,使敌军群体2目标下#available_hit_01#造成的策略攻击伤害大幅降低,0,"4,",,S,3,使敌军造成的策略伤害降低,534,策略攻击伤害降低,0
530368,530368,4,50,5,0,100,100,53036801,4,3,0,0,0,0,主动出谋伤-群体5,使敌军群体2目标造成的策略攻击伤害大幅度降低，持续#available_round_01#,0,"4,",,S,3,使敌军造成的策略伤害降低,534,策略攻击伤害降低,0
530369,530369,4,50,5,0,100,100,53036901,4,3,0,0,0,0,主动出谋伤-群体9,使敌军群体2-3目标造成的策略攻击伤害降低#effect_01#%（受谋略属性影响），持续#available_round_01#,0,"4,",,S,3,使敌军造成的策略伤害降低,534,策略攻击伤害降低,0
530370,530370,4,50,5,0,100,100,53037001,4,3,0,0,0,0,主动出谋伤-群体10,使敌军群体2-3目标造成的策略攻击伤害降低#effect_01#%，持续#available_round_01#,0,"4,",,S,3,使敌军造成的策略伤害降低,534,策略攻击伤害降低,0
530371,530371,4,50,5,0,100,100,53037101,4,3,0,0,0,0,主动出谋伤-群体11,使敌军群体2-3目标下#available_hit_01#造成的策略攻击伤害降低#effect_01#%（受谋略属性影响）,0,"4,",,S,3,使敌军造成的策略伤害降低,534,策略攻击伤害降低,0
530372,530372,4,50,5,0,100,100,53037201,4,3,0,0,0,0,主动出谋伤-群体12,使敌军群体2-3目标下#available_hit_01#造成的策略攻击伤害大幅降低,0,"4,",,S,3,使敌军造成的策略伤害降低,534,策略攻击伤害降低,0
530373,530373,4,50,5,0,100,100,53037301,4,3,0,0,0,0,主动出谋伤-全体1,使敌军全体3目标造成的策略攻击伤害降低#effect_01#%（受谋略属性影响），持续#available_round_01#,0,"4,",,S,3,使敌军造成的策略伤害降低,534,策略攻击伤害降低,0
530374,530374,4,50,5,0,100,100,53037401,4,3,0,0,0,0,主动出谋伤-全体2,使敌军全体3目标造成的策略攻击伤害降低#effect_01#%，持续#available_round_01#,0,"4,",,S,3,使敌军造成的策略伤害降低,534,策略攻击伤害降低,0
530375,530375,4,50,5,0,100,100,53037501,4,3,0,0,0,0,主动出谋伤-全体3,使敌军全体3目标下#available_hit_01#造成的策略攻击伤害降低#effect_01#%（受谋略属性影响）,0,"4,",,S,3,使敌军造成的策略伤害降低,534,策略攻击伤害降低,0
530376,530376,4,50,5,0,100,100,53037601,4,3,0,0,0,0,主动出谋伤-全体4,使敌军全体3目标下#available_hit_01#造成的策略攻击伤害大幅降低,0,"4,",,S,3,使敌军造成的策略伤害降低,534,策略攻击伤害降低,0
530377,530377,4,50,5,0,100,100,53037701,4,3,0,0,0,0,主动出谋伤-全体5,使敌军全体3目标造成的策略攻击伤害大幅度降低，持续#available_round_01#,0,"4,",,S,3,使敌军造成的策略伤害降低,534,策略攻击伤害降低,0
530378,530378,4,50,5,0,100,100,53037801,4,3,0,0,0,0,主动受物伤-单体2,使自身受到攻击伤害下降#effect_01#%，持续#available_round_01#,0,"4,",,S,3,使我军受到攻击伤害降低,522,受到攻击伤害降低,0
530379,530379,4,50,5,0,100,100,53037901,4,3,0,0,0,0,主动受物伤-单体3,使我军前锋受到攻击伤害下降#effect_01#%（受谋略属性影响），持续#available_round_01#,0,"4,",,S,3,使我军受到攻击伤害降低,522,受到攻击伤害降低,0
530380,530380,4,50,5,0,100,100,53038001,4,3,0,0,0,0,主动受物伤-单体4,使我军前锋受到攻击伤害下降#effect_01#%，持续#available_round_01#,0,"4,",,S,3,使我军受到攻击伤害降低,522,受到攻击伤害降低,0
530381,530381,4,50,5,0,100,100,53038101,4,3,0,0,0,0,主动受物伤-单体5,使我军单体受到攻击伤害下降#effect_01#%，持续#available_round_01#,0,"4,",,S,3,使我军受到攻击伤害降低,522,受到攻击伤害降低,0
530382,530382,4,50,5,0,100,100,53038201,4,3,0,0,0,0,主动受物伤-单体6,使我军单体受到攻击伤害下降#effect_01#%（受谋略属性影响），持续#available_round_01#,0,"4,",,S,3,使我军受到攻击伤害降低,522,受到攻击伤害降低,0
530383,530383,4,50,5,0,100,100,53038301,4,3,0,0,0,0,主动受物伤-单体7,使友军单体受到攻击伤害下降#effect_01#%，持续#available_round_01#,0,"4,",,S,3,使我军受到攻击伤害降低,522,受到攻击伤害降低,0
530384,530384,4,50,5,0,100,100,53038401,4,3,0,0,0,0,主动受物伤-单体8,使友军单体受到攻击伤害下降#effect_01#%（受谋略属性影响），持续#available_round_01#,0,"4,",,S,3,使我军受到攻击伤害降低,522,受到攻击伤害降低,0
530385,530385,4,50,5,0,100,100,53038501,4,3,0,0,0,0,主动受物伤-单体10,使自身和友军单体受到攻击伤害下降#effect_01#%（受谋略属性影响），持续#available_round_01#,0,"4,",,S,3,使我军受到攻击伤害降低,522,受到攻击伤害降低,0
530386,530386,4,50,5,0,100,100,53038601,4,3,0,0,0,0,主动受物伤-单体11,使自身和友军单体受到攻击伤害下降#effect_01#%，持续#available_round_01#,0,"4,",,S,3,使我军受到攻击伤害降低,522,受到攻击伤害降低,0
530387,530387,4,50,5,0,100,100,53038701,4,3,0,0,0,0,主动受物伤-群体2,使我军群体2目标受到攻击伤害下降#effect_01#%（受谋略属性影响），持续#available_round_01#,0,"4,",,S,3,使我军受到攻击伤害降低,522,受到攻击伤害降低,0
530388,530388,4,50,5,0,100,100,53038801,4,3,0,0,0,0,主动受物伤-群体3,使我军群体2目标受到攻击伤害下降#effect_01#%，持续#available_round_01#,0,"4,",,S,3,使我军受到攻击伤害降低,522,受到攻击伤害降低,0
530389,530389,4,50,5,0,100,100,53038901,4,3,0,0,0,0,主动受物伤-群体4,使友军群体2目标受到攻击伤害下降#effect_01#%（受谋略属性影响），持续#available_round_01#,0,"4,",,S,3,使我军受到攻击伤害降低,522,受到攻击伤害降低,0
530390,530390,4,50,5,0,100,100,53039001,4,3,0,0,0,0,主动受物伤-群体5,使友军群体2目标受到攻击伤害下降#effect_01#%，持续#available_round_01#,0,"4,",,S,3,使我军受到攻击伤害降低,522,受到攻击伤害降低,0
530391,530391,4,50,5,0,100,100,53039101,4,3,0,0,0,0,主动受物伤-群体7,使我军群体2-3目标受到攻击伤害下降#effect_01#%（受谋略属性影响），持续#available_round_01#,0,"4,",,S,3,使我军受到攻击伤害降低,522,受到攻击伤害降低,0
530392,530392,4,50,5,0,100,100,53039201,4,3,0,0,0,0,主动受物伤-群体8,使我军群体2-3目标受到攻击伤害下降#effect_01#%，持续#available_round_01#,0,"4,",,S,3,使我军受到攻击伤害降低,522,受到攻击伤害降低,0
530393,530393,4,50,5,0,100,100,53039301,4,3,0,0,0,0,主动受物伤-全体1,使我军全体3目标受到攻击伤害下降#effect_01#%，持续#available_round_01#,0,"4,",,S,3,使我军受到攻击伤害降低,522,受到攻击伤害降低,0
530394,530394,4,50,5,0,100,100,53039401,4,3,0,0,0,0,主动受物伤-全体3,使我军全体3目标受到攻击伤害下降#effect_01#%（受谋略属性影响），持续#available_round_01#,0,"4,",,S,3,使我军受到攻击伤害降低,522,受到攻击伤害降低,0
530395,530395,4,50,5,0,100,100,53039501,4,3,0,0,0,0,主动受谋伤-单体1,使自身受到策略攻击伤害下降#effect_01#%（受谋略属性影响），持续#available_round_01#,0,"4,",,S,3,使我军受到策略伤害降低,524,受到策略攻击伤害降低,0
530396,530396,4,50,5,0,100,100,53039601,4,3,0,0,0,0,主动受谋伤-单体2,使自身受到策略攻击伤害下降#effect_01#%，持续#available_round_01#,0,"4,",,S,3,使我军受到策略伤害降低,524,受到策略攻击伤害降低,0
530397,530397,4,50,5,0,100,100,53039701,4,3,0,0,0,0,主动受谋伤-单体5,使我军单体受到策略攻击伤害下降#effect_01#%，持续#available_round_01#,0,"4,",,S,3,使我军受到策略伤害降低,524,受到策略攻击伤害降低,0
530398,530398,4,50,5,0,100,100,53039801,4,3,0,0,0,0,主动受谋伤-单体6,使我军单体受到策略攻击伤害下降#effect_01#%（受谋略属性影响），持续#available_round_01#,0,"4,",,S,3,使我军受到策略伤害降低,524,受到策略攻击伤害降低,0
530399,530399,4,50,5,0,100,100,53039901,4,3,0,0,0,0,主动受谋伤-单体7,使友军单体受到策略攻击伤害下降#effect_01#%，持续#available_round_01#,0,"4,",,S,3,使我军受到策略伤害降低,524,受到策略攻击伤害降低,0
530400,530400,4,50,5,0,100,100,53040001,4,3,0,0,0,0,主动受谋伤-单体8,使友军单体受到策略攻击伤害下降#effect_01#%（受谋略属性影响），持续#available_round_01#,0,"4,",,S,3,使我军受到策略伤害降低,524,受到策略攻击伤害降低,0
530401,530401,4,50,5,0,100,100,53040101,4,3,0,0,0,0,主动受谋伤-单体10,使自身和友军单体受到策略攻击伤害下降#effect_01#%（受谋略属性影响），持续#available_round_01#,0,"4,",,S,3,使我军受到策略伤害降低,524,受到策略攻击伤害降低,0
530402,530402,4,50,5,0,100,100,53040201,4,3,0,0,0,0,主动受谋伤-单体11,使自身和友军单体受到策略攻击伤害下降#effect_01#%，持续#available_round_01#,0,"4,",,S,3,使我军受到策略伤害降低,524,受到策略攻击伤害降低,0
530403,530403,4,50,5,0,100,100,53040301,4,3,0,0,0,0,主动受谋伤-群体2,使我军群体2目标受到策略攻击伤害下降#effect_01#%（受谋略属性影响），持续#available_round_01#,0,"4,",,S,3,使我军受到策略伤害降低,524,受到策略攻击伤害降低,0
530404,530404,4,50,5,0,100,100,53040401,4,3,0,0,0,0,主动受谋伤-群体3,使我军群体2目标受到策略攻击伤害下降#effect_01#%，持续#available_round_01#,0,"4,",,S,3,使我军受到策略伤害降低,524,受到策略攻击伤害降低,0
530405,530405,4,50,5,0,100,100,53040501,4,3,0,0,0,0,主动受谋伤-群体4,使友军群体2目标受到策略攻击伤害下降#effect_01#%（受谋略属性影响），持续#available_round_01#,0,"4,",,S,3,使我军受到策略伤害降低,524,受到策略攻击伤害降低,0
530406,530406,4,50,5,0,100,100,53040601,4,3,0,0,0,0,主动受谋伤-群体5,使友军群体2目标受到策略攻击伤害下降#effect_01#%，持续#available_round_01#,0,"4,",,S,3,使我军受到策略伤害降低,524,受到策略攻击伤害降低,0
530407,530407,4,50,5,0,100,100,53040701,4,3,0,0,0,0,主动受谋伤-群体7,使我军群体2-3目标受到策略攻击伤害下降#effect_01#%（受谋略属性影响），持续#available_round_01#,0,"4,",,S,3,使我军受到策略伤害降低,524,受到策略攻击伤害降低,0
530408,530408,4,50,5,0,100,100,53040801,4,3,0,0,0,0,主动受谋伤-群体8,使我军群体2-3目标受到策略攻击伤害下降#effect_01#%，持续#available_round_01#,0,"4,",,S,3,使我军受到策略伤害降低,524,受到策略攻击伤害降低,0
530409,530409,4,50,5,0,100,100,53040901,4,3,0,0,0,0,主动受谋伤-全体1,使我军全体3目标受到策略攻击伤害下降#effect_01#%，持续#available_round_01#,0,"4,",,S,3,使我军受到策略伤害降低,524,受到策略攻击伤害降低,0
530410,530410,4,50,5,0,100,100,53041001,4,3,0,0,0,0,主动受谋伤-全体3,使我军全体3目标受到策略攻击伤害下降#effect_01#%（受谋略属性影响），持续#available_round_01#,0,"4,",,S,3,使我军受到策略伤害降低,524,受到策略攻击伤害降低,0
530411,530411,4,50,5,0,100,100,53041101,4,3,0,0,0,0,主动受物伤+单体1,使敌军单体受到的攻击伤害提高#effect_01#%（受谋略属性影响），持续#available_round_01#,0,"4,",,S,3,使敌军受到攻击伤害提升,521,受到攻击伤害提高,0
530412,530412,4,50,5,0,100,100,53041201,4,3,0,0,0,0,主动受物伤+单体2,使敌军单体受到的攻击伤害提高#effect_01#%，持续#available_round_01#,0,"4,",,S,3,使敌军受到攻击伤害提升,521,受到攻击伤害提高,0
530413,530413,4,50,5,0,100,100,53041301,4,3,0,0,0,0,主动受物伤+单体3,使敌军大营受到的攻击伤害提高#effect_01#%（受谋略属性影响），持续#available_round_01#,0,"4,",,S,3,使敌军受到攻击伤害提升,521,受到攻击伤害提高,0
530414,530414,4,50,5,0,100,100,53041401,4,3,0,0,0,0,主动受物伤+单体4,使敌军大营受到的攻击伤害提高#effect_01#%，持续#available_round_01#,0,"4,",,S,3,使敌军受到攻击伤害提升,521,受到攻击伤害提高,0
530415,530415,4,50,5,0,100,100,53041501,4,3,0,0,0,0,主动受物伤+单体7,使敌军防御最低单体受到的攻击伤害提高#effect_01#%（受谋略属性影响），持续#available_round_01#,0,"4,",,S,3,使敌军受到攻击伤害提升,521,受到攻击伤害提高,0
530416,530416,4,50,5,0,100,100,53041601,4,3,0,0,0,0,主动受物伤+单体8,使敌军防御最低单体受到的攻击伤害提高#effect_01#%，持续#available_round_01#,0,"4,",,S,3,使敌军受到攻击伤害提升,521,受到攻击伤害提高,0
530417,530417,4,50,5,0,100,100,53041701,4,3,0,0,0,0,主动受物伤+单体9,使敌军单体下#available_hit_01#受到的攻击伤害提高#effect_01#%（受谋略属性影响）,0,"4,",,S,3,使敌军受到攻击伤害提升,521,受到攻击伤害提高,0
530418,530418,4,50,5,0,100,100,53041801,4,3,0,0,0,0,主动受物伤+群体1,使敌军群体2目标受到的攻击伤害提高#effect_01#%（受谋略属性影响），持续#available_round_01#,0,"4,",,S,3,使敌军受到攻击伤害提升,521,受到攻击伤害提高,0
530419,530419,4,50,5,0,100,100,53041901,4,3,0,0,0,0,主动受物伤+群体2,使敌军群体2目标受到的攻击伤害提高#effect_01#%，持续#available_round_01#,0,"4,",,S,3,使敌军受到攻击伤害提升,521,受到攻击伤害提高,0
530420,530420,4,50,5,0,100,100,53042001,4,3,0,0,0,0,主动受物伤+群体3,使敌军群体2目标下#available_hit_01#受到的攻击伤害提高#effect_01#%（受谋略属性影响）,0,"4,",,S,3,使敌军受到攻击伤害提升,521,受到攻击伤害提高,0
530421,530421,4,50,5,0,100,100,53042101,4,3,0,0,0,0,主动受物伤+群体4,使敌军群体2目标下#available_hit_01#受到的攻击伤害提高#effect_01#%,0,"4,",,S,3,使敌军受到攻击伤害提升,521,受到攻击伤害提高,0
530422,530422,4,50,5,0,100,100,53042201,4,3,0,0,0,0,主动受物伤+群体8,使敌军群体2-3目标受到的攻击伤害提高#effect_01#%（受谋略属性影响），持续#available_round_01#,0,"4,",,S,3,使敌军受到攻击伤害提升,521,受到攻击伤害提高,0
530423,530423,4,50,5,0,100,100,53042301,4,3,0,0,0,0,主动受物伤+群体9,使敌军群体2-3目标受到的攻击伤害提高#effect_01#%，持续#available_round_01#,0,"4,",,S,3,使敌军受到攻击伤害提升,521,受到攻击伤害提高,0
530424,530424,4,50,5,0,100,100,53042401,4,3,0,0,0,0,主动受物伤+群体10,使敌军群体2-3目标下#available_hit_01#受到的攻击伤害提高#effect_01#%（受谋略属性影响）,0,"4,",,S,3,使敌军受到攻击伤害提升,521,受到攻击伤害提高,0
530425,530425,4,50,5,0,100,100,53042501,4,3,0,0,0,0,主动受物伤+群体11,使敌军群体2-3目标下#available_hit_01#受到的攻击伤害提高#effect_01#%,0,"4,",,S,3,使敌军受到攻击伤害提升,521,受到攻击伤害提高,0
530426,530426,4,50,5,0,100,100,53042601,4,3,0,0,0,0,主动受物伤+全体1,使敌军全体3目标受到的攻击伤害提高#effect_01#%（受谋略属性影响），持续#available_round_01#,0,"4,",,S,3,使敌军受到攻击伤害提升,521,受到攻击伤害提高,0
530427,530427,4,50,5,0,100,100,53042701,4,3,0,0,0,0,主动受物伤+全体2,使敌军全体3目标受到的攻击伤害提高#effect_01#%，持续#available_round_01#,0,"4,",,S,3,使敌军受到攻击伤害提升,521,受到攻击伤害提高,0
530428,530428,4,50,5,0,100,100,53042801,4,3,0,0,0,0,主动受物伤+全体3,使敌军全体3目标下#available_hit_01#受到的攻击伤害提高#effect_01#%（受谋略属性影响）,0,"4,",,S,3,使敌军受到攻击伤害提升,521,受到攻击伤害提高,0
530429,530429,4,50,5,0,100,100,53042901,4,3,0,0,0,0,主动受物伤+全体4,使敌军全体3目标下#available_hit_01#受到的攻击伤害提高#effect_01#%,0,"4,",,S,3,使敌军受到攻击伤害提升,521,受到攻击伤害提高,0
530430,530430,4,50,5,0,100,100,53043001,4,3,0,0,0,0,主动受谋伤+单体1,使敌军单体受到的策略攻击伤害提高#effect_01#%（受谋略属性影响），持续#available_round_01#,0,"4,",,S,3,使敌军受到策略伤害提升,523,受到策略攻击伤害提高,0
530431,530431,4,50,5,0,100,100,53043101,4,3,0,0,0,0,主动受谋伤+单体2,使敌军单体受到的策略攻击伤害提高#effect_01#%，持续#available_round_01#,0,"4,",,S,3,使敌军受到策略伤害提升,523,受到策略攻击伤害提高,0
530432,530432,4,50,5,0,100,100,53043201,4,3,0,0,0,0,主动受谋伤+单体3,使敌军大营受到的策略攻击伤害提高#effect_01#%（受谋略属性影响），持续#available_round_01#,0,"4,",,S,3,使敌军受到策略伤害提升,523,受到策略攻击伤害提高,0
530433,530433,4,50,5,0,100,100,53043301,4,3,0,0,0,0,主动受谋伤+单体4,使敌军大营受到的策略攻击伤害提高#effect_01#%，持续#available_round_01#,0,"4,",,S,3,使敌军受到策略伤害提升,523,受到策略攻击伤害提高,0
530434,530434,4,50,5,0,100,100,53043401,4,3,0,0,0,0,主动受谋伤+单体7,使敌军谋略最低单体受到的策略攻击伤害提高#effect_01#%（受谋略属性影响），持续#available_round_01#,0,"4,",,S,3,使敌军受到策略伤害提升,523,受到策略攻击伤害提高,0
530435,530435,4,50,5,0,100,100,53043501,4,3,0,0,0,0,主动受谋伤+单体8,使敌军谋略最低单体受到的策略攻击伤害提高#effect_01#%，持续#available_round_01#,0,"4,",,S,3,使敌军受到策略伤害提升,523,受到策略攻击伤害提高,0
530436,530436,4,50,5,0,100,100,53043601,4,3,0,0,0,0,主动受谋伤+单体9,使敌军单体下#available_hit_01#受到的策略攻击伤害提高#effect_01#%,0,"4,",,S,3,使敌军受到策略伤害提升,523,受到策略攻击伤害提高,0
530437,530437,4,50,5,0,100,100,53043701,4,3,0,0,0,0,主动受谋伤+群体1,使敌军群体2目标受到的策略攻击伤害提高#effect_01#%（受谋略属性影响），持续#available_round_01#,0,"4,",,S,3,使敌军受到策略伤害提升,523,受到策略攻击伤害提高,0
530438,530438,4,50,5,0,100,100,53043801,4,3,0,0,0,0,主动受谋伤+群体2,使敌军群体2目标受到的策略攻击伤害提高#effect_01#%，持续#available_round_01#,0,"4,",,S,3,使敌军受到策略伤害提升,523,受到策略攻击伤害提高,0
530439,530439,4,50,5,0,100,100,53043901,4,3,0,0,0,0,主动受谋伤+群体3,使敌军群体2目标下#available_hit_01#受到的策略攻击伤害提高#effect_01#%（受谋略属性影响）,0,"4,",,S,3,使敌军受到策略伤害提升,523,受到策略攻击伤害提高,0
530440,530440,4,50,5,0,100,100,53044001,4,3,0,0,0,0,主动受谋伤+群体4,使敌军群体2目标下#available_hit_01#受到的策略攻击伤害提高#effect_01#%,0,"4,",,S,3,使敌军受到策略伤害提升,523,受到策略攻击伤害提高,0
530441,530441,4,50,5,0,100,100,53044101,4,3,0,0,0,0,主动受谋伤+群体8,使敌军群体2-3目标受到的策略攻击伤害提高#effect_01#%（受谋略属性影响），持续#available_round_01#,0,"4,",,S,3,使敌军受到策略伤害提升,523,受到策略攻击伤害提高,0
530442,530442,4,50,5,0,100,100,53044201,4,3,0,0,0,0,主动受谋伤+群体9,使敌军群体2-3目标受到的策略攻击伤害提高#effect_01#%，持续#available_round_01#,0,"4,",,S,3,使敌军受到策略伤害提升,523,受到策略攻击伤害提高,0
530443,530443,4,50,5,0,100,100,53044301,4,3,0,0,0,0,主动受谋伤+群体10,使敌军群体2-3目标下#available_hit_01#受到的策略攻击伤害提高#effect_01#%（受谋略属性影响）,0,"4,",,S,3,使敌军受到策略伤害提升,523,受到策略攻击伤害提高,0
530444,530444,4,50,5,0,100,100,53044401,4,3,0,0,0,0,主动受谋伤+群体11,使敌军群体2-3目标下#available_hit_01#受到的策略攻击伤害提高#effect_01#%,0,"4,",,S,3,使敌军受到策略伤害提升,523,受到策略攻击伤害提高,0
530445,530445,4,50,5,0,100,100,53044501,4,3,0,0,0,0,主动受谋伤+全体1,使敌军全体3目标受到的策略攻击伤害提高#effect_01#%（受谋略属性影响），持续#available_round_01#,0,"4,",,S,3,使敌军受到策略伤害提升,523,受到策略攻击伤害提高,0
530446,530446,4,50,5,0,100,100,53044601,4,3,0,0,0,0,主动受谋伤+全体2,使敌军全体3目标受到的策略攻击伤害提高#effect_01#%，持续#available_round_01#,0,"4,",,S,3,使敌军受到策略伤害提升,523,受到策略攻击伤害提高,0
530447,530447,4,50,5,0,100,100,53044701,4,3,0,0,0,0,主动受谋伤+全体3,使敌军全体3目标下#available_hit_01#受到的策略攻击伤害提高#effect_01#%（受谋略属性影响）,0,"4,",,S,3,使敌军受到策略伤害提升,523,受到策略攻击伤害提高,0
530448,530448,4,50,5,0,100,100,53044801,4,3,0,0,0,0,主动受谋伤+全体4,使敌军全体3目标下#available_hit_01#受到的策略攻击伤害提高#effect_01#%,0,"4,",,S,3,使敌军受到策略伤害提升,523,受到策略攻击伤害提高,0
530449,530449,4,50,5,0,100,100,53044901,4,3,0,0,0,0,主动规避单体1,使我军单体进入规避状态，免疫下#available_hit_01#受到的伤害,0,"4,",,S,3,使我军进入规避状态,714,规避(预备),0
530450,530450,4,50,5,0,100,100,53045001,4,3,0,0,0,0,主动规避单体2,使自身进入规避状态，免疫下#available_hit_01#受到的伤害,0,"4,",,S,3,使我军进入规避状态,714,规避(预备),0
530451,530451,4,50,5,0,100,100,53045101,4,3,0,0,0,0,主动规避群体1,使我军群体2目标进入规避状态，免疫下#available_hit_01#受到的伤害,0,"4,",,S,3,使我军进入规避状态,714,规避(预备),0
530452,530452,4,50,5,0,100,100,53045201,4,3,0,0,0,0,主动规避全体1,使我军全体3目标进入规避状态，免疫下#available_hit_01#受到的伤害,0,"4,",,S,3,使我军进入规避状态,714,规避(预备),0
530453,530453,4,50,5,0,100,100,53045301,4,3,0,0,0,0,主动规避单体3,使我军单体进入规避状态，持续#available_round_01#,0,"4,",,S,3,使我军进入规避状态,514,规避,0
530454,530454,4,50,5,0,100,100,53045401,4,3,0,0,0,0,主动规避单体4,使自身进入规避状态，持续#available_round_01#,0,"4,",,S,3,使我军进入规避状态,514,规避,0
530455,530455,4,50,5,0,100,100,53045501,4,3,0,0,0,0,主动规避群体2,使我军群体2目标进入规避状态，持续#available_round_01#,0,"4,",,S,3,使我军进入规避状态,514,规避,0
530456,530456,4,50,5,0,100,100,53045601,4,3,0,0,0,0,主动规避全体2,使我军全体3目标进入规避状态，持续#available_round_01#,0,"4,",,S,3,使我军进入规避状态,514,规避,0
530457,530457,4,50,5,0,100,100,53045701,4,3,0,0,0,0,主动挑衅单体1,挑衅敌军单体，持续#available_round_01#,0,"4,",,S,6,挑衅敌军,505,挑衅,0
530458,530458,4,50,5,0,100,100,53045801,4,3,0,0,0,0,主动挑衅群体1,挑衅敌军群体2目标，持续#available_round_01#,0,"4,",,S,6,挑衅敌军,505,挑衅,0
530459,530459,4,50,5,0,100,100,53045901,4,3,0,0,0,0,主动挑衅全体1,挑衅敌军全体3目标，持续#available_round_01#,0,"4,",,S,6,挑衅敌军,505,挑衅,0
530460,530460,4,50,5,0,100,100,53046001,4,3,0,0,0,0,主动挑衅单体3,有#prob_param_01#的几率挑衅敌军单体，持续#1回合#,0,"4,",,S,6,挑衅敌军,505,挑衅,0
530461,530461,4,50,5,0,100,100,53046101,4,3,0,0,0,0,主动援护单体1,援护友军单体，持续#available_round_01#,0,"4,",,S,6,援护我军,504,援护,0
530462,530462,4,50,5,0,100,100,53046201,4,3,0,0,0,0,主动援护群体1,援护友军群体2目标，持续#available_round_01#,0,"4,",,S,6,援护我军,504,援护,0
530463,530463,4,50,5,0,100,100,53046301,4,3,0,0,0,0,主动援护单体2,援护友军大营，持续#available_round_01#,0,"4,",,S,6,援护我军,504,援护,0
530464,530464,4,50,5,0,100,100,53046401,4,3,0,0,0,0,主动援护单体3,有#prob_param_01#的几率援护友军单体，持续#1回合#,0,"4,",,S,6,援护我军,504,援护,0
530465,530465,4,50,1,0,100,100,53046501,4,3,0,0,0,0,主动反击单体1,使自身受到普通攻击时能进行反击（伤害率#effect_01#%），持续#available_round_01#,0,"4,",,S,3,使自身受到普通攻击后反击,551,反击,0
540001,540001,4,50,6,0,100,100,54000101,4,4,0,0,0,0,追击攻击单体1,对敌军单体发动1次攻击（伤害率#effect_01#%）,0,"1,","14,51",S,1,对敌军造成攻击伤害,301,攻击伤害,0
540002,540002,4,50,6,0,100,100,54000201,4,4,0,0,0,0,追击攻击单体2,对敌军单体发动2-4次攻击（伤害率#effect_01#%），每次目标独立判定,0,"1,","14,51",S,1,对敌军造成攻击伤害,301,攻击伤害,0
540003,540003,4,50,6,0,100,100,54000301,4,4,0,0,0,0,追击攻击单体3,对敌军单体发动2次攻击（伤害率#effect_01#%），每次目标独立判定,0,"1,","14,51",S,1,对敌军造成攻击伤害,301,攻击伤害,0
540004,540004,4,50,6,0,100,100,54000401,4,4,0,0,0,0,追击攻击单体4,对兵力最低的敌军单体发动1次攻击（伤害率#effect_01#%）,0,"1,","14,51",S,1,对敌军造成攻击伤害,301,攻击伤害,0
540005,540005,4,50,6,0,100,100,54000501,4,4,0,0,0,0,追击攻击单体5,对防御最低的敌军单体发动1次攻击（伤害率#effect_01#%）,0,"1,","14,51",S,1,对敌军造成攻击伤害,301,攻击伤害,0
540006,540006,4,50,6,0,100,100,54000601,4,4,0,0,0,0,追击攻击单体6,随机对敌军中军或大营发动1次攻击（伤害率#effect_01#%）,0,"1,","14,51",S,1,对敌军造成攻击伤害,301,攻击伤害,0
540007,540007,4,50,6,0,100,100,54000701,4,4,0,0,0,0,追击攻击单体7,对敌军单体发动2次攻击（伤害率#effect_01#%）,0,"1,","14,51",S,1,对敌军造成攻击伤害,301,攻击伤害,0
540008,540008,4,50,6,0,100,100,54000801,4,4,0,0,0,0,追击攻击单体8,对敌军单体发动2次攻击（伤害率#effect_01#%-#effect_67#%），每次目标独立判定,0,"1,","14,51",S,1,对敌军造成攻击伤害,301,攻击伤害,0
540009,540009,4,50,6,0,100,100,54000901,4,4,0,0,0,0,追击攻击单体9,对敌军单体发动2次攻击（伤害率#effect_01#%-#effect_08#%）,0,"1,","14,51",S,1,对敌军造成攻击伤害,301,攻击伤害,0
540011,540011,4,50,6,0,100,100,54001101,4,4,0,0,0,0,追击攻击目标1,对攻击目标发动1次攻击（伤害率#effect_01#%）,0,"1,","14,51",S,1,对敌军造成攻击伤害,301,攻击伤害,0
540012,540012,4,50,6,0,100,100,54001201,4,4,0,0,0,0,追击攻击目标2,对攻击目标发动2-4次攻击（伤害率#effect_01#%）,0,"1,","14,51",S,1,对敌军造成攻击伤害,301,攻击伤害,0
540013,540013,4,50,6,0,100,100,54001301,4,4,0,0,0,0,追击攻击目标3,对攻击目标发动2次攻击（伤害率#effect_01#%）,0,"1,","14,51",S,1,对敌军造成攻击伤害,301,攻击伤害,0
540014,540014,4,50,6,0,100,100,54001401,4,4,0,0,0,0,追击攻击目标4,对攻击目标发动2次攻击（伤害率#effect_01#%-#effect_08#%）,0,"1,","14,51",S,1,对敌军造成攻击伤害,301,攻击伤害,0
540016,540016,4,50,6,0,100,100,54001601,4,4,0,0,0,0,追击策略攻击单体1,对敌军单体发动1次策略攻击（伤害率#effect_01#%，受谋略属性影响）,0,"2,","24,51",S,2,对敌军造成策略攻击,302,策略攻击伤害,0
540017,540017,4,50,6,0,100,100,54001701,4,4,0,0,0,0,追击策略攻击单体2,对敌军单体发动2-4次策略攻击（伤害率#effect_01#%，受谋略属性影响），每次目标独立判定,0,"2,","24,51",S,2,对敌军造成策略攻击,302,策略攻击伤害,0
540018,540018,4,50,6,0,100,100,54001801,4,4,0,0,0,0,追击策略攻击单体3,对敌军单体发动2次策略攻击（伤害率#effect_01#%，受谋略属性影响），每次目标独立判定,0,"2,","24,51",S,2,对敌军造成策略攻击,302,策略攻击伤害,0
540019,540019,4,50,6,0,100,100,54001901,4,4,0,0,0,0,追击策略攻击单体4,对兵力最低的敌军单体发动1次策略攻击（伤害率#effect_01#%，受谋略属性影响）,0,"2,","24,51",S,2,对敌军造成策略攻击,302,策略攻击伤害,0
540020,540020,4,50,6,0,100,100,54002001,4,4,0,0,0,0,追击策略攻击单体5,对谋略最低的敌军单体发动1次策略攻击（伤害率#effect_01#%，受谋略属性影响）,0,"2,","24,51",S,2,对敌军造成策略攻击,302,策略攻击伤害,0
540021,540021,4,50,6,0,100,100,54002101,4,4,0,0,0,0,追击策略攻击单体6,随机对敌军中军或大营发动1次策略攻击（伤害率#effect_01#%，受谋略属性影响）,0,"2,","24,51",S,2,对敌军造成策略攻击,302,策略攻击伤害,0
540022,540022,4,50,6,0,100,100,54002201,4,4,0,0,0,0,追击策略攻击单体7,对敌军单体发动2次策略攻击（伤害率#effect_01#%，受谋略属性影响）,0,"2,","24,51",S,2,对敌军造成策略攻击,302,策略攻击伤害,0
540023,540023,4,50,6,0,100,100,54002301,4,4,0,0,0,0,追击策略攻击单体8,对敌军单体发动2次策略攻击（伤害率#effect_01#%-#effect_67#%，受谋略属性影响），每次目标独立判定,0,"2,","24,51",S,2,对敌军造成策略攻击,302,策略攻击伤害,0
540024,540024,4,50,6,0,100,100,54002401,4,4,0,0,0,0,追击策略攻击单体9,对敌军单体发动2次策略攻击（伤害率#effect_01#%-#effect_08#%，受谋略属性影响）,0,"2,","24,51",S,2,对敌军造成策略攻击,302,策略攻击伤害,0
540026,540026,4,50,6,0,100,100,54002601,4,4,0,0,0,0,追击策略攻击目标1,对攻击目标发动1次策略攻击（伤害率#effect_01#%，受谋略属性影响）,0,"2,","24,51",S,2,对敌军造成策略攻击,302,策略攻击伤害,0
540027,540027,4,50,6,0,100,100,54002701,4,4,0,0,0,0,追击策略攻击目标2,对攻击目标发动2-4次策略攻击（伤害率#effect_01#%，受谋略属性影响）,0,"2,","24,51",S,2,对敌军造成策略攻击,302,策略攻击伤害,0
540028,540028,4,50,6,0,100,100,54002801,4,4,0,0,0,0,追击策略攻击目标3,对攻击目标发动2次策略攻击（伤害率#effect_01#%，受谋略属性影响）,0,"2,","24,51",S,2,对敌军造成策略攻击,302,策略攻击伤害,0
540029,540029,4,50,6,0,100,100,54002901,4,4,0,0,0,0,追击策略攻击目标4,对攻击目标发动2次策略攻击（伤害率#effect_01#%-#effect_08#%，受谋略属性影响）,0,"2,","24,51",S,2,对敌军造成策略攻击,302,策略攻击伤害,0
540031,540031,4,50,6,0,100,100,54003101,4,4,0,0,0,0,追击恢复单体1,使我军单体恢复一定兵力（恢复率#effect_01#%）,0,"3,",,S,4,恢复我军兵力,401,急救,0
540032,540032,4,50,6,0,100,100,54003201,4,4,0,0,0,0,追击恢复单体2,使自身恢复一定兵力（恢复率#effect_01#%）,0,"3,",,S,4,恢复自身兵力,401,急救,0
540033,540033,4,50,6,0,100,100,54003301,4,4,0,0,0,0,追击恢复单体3,使自身与友军单体恢复一定兵力（恢复率#effect_01#%）,0,"3,",,S,4,恢复我军兵力,401,急救,0
540034,540034,4,50,6,0,100,100,54003401,4,4,0,0,0,0,追击暴走单体1,使攻击目标陷入暴走状态，持续#1回合#,0,"4,",,S,5,使敌军陷入暴走状态,503,暴走,0
540035,540035,4,50,6,0,100,100,54003501,4,4,0,0,0,0,追击暴走单体2,有#prob_param_01#概率使攻击目标陷入暴走状态，持续#1回合#,0,"4,",,S,5,使敌军陷入暴走状态,503,暴走,0
540036,540036,4,50,6,0,100,100,54003601,4,4,0,0,0,0,追击混乱单体1,使攻击目标陷入混乱状态，持续#1回合#,0,"4,",,S,5,使敌军陷入混乱状态,501,混乱,0
540037,540037,4,50,6,0,100,100,54003701,4,4,0,0,0,0,追击混乱单体2,有#prob_param_01#概率使攻击目标陷入混乱状态，持续#1回合#,0,"4,",,S,5,使敌军陷入混乱状态,501,混乱,0
540038,540038,4,50,6,0,100,100,54003801,4,4,0,0,0,0,追击怯战单体1,使攻击目标陷入怯战状态，持续#1回合#,0,"4,",,S,5,使敌军陷入怯战状态,552,怯战,0
540039,540039,4,50,6,0,100,100,54003901,4,4,0,0,0,0,追击怯战单体2,有#prob_param_01#概率使攻击目标陷入怯战状态，持续#1回合#,0,"4,",,S,5,使敌军陷入怯战状态,552,怯战,0
540040,540040,4,50,6,0,100,100,54004001,4,4,0,0,0,0,追击犹豫单体1,使攻击目标陷入犹豫状态，持续#1回合#,0,"4,",,S,5,使敌军陷入犹豫状态,502,犹豫,0
540041,540041,4,50,6,0,100,100,54004101,4,4,0,0,0,0,追击犹豫单体2,有#prob_param_01#概率使攻击目标陷入犹豫状态，持续#1回合#,0,"4,",,S,5,使敌军陷入犹豫状态,502,犹豫,0
540042,540042,4,50,6,0,100,100,54004201,4,4,0,0,0,0,追击攻击+单体1,使自身攻击属性提高#effect_01#，持续#available_round_01#,0,"4,",,S,3,使自身攻击属性提升,101,攻击属性提高,0
540043,540043,4,50,6,0,100,100,54004301,4,4,0,0,0,0,追击攻击-单体1,使攻击目标攻击属性降低#effect_01#，持续#available_round_01#,0,"4,",,S,3,使敌军攻击属性降低,201,攻击属性降低,0
540044,540044,4,50,6,0,100,100,54004401,4,4,0,0,0,0,追击防御+单体1,使自身防御属性提高#effect_01#，持续#available_round_01#,0,"4,",,S,6,使自身防御属性提升,102,防御属性提高,0
540045,540045,4,50,6,0,100,100,54004501,4,4,0,0,0,0,追击防御-单体1,使攻击目标防御属性降低#effect_01#，持续#available_round_01#,0,"4,",,S,3,使敌军防御属性降低,202,防御属性降低,0
540046,540046,4,50,6,0,100,100,54004601,4,4,0,0,0,0,追击谋略+单体1,使自身谋略属性提高#effect_01#，持续#available_round_01#,0,"4,",,S,3,使自身谋略属性提升,103,谋略属性提高,0
540047,540047,4,50,6,0,100,100,54004701,4,4,0,0,0,0,追击谋略-单体1,使攻击目标谋略属性降低#effect_01#，持续#available_round_01#,0,"4,",,S,3,使敌军谋略属性降低,203,谋略属性降低,0
540048,540048,4,50,6,0,100,100,54004801,4,4,0,0,0,0,追击出物伤+单体1,使自身造成的攻击伤害提高#effect_01#%，持续#available_round_01#,0,"4,",,S,3,使我军造成的攻击伤害提升,531,攻击伤害提高,0
540049,540049,4,50,6,0,100,100,54004901,4,4,0,0,0,0,追击出物伤+单体2,使自身下#available_hit_01#造成的攻击伤害提高#effect_01#%,0,"4,",,S,3,使我军造成的攻击伤害提升,531,攻击伤害提高,0
540050,540050,4,50,6,0,100,100,54005001,4,4,0,0,0,0,追击出物伤-单体1,使攻击目标造成的攻击伤害降低#effect_01#%，持续#available_round_01#,0,"4,",,S,3,使敌军造成的攻击伤害降低,532,攻击伤害降低,0
540051,540051,4,50,6,0,100,100,54005101,4,4,0,0,0,0,追击出物伤-单体2,使攻击目标下#available_hit_01#造成的攻击伤害降低#effect_01#%,0,"4,",,S,3,使敌军造成的攻击伤害降低,532,攻击伤害降低,0
540052,540052,4,50,6,0,100,100,54005201,4,4,0,0,0,0,追击出物伤-单体3,使攻击目标下#available_hit_01#造成的攻击伤害大幅度降低,0,"4,",,S,3,使敌军造成的攻击伤害降低,532,攻击伤害降低,0
540053,540053,4,50,6,0,100,100,54005301,4,4,0,0,0,0,追击出物伤-单体4,使攻击目标造成的攻击伤害大幅度降低，持续#available_round_01#,0,"4,",,S,3,使敌军造成的攻击伤害降低,532,攻击伤害降低,0
540054,540054,4,50,6,0,100,100,54005401,4,4,0,0,0,0,追击出谋伤+单体1,使自身造成的策略攻击伤害提高#effect_01#%，持续#available_round_01#,0,"4,",,S,3,使我军造成的策略伤害提升,533,策略攻击伤害提高,0
540055,540055,4,50,6,0,100,100,54005501,4,4,0,0,0,0,追击出谋伤+单体2,使自身下#available_hit_01#造成的策略攻击伤害提高#effect_01#%,0,"4,",,S,3,使我军造成的策略伤害提升,533,策略攻击伤害提高,0
540056,540056,4,50,6,0,100,100,54005601,4,4,0,0,0,0,追击出谋伤-单体1,使攻击目标造成的策略攻击伤害降低#effect_01#%，持续#available_round_01#,0,"4,",,S,3,使敌军造成的策略伤害降低,534,策略攻击伤害降低,0
540057,540057,4,50,6,0,100,100,54005701,4,4,0,0,0,0,追击出谋伤-单体2,使攻击目标下#available_hit_01#造成的策略攻击伤害降低#effect_01#%,0,"4,",,S,3,使敌军造成的策略伤害降低,534,策略攻击伤害降低,0
540058,540058,4,50,6,0,100,100,54005801,4,4,0,0,0,0,追击出谋伤-单体3,使攻击目标下#available_hit_01#造成的策略攻击伤害大幅度降低,0,"4,",,S,3,使敌军造成的策略伤害降低,534,策略攻击伤害降低,0
540059,540059,4,50,6,0,100,100,54005901,4,4,0,0,0,0,追击出谋伤-单体4,使攻击目标造成的策略攻击伤害大幅度降低，持续#available_round_01#,0,"4,",,S,3,使敌军造成的策略伤害降低,534,策略攻击伤害降低,0
550001,550001,6,59,6,0,100,100,55000101,0,2,0,0,0,0,奉持八戒,朱士行主战法,0,"3,",,S,4,朱士行主战法,301,攻击伤害,0
550002,550002,6,59,2,0,100,100,55000201,0,2,0,0,0,0,慈悲,第4回合起，每回合恢复我军全体较多兵力（恢复率#effect_01#%，受谋略属性影响）,0,"3,",,S,4,第4回合起，每回合恢复我军全体较多兵力,402,休整,0
550003,550003,6,59,2,0,100,100,55000301,0,2,0,0,0,0,调伏,使我军全体第4回合行动后，受到伤害时，有#prob_param_01#的几率恢复一定兵力（恢复率#effect_01#%，受谋略属性影响）,0,"3,",,S,4,我军全体第4回合行动后，受到伤害时，有几率恢复一定兵力,401,急救,0
550004,550004,6,59,2,0,100,100,55000401,0,2,0,0,0,0,般若,第4回合起，使我军全体发动主动战法后，恢复一定兵力（恢复率#effect_01#%，受谋略属性影响）,0,"3,",,S,4,第4回合起，使我军全体发动主动战法后，恢复一定兵力,401,急救,0
550005,550005,6,59,2,0,100,100,55000501,0,2,0,0,0,0,禅悟,第4回合起，使我军全体发动追击战法后，恢复一定兵力（恢复率#effect_01#%，受谋略属性影响）,0,"3,",,S,4,第4回合起，使我军全体发动追击战法后，恢复一定兵力,401,急救,0
550006,550006,6,59,2,0,100,100,55000601,0,2,0,0,0,0,清净,第4回合起，使我军群体2目标受到所有伤害减少#effect_01#%（受谋略属性影响），持续到战斗结束,0,"4,",,S,3,第4回合起，使我军群体2目标受到所有伤害减少,522,受到攻击伤害降低,0
550007,550007,6,59,5,0,40,40,55000701,0,3,0,0,0,0,西陲立功,西陲立功发动率额外提升#prob_param_01#,0,"1,",,S,,,301,攻击伤害,0
550008,550008,6,59,5,0,100,100,55000801,0,3,0,0,0,0,靖边1,有#prob_param_01#几率移除我军全体的有害效果,0,"4,",,S,3,移除我军全体有害效果,513,镇静,0
550009,550009,6,59,5,0,100,100,55000901,0,3,0,0,0,0,靖边2,使友军全体下#available_hit_01#造成的攻击伤害提高#effect_01#%,0,"4,",,S,3,友军全体造成攻击伤害提高,531,攻击伤害提高,0
550010,550010,6,59,5,0,100,100,55001001,0,3,0,0,0,0,挫锐1,使敌军单体防御、速度属性下降#effect_01#（受攻击属性影响），持续#available_round_01#,0,"4,",,S,3,使敌军群体防御、速度属性下降,202,防御属性降低,0
550011,550011,6,59,4,0,100,100,55001101,0,3,0,0,0,0,挫锐2,有#prob_param_01#几率对距离4以内敌军单体发动2-4次攻击（伤害率#effect_01#%），每次生效独立判定,0,"1,","11,51",S,1,对距离4以内敌军单体发动2-4次攻击,301,攻击伤害,0
550012,550012,6,59,5,0,100,100,55001201,0,3,0,0,0,0,选锋1,使敌军群体受到攻击伤害提升#effect_01#%（受攻击属性影响），持续#available_round_01#,0,"4,",,S,3,使敌军群体受到攻击伤害,521,受到攻击伤害提高,0
550013,550013,6,59,5,0,100,100,55001301,0,3,0,0,0,0,选锋2,有#prob_param_01#几率对敌军群体发动1次攻击（伤害率#effect_01#%），每个目标生效几率独立判定,0,"1,","11,51",S,1,对敌军群体发动1次攻击,301,攻击伤害,0
550014,550014,6,59,5,0,100,100,55001401,0,3,0,0,0,0,振旅1,使敌军群体2目标造成所有伤害降低#effect_01#%（受攻击属性影响），持续#available_round_01#,0,"4,",,S,3,使敌军群体2目标造成伤害下降,532,攻击伤害降低,0
550015,550015,6,59,5,0,100,100,55001501,0,3,0,0,0,0,振旅2,有#prob_param_01#几率对敌军防御最低单体发动1次攻击（伤害率#effect_01#%）,0,"1,","11,51",S,1,对敌军防御最低单体发动1次攻击,301,攻击伤害,0
550016,550016,6,59,5,0,100,100,55001601,0,3,0,0,0,0,坚壁1,使友军全体受到所有伤害降低#effect_01#%（受攻击属性影响），持续#available_round_01#,0,"4,",,S,3,使友军全体受到伤害下降,522,受到攻击伤害降低,0
550017,550017,6,59,5,0,100,100,55001701,0,3,0,0,0,0,坚壁2,有#prob_param_01#几率对敌军单体发动1次攻击（伤害率#effect_01#%）,0,"1,","11,51",S,3,对敌军单体发动1次攻击,301,攻击伤害,0
550018,550018,6,59,5,0,100,100,55001801,0,1,0,0,0,0,功人功狗,麦子主战法,0,"4,",,S,3,麦子主战法,105,攻城属性提高,0
550019,550019,6,59,5,0,100,100,55001901,0,1,0,0,0,0,汪,使自身攻城属性提升#effect_01#,0,"4,",,S,3,使自身攻城属性提升,105,攻城属性提高,0
550021,550021,6,59,5,0,100,100,55002101,0,1,0,0,0,0,汪汪汪,使自身每回合有#prob_param_01#的几率进入分兵状态（伤害率#effect_01#%）,0,"4,",,S,3,使自身每回合有几率进入分兵状态,545,分兵,0
550022,550022,6,59,5,0,100,100,55002201,0,1,0,0,0,0,嗷呜,使自身每回合行动时，有#prob_param_01#的几率对距离4以内敌军单体造成一次攻击伤害（伤害率#subsk_551022_effect_01#%）,0,"1,",,S,1,使自身每回合行动时，有几率对距离4以内敌军单体造成一次攻击伤害,122,子技能（有益）,0
550024,550024,6,59,2,0,20,40,55002401,0,3,0,0,0,0,临河救溺,主战法发动率提升至#prob_param_01#,0,0,,S,,,301,攻击伤害,0
550028,550028,6,59,2,0,100,100,55002801,0,3,0,0,0,0,鹿鸣,有#prob_param_01#几率使我军群体2目标进入规避状态，免疫下#1#次受到的伤害,0,"4,",,S,3,使我军全体2目标进入规避状态，免疫下#1#次收到的伤害,714,规避(预备),0
550029,550029,6,59,2,0,100,100,55002901,0,3,0,0,0,0,鹿踪,恢复我军全体一定兵力（恢复率#effect_01#%，受谋略属性影响）,0,"3,",41,S,4,恢复我军全体一定兵力,401,急救,0
550030,550030,6,59,2,0,100,100,55003001,0,3,0,0,0,0,鹿影,使我军群体受到所有伤害降低#effect_01#%（受谋略属性影响），持续#available_round_01#,0,"4,",,S,3,使我军群体受到所有伤害降低,522,受到攻击伤害降低,0
550031,550031,6,59,2,0,100,100,55003101,0,2,0,0,0,0,桃源问津,陶渊明主战法,0,0,,S,,,301,攻击伤害,0
550032,550032,6,59,2,0,100,100,55003201,0,2,0,0,0,0,息交1,战斗开始后前3回合，使我军群体受到的攻击伤害降低#effect_01#%(受谋略属性影响）,0,"4,",,S,3,战斗开始前3回合，使我军全体2目标受到攻击伤害降低,522,受到攻击伤害降低,0
550033,550033,6,59,2,0,100,100,55003301,0,2,0,0,0,0,息交2,战斗开始后前3回合，使我军群体每回合各自有#prob_param_01#几率受到的前2次策略攻击伤害大幅降低,0,"4,",,S,3,战斗开始前3回合，使我军全体2目标受到的前2次策略伤害有几率大幅降低,122,子技能（有益）,0
550034,550034,6,59,2,0,100,100,55003401,0,2,0,0,0,0,守拙1,战斗开始后前3回合，自身每回合有#prob_param_01#几率援护友军全体,0,"4,",,S,3,战斗开始后前3回合，自身有几率援护友军全体,122,子技能（有益）,0
550035,550035,6,59,2,0,100,100,55003501,0,2,0,0,0,0,守拙2,战斗开始后前3回合，自身受到攻击伤害时有#prob_param_01#几率规避该次伤害,0,"4,",,S,3,战斗开始后前3回合，自身有几率规避攻击伤害,122,子技能（有益）,0
550036,550036,6,59,2,0,100,100,55003601,0,2,0,0,0,0,晏如,战斗开始后前4回合，我军全体受到的主动战法伤害降低#effect_01#%（受谋略属性影响）,0,"4,",,S,3,战斗开始后前3回合，我军全体受到的主动战法伤害降低,352,受到主动战法伤害降低,0
550037,550037,6,59,2,0,100,100,55003701,0,2,0,0,0,0,结庐,战斗开始后前4回合，我军全体受到的普通攻击伤害降低#effect_01#%（受谋略属性影响）,0,"4,",,S,3,战斗开始后前3回合，我军全体受到的普通攻击伤害降低,351,受到普通攻击伤害降低,0
550038,550038,6,59,2,0,100,100,55003801,0,2,0,0,0,0,挂印,战斗开始后前4回合，我军全体受到的指挥伤害降低#effect_01#%（受谋略属性影响）,0,"4,",,S,3,战斗开始后前3回合，我军全体受到的指挥战法伤害降低,354,受到指挥战法伤害降低,0
551022,551022,6,59,4,0,100,100,55102201,0,1,0,0,0,0,嗷呜,子技能,0,"1,",,S,,,301,攻击伤害,0
551033,551033,6,59,2,0,100,100,55103301,0,2,0,0,0,0,桃源问津,息交2-子战法,0,"4,",,S,,,524,受到策略攻击伤害降低,0
551034,551034,6,59,2,0,100,100,55103401,0,2,0,0,0,0,桃源问津,守拙1-子战法,0,"4,",,S,,,504,援护,0
551035,551035,6,59,2,0,100,100,55103501,0,2,0,0,0,0,桃源问津,守拙2-子技能,0,"4,",,S,,,514,规避,0
552033,552033,6,59,2,0,100,100,55203301,0,2,0,0,0,0,桃源问津,息交2-子战法,0,"4,",,S,,,152,移除效果,0
590001,590001,1,1,5,0,100,100,59000101,0,10,0,0,0,0,弓兵对长枪兵相克,弓兵对长枪兵相克,0,0,,,,,99,受兵种伤害-,0
590002,590002,1,1,5,0,100,100,59000201,0,10,0,0,0,0,弓兵对骑兵相克,弓兵对骑兵相克,0,0,,,,,99,受兵种伤害-,0
590003,590003,1,1,5,0,100,100,59000301,0,10,0,0,0,0,弓兵对重骑兵相克,弓兵对重骑兵相克,0,0,,,,,99,受兵种伤害-,0
590004,590004,1,1,5,0,100,100,59000401,0,10,0,0,0,0,弓兵对轻骑兵相克,弓兵对轻骑兵相克,0,0,,,,,99,受兵种伤害-,0
590005,590005,1,1,5,0,100,100,59000501,0,10,0,0,0,0,弓兵对铁骑兵相克,弓兵对铁骑兵相克,0,0,,,,,99,受兵种伤害-,0
590006,590006,1,1,5,0,100,100,59000601,0,10,0,0,0,0,弓兵对象兵相克,弓兵对象兵相克,0,0,,,,,99,受兵种伤害-,0
590007,590007,1,1,5,0,100,100,59000701,0,10,0,0,0,0,长弓兵对长枪兵相克,长弓兵对长枪兵相克,0,0,,,,,99,受兵种伤害-,0
590008,590008,1,1,5,0,100,100,59000801,0,10,0,0,0,0,长弓兵对骑兵相克,长弓兵对骑兵相克,0,0,,,,,99,受兵种伤害-,0
590009,590009,1,1,5,0,100,100,59000901,0,10,0,0,0,0,长弓兵对重骑兵相克,长弓兵对重骑兵相克,0,0,,,,,99,受兵种伤害-,0
590010,590010,1,1,5,0,100,100,59001001,0,10,0,0,0,0,长弓兵对轻骑兵相克,长弓兵对轻骑兵相克,0,0,,,,,99,受兵种伤害-,0
590011,590011,1,1,5,0,100,100,59001101,0,10,0,0,0,0,长弓兵对弓骑兵相克,长弓兵对弓骑兵相克,0,0,,,,,99,受兵种伤害-,0
590012,590012,1,1,5,0,100,100,59001201,0,10,0,0,0,0,长弓兵对铁骑兵相克,长弓兵对铁骑兵相克,0,0,,,,,99,受兵种伤害-,0
590013,590013,1,1,5,0,100,100,59001301,0,10,0,0,0,0,长弓兵对象兵相克,长弓兵对象兵相克,0,0,,,,,99,受兵种伤害-,0
590014,590014,1,1,5,0,100,100,59001401,0,10,0,0,0,0,弩兵对长枪兵相克,弩兵对长枪兵相克,0,0,,,,,99,受兵种伤害-,0
590015,590015,1,1,5,0,100,100,59001501,0,10,0,0,0,0,弩兵对骑兵相克,弩兵对骑兵相克,0,0,,,,,99,受兵种伤害-,0
590016,590016,1,1,5,0,100,100,59001601,0,10,0,0,0,0,弩兵对重骑兵相克,弩兵对重骑兵相克,0,0,,,,,99,受兵种伤害-,0
590017,590017,1,1,5,0,100,100,59001701,0,10,0,0,0,0,弩兵对轻骑兵相克,弩兵对轻骑兵相克,0,0,,,,,99,受兵种伤害-,0
590018,590018,1,1,5,0,100,100,59001801,0,10,0,0,0,0,弩兵对铁骑兵相克,弩兵对铁骑兵相克,0,0,,,,,99,受兵种伤害-,0
590019,590019,1,1,5,0,100,100,59001901,0,10,0,0,0,0,弩兵对象兵相克,弩兵对象兵相克,0,0,,,,,99,受兵种伤害-,0
590020,590020,1,1,5,0,100,100,59002001,0,10,0,0,0,0,死士对长枪兵相克,死士对长枪兵相克,0,0,,,,,99,受兵种伤害-,0
590021,590021,1,1,5,0,100,100,59002101,0,10,0,0,0,0,死士对骑兵相克,死士对骑兵相克,0,0,,,,,99,受兵种伤害-,0
590022,590022,1,1,5,0,100,100,59002201,0,10,0,0,0,0,死士对重骑兵相克,死士对重骑兵相克,0,0,,,,,99,受兵种伤害-,0
590023,590023,1,1,5,0,100,100,59002301,0,10,0,0,0,0,死士对轻骑兵相克,死士对轻骑兵相克,0,0,,,,,99,受兵种伤害-,0
590024,590024,1,1,5,0,100,100,59002401,0,10,0,0,0,0,死士对弓骑兵相克,死士对弓骑兵相克,0,0,,,,,99,受兵种伤害-,0
590025,590025,1,1,5,0,100,100,59002501,0,10,0,0,0,0,死士对铁骑兵相克,死士对铁骑兵相克,0,0,,,,,99,受兵种伤害-,0
590026,590026,1,1,5,0,100,100,59002601,0,10,0,0,0,0,死士对象兵相克,死士对象兵相克,0,0,,,,,99,受兵种伤害-,0
590027,590027,1,1,5,0,100,100,59002701,0,10,0,0,0,0,连弩兵对长枪兵相克,连弩兵对长枪兵相克,0,0,,,,,99,受兵种伤害-,0
590028,590028,1,1,5,0,100,100,59002801,0,10,0,0,0,0,连弩兵对骑兵相克,连弩兵对骑兵相克,0,0,,,,,99,受兵种伤害-,0
590029,590029,1,1,5,0,100,100,59002901,0,10,0,0,0,0,连弩兵对重骑兵相克,连弩兵对重骑兵相克,0,0,,,,,99,受兵种伤害-,0
590030,590030,1,1,5,0,100,100,59003001,0,10,0,0,0,0,连弩兵对轻骑兵相克,连弩兵对轻骑兵相克,0,0,,,,,99,受兵种伤害-,0
590031,590031,1,1,5,0,100,100,59003101,0,10,0,0,0,0,连弩兵对弓骑兵相克,连弩兵对弓骑兵相克,0,0,,,,,99,受兵种伤害-,0
590032,590032,1,1,5,0,100,100,59003201,0,10,0,0,0,0,连弩兵对铁骑兵相克,连弩兵对铁骑兵相克,0,0,,,,,99,受兵种伤害-,0
590033,590033,1,1,5,0,100,100,59003301,0,10,0,0,0,0,连弩兵对象兵相克,连弩兵对象兵相克,0,0,,,,,99,受兵种伤害-,0
590034,590034,1,1,5,0,100,100,59003401,0,10,0,0,0,0,步兵对弓兵相克,步兵对弓兵相克,0,0,,,,,99,受兵种伤害-,0
590035,590035,1,1,5,0,100,100,59003501,0,10,0,0,0,0,步兵对长弓兵相克,步兵对长弓兵相克,0,0,,,,,99,受兵种伤害-,0
590036,590036,1,1,5,0,100,100,59003601,0,10,0,0,0,0,步兵对弩兵相克,步兵对弩兵相克,0,0,,,,,99,受兵种伤害-,0
590037,590037,1,1,5,0,100,100,59003701,0,10,0,0,0,0,步兵对死士相克,步兵对死士相克,0,0,,,,,99,受兵种伤害-,0
590038,590038,1,1,5,0,100,100,59003801,0,10,0,0,0,0,步兵对连弩兵相克,步兵对连弩兵相克,0,0,,,,,99,受兵种伤害-,0
590039,590039,1,1,5,0,100,100,59003901,0,10,0,0,0,0,重步兵对弓兵相克,重步兵对弓兵相克,0,0,,,,,99,受兵种伤害-,0
590040,590040,1,1,5,0,100,100,59004001,0,10,0,0,0,0,重步兵对长弓兵相克,重步兵对长弓兵相克,0,0,,,,,99,受兵种伤害-,0
590041,590041,1,1,5,0,100,100,59004101,0,10,0,0,0,0,重步兵对弩兵相克,重步兵对弩兵相克,0,0,,,,,99,受兵种伤害-,0
590042,590042,1,1,5,0,100,100,59004201,0,10,0,0,0,0,重步兵对死士相克,重步兵对死士相克,0,0,,,,,99,受兵种伤害-,0
590043,590043,1,1,5,0,100,100,59004301,0,10,0,0,0,0,重步兵对连弩兵相克,重步兵对连弩兵相克,0,0,,,,,99,受兵种伤害-,0
590044,590044,1,1,5,0,100,100,59004401,0,10,0,0,0,0,长枪兵对骑兵相克,长枪兵对骑兵相克,0,0,,,,,99,受兵种伤害-,0
590045,590045,1,1,5,0,100,100,59004501,0,10,0,0,0,0,长枪兵对重骑兵相克,长枪兵对重骑兵相克,0,0,,,,,99,受兵种伤害-,0
590046,590046,1,1,5,0,100,100,59004601,0,10,0,0,0,0,长枪兵对轻骑兵相克,长枪兵对轻骑兵相克,0,0,,,,,99,受兵种伤害-,0
590047,590047,1,1,5,0,100,100,59004701,0,10,0,0,0,0,长枪兵对铁骑兵相克,长枪兵对铁骑兵相克,0,0,,,,,99,受兵种伤害-,0
590048,590048,1,1,5,0,100,100,59004801,0,10,0,0,0,0,长枪兵对象兵相克,长枪兵对象兵相克,0,0,,,,,99,受兵种伤害-,0
590049,590049,1,1,5,0,100,100,59004901,0,10,0,0,0,0,蛮兵对弓兵相克,蛮兵对弓兵相克,0,0,,,,,99,受兵种伤害-,0
590050,590050,1,1,5,0,100,100,59005001,0,10,0,0,0,0,蛮兵对长弓兵相克,蛮兵对长弓兵相克,0,0,,,,,99,受兵种伤害-,0
590051,590051,1,1,5,0,100,100,59005101,0,10,0,0,0,0,蛮兵对弩兵相克,蛮兵对弩兵相克,0,0,,,,,99,受兵种伤害-,0
590052,590052,1,1,5,0,100,100,59005201,0,10,0,0,0,0,蛮兵对死士相克,蛮兵对死士相克,0,0,,,,,99,受兵种伤害-,0
590053,590053,1,1,5,0,100,100,59005301,0,10,0,0,0,0,蛮兵对连弩兵相克,蛮兵对连弩兵相克,0,0,,,,,99,受兵种伤害-,0
590054,590054,1,1,5,0,100,100,59005401,0,10,0,0,0,0,禁卫对弓兵相克,禁卫对弓兵相克,0,0,,,,,99,受兵种伤害-,0
590055,590055,1,1,5,0,100,100,59005501,0,10,0,0,0,0,禁卫对长弓兵相克,禁卫对长弓兵相克,0,0,,,,,99,受兵种伤害-,0
590056,590056,1,1,5,0,100,100,59005601,0,10,0,0,0,0,禁卫对弩兵相克,禁卫对弩兵相克,0,0,,,,,99,受兵种伤害-,0
590057,590057,1,1,5,0,100,100,59005701,0,10,0,0,0,0,禁卫对死士相克,禁卫对死士相克,0,0,,,,,99,受兵种伤害-,0
590058,590058,1,1,5,0,100,100,59005801,0,10,0,0,0,0,禁卫对连弩兵相克,禁卫对连弩兵相克,0,0,,,,,99,受兵种伤害-,0
590059,590059,1,1,5,0,100,100,59005901,0,10,0,0,0,0,藤甲兵对弓兵相克,藤甲兵对弓兵相克,0,0,,,,,99,受兵种伤害-,0
590060,590060,1,1,5,0,100,100,59006001,0,10,0,0,0,0,藤甲兵对长弓兵相克,藤甲兵对长弓兵相克,0,0,,,,,99,受兵种伤害-,0
590061,590061,1,1,5,0,100,100,59006101,0,10,0,0,0,0,藤甲兵对弩兵相克,藤甲兵对弩兵相克,0,0,,,,,99,受兵种伤害-,0
590062,590062,1,1,5,0,100,100,59006201,0,10,0,0,0,0,藤甲兵对死士相克,藤甲兵对死士相克,0,0,,,,,99,受兵种伤害-,0
590063,590063,1,1,5,0,100,100,59006301,0,10,0,0,0,0,藤甲兵对连弩兵相克,藤甲兵对连弩兵相克,0,0,,,,,99,受兵种伤害-,0
590064,590064,1,1,5,0,100,100,59006401,0,10,0,0,0,0,骑兵对步兵相克,骑兵对步兵相克,0,0,,,,,99,受兵种伤害-,0
590065,590065,1,1,5,0,100,100,59006501,0,10,0,0,0,0,骑兵对重步兵相克,骑兵对重步兵相克,0,0,,,,,99,受兵种伤害-,0
590066,590066,1,1,5,0,100,100,59006601,0,10,0,0,0,0,骑兵对蛮兵相克,骑兵对蛮兵相克,0,0,,,,,99,受兵种伤害-,0
590067,590067,1,1,5,0,100,100,59006701,0,10,0,0,0,0,骑兵对禁卫相克,骑兵对禁卫相克,0,0,,,,,99,受兵种伤害-,0
590068,590068,1,1,5,0,100,100,59006801,0,10,0,0,0,0,骑兵对藤甲兵相克,骑兵对藤甲兵相克,0,0,,,,,99,受兵种伤害-,0
590069,590069,1,1,5,0,100,100,59006901,0,10,0,0,0,0,重骑兵对步兵相克,重骑兵对步兵相克,0,0,,,,,99,受兵种伤害-,0
590070,590070,1,1,5,0,100,100,59007001,0,10,0,0,0,0,重骑兵对重步兵相克,重骑兵对重步兵相克,0,0,,,,,99,受兵种伤害-,0
590071,590071,1,1,5,0,100,100,59007101,0,10,0,0,0,0,重骑兵对蛮兵相克,重骑兵对蛮兵相克,0,0,,,,,99,受兵种伤害-,0
590072,590072,1,1,5,0,100,100,59007201,0,10,0,0,0,0,重骑兵对禁卫相克,重骑兵对禁卫相克,0,0,,,,,99,受兵种伤害-,0
590073,590073,1,1,5,0,100,100,59007301,0,10,0,0,0,0,重骑兵对藤甲兵相克,重骑兵对藤甲兵相克,0,0,,,,,99,受兵种伤害-,0
590074,590074,1,1,5,0,100,100,59007401,0,10,0,0,0,0,轻骑兵对步兵相克,轻骑兵对步兵相克,0,0,,,,,99,受兵种伤害-,0
590075,590075,1,1,5,0,100,100,59007501,0,10,0,0,0,0,轻骑兵对重步兵相克,轻骑兵对重步兵相克,0,0,,,,,99,受兵种伤害-,0
590076,590076,1,1,5,0,100,100,59007601,0,10,0,0,0,0,轻骑兵对蛮兵相克,轻骑兵对蛮兵相克,0,0,,,,,99,受兵种伤害-,0
590077,590077,1,1,5,0,100,100,59007701,0,10,0,0,0,0,轻骑兵对禁卫相克,轻骑兵对禁卫相克,0,0,,,,,99,受兵种伤害-,0
590078,590078,1,1,5,0,100,100,59007801,0,10,0,0,0,0,轻骑兵对藤甲兵相克,轻骑兵对藤甲兵相克,0,0,,,,,99,受兵种伤害-,0
590079,590079,1,1,5,0,100,100,59007901,0,10,0,0,0,0,弓骑兵对步兵相克,弓骑兵对步兵相克,0,0,,,,,99,受兵种伤害-,0
590080,590080,1,1,5,0,100,100,59008001,0,10,0,0,0,0,弓骑兵对重步兵相克,弓骑兵对重步兵相克,0,0,,,,,99,受兵种伤害-,0
590081,590081,1,1,5,0,100,100,59008101,0,10,0,0,0,0,弓骑兵对长枪兵相克,弓骑兵对长枪兵相克,0,0,,,,,99,受兵种伤害-,0
590082,590082,1,1,5,0,100,100,59008201,0,10,0,0,0,0,弓骑兵对蛮兵相克,弓骑兵对蛮兵相克,0,0,,,,,99,受兵种伤害-,0
590083,590083,1,1,5,0,100,100,59008301,0,10,0,0,0,0,弓骑兵对禁卫相克,弓骑兵对禁卫相克,0,0,,,,,99,受兵种伤害-,0
590084,590084,1,1,5,0,100,100,59008401,0,10,0,0,0,0,弓骑兵对藤甲兵相克,弓骑兵对藤甲兵相克,0,0,,,,,99,受兵种伤害-,0
590085,590085,1,1,5,0,100,100,59008501,0,10,0,0,0,0,铁骑兵对步兵相克,铁骑兵对步兵相克,0,0,,,,,99,受兵种伤害-,0
590086,590086,1,1,5,0,100,100,59008601,0,10,0,0,0,0,铁骑兵对重步兵相克,铁骑兵对重步兵相克,0,0,,,,,99,受兵种伤害-,0
590087,590087,1,1,5,0,100,100,59008701,0,10,0,0,0,0,铁骑兵对蛮兵相克,铁骑兵对蛮兵相克,0,0,,,,,99,受兵种伤害-,0
590088,590088,1,1,5,0,100,100,59008801,0,10,0,0,0,0,铁骑兵对禁卫相克,铁骑兵对禁卫相克,0,0,,,,,99,受兵种伤害-,0
590089,590089,1,1,5,0,100,100,59008901,0,10,0,0,0,0,铁骑兵对藤甲兵相克,铁骑兵对藤甲兵相克,0,0,,,,,99,受兵种伤害-,0
590090,590090,1,1,5,0,100,100,59009001,0,10,0,0,0,0,弓兵对羽林骑相克,弓兵对羽林骑相克,0,0,,,,,99,受兵种伤害-,0
590091,590091,1,1,5,0,100,100,59009101,0,10,0,0,0,0,长弓兵对羽林骑相克,长弓兵对羽林骑相克,0,0,,,,,99,受兵种伤害-,0
590092,590092,1,1,5,0,100,100,59009201,0,10,0,0,0,0,弩兵对羽林骑相克,弩兵对羽林骑相克,0,0,,,,,99,受兵种伤害-,0
590093,590093,1,1,5,0,100,100,59009301,0,10,0,0,0,0,死士对羽林骑相克,死士对羽林骑相克,0,0,,,,,99,受兵种伤害-,0
590094,590094,1,1,5,0,100,100,59009401,0,10,0,0,0,0,连弩兵对羽林骑相克,连弩兵对羽林骑相克,0,0,,,,,99,受兵种伤害-,0
590095,590095,1,1,5,0,100,100,59009501,0,10,0,0,0,0,长枪兵对羽林骑相克,长枪兵对羽林骑相克,0,0,,,,,99,受兵种伤害-,0
590096,590096,1,1,5,0,100,100,59009601,0,10,0,0,0,0,黄巾兵对弓兵相克,黄巾兵对弓兵相克,0,0,,,,,99,受兵种伤害-,0
590097,590097,1,1,5,0,100,100,59009701,0,10,0,0,0,0,黄巾兵对长弓兵相克,黄巾兵对长弓兵相克,0,0,,,,,99,受兵种伤害-,0
590098,590098,1,1,5,0,100,100,59009801,0,10,0,0,0,0,黄巾兵对弩兵相克,黄巾兵对弩兵相克,0,0,,,,,99,受兵种伤害-,0
590099,590099,1,1,5,0,100,100,59009901,0,10,0,0,0,0,黄巾兵对死士相克,黄巾兵对死士相克,0,0,,,,,99,受兵种伤害-,0
590100,590100,1,1,5,0,100,100,59010001,0,10,0,0,0,0,黄巾兵对连弩兵相克,黄巾兵对连弩兵相克,0,0,,,,,99,受兵种伤害-,0
590101,590101,1,1,5,0,100,100,59010101,0,10,0,0,0,0,骑兵对黄巾兵相克,骑兵对黄巾兵相克,0,0,,,,,99,受兵种伤害-,0
590102,590102,1,1,5,0,100,100,59010201,0,10,0,0,0,0,重骑兵对黄巾兵相克,重骑兵对黄巾兵相克,0,0,,,,,99,受兵种伤害-,0
590103,590103,1,1,5,0,100,100,59010301,0,10,0,0,0,0,轻骑兵对黄巾兵相克,轻骑兵对黄巾兵相克,0,0,,,,,99,受兵种伤害-,0
590104,590104,1,1,5,0,100,100,59010401,0,10,0,0,0,0,弓骑兵对黄巾兵相克,弓骑兵对黄巾兵相克,0,0,,,,,99,受兵种伤害-,0
590105,590105,1,1,5,0,100,100,59010501,0,10,0,0,0,0,铁骑兵对黄巾兵相克,铁骑兵对黄巾兵相克,0,0,,,,,99,受兵种伤害-,0
590106,590106,1,1,5,0,100,100,59010601,0,10,0,0,0,0,羽林骑对步兵相克,羽林骑对步兵相克,0,0,,,,,99,受兵种伤害-,0
590107,590107,1,1,5,0,100,100,59010701,0,10,0,0,0,0,羽林骑对重步兵相克,羽林骑对重步兵相克,0,0,,,,,99,受兵种伤害-,0
590108,590108,1,1,5,0,100,100,59010801,0,10,0,0,0,0,羽林骑对蛮兵相克,羽林骑对蛮兵相克,0,0,,,,,99,受兵种伤害-,0
590109,590109,1,1,5,0,100,100,59010901,0,10,0,0,0,0,羽林骑对禁卫相克,羽林骑对禁卫相克,0,0,,,,,99,受兵种伤害-,0
590110,590110,1,1,5,0,100,100,59011001,0,10,0,0,0,0,羽林骑对藤甲兵相克,羽林骑对藤甲兵相克,0,0,,,,,99,受兵种伤害-,0
590111,590111,1,1,5,0,100,100,59011101,0,10,0,0,0,0,羽林骑对黄巾兵相克,羽林骑对黄巾兵相克,0,0,,,,,99,受兵种伤害-,0
590112,590112,1,1,5,0,100,100,59011201,0,10,0,0,0,0,飞熊军对弓兵相克,飞熊军对弓兵相克,0,0,,,,,99,受兵种伤害-,0
590113,590113,1,1,5,0,100,100,59011301,0,10,0,0,0,0,飞熊军对长弓兵相克,飞熊军对长弓兵相克,0,0,,,,,99,受兵种伤害-,0
590114,590114,1,1,5,0,100,100,59011401,0,10,0,0,0,0,飞熊军对弩兵相克,飞熊军对弩兵相克,0,0,,,,,99,受兵种伤害-,0
590115,590115,1,1,5,0,100,100,59011501,0,10,0,0,0,0,飞熊军对死士相克,飞熊军对死士相克,0,0,,,,,99,受兵种伤害-,0
590116,590116,1,1,5,0,100,100,59011601,0,10,0,0,0,0,飞熊军对连弩兵相克,飞熊军对连弩兵相克,0,0,,,,,99,受兵种伤害-,0
590117,590117,1,1,5,0,100,100,59011701,0,10,0,0,0,0,骑兵对飞熊军相克,骑兵对飞熊军相克,0,0,,,,,99,受兵种伤害-,0
590118,590118,1,1,5,0,100,100,59011801,0,10,0,0,0,0,重骑兵对飞熊军相克,重骑兵对飞熊军相克,0,0,,,,,99,受兵种伤害-,0
590119,590119,1,1,5,0,100,100,59011901,0,10,0,0,0,0,轻骑兵对飞熊军相克,轻骑兵对飞熊军相克,0,0,,,,,99,受兵种伤害-,0
590120,590120,1,1,5,0,100,100,59012001,0,10,0,0,0,0,弓骑兵对飞熊军相克,弓骑兵对飞熊军相克,0,0,,,,,99,受兵种伤害-,0
590121,590121,1,1,5,0,100,100,59012101,0,10,0,0,0,0,铁骑兵对飞熊军相克,铁骑兵对飞熊军相克,0,0,,,,,99,受兵种伤害-,0
590122,590122,1,1,5,0,100,100,59012201,0,10,0,0,0,0,羽林骑对飞熊军相克,羽林骑对飞熊军相克,0,0,,,,,99,受兵种伤害-,0
590123,590123,1,1,5,0,100,100,59012301,0,10,0,0,0,0,弓兵对乡勇弓手相克,弓兵对乡勇弓手相克,0,0,,,,,99,受兵种伤害-,0
590124,590124,1,1,5,0,100,100,59012401,0,10,0,0,0,0,弓兵对乡勇步卒相克,弓兵对乡勇步卒相克,0,0,,,,,99,受兵种伤害-,0
590125,590125,1,1,5,0,100,100,59012501,0,10,0,0,0,0,弓兵对虎豹骑相克,弓兵对虎豹骑相克,0,0,,,,,99,受兵种伤害-,0
590126,590126,1,1,5,0,100,100,59012601,0,10,0,0,0,0,弓兵对乡勇轻骑相克,弓兵对乡勇轻骑相克,0,0,,,,,99,受兵种伤害-,0
590127,590127,1,1,5,0,100,100,59012701,0,10,0,0,0,0,弓兵对黄巾轻骑相克,弓兵对黄巾轻骑相克,0,0,,,,,99,受兵种伤害-,0
590128,590128,1,1,5,0,100,100,59012801,0,10,0,0,0,0,弓兵对白波轻骑相克,弓兵对白波轻骑相克,0,0,,,,,99,受兵种伤害-,0
590129,590129,1,1,5,0,100,100,59012901,0,10,0,0,0,0,弓兵对黑山轻骑相克,弓兵对黑山轻骑相克,0,0,,,,,99,受兵种伤害-,0
590130,590130,1,1,5,0,100,100,59013001,0,10,0,0,0,0,弓兵对西凉铁骑相克,弓兵对西凉铁骑相克,0,0,,,,,99,受兵种伤害-,0
590131,590131,1,1,5,0,100,100,59013101,0,10,0,0,0,0,弓兵对伏龙军相克,弓兵对伏龙军相克,0,0,,,,,99,受兵种伤害-,0
590132,590132,1,1,5,0,100,100,59013201,0,10,0,0,0,0,长弓兵对乡勇弓手相克,长弓兵对乡勇弓手相克,0,0,,,,,99,受兵种伤害-,0
590133,590133,1,1,5,0,100,100,59013301,0,10,0,0,0,0,长弓兵对乡勇步卒相克,长弓兵对乡勇步卒相克,0,0,,,,,99,受兵种伤害-,0
590134,590134,1,1,5,0,100,100,59013401,0,10,0,0,0,0,长弓兵对白马义从相克,长弓兵对白马义从相克,0,0,,,,,99,受兵种伤害-,0
590135,590135,1,1,5,0,100,100,59013501,0,10,0,0,0,0,长弓兵对虎豹骑相克,长弓兵对虎豹骑相克,0,0,,,,,99,受兵种伤害-,0
590136,590136,1,1,5,0,100,100,59013601,0,10,0,0,0,0,长弓兵对乡勇轻骑相克,长弓兵对乡勇轻骑相克,0,0,,,,,99,受兵种伤害-,0
590137,590137,1,1,5,0,100,100,59013701,0,10,0,0,0,0,长弓兵对黄巾轻骑相克,长弓兵对黄巾轻骑相克,0,0,,,,,99,受兵种伤害-,0
590138,590138,1,1,5,0,100,100,59013801,0,10,0,0,0,0,长弓兵对白波轻骑相克,长弓兵对白波轻骑相克,0,0,,,,,99,受兵种伤害-,0
590139,590139,1,1,5,0,100,100,59013901,0,10,0,0,0,0,长弓兵对黑山轻骑相克,长弓兵对黑山轻骑相克,0,0,,,,,99,受兵种伤害-,0
590140,590140,1,1,5,0,100,100,59014001,0,10,0,0,0,0,长弓兵对西凉铁骑相克,长弓兵对西凉铁骑相克,0,0,,,,,99,受兵种伤害-,0
590141,590141,1,1,5,0,100,100,59014101,0,10,0,0,0,0,长弓兵对伏龙军相克,长弓兵对伏龙军相克,0,0,,,,,99,受兵种伤害-,0
590142,590142,1,1,5,0,100,100,59014201,0,10,0,0,0,0,弩兵对乡勇弓手相克,弩兵对乡勇弓手相克,0,0,,,,,99,受兵种伤害-,0
590143,590143,1,1,5,0,100,100,59014301,0,10,0,0,0,0,弩兵对乡勇步卒相克,弩兵对乡勇步卒相克,0,0,,,,,99,受兵种伤害-,0
590144,590144,1,1,5,0,100,100,59014401,0,10,0,0,0,0,弩兵对虎豹骑相克,弩兵对虎豹骑相克,0,0,,,,,99,受兵种伤害-,0
590145,590145,1,1,5,0,100,100,59014501,0,10,0,0,0,0,弩兵对乡勇轻骑相克,弩兵对乡勇轻骑相克,0,0,,,,,99,受兵种伤害-,0
590146,590146,1,1,5,0,100,100,59014601,0,10,0,0,0,0,弩兵对黄巾轻骑相克,弩兵对黄巾轻骑相克,0,0,,,,,99,受兵种伤害-,0
590147,590147,1,1,5,0,100,100,59014701,0,10,0,0,0,0,弩兵对白波轻骑相克,弩兵对白波轻骑相克,0,0,,,,,99,受兵种伤害-,0
590148,590148,1,1,5,0,100,100,59014801,0,10,0,0,0,0,弩兵对黑山轻骑相克,弩兵对黑山轻骑相克,0,0,,,,,99,受兵种伤害-,0
590149,590149,1,1,5,0,100,100,59014901,0,10,0,0,0,0,弩兵对西凉铁骑相克,弩兵对西凉铁骑相克,0,0,,,,,99,受兵种伤害-,0
590150,590150,1,1,5,0,100,100,59015001,0,10,0,0,0,0,弩兵对伏龙军相克,弩兵对伏龙军相克,0,0,,,,,99,受兵种伤害-,0
590151,590151,1,1,5,0,100,100,59015101,0,10,0,0,0,0,死士对乡勇弓手相克,死士对乡勇弓手相克,0,0,,,,,99,受兵种伤害-,0
590152,590152,1,1,5,0,100,100,59015201,0,10,0,0,0,0,死士对乡勇步卒相克,死士对乡勇步卒相克,0,0,,,,,99,受兵种伤害-,0
590153,590153,1,1,5,0,100,100,59015301,0,10,0,0,0,0,死士对白马义从相克,死士对白马义从相克,0,0,,,,,99,受兵种伤害-,0
590154,590154,1,1,5,0,100,100,59015401,0,10,0,0,0,0,死士对虎豹骑相克,死士对虎豹骑相克,0,0,,,,,99,受兵种伤害-,0
590155,590155,1,1,5,0,100,100,59015501,0,10,0,0,0,0,死士对乡勇轻骑相克,死士对乡勇轻骑相克,0,0,,,,,99,受兵种伤害-,0
590156,590156,1,1,5,0,100,100,59015601,0,10,0,0,0,0,死士对黄巾轻骑相克,死士对黄巾轻骑相克,0,0,,,,,99,受兵种伤害-,0
590157,590157,1,1,5,0,100,100,59015701,0,10,0,0,0,0,死士对白波轻骑相克,死士对白波轻骑相克,0,0,,,,,99,受兵种伤害-,0
590158,590158,1,1,5,0,100,100,59015801,0,10,0,0,0,0,死士对黑山轻骑相克,死士对黑山轻骑相克,0,0,,,,,99,受兵种伤害-,0
590159,590159,1,1,5,0,100,100,59015901,0,10,0,0,0,0,死士对西凉铁骑相克,死士对西凉铁骑相克,0,0,,,,,99,受兵种伤害-,0
590160,590160,1,1,5,0,100,100,59016001,0,10,0,0,0,0,死士对伏龙军相克,死士对伏龙军相克,0,0,,,,,99,受兵种伤害-,0
590161,590161,1,1,5,0,100,100,59016101,0,10,0,0,0,0,连弩兵对乡勇弓手相克,连弩兵对乡勇弓手相克,0,0,,,,,99,受兵种伤害-,0
590162,590162,1,1,5,0,100,100,59016201,0,10,0,0,0,0,连弩兵对乡勇步卒相克,连弩兵对乡勇步卒相克,0,0,,,,,99,受兵种伤害-,0
590163,590163,1,1,5,0,100,100,59016301,0,10,0,0,0,0,连弩兵对白马义从相克,连弩兵对白马义从相克,0,0,,,,,99,受兵种伤害-,0
590164,590164,1,1,5,0,100,100,59016401,0,10,0,0,0,0,连弩兵对虎豹骑相克,连弩兵对虎豹骑相克,0,0,,,,,99,受兵种伤害-,0
590165,590165,1,1,5,0,100,100,59016501,0,10,0,0,0,0,连弩兵对乡勇轻骑相克,连弩兵对乡勇轻骑相克,0,0,,,,,99,受兵种伤害-,0
590166,590166,1,1,5,0,100,100,59016601,0,10,0,0,0,0,连弩兵对黄巾轻骑相克,连弩兵对黄巾轻骑相克,0,0,,,,,99,受兵种伤害-,0
590167,590167,1,1,5,0,100,100,59016701,0,10,0,0,0,0,连弩兵对白波轻骑相克,连弩兵对白波轻骑相克,0,0,,,,,99,受兵种伤害-,0
590168,590168,1,1,5,0,100,100,59016801,0,10,0,0,0,0,连弩兵对黑山轻骑相克,连弩兵对黑山轻骑相克,0,0,,,,,99,受兵种伤害-,0
590169,590169,1,1,5,0,100,100,59016901,0,10,0,0,0,0,连弩兵对西凉铁骑相克,连弩兵对西凉铁骑相克,0,0,,,,,99,受兵种伤害-,0
590170,590170,1,1,5,0,100,100,59017001,0,10,0,0,0,0,连弩兵对伏龙军相克,连弩兵对伏龙军相克,0,0,,,,,99,受兵种伤害-,0
590171,590171,1,1,5,0,100,100,59017101,0,10,0,0,0,0,火矢兵对乡勇弓手相克,火矢兵对乡勇弓手相克,0,0,,,,,99,受兵种伤害-,0
590172,590172,1,1,5,0,100,100,59017201,0,10,0,0,0,0,火矢兵对长枪兵相克,火矢兵对长枪兵相克,0,0,,,,,99,受兵种伤害-,0
590173,590173,1,1,5,0,100,100,59017301,0,10,0,0,0,0,火矢兵对乡勇步卒相克,火矢兵对乡勇步卒相克,0,0,,,,,99,受兵种伤害-,0
590174,590174,1,1,5,0,100,100,59017401,0,10,0,0,0,0,火矢兵对骑兵相克,火矢兵对骑兵相克,0,0,,,,,99,受兵种伤害-,0
590175,590175,1,1,5,0,100,100,59017501,0,10,0,0,0,0,火矢兵对重骑兵相克,火矢兵对重骑兵相克,0,0,,,,,99,受兵种伤害-,0
590176,590176,1,1,5,0,100,100,59017601,0,10,0,0,0,0,火矢兵对轻骑兵相克,火矢兵对轻骑兵相克,0,0,,,,,99,受兵种伤害-,0
590177,590177,1,1,5,0,100,100,59017701,0,10,0,0,0,0,火矢兵对弓骑兵相克,火矢兵对弓骑兵相克,0,0,,,,,99,受兵种伤害-,0
590178,590178,1,1,5,0,100,100,59017801,0,10,0,0,0,0,火矢兵对铁骑兵相克,火矢兵对铁骑兵相克,0,0,,,,,99,受兵种伤害-,0
590179,590179,1,1,5,0,100,100,59017901,0,10,0,0,0,0,火矢兵对象兵相克,火矢兵对象兵相克,0,0,,,,,99,受兵种伤害-,0
590180,590180,1,1,5,0,100,100,59018001,0,10,0,0,0,0,火矢兵对羽林骑相克,火矢兵对羽林骑相克,0,0,,,,,99,受兵种伤害-,0
590181,590181,1,1,5,0,100,100,59018101,0,10,0,0,0,0,火矢兵对白马义从相克,火矢兵对白马义从相克,0,0,,,,,99,受兵种伤害-,0
590182,590182,1,1,5,0,100,100,59018201,0,10,0,0,0,0,火矢兵对虎豹骑相克,火矢兵对虎豹骑相克,0,0,,,,,99,受兵种伤害-,0
590183,590183,1,1,5,0,100,100,59018301,0,10,0,0,0,0,火矢兵对乡勇轻骑相克,火矢兵对乡勇轻骑相克,0,0,,,,,99,受兵种伤害-,0
590184,590184,1,1,5,0,100,100,59018401,0,10,0,0,0,0,火矢兵对黄巾轻骑相克,火矢兵对黄巾轻骑相克,0,0,,,,,99,受兵种伤害-,0
590185,590185,1,1,5,0,100,100,59018501,0,10,0,0,0,0,火矢兵对白波轻骑相克,火矢兵对白波轻骑相克,0,0,,,,,99,受兵种伤害-,0
590186,590186,1,1,5,0,100,100,59018601,0,10,0,0,0,0,火矢兵对黑山轻骑相克,火矢兵对黑山轻骑相克,0,0,,,,,99,受兵种伤害-,0
590187,590187,1,1,5,0,100,100,59018701,0,10,0,0,0,0,火矢兵对西凉铁骑相克,火矢兵对西凉铁骑相克,0,0,,,,,99,受兵种伤害-,0
590188,590188,1,1,5,0,100,100,59018801,0,10,0,0,0,0,火矢兵对伏龙军相克,火矢兵对伏龙军相克,0,0,,,,,99,受兵种伤害-,0
590189,590189,1,1,5,0,100,100,59018901,0,10,0,0,0,0,无当飞军对乡勇弓手相克,无当飞军对乡勇弓手相克,0,0,,,,,99,受兵种伤害-,0
590190,590190,1,1,5,0,100,100,59019001,0,10,0,0,0,0,无当飞军对长枪兵相克,无当飞军对长枪兵相克,0,0,,,,,99,受兵种伤害-,0
590191,590191,1,1,5,0,100,100,59019101,0,10,0,0,0,0,无当飞军对乡勇步卒相克,无当飞军对乡勇步卒相克,0,0,,,,,99,受兵种伤害-,0
590192,590192,1,1,5,0,100,100,59019201,0,10,0,0,0,0,无当飞军对骑兵相克,无当飞军对骑兵相克,0,0,,,,,99,受兵种伤害-,0
590193,590193,1,1,5,0,100,100,59019301,0,10,0,0,0,0,无当飞军对重骑兵相克,无当飞军对重骑兵相克,0,0,,,,,99,受兵种伤害-,0
590194,590194,1,1,5,0,100,100,59019401,0,10,0,0,0,0,无当飞军对轻骑兵相克,无当飞军对轻骑兵相克,0,0,,,,,99,受兵种伤害-,0
590195,590195,1,1,5,0,100,100,59019501,0,10,0,0,0,0,无当飞军对弓骑兵相克,无当飞军对弓骑兵相克,0,0,,,,,99,受兵种伤害-,0
590196,590196,1,1,5,0,100,100,59019601,0,10,0,0,0,0,无当飞军对铁骑兵相克,无当飞军对铁骑兵相克,0,0,,,,,99,受兵种伤害-,0
590197,590197,1,1,5,0,100,100,59019701,0,10,0,0,0,0,无当飞军对象兵相克,无当飞军对象兵相克,0,0,,,,,99,受兵种伤害-,0
590198,590198,1,1,5,0,100,100,59019801,0,10,0,0,0,0,无当飞军对羽林骑相克,无当飞军对羽林骑相克,0,0,,,,,99,受兵种伤害-,0
590199,590199,1,1,5,0,100,100,59019901,0,10,0,0,0,0,无当飞军对白马义从相克,无当飞军对白马义从相克,0,0,,,,,99,受兵种伤害-,0
590200,590200,1,1,5,0,100,100,59020001,0,10,0,0,0,0,无当飞军对虎豹骑相克,无当飞军对虎豹骑相克,0,0,,,,,99,受兵种伤害-,0
590201,590201,1,1,5,0,100,100,59020101,0,10,0,0,0,0,无当飞军对乡勇轻骑相克,无当飞军对乡勇轻骑相克,0,0,,,,,99,受兵种伤害-,0
590202,590202,1,1,5,0,100,100,59020201,0,10,0,0,0,0,无当飞军对黄巾轻骑相克,无当飞军对黄巾轻骑相克,0,0,,,,,99,受兵种伤害-,0
590203,590203,1,1,5,0,100,100,59020301,0,10,0,0,0,0,无当飞军对白波轻骑相克,无当飞军对白波轻骑相克,0,0,,,,,99,受兵种伤害-,0
590204,590204,1,1,5,0,100,100,59020401,0,10,0,0,0,0,无当飞军对黑山轻骑相克,无当飞军对黑山轻骑相克,0,0,,,,,99,受兵种伤害-,0
590205,590205,1,1,5,0,100,100,59020501,0,10,0,0,0,0,无当飞军对西凉铁骑相克,无当飞军对西凉铁骑相克,0,0,,,,,99,受兵种伤害-,0
590206,590206,1,1,5,0,100,100,59020601,0,10,0,0,0,0,无当飞军对伏龙军相克,无当飞军对伏龙军相克,0,0,,,,,99,受兵种伤害-,0
590207,590207,1,1,5,0,100,100,59020701,0,10,0,0,0,0,乡勇弓手对乡勇轻骑相克,乡勇弓手对乡勇轻骑相克,0,0,,,,,99,受兵种伤害-,0
590208,590208,1,1,5,0,100,100,59020801,0,10,0,0,0,0,丹阳兵对乡勇弓手相克,丹阳兵对乡勇弓手相克,0,0,,,,,99,受兵种伤害-,0
590209,590209,1,1,5,0,100,100,59020901,0,10,0,0,0,0,丹阳兵对长枪兵相克,丹阳兵对长枪兵相克,0,0,,,,,99,受兵种伤害-,0
590210,590210,1,1,5,0,100,100,59021001,0,10,0,0,0,0,丹阳兵对乡勇步卒相克,丹阳兵对乡勇步卒相克,0,0,,,,,99,受兵种伤害-,0
590211,590211,1,1,5,0,100,100,59021101,0,10,0,0,0,0,丹阳兵对骑兵相克,丹阳兵对骑兵相克,0,0,,,,,99,受兵种伤害-,0
590212,590212,1,1,5,0,100,100,59021201,0,10,0,0,0,0,丹阳兵对重骑兵相克,丹阳兵对重骑兵相克,0,0,,,,,99,受兵种伤害-,0
590213,590213,1,1,5,0,100,100,59021301,0,10,0,0,0,0,丹阳兵对轻骑兵相克,丹阳兵对轻骑兵相克,0,0,,,,,99,受兵种伤害-,0
590214,590214,1,1,5,0,100,100,59021401,0,10,0,0,0,0,丹阳兵对弓骑兵相克,丹阳兵对弓骑兵相克,0,0,,,,,99,受兵种伤害-,0
590215,590215,1,1,5,0,100,100,59021501,0,10,0,0,0,0,丹阳兵对铁骑兵相克,丹阳兵对铁骑兵相克,0,0,,,,,99,受兵种伤害-,0
590216,590216,1,1,5,0,100,100,59021601,0,10,0,0,0,0,丹阳兵对象兵相克,丹阳兵对象兵相克,0,0,,,,,99,受兵种伤害-,0
590217,590217,1,1,5,0,100,100,59021701,0,10,0,0,0,0,丹阳兵对羽林骑相克,丹阳兵对羽林骑相克,0,0,,,,,99,受兵种伤害-,0
590218,590218,1,1,5,0,100,100,59021801,0,10,0,0,0,0,丹阳兵对白马义从相克,丹阳兵对白马义从相克,0,0,,,,,99,受兵种伤害-,0
590219,590219,1,1,5,0,100,100,59021901,0,10,0,0,0,0,丹阳兵对虎豹骑相克,丹阳兵对虎豹骑相克,0,0,,,,,99,受兵种伤害-,0
590220,590220,1,1,5,0,100,100,59022001,0,10,0,0,0,0,丹阳兵对乡勇轻骑相克,丹阳兵对乡勇轻骑相克,0,0,,,,,99,受兵种伤害-,0
590221,590221,1,1,5,0,100,100,59022101,0,10,0,0,0,0,丹阳兵对黄巾轻骑相克,丹阳兵对黄巾轻骑相克,0,0,,,,,99,受兵种伤害-,0
590222,590222,1,1,5,0,100,100,59022201,0,10,0,0,0,0,丹阳兵对白波轻骑相克,丹阳兵对白波轻骑相克,0,0,,,,,99,受兵种伤害-,0
590223,590223,1,1,5,0,100,100,59022301,0,10,0,0,0,0,丹阳兵对黑山轻骑相克,丹阳兵对黑山轻骑相克,0,0,,,,,99,受兵种伤害-,0
590224,590224,1,1,5,0,100,100,59022401,0,10,0,0,0,0,丹阳兵对西凉铁骑相克,丹阳兵对西凉铁骑相克,0,0,,,,,99,受兵种伤害-,0
590225,590225,1,1,5,0,100,100,59022501,0,10,0,0,0,0,丹阳兵对伏龙军相克,丹阳兵对伏龙军相克,0,0,,,,,99,受兵种伤害-,0
590226,590226,1,1,5,0,100,100,59022601,0,10,0,0,0,0,黄巾长弓对乡勇弓手相克,黄巾长弓对乡勇弓手相克,0,0,,,,,99,受兵种伤害-,0
590227,590227,1,1,5,0,100,100,59022701,0,10,0,0,0,0,黄巾长弓对长枪兵相克,黄巾长弓对长枪兵相克,0,0,,,,,99,受兵种伤害-,0
590228,590228,1,1,5,0,100,100,59022801,0,10,0,0,0,0,黄巾长弓对乡勇步卒相克,黄巾长弓对乡勇步卒相克,0,0,,,,,99,受兵种伤害-,0
590229,590229,1,1,5,0,100,100,59022901,0,10,0,0,0,0,黄巾长弓对骑兵相克,黄巾长弓对骑兵相克,0,0,,,,,99,受兵种伤害-,0
590230,590230,1,1,5,0,100,100,59023001,0,10,0,0,0,0,黄巾长弓对重骑兵相克,黄巾长弓对重骑兵相克,0,0,,,,,99,受兵种伤害-,0
590231,590231,1,1,5,0,100,100,59023101,0,10,0,0,0,0,黄巾长弓对轻骑兵相克,黄巾长弓对轻骑兵相克,0,0,,,,,99,受兵种伤害-,0
590232,590232,1,1,5,0,100,100,59023201,0,10,0,0,0,0,黄巾长弓对弓骑兵相克,黄巾长弓对弓骑兵相克,0,0,,,,,99,受兵种伤害-,0
590233,590233,1,1,5,0,100,100,59023301,0,10,0,0,0,0,黄巾长弓对铁骑兵相克,黄巾长弓对铁骑兵相克,0,0,,,,,99,受兵种伤害-,0
590234,590234,1,1,5,0,100,100,59023401,0,10,0,0,0,0,黄巾长弓对象兵相克,黄巾长弓对象兵相克,0,0,,,,,99,受兵种伤害-,0
590235,590235,1,1,5,0,100,100,59023501,0,10,0,0,0,0,黄巾长弓对羽林骑相克,黄巾长弓对羽林骑相克,0,0,,,,,99,受兵种伤害-,0
590236,590236,1,1,5,0,100,100,59023601,0,10,0,0,0,0,黄巾长弓对白马义从相克,黄巾长弓对白马义从相克,0,0,,,,,99,受兵种伤害-,0
590237,590237,1,1,5,0,100,100,59023701,0,10,0,0,0,0,黄巾长弓对虎豹骑相克,黄巾长弓对虎豹骑相克,0,0,,,,,99,受兵种伤害-,0
590238,590238,1,1,5,0,100,100,59023801,0,10,0,0,0,0,黄巾长弓对乡勇轻骑相克,黄巾长弓对乡勇轻骑相克,0,0,,,,,99,受兵种伤害-,0
590239,590239,1,1,5,0,100,100,59023901,0,10,0,0,0,0,黄巾长弓对黄巾轻骑相克,黄巾长弓对黄巾轻骑相克,0,0,,,,,99,受兵种伤害-,0
590240,590240,1,1,5,0,100,100,59024001,0,10,0,0,0,0,黄巾长弓对白波轻骑相克,黄巾长弓对白波轻骑相克,0,0,,,,,99,受兵种伤害-,0
590241,590241,1,1,5,0,100,100,59024101,0,10,0,0,0,0,黄巾长弓对黑山轻骑相克,黄巾长弓对黑山轻骑相克,0,0,,,,,99,受兵种伤害-,0
590242,590242,1,1,5,0,100,100,59024201,0,10,0,0,0,0,黄巾长弓对西凉铁骑相克,黄巾长弓对西凉铁骑相克,0,0,,,,,99,受兵种伤害-,0
590243,590243,1,1,5,0,100,100,59024301,0,10,0,0,0,0,黄巾长弓对伏龙军相克,黄巾长弓对伏龙军相克,0,0,,,,,99,受兵种伤害-,0
590244,590244,1,1,5,0,100,100,59024401,0,10,0,0,0,0,解烦兵对乡勇弓手相克,解烦兵对乡勇弓手相克,0,0,,,,,99,受兵种伤害-,0
590245,590245,1,1,5,0,100,100,59024501,0,10,0,0,0,0,解烦兵对长枪兵相克,解烦兵对长枪兵相克,0,0,,,,,99,受兵种伤害-,0
590246,590246,1,1,5,0,100,100,59024601,0,10,0,0,0,0,解烦兵对乡勇步卒相克,解烦兵对乡勇步卒相克,0,0,,,,,99,受兵种伤害-,0
590247,590247,1,1,5,0,100,100,59024701,0,10,0,0,0,0,解烦兵对骑兵相克,解烦兵对骑兵相克,0,0,,,,,99,受兵种伤害-,0
590248,590248,1,1,5,0,100,100,59024801,0,10,0,0,0,0,解烦兵对重骑兵相克,解烦兵对重骑兵相克,0,0,,,,,99,受兵种伤害-,0
590249,590249,1,1,5,0,100,100,59024901,0,10,0,0,0,0,解烦兵对轻骑兵相克,解烦兵对轻骑兵相克,0,0,,,,,99,受兵种伤害-,0
590250,590250,1,1,5,0,100,100,59025001,0,10,0,0,0,0,解烦兵对弓骑兵相克,解烦兵对弓骑兵相克,0,0,,,,,99,受兵种伤害-,0
590251,590251,1,1,5,0,100,100,59025101,0,10,0,0,0,0,解烦兵对铁骑兵相克,解烦兵对铁骑兵相克,0,0,,,,,99,受兵种伤害-,0
590252,590252,1,1,5,0,100,100,59025201,0,10,0,0,0,0,解烦兵对象兵相克,解烦兵对象兵相克,0,0,,,,,99,受兵种伤害-,0
590253,590253,1,1,5,0,100,100,59025301,0,10,0,0,0,0,解烦兵对羽林骑相克,解烦兵对羽林骑相克,0,0,,,,,99,受兵种伤害-,0
590254,590254,1,1,5,0,100,100,59025401,0,10,0,0,0,0,解烦兵对白马义从相克,解烦兵对白马义从相克,0,0,,,,,99,受兵种伤害-,0
590255,590255,1,1,5,0,100,100,59025501,0,10,0,0,0,0,解烦兵对虎豹骑相克,解烦兵对虎豹骑相克,0,0,,,,,99,受兵种伤害-,0
590256,590256,1,1,5,0,100,100,59025601,0,10,0,0,0,0,解烦兵对乡勇轻骑相克,解烦兵对乡勇轻骑相克,0,0,,,,,99,受兵种伤害-,0
590257,590257,1,1,5,0,100,100,59025701,0,10,0,0,0,0,解烦兵对黄巾轻骑相克,解烦兵对黄巾轻骑相克,0,0,,,,,99,受兵种伤害-,0
590258,590258,1,1,5,0,100,100,59025801,0,10,0,0,0,0,解烦兵对白波轻骑相克,解烦兵对白波轻骑相克,0,0,,,,,99,受兵种伤害-,0
590259,590259,1,1,5,0,100,100,59025901,0,10,0,0,0,0,解烦兵对黑山轻骑相克,解烦兵对黑山轻骑相克,0,0,,,,,99,受兵种伤害-,0
590260,590260,1,1,5,0,100,100,59026001,0,10,0,0,0,0,解烦兵对西凉铁骑相克,解烦兵对西凉铁骑相克,0,0,,,,,99,受兵种伤害-,0
590261,590261,1,1,5,0,100,100,59026101,0,10,0,0,0,0,解烦兵对伏龙军相克,解烦兵对伏龙军相克,0,0,,,,,99,受兵种伤害-,0
590262,590262,1,1,5,0,100,100,59026201,0,10,0,0,0,0,白波长弓对乡勇弓手相克,白波长弓对乡勇弓手相克,0,0,,,,,99,受兵种伤害-,0
590263,590263,1,1,5,0,100,100,59026301,0,10,0,0,0,0,白波长弓对长枪兵相克,白波长弓对长枪兵相克,0,0,,,,,99,受兵种伤害-,0
590264,590264,1,1,5,0,100,100,59026401,0,10,0,0,0,0,白波长弓对乡勇步卒相克,白波长弓对乡勇步卒相克,0,0,,,,,99,受兵种伤害-,0
590265,590265,1,1,5,0,100,100,59026501,0,10,0,0,0,0,白波长弓对骑兵相克,白波长弓对骑兵相克,0,0,,,,,99,受兵种伤害-,0
590266,590266,1,1,5,0,100,100,59026601,0,10,0,0,0,0,白波长弓对重骑兵相克,白波长弓对重骑兵相克,0,0,,,,,99,受兵种伤害-,0
590267,590267,1,1,5,0,100,100,59026701,0,10,0,0,0,0,白波长弓对轻骑兵相克,白波长弓对轻骑兵相克,0,0,,,,,99,受兵种伤害-,0
590268,590268,1,1,5,0,100,100,59026801,0,10,0,0,0,0,白波长弓对弓骑兵相克,白波长弓对弓骑兵相克,0,0,,,,,99,受兵种伤害-,0
590269,590269,1,1,5,0,100,100,59026901,0,10,0,0,0,0,白波长弓对铁骑兵相克,白波长弓对铁骑兵相克,0,0,,,,,99,受兵种伤害-,0
590270,590270,1,1,5,0,100,100,59027001,0,10,0,0,0,0,白波长弓对象兵相克,白波长弓对象兵相克,0,0,,,,,99,受兵种伤害-,0
590271,590271,1,1,5,0,100,100,59027101,0,10,0,0,0,0,白波长弓对羽林骑相克,白波长弓对羽林骑相克,0,0,,,,,99,受兵种伤害-,0
590272,590272,1,1,5,0,100,100,59027201,0,10,0,0,0,0,白波长弓对白马义从相克,白波长弓对白马义从相克,0,0,,,,,99,受兵种伤害-,0
590273,590273,1,1,5,0,100,100,59027301,0,10,0,0,0,0,白波长弓对虎豹骑相克,白波长弓对虎豹骑相克,0,0,,,,,99,受兵种伤害-,0
590274,590274,1,1,5,0,100,100,59027401,0,10,0,0,0,0,白波长弓对乡勇轻骑相克,白波长弓对乡勇轻骑相克,0,0,,,,,99,受兵种伤害-,0
590275,590275,1,1,5,0,100,100,59027501,0,10,0,0,0,0,白波长弓对黄巾轻骑相克,白波长弓对黄巾轻骑相克,0,0,,,,,99,受兵种伤害-,0
590276,590276,1,1,5,0,100,100,59027601,0,10,0,0,0,0,白波长弓对白波轻骑相克,白波长弓对白波轻骑相克,0,0,,,,,99,受兵种伤害-,0
590277,590277,1,1,5,0,100,100,59027701,0,10,0,0,0,0,白波长弓对黑山轻骑相克,白波长弓对黑山轻骑相克,0,0,,,,,99,受兵种伤害-,0
590278,590278,1,1,5,0,100,100,59027801,0,10,0,0,0,0,白波长弓对西凉铁骑相克,白波长弓对西凉铁骑相克,0,0,,,,,99,受兵种伤害-,0
590279,590279,1,1,5,0,100,100,59027901,0,10,0,0,0,0,白波长弓对伏龙军相克,白波长弓对伏龙军相克,0,0,,,,,99,受兵种伤害-,0
590280,590280,1,1,5,0,100,100,59028001,0,10,0,0,0,0,黑山长弓对乡勇弓手相克,黑山长弓对乡勇弓手相克,0,0,,,,,99,受兵种伤害-,0
590281,590281,1,1,5,0,100,100,59028101,0,10,0,0,0,0,黑山长弓对长枪兵相克,黑山长弓对长枪兵相克,0,0,,,,,99,受兵种伤害-,0
590282,590282,1,1,5,0,100,100,59028201,0,10,0,0,0,0,黑山长弓对乡勇步卒相克,黑山长弓对乡勇步卒相克,0,0,,,,,99,受兵种伤害-,0
590283,590283,1,1,5,0,100,100,59028301,0,10,0,0,0,0,黑山长弓对骑兵相克,黑山长弓对骑兵相克,0,0,,,,,99,受兵种伤害-,0
590284,590284,1,1,5,0,100,100,59028401,0,10,0,0,0,0,黑山长弓对重骑兵相克,黑山长弓对重骑兵相克,0,0,,,,,99,受兵种伤害-,0
590285,590285,1,1,5,0,100,100,59028501,0,10,0,0,0,0,黑山长弓对轻骑兵相克,黑山长弓对轻骑兵相克,0,0,,,,,99,受兵种伤害-,0
590286,590286,1,1,5,0,100,100,59028601,0,10,0,0,0,0,黑山长弓对弓骑兵相克,黑山长弓对弓骑兵相克,0,0,,,,,99,受兵种伤害-,0
590287,590287,1,1,5,0,100,100,59028701,0,10,0,0,0,0,黑山长弓对铁骑兵相克,黑山长弓对铁骑兵相克,0,0,,,,,99,受兵种伤害-,0
590288,590288,1,1,5,0,100,100,59028801,0,10,0,0,0,0,黑山长弓对象兵相克,黑山长弓对象兵相克,0,0,,,,,99,受兵种伤害-,0
590289,590289,1,1,5,0,100,100,59028901,0,10,0,0,0,0,黑山长弓对羽林骑相克,黑山长弓对羽林骑相克,0,0,,,,,99,受兵种伤害-,0
590290,590290,1,1,5,0,100,100,59029001,0,10,0,0,0,0,黑山长弓对白马义从相克,黑山长弓对白马义从相克,0,0,,,,,99,受兵种伤害-,0
590291,590291,1,1,5,0,100,100,59029101,0,10,0,0,0,0,黑山长弓对虎豹骑相克,黑山长弓对虎豹骑相克,0,0,,,,,99,受兵种伤害-,0
590292,590292,1,1,5,0,100,100,59029201,0,10,0,0,0,0,黑山长弓对乡勇轻骑相克,黑山长弓对乡勇轻骑相克,0,0,,,,,99,受兵种伤害-,0
590293,590293,1,1,5,0,100,100,59029301,0,10,0,0,0,0,黑山长弓对黄巾轻骑相克,黑山长弓对黄巾轻骑相克,0,0,,,,,99,受兵种伤害-,0
590294,590294,1,1,5,0,100,100,59029401,0,10,0,0,0,0,黑山长弓对白波轻骑相克,黑山长弓对白波轻骑相克,0,0,,,,,99,受兵种伤害-,0
590295,590295,1,1,5,0,100,100,59029501,0,10,0,0,0,0,黑山长弓对黑山轻骑相克,黑山长弓对黑山轻骑相克,0,0,,,,,99,受兵种伤害-,0
590296,590296,1,1,5,0,100,100,59029601,0,10,0,0,0,0,黑山长弓对西凉铁骑相克,黑山长弓对西凉铁骑相克,0,0,,,,,99,受兵种伤害-,0
590297,590297,1,1,5,0,100,100,59029701,0,10,0,0,0,0,黑山长弓对伏龙军相克,黑山长弓对伏龙军相克,0,0,,,,,99,受兵种伤害-,0
590298,590298,1,1,5,0,100,100,59029801,0,10,0,0,0,0,耕战营对乡勇弓手相克,耕战营对乡勇弓手相克,0,0,,,,,99,受兵种伤害-,0
590299,590299,1,1,5,0,100,100,59029901,0,10,0,0,0,0,耕战营对长枪兵相克,耕战营对长枪兵相克,0,0,,,,,99,受兵种伤害-,0
590300,590300,1,1,5,0,100,100,59030001,0,10,0,0,0,0,耕战营对乡勇步卒相克,耕战营对乡勇步卒相克,0,0,,,,,99,受兵种伤害-,0
590301,590301,1,1,5,0,100,100,59030101,0,10,0,0,0,0,耕战营对骑兵相克,耕战营对骑兵相克,0,0,,,,,99,受兵种伤害-,0
590302,590302,1,1,5,0,100,100,59030201,0,10,0,0,0,0,耕战营对重骑兵相克,耕战营对重骑兵相克,0,0,,,,,99,受兵种伤害-,0
590303,590303,1,1,5,0,100,100,59030301,0,10,0,0,0,0,耕战营对轻骑兵相克,耕战营对轻骑兵相克,0,0,,,,,99,受兵种伤害-,0
590304,590304,1,1,5,0,100,100,59030401,0,10,0,0,0,0,耕战营对弓骑兵相克,耕战营对弓骑兵相克,0,0,,,,,99,受兵种伤害-,0
590305,590305,1,1,5,0,100,100,59030501,0,10,0,0,0,0,耕战营对铁骑兵相克,耕战营对铁骑兵相克,0,0,,,,,99,受兵种伤害-,0
590306,590306,1,1,5,0,100,100,59030601,0,10,0,0,0,0,耕战营对象兵相克,耕战营对象兵相克,0,0,,,,,99,受兵种伤害-,0
590307,590307,1,1,5,0,100,100,59030701,0,10,0,0,0,0,耕战营对羽林骑相克,耕战营对羽林骑相克,0,0,,,,,99,受兵种伤害-,0
590308,590308,1,1,5,0,100,100,59030801,0,10,0,0,0,0,耕战营对白马义从相克,耕战营对白马义从相克,0,0,,,,,99,受兵种伤害-,0
590309,590309,1,1,5,0,100,100,59030901,0,10,0,0,0,0,耕战营对虎豹骑相克,耕战营对虎豹骑相克,0,0,,,,,99,受兵种伤害-,0
590310,590310,1,1,5,0,100,100,59031001,0,10,0,0,0,0,耕战营对乡勇轻骑相克,耕战营对乡勇轻骑相克,0,0,,,,,99,受兵种伤害-,0
590311,590311,1,1,5,0,100,100,59031101,0,10,0,0,0,0,耕战营对黄巾轻骑相克,耕战营对黄巾轻骑相克,0,0,,,,,99,受兵种伤害-,0
590312,590312,1,1,5,0,100,100,59031201,0,10,0,0,0,0,耕战营对白波轻骑相克,耕战营对白波轻骑相克,0,0,,,,,99,受兵种伤害-,0
590313,590313,1,1,5,0,100,100,59031301,0,10,0,0,0,0,耕战营对黑山轻骑相克,耕战营对黑山轻骑相克,0,0,,,,,99,受兵种伤害-,0
590314,590314,1,1,5,0,100,100,59031401,0,10,0,0,0,0,耕战营对西凉铁骑相克,耕战营对西凉铁骑相克,0,0,,,,,99,受兵种伤害-,0
590315,590315,1,1,5,0,100,100,59031501,0,10,0,0,0,0,耕战营对伏龙军相克,耕战营对伏龙军相克,0,0,,,,,99,受兵种伤害-,0
590316,590316,1,1,5,0,100,100,59031601,0,10,0,0,0,0,青囊兵对乡勇弓手相克,青囊兵对乡勇弓手相克,0,0,,,,,99,受兵种伤害-,0
590317,590317,1,1,5,0,100,100,59031701,0,10,0,0,0,0,青囊兵对长枪兵相克,青囊兵对长枪兵相克,0,0,,,,,99,受兵种伤害-,0
590318,590318,1,1,5,0,100,100,59031801,0,10,0,0,0,0,青囊兵对乡勇步卒相克,青囊兵对乡勇步卒相克,0,0,,,,,99,受兵种伤害-,0
590319,590319,1,1,5,0,100,100,59031901,0,10,0,0,0,0,青囊兵对骑兵相克,青囊兵对骑兵相克,0,0,,,,,99,受兵种伤害-,0
590320,590320,1,1,5,0,100,100,59032001,0,10,0,0,0,0,青囊兵对重骑兵相克,青囊兵对重骑兵相克,0,0,,,,,99,受兵种伤害-,0
590321,590321,1,1,5,0,100,100,59032101,0,10,0,0,0,0,青囊兵对轻骑兵相克,青囊兵对轻骑兵相克,0,0,,,,,99,受兵种伤害-,0
590322,590322,1,1,5,0,100,100,59032201,0,10,0,0,0,0,青囊兵对弓骑兵相克,青囊兵对弓骑兵相克,0,0,,,,,99,受兵种伤害-,0
590323,590323,1,1,5,0,100,100,59032301,0,10,0,0,0,0,青囊兵对铁骑兵相克,青囊兵对铁骑兵相克,0,0,,,,,99,受兵种伤害-,0
590324,590324,1,1,5,0,100,100,59032401,0,10,0,0,0,0,青囊兵对象兵相克,青囊兵对象兵相克,0,0,,,,,99,受兵种伤害-,0
590325,590325,1,1,5,0,100,100,59032501,0,10,0,0,0,0,青囊兵对羽林骑相克,青囊兵对羽林骑相克,0,0,,,,,99,受兵种伤害-,0
590326,590326,1,1,5,0,100,100,59032601,0,10,0,0,0,0,青囊兵对白马义从相克,青囊兵对白马义从相克,0,0,,,,,99,受兵种伤害-,0
590327,590327,1,1,5,0,100,100,59032701,0,10,0,0,0,0,青囊兵对虎豹骑相克,青囊兵对虎豹骑相克,0,0,,,,,99,受兵种伤害-,0
590328,590328,1,1,5,0,100,100,59032801,0,10,0,0,0,0,青囊兵对乡勇轻骑相克,青囊兵对乡勇轻骑相克,0,0,,,,,99,受兵种伤害-,0
590329,590329,1,1,5,0,100,100,59032901,0,10,0,0,0,0,青囊兵对黄巾轻骑相克,青囊兵对黄巾轻骑相克,0,0,,,,,99,受兵种伤害-,0
590330,590330,1,1,5,0,100,100,59033001,0,10,0,0,0,0,青囊兵对白波轻骑相克,青囊兵对白波轻骑相克,0,0,,,,,99,受兵种伤害-,0
590331,590331,1,1,5,0,100,100,59033101,0,10,0,0,0,0,青囊兵对黑山轻骑相克,青囊兵对黑山轻骑相克,0,0,,,,,99,受兵种伤害-,0
590332,590332,1,1,5,0,100,100,59033201,0,10,0,0,0,0,青囊兵对西凉铁骑相克,青囊兵对西凉铁骑相克,0,0,,,,,99,受兵种伤害-,0
590333,590333,1,1,5,0,100,100,59033301,0,10,0,0,0,0,青囊兵对伏龙军相克,青囊兵对伏龙军相克,0,0,,,,,99,受兵种伤害-,0
590334,590334,1,1,5,0,100,100,59033401,0,10,0,0,0,0,步兵对火矢兵相克,步兵对火矢兵相克,0,0,,,,,99,受兵种伤害-,0
590335,590335,1,1,5,0,100,100,59033501,0,10,0,0,0,0,步兵对无当飞军相克,步兵对无当飞军相克,0,0,,,,,99,受兵种伤害-,0
590336,590336,1,1,5,0,100,100,59033601,0,10,0,0,0,0,步兵对乡勇弓手相克,步兵对乡勇弓手相克,0,0,,,,,99,受兵种伤害-,0
590337,590337,1,1,5,0,100,100,59033701,0,10,0,0,0,0,步兵对丹阳兵相克,步兵对丹阳兵相克,0,0,,,,,99,受兵种伤害-,0
590338,590338,1,1,5,0,100,100,59033801,0,10,0,0,0,0,步兵对黄巾长弓相克,步兵对黄巾长弓相克,0,0,,,,,99,受兵种伤害-,0
590339,590339,1,1,5,0,100,100,59033901,0,10,0,0,0,0,步兵对解烦兵相克,步兵对解烦兵相克,0,0,,,,,99,受兵种伤害-,0
590340,590340,1,1,5,0,100,100,59034001,0,10,0,0,0,0,步兵对白波长弓相克,步兵对白波长弓相克,0,0,,,,,99,受兵种伤害-,0
590341,590341,1,1,5,0,100,100,59034101,0,10,0,0,0,0,步兵对黑山长弓相克,步兵对黑山长弓相克,0,0,,,,,99,受兵种伤害-,0
590342,590342,1,1,5,0,100,100,59034201,0,10,0,0,0,0,步兵对耕战营相克,步兵对耕战营相克,0,0,,,,,99,受兵种伤害-,0
590343,590343,1,1,5,0,100,100,59034301,0,10,0,0,0,0,步兵对青囊兵相克,步兵对青囊兵相克,0,0,,,,,99,受兵种伤害-,0
590344,590344,1,1,5,0,100,100,59034401,0,10,0,0,0,0,步兵对大戟士相克,步兵对大戟士相克,0,0,,,,,99,受兵种伤害-,0
590345,590345,1,1,5,0,100,100,59034501,0,10,0,0,0,0,步兵对乡勇步卒相克,步兵对乡勇步卒相克,0,0,,,,,99,受兵种伤害-,0
590346,590346,1,1,5,0,100,100,59034601,0,10,0,0,0,0,步兵对乡勇轻骑相克,步兵对乡勇轻骑相克,0,0,,,,,99,受兵种伤害-,0
590347,590347,1,1,5,0,100,100,59034701,0,10,0,0,0,0,重步兵对火矢兵相克,重步兵对火矢兵相克,0,0,,,,,99,受兵种伤害-,0
590348,590348,1,1,5,0,100,100,59034801,0,10,0,0,0,0,重步兵对无当飞军相克,重步兵对无当飞军相克,0,0,,,,,99,受兵种伤害-,0
590349,590349,1,1,5,0,100,100,59034901,0,10,0,0,0,0,重步兵对乡勇弓手相克,重步兵对乡勇弓手相克,0,0,,,,,99,受兵种伤害-,0
590350,590350,1,1,5,0,100,100,59035001,0,10,0,0,0,0,重步兵对丹阳兵相克,重步兵对丹阳兵相克,0,0,,,,,99,受兵种伤害-,0
590351,590351,1,1,5,0,100,100,59035101,0,10,0,0,0,0,重步兵对黄巾长弓相克,重步兵对黄巾长弓相克,0,0,,,,,99,受兵种伤害-,0
590352,590352,1,1,5,0,100,100,59035201,0,10,0,0,0,0,重步兵对解烦兵相克,重步兵对解烦兵相克,0,0,,,,,99,受兵种伤害-,0
590353,590353,1,1,5,0,100,100,59035301,0,10,0,0,0,0,重步兵对白波长弓相克,重步兵对白波长弓相克,0,0,,,,,99,受兵种伤害-,0
590354,590354,1,1,5,0,100,100,59035401,0,10,0,0,0,0,重步兵对黑山长弓相克,重步兵对黑山长弓相克,0,0,,,,,99,受兵种伤害-,0
590355,590355,1,1,5,0,100,100,59035501,0,10,0,0,0,0,重步兵对耕战营相克,重步兵对耕战营相克,0,0,,,,,99,受兵种伤害-,0
590356,590356,1,1,5,0,100,100,59035601,0,10,0,0,0,0,重步兵对青囊兵相克,重步兵对青囊兵相克,0,0,,,,,99,受兵种伤害-,0
590357,590357,1,1,5,0,100,100,59035701,0,10,0,0,0,0,重步兵对大戟士相克,重步兵对大戟士相克,0,0,,,,,99,受兵种伤害-,0
590358,590358,1,1,5,0,100,100,59035801,0,10,0,0,0,0,重步兵对乡勇步卒相克,重步兵对乡勇步卒相克,0,0,,,,,99,受兵种伤害-,0
590359,590359,1,1,5,0,100,100,59035901,0,10,0,0,0,0,重步兵对乡勇轻骑相克,重步兵对乡勇轻骑相克,0,0,,,,,99,受兵种伤害-,0
590360,590360,1,1,5,0,100,100,59036001,0,10,0,0,0,0,长枪兵对乡勇弓手相克,长枪兵对乡勇弓手相克,0,0,,,,,99,受兵种伤害-,0
590361,590361,1,1,5,0,100,100,59036101,0,10,0,0,0,0,长枪兵对乡勇步卒相克,长枪兵对乡勇步卒相克,0,0,,,,,99,受兵种伤害-,0
590362,590362,1,1,5,0,100,100,59036201,0,10,0,0,0,0,长枪兵对虎豹骑相克,长枪兵对虎豹骑相克,0,0,,,,,99,受兵种伤害-,0
590363,590363,1,1,5,0,100,100,59036301,0,10,0,0,0,0,长枪兵对乡勇轻骑相克,长枪兵对乡勇轻骑相克,0,0,,,,,99,受兵种伤害-,0
590364,590364,1,1,5,0,100,100,59036401,0,10,0,0,0,0,长枪兵对黄巾轻骑相克,长枪兵对黄巾轻骑相克,0,0,,,,,99,受兵种伤害-,0
590365,590365,1,1,5,0,100,100,59036501,0,10,0,0,0,0,长枪兵对白波轻骑相克,长枪兵对白波轻骑相克,0,0,,,,,99,受兵种伤害-,0
590366,590366,1,1,5,0,100,100,59036601,0,10,0,0,0,0,长枪兵对黑山轻骑相克,长枪兵对黑山轻骑相克,0,0,,,,,99,受兵种伤害-,0
590367,590367,1,1,5,0,100,100,59036701,0,10,0,0,0,0,长枪兵对西凉铁骑相克,长枪兵对西凉铁骑相克,0,0,,,,,99,受兵种伤害-,0
590368,590368,1,1,5,0,100,100,59036801,0,10,0,0,0,0,长枪兵对伏龙军相克,长枪兵对伏龙军相克,0,0,,,,,99,受兵种伤害-,0
590369,590369,1,1,5,0,100,100,59036901,0,10,0,0,0,0,蛮兵对火矢兵相克,蛮兵对火矢兵相克,0,0,,,,,99,受兵种伤害-,0
590370,590370,1,1,5,0,100,100,59037001,0,10,0,0,0,0,蛮兵对无当飞军相克,蛮兵对无当飞军相克,0,0,,,,,99,受兵种伤害-,0
590371,590371,1,1,5,0,100,100,59037101,0,10,0,0,0,0,蛮兵对乡勇弓手相克,蛮兵对乡勇弓手相克,0,0,,,,,99,受兵种伤害-,0
590372,590372,1,1,5,0,100,100,59037201,0,10,0,0,0,0,蛮兵对丹阳兵相克,蛮兵对丹阳兵相克,0,0,,,,,99,受兵种伤害-,0
590373,590373,1,1,5,0,100,100,59037301,0,10,0,0,0,0,蛮兵对黄巾长弓相克,蛮兵对黄巾长弓相克,0,0,,,,,99,受兵种伤害-,0
590374,590374,1,1,5,0,100,100,59037401,0,10,0,0,0,0,蛮兵对解烦兵相克,蛮兵对解烦兵相克,0,0,,,,,99,受兵种伤害-,0
590375,590375,1,1,5,0,100,100,59037501,0,10,0,0,0,0,蛮兵对白波长弓相克,蛮兵对白波长弓相克,0,0,,,,,99,受兵种伤害-,0
590376,590376,1,1,5,0,100,100,59037601,0,10,0,0,0,0,蛮兵对黑山长弓相克,蛮兵对黑山长弓相克,0,0,,,,,99,受兵种伤害-,0
590377,590377,1,1,5,0,100,100,59037701,0,10,0,0,0,0,蛮兵对耕战营相克,蛮兵对耕战营相克,0,0,,,,,99,受兵种伤害-,0
590378,590378,1,1,5,0,100,100,59037801,0,10,0,0,0,0,蛮兵对青囊兵相克,蛮兵对青囊兵相克,0,0,,,,,99,受兵种伤害-,0
590379,590379,1,1,5,0,100,100,59037901,0,10,0,0,0,0,蛮兵对大戟士相克,蛮兵对大戟士相克,0,0,,,,,99,受兵种伤害-,0
590380,590380,1,1,5,0,100,100,59038001,0,10,0,0,0,0,蛮兵对乡勇步卒相克,蛮兵对乡勇步卒相克,0,0,,,,,99,受兵种伤害-,0
590381,590381,1,1,5,0,100,100,59038101,0,10,0,0,0,0,蛮兵对乡勇轻骑相克,蛮兵对乡勇轻骑相克,0,0,,,,,99,受兵种伤害-,0
590382,590382,1,1,5,0,100,100,59038201,0,10,0,0,0,0,禁卫对火矢兵相克,禁卫对火矢兵相克,0,0,,,,,99,受兵种伤害-,0
590383,590383,1,1,5,0,100,100,59038301,0,10,0,0,0,0,禁卫对无当飞军相克,禁卫对无当飞军相克,0,0,,,,,99,受兵种伤害-,0
590384,590384,1,1,5,0,100,100,59038401,0,10,0,0,0,0,禁卫对乡勇弓手相克,禁卫对乡勇弓手相克,0,0,,,,,99,受兵种伤害-,0
590385,590385,1,1,5,0,100,100,59038501,0,10,0,0,0,0,禁卫对丹阳兵相克,禁卫对丹阳兵相克,0,0,,,,,99,受兵种伤害-,0
590386,590386,1,1,5,0,100,100,59038601,0,10,0,0,0,0,禁卫对黄巾长弓相克,禁卫对黄巾长弓相克,0,0,,,,,99,受兵种伤害-,0
590387,590387,1,1,5,0,100,100,59038701,0,10,0,0,0,0,禁卫对解烦兵相克,禁卫对解烦兵相克,0,0,,,,,99,受兵种伤害-,0
590388,590388,1,1,5,0,100,100,59038801,0,10,0,0,0,0,禁卫对白波长弓相克,禁卫对白波长弓相克,0,0,,,,,99,受兵种伤害-,0
590389,590389,1,1,5,0,100,100,59038901,0,10,0,0,0,0,禁卫对黑山长弓相克,禁卫对黑山长弓相克,0,0,,,,,99,受兵种伤害-,0
590390,590390,1,1,5,0,100,100,59039001,0,10,0,0,0,0,禁卫对耕战营相克,禁卫对耕战营相克,0,0,,,,,99,受兵种伤害-,0
590391,590391,1,1,5,0,100,100,59039101,0,10,0,0,0,0,禁卫对青囊兵相克,禁卫对青囊兵相克,0,0,,,,,99,受兵种伤害-,0
590392,590392,1,1,5,0,100,100,59039201,0,10,0,0,0,0,禁卫对大戟士相克,禁卫对大戟士相克,0,0,,,,,99,受兵种伤害-,0
590393,590393,1,1,5,0,100,100,59039301,0,10,0,0,0,0,禁卫对乡勇步卒相克,禁卫对乡勇步卒相克,0,0,,,,,99,受兵种伤害-,0
590394,590394,1,1,5,0,100,100,59039401,0,10,0,0,0,0,禁卫对乡勇轻骑相克,禁卫对乡勇轻骑相克,0,0,,,,,99,受兵种伤害-,0
590395,590395,1,1,5,0,100,100,59039501,0,10,0,0,0,0,藤甲兵对火矢兵相克,藤甲兵对火矢兵相克,0,0,,,,,99,受兵种伤害-,0
590396,590396,1,1,5,0,100,100,59039601,0,10,0,0,0,0,藤甲兵对无当飞军相克,藤甲兵对无当飞军相克,0,0,,,,,99,受兵种伤害-,0
590397,590397,1,1,5,0,100,100,59039701,0,10,0,0,0,0,藤甲兵对乡勇弓手相克,藤甲兵对乡勇弓手相克,0,0,,,,,99,受兵种伤害-,0
590398,590398,1,1,5,0,100,100,59039801,0,10,0,0,0,0,藤甲兵对丹阳兵相克,藤甲兵对丹阳兵相克,0,0,,,,,99,受兵种伤害-,0
590399,590399,1,1,5,0,100,100,59039901,0,10,0,0,0,0,藤甲兵对黄巾长弓相克,藤甲兵对黄巾长弓相克,0,0,,,,,99,受兵种伤害-,0
590400,590400,1,1,5,0,100,100,59040001,0,10,0,0,0,0,藤甲兵对解烦兵相克,藤甲兵对解烦兵相克,0,0,,,,,99,受兵种伤害-,0
590401,590401,1,1,5,0,100,100,59040101,0,10,0,0,0,0,藤甲兵对白波长弓相克,藤甲兵对白波长弓相克,0,0,,,,,99,受兵种伤害-,0
590402,590402,1,1,5,0,100,100,59040201,0,10,0,0,0,0,藤甲兵对黑山长弓相克,藤甲兵对黑山长弓相克,0,0,,,,,99,受兵种伤害-,0
590403,590403,1,1,5,0,100,100,59040301,0,10,0,0,0,0,藤甲兵对耕战营相克,藤甲兵对耕战营相克,0,0,,,,,99,受兵种伤害-,0
590404,590404,1,1,5,0,100,100,59040401,0,10,0,0,0,0,藤甲兵对青囊兵相克,藤甲兵对青囊兵相克,0,0,,,,,99,受兵种伤害-,0
590405,590405,1,1,5,0,100,100,59040501,0,10,0,0,0,0,藤甲兵对大戟士相克,藤甲兵对大戟士相克,0,0,,,,,99,受兵种伤害-,0
590406,590406,1,1,5,0,100,100,59040601,0,10,0,0,0,0,藤甲兵对乡勇步卒相克,藤甲兵对乡勇步卒相克,0,0,,,,,99,受兵种伤害-,0
590407,590407,1,1,5,0,100,100,59040701,0,10,0,0,0,0,藤甲兵对乡勇轻骑相克,藤甲兵对乡勇轻骑相克,0,0,,,,,99,受兵种伤害-,0
590408,590408,1,1,5,0,100,100,59040801,0,10,0,0,0,0,飞熊军对火矢兵相克,飞熊军对火矢兵相克,0,0,,,,,99,受兵种伤害-,0
590409,590409,1,1,5,0,100,100,59040901,0,10,0,0,0,0,飞熊军对无当飞军相克,飞熊军对无当飞军相克,0,0,,,,,99,受兵种伤害-,0
590410,590410,1,1,5,0,100,100,59041001,0,10,0,0,0,0,飞熊军对乡勇弓手相克,飞熊军对乡勇弓手相克,0,0,,,,,99,受兵种伤害-,0
590411,590411,1,1,5,0,100,100,59041101,0,10,0,0,0,0,飞熊军对丹阳兵相克,飞熊军对丹阳兵相克,0,0,,,,,99,受兵种伤害-,0
590412,590412,1,1,5,0,100,100,59041201,0,10,0,0,0,0,飞熊军对黄巾长弓相克,飞熊军对黄巾长弓相克,0,0,,,,,99,受兵种伤害-,0
590413,590413,1,1,5,0,100,100,59041301,0,10,0,0,0,0,飞熊军对解烦兵相克,飞熊军对解烦兵相克,0,0,,,,,99,受兵种伤害-,0
590414,590414,1,1,5,0,100,100,59041401,0,10,0,0,0,0,飞熊军对白波长弓相克,飞熊军对白波长弓相克,0,0,,,,,99,受兵种伤害-,0
590415,590415,1,1,5,0,100,100,59041501,0,10,0,0,0,0,飞熊军对黑山长弓相克,飞熊军对黑山长弓相克,0,0,,,,,99,受兵种伤害-,0
590416,590416,1,1,5,0,100,100,59041601,0,10,0,0,0,0,飞熊军对耕战营相克,飞熊军对耕战营相克,0,0,,,,,99,受兵种伤害-,0
590417,590417,1,1,5,0,100,100,59041701,0,10,0,0,0,0,飞熊军对青囊兵相克,飞熊军对青囊兵相克,0,0,,,,,99,受兵种伤害-,0
590418,590418,1,1,5,0,100,100,59041801,0,10,0,0,0,0,飞熊军对大戟士相克,飞熊军对大戟士相克,0,0,,,,,99,受兵种伤害-,0
590419,590419,1,1,5,0,100,100,59041901,0,10,0,0,0,0,飞熊军对乡勇步卒相克,飞熊军对乡勇步卒相克,0,0,,,,,99,受兵种伤害-,0
590420,590420,1,1,5,0,100,100,59042001,0,10,0,0,0,0,飞熊军对乡勇轻骑相克,飞熊军对乡勇轻骑相克,0,0,,,,,99,受兵种伤害-,0
590421,590421,1,1,5,0,100,100,59042101,0,10,0,0,0,0,舷卫对弓兵相克,舷卫对弓兵相克,0,0,,,,,99,受兵种伤害-,0
590422,590422,1,1,5,0,100,100,59042201,0,10,0,0,0,0,舷卫对长弓兵相克,舷卫对长弓兵相克,0,0,,,,,99,受兵种伤害-,0
590423,590423,1,1,5,0,100,100,59042301,0,10,0,0,0,0,舷卫对弩兵相克,舷卫对弩兵相克,0,0,,,,,99,受兵种伤害-,0
590424,590424,1,1,5,0,100,100,59042401,0,10,0,0,0,0,舷卫对死士相克,舷卫对死士相克,0,0,,,,,99,受兵种伤害-,0
590425,590425,1,1,5,0,100,100,59042501,0,10,0,0,0,0,舷卫对连弩兵相克,舷卫对连弩兵相克,0,0,,,,,99,受兵种伤害-,0
590426,590426,1,1,5,0,100,100,59042601,0,10,0,0,0,0,舷卫对火矢兵相克,舷卫对火矢兵相克,0,0,,,,,99,受兵种伤害-,0
590427,590427,1,1,5,0,100,100,59042701,0,10,0,0,0,0,舷卫对无当飞军相克,舷卫对无当飞军相克,0,0,,,,,99,受兵种伤害-,0
590428,590428,1,1,5,0,100,100,59042801,0,10,0,0,0,0,舷卫对乡勇弓手相克,舷卫对乡勇弓手相克,0,0,,,,,99,受兵种伤害-,0
590429,590429,1,1,5,0,100,100,59042901,0,10,0,0,0,0,舷卫对丹阳兵相克,舷卫对丹阳兵相克,0,0,,,,,99,受兵种伤害-,0
590430,590430,1,1,5,0,100,100,59043001,0,10,0,0,0,0,舷卫对黄巾长弓相克,舷卫对黄巾长弓相克,0,0,,,,,99,受兵种伤害-,0
590431,590431,1,1,5,0,100,100,59043101,0,10,0,0,0,0,舷卫对解烦兵相克,舷卫对解烦兵相克,0,0,,,,,99,受兵种伤害-,0
590432,590432,1,1,5,0,100,100,59043201,0,10,0,0,0,0,舷卫对白波长弓相克,舷卫对白波长弓相克,0,0,,,,,99,受兵种伤害-,0
590433,590433,1,1,5,0,100,100,59043301,0,10,0,0,0,0,舷卫对黑山长弓相克,舷卫对黑山长弓相克,0,0,,,,,99,受兵种伤害-,0
590434,590434,1,1,5,0,100,100,59043401,0,10,0,0,0,0,舷卫对耕战营相克,舷卫对耕战营相克,0,0,,,,,99,受兵种伤害-,0
590435,590435,1,1,5,0,100,100,59043501,0,10,0,0,0,0,舷卫对青囊兵相克,舷卫对青囊兵相克,0,0,,,,,99,受兵种伤害-,0
590436,590436,1,1,5,0,100,100,59043601,0,10,0,0,0,0,舷卫对大戟士相克,舷卫对大戟士相克,0,0,,,,,99,受兵种伤害-,0
590437,590437,1,1,5,0,100,100,59043701,0,10,0,0,0,0,舷卫对乡勇步卒相克,舷卫对乡勇步卒相克,0,0,,,,,99,受兵种伤害-,0
590438,590438,1,1,5,0,100,100,59043801,0,10,0,0,0,0,舷卫对乡勇轻骑相克,舷卫对乡勇轻骑相克,0,0,,,,,99,受兵种伤害-,0
590439,590439,1,1,5,0,100,100,59043901,0,10,0,0,0,0,黄巾兵对火矢兵相克,黄巾兵对火矢兵相克,0,0,,,,,99,受兵种伤害-,0
590440,590440,1,1,5,0,100,100,59044001,0,10,0,0,0,0,黄巾兵对无当飞军相克,黄巾兵对无当飞军相克,0,0,,,,,99,受兵种伤害-,0
590441,590441,1,1,5,0,100,100,59044101,0,10,0,0,0,0,黄巾兵对乡勇弓手相克,黄巾兵对乡勇弓手相克,0,0,,,,,99,受兵种伤害-,0
590442,590442,1,1,5,0,100,100,59044201,0,10,0,0,0,0,黄巾兵对丹阳兵相克,黄巾兵对丹阳兵相克,0,0,,,,,99,受兵种伤害-,0
590443,590443,1,1,5,0,100,100,59044301,0,10,0,0,0,0,黄巾兵对黄巾长弓相克,黄巾兵对黄巾长弓相克,0,0,,,,,99,受兵种伤害-,0
590444,590444,1,1,5,0,100,100,59044401,0,10,0,0,0,0,黄巾兵对解烦兵相克,黄巾兵对解烦兵相克,0,0,,,,,99,受兵种伤害-,0
590445,590445,1,1,5,0,100,100,59044501,0,10,0,0,0,0,黄巾兵对白波长弓相克,黄巾兵对白波长弓相克,0,0,,,,,99,受兵种伤害-,0
590446,590446,1,1,5,0,100,100,59044601,0,10,0,0,0,0,黄巾兵对黑山长弓相克,黄巾兵对黑山长弓相克,0,0,,,,,99,受兵种伤害-,0
590447,590447,1,1,5,0,100,100,59044701,0,10,0,0,0,0,黄巾兵对耕战营相克,黄巾兵对耕战营相克,0,0,,,,,99,受兵种伤害-,0
590448,590448,1,1,5,0,100,100,59044801,0,10,0,0,0,0,黄巾兵对青囊兵相克,黄巾兵对青囊兵相克,0,0,,,,,99,受兵种伤害-,0
590449,590449,1,1,5,0,100,100,59044901,0,10,0,0,0,0,黄巾兵对大戟士相克,黄巾兵对大戟士相克,0,0,,,,,99,受兵种伤害-,0
590450,590450,1,1,5,0,100,100,59045001,0,10,0,0,0,0,黄巾兵对乡勇步卒相克,黄巾兵对乡勇步卒相克,0,0,,,,,99,受兵种伤害-,0
590451,590451,1,1,5,0,100,100,59045101,0,10,0,0,0,0,黄巾兵对乡勇轻骑相克,黄巾兵对乡勇轻骑相克,0,0,,,,,99,受兵种伤害-,0
590452,590452,1,1,5,0,100,100,59045201,0,10,0,0,0,0,大戟士对弓兵相克,大戟士对弓兵相克,0,0,,,,,99,受兵种伤害-,0
590453,590453,1,1,5,0,100,100,59045301,0,10,0,0,0,0,大戟士对长弓兵相克,大戟士对长弓兵相克,0,0,,,,,99,受兵种伤害-,0
590454,590454,1,1,5,0,100,100,59045401,0,10,0,0,0,0,大戟士对弩兵相克,大戟士对弩兵相克,0,0,,,,,99,受兵种伤害-,0
590455,590455,1,1,5,0,100,100,59045501,0,10,0,0,0,0,大戟士对死士相克,大戟士对死士相克,0,0,,,,,99,受兵种伤害-,0
590456,590456,1,1,5,0,100,100,59045601,0,10,0,0,0,0,大戟士对连弩兵相克,大戟士对连弩兵相克,0,0,,,,,99,受兵种伤害-,0
590457,590457,1,1,5,0,100,100,59045701,0,10,0,0,0,0,大戟士对火矢兵相克,大戟士对火矢兵相克,0,0,,,,,99,受兵种伤害-,0
590458,590458,1,1,5,0,100,100,59045801,0,10,0,0,0,0,大戟士对无当飞军相克,大戟士对无当飞军相克,0,0,,,,,99,受兵种伤害-,0
590459,590459,1,1,5,0,100,100,59045901,0,10,0,0,0,0,大戟士对乡勇弓手相克,大戟士对乡勇弓手相克,0,0,,,,,99,受兵种伤害-,0
590460,590460,1,1,5,0,100,100,59046001,0,10,0,0,0,0,大戟士对丹阳兵相克,大戟士对丹阳兵相克,0,0,,,,,99,受兵种伤害-,0
590461,590461,1,1,5,0,100,100,59046101,0,10,0,0,0,0,大戟士对黄巾长弓相克,大戟士对黄巾长弓相克,0,0,,,,,99,受兵种伤害-,0
590462,590462,1,1,5,0,100,100,59046201,0,10,0,0,0,0,大戟士对解烦兵相克,大戟士对解烦兵相克,0,0,,,,,99,受兵种伤害-,0
590463,590463,1,1,5,0,100,100,59046301,0,10,0,0,0,0,大戟士对白波长弓相克,大戟士对白波长弓相克,0,0,,,,,99,受兵种伤害-,0
590464,590464,1,1,5,0,100,100,59046401,0,10,0,0,0,0,大戟士对黑山长弓相克,大戟士对黑山长弓相克,0,0,,,,,99,受兵种伤害-,0
590465,590465,1,1,5,0,100,100,59046501,0,10,0,0,0,0,大戟士对耕战营相克,大戟士对耕战营相克,0,0,,,,,99,受兵种伤害-,0
590466,590466,1,1,5,0,100,100,59046601,0,10,0,0,0,0,大戟士对青囊兵相克,大戟士对青囊兵相克,0,0,,,,,99,受兵种伤害-,0
590467,590467,1,1,5,0,100,100,59046701,0,10,0,0,0,0,大戟士对乡勇步卒相克,大戟士对乡勇步卒相克,0,0,,,,,99,受兵种伤害-,0
590468,590468,1,1,5,0,100,100,59046801,0,10,0,0,0,0,大戟士对骑兵相克,大戟士对骑兵相克,0,0,,,,,99,受兵种伤害-,0
590469,590469,1,1,5,0,100,100,59046901,0,10,0,0,0,0,大戟士对重骑兵相克,大戟士对重骑兵相克,0,0,,,,,99,受兵种伤害-,0
590470,590470,1,1,5,0,100,100,59047001,0,10,0,0,0,0,大戟士对轻骑兵相克,大戟士对轻骑兵相克,0,0,,,,,99,受兵种伤害-,0
590471,590471,1,1,5,0,100,100,59047101,0,10,0,0,0,0,大戟士对弓骑兵相克,大戟士对弓骑兵相克,0,0,,,,,99,受兵种伤害-,0
590472,590472,1,1,5,0,100,100,59047201,0,10,0,0,0,0,大戟士对铁骑兵相克,大戟士对铁骑兵相克,0,0,,,,,99,受兵种伤害-,0
590473,590473,1,1,5,0,100,100,59047301,0,10,0,0,0,0,大戟士对象兵相克,大戟士对象兵相克,0,0,,,,,99,受兵种伤害-,0
590474,590474,1,1,5,0,100,100,59047401,0,10,0,0,0,0,大戟士对羽林骑相克,大戟士对羽林骑相克,0,0,,,,,99,受兵种伤害-,0
590475,590475,1,1,5,0,100,100,59047501,0,10,0,0,0,0,大戟士对白马义从相克,大戟士对白马义从相克,0,0,,,,,99,受兵种伤害-,0
590476,590476,1,1,5,0,100,100,59047601,0,10,0,0,0,0,大戟士对虎豹骑相克,大戟士对虎豹骑相克,0,0,,,,,99,受兵种伤害-,0
590477,590477,1,1,5,0,100,100,59047701,0,10,0,0,0,0,大戟士对乡勇轻骑相克,大戟士对乡勇轻骑相克,0,0,,,,,99,受兵种伤害-,0
590478,590478,1,1,5,0,100,100,59047801,0,10,0,0,0,0,大戟士对黄巾轻骑相克,大戟士对黄巾轻骑相克,0,0,,,,,99,受兵种伤害-,0
590479,590479,1,1,5,0,100,100,59047901,0,10,0,0,0,0,大戟士对白波轻骑相克,大戟士对白波轻骑相克,0,0,,,,,99,受兵种伤害-,0
590480,590480,1,1,5,0,100,100,59048001,0,10,0,0,0,0,大戟士对黑山轻骑相克,大戟士对黑山轻骑相克,0,0,,,,,99,受兵种伤害-,0
590481,590481,1,1,5,0,100,100,59048101,0,10,0,0,0,0,大戟士对西凉铁骑相克,大戟士对西凉铁骑相克,0,0,,,,,99,受兵种伤害-,0
590482,590482,1,1,5,0,100,100,59048201,0,10,0,0,0,0,大戟士对伏龙军相克,大戟士对伏龙军相克,0,0,,,,,99,受兵种伤害-,0
590483,590483,1,1,5,0,100,100,59048301,0,10,0,0,0,0,白毦兵对弓兵相克,白毦兵对弓兵相克,0,0,,,,,99,受兵种伤害-,0
590484,590484,1,1,5,0,100,100,59048401,0,10,0,0,0,0,白毦兵对长弓兵相克,白毦兵对长弓兵相克,0,0,,,,,99,受兵种伤害-,0
590485,590485,1,1,5,0,100,100,59048501,0,10,0,0,0,0,白毦兵对弩兵相克,白毦兵对弩兵相克,0,0,,,,,99,受兵种伤害-,0
590486,590486,1,1,5,0,100,100,59048601,0,10,0,0,0,0,白毦兵对死士相克,白毦兵对死士相克,0,0,,,,,99,受兵种伤害-,0
590487,590487,1,1,5,0,100,100,59048701,0,10,0,0,0,0,白毦兵对连弩兵相克,白毦兵对连弩兵相克,0,0,,,,,99,受兵种伤害-,0
590488,590488,1,1,5,0,100,100,59048801,0,10,0,0,0,0,白毦兵对火矢兵相克,白毦兵对火矢兵相克,0,0,,,,,99,受兵种伤害-,0
590489,590489,1,1,5,0,100,100,59048901,0,10,0,0,0,0,白毦兵对无当飞军相克,白毦兵对无当飞军相克,0,0,,,,,99,受兵种伤害-,0
590490,590490,1,1,5,0,100,100,59049001,0,10,0,0,0,0,白毦兵对乡勇弓手相克,白毦兵对乡勇弓手相克,0,0,,,,,99,受兵种伤害-,0
590491,590491,1,1,5,0,100,100,59049101,0,10,0,0,0,0,白毦兵对丹阳兵相克,白毦兵对丹阳兵相克,0,0,,,,,99,受兵种伤害-,0
590492,590492,1,1,5,0,100,100,59049201,0,10,0,0,0,0,白毦兵对黄巾长弓相克,白毦兵对黄巾长弓相克,0,0,,,,,99,受兵种伤害-,0
590493,590493,1,1,5,0,100,100,59049301,0,10,0,0,0,0,白毦兵对解烦兵相克,白毦兵对解烦兵相克,0,0,,,,,99,受兵种伤害-,0
590494,590494,1,1,5,0,100,100,59049401,0,10,0,0,0,0,白毦兵对白波长弓相克,白毦兵对白波长弓相克,0,0,,,,,99,受兵种伤害-,0
590495,590495,1,1,5,0,100,100,59049501,0,10,0,0,0,0,白毦兵对黑山长弓相克,白毦兵对黑山长弓相克,0,0,,,,,99,受兵种伤害-,0
590496,590496,1,1,5,0,100,100,59049601,0,10,0,0,0,0,白毦兵对耕战营相克,白毦兵对耕战营相克,0,0,,,,,99,受兵种伤害-,0
590497,590497,1,1,5,0,100,100,59049701,0,10,0,0,0,0,白毦兵对青囊兵相克,白毦兵对青囊兵相克,0,0,,,,,99,受兵种伤害-,0
590498,590498,1,1,5,0,100,100,59049801,0,10,0,0,0,0,白毦兵对大戟士相克,白毦兵对大戟士相克,0,0,,,,,99,受兵种伤害-,0
590499,590499,1,1,5,0,100,100,59049901,0,10,0,0,0,0,白毦兵对乡勇步卒相克,白毦兵对乡勇步卒相克,0,0,,,,,99,受兵种伤害-,0
590500,590500,1,1,5,0,100,100,59050001,0,10,0,0,0,0,白毦兵对乡勇轻骑相克,白毦兵对乡勇轻骑相克,0,0,,,,,99,受兵种伤害-,0
590501,590501,1,1,5,0,100,100,59050101,0,10,0,0,0,0,乡勇步卒对乡勇弓手相克,乡勇步卒对乡勇弓手相克,0,0,,,,,99,受兵种伤害-,0
590502,590502,1,1,5,0,100,100,59050201,0,10,0,0,0,0,白波轻步对弓兵相克,白波轻步对弓兵相克,0,0,,,,,99,受兵种伤害-,0
590503,590503,1,1,5,0,100,100,59050301,0,10,0,0,0,0,白波轻步对长弓兵相克,白波轻步对长弓兵相克,0,0,,,,,99,受兵种伤害-,0
590504,590504,1,1,5,0,100,100,59050401,0,10,0,0,0,0,白波轻步对弩兵相克,白波轻步对弩兵相克,0,0,,,,,99,受兵种伤害-,0
590505,590505,1,1,5,0,100,100,59050501,0,10,0,0,0,0,白波轻步对死士相克,白波轻步对死士相克,0,0,,,,,99,受兵种伤害-,0
590506,590506,1,1,5,0,100,100,59050601,0,10,0,0,0,0,白波轻步对连弩兵相克,白波轻步对连弩兵相克,0,0,,,,,99,受兵种伤害-,0
590507,590507,1,1,5,0,100,100,59050701,0,10,0,0,0,0,白波轻步对火矢兵相克,白波轻步对火矢兵相克,0,0,,,,,99,受兵种伤害-,0
590508,590508,1,1,5,0,100,100,59050801,0,10,0,0,0,0,白波轻步对无当飞军相克,白波轻步对无当飞军相克,0,0,,,,,99,受兵种伤害-,0
590509,590509,1,1,5,0,100,100,59050901,0,10,0,0,0,0,白波轻步对乡勇弓手相克,白波轻步对乡勇弓手相克,0,0,,,,,99,受兵种伤害-,0
590510,590510,1,1,5,0,100,100,59051001,0,10,0,0,0,0,白波轻步对丹阳兵相克,白波轻步对丹阳兵相克,0,0,,,,,99,受兵种伤害-,0
590511,590511,1,1,5,0,100,100,59051101,0,10,0,0,0,0,白波轻步对黄巾长弓相克,白波轻步对黄巾长弓相克,0,0,,,,,99,受兵种伤害-,0
590512,590512,1,1,5,0,100,100,59051201,0,10,0,0,0,0,白波轻步对解烦兵相克,白波轻步对解烦兵相克,0,0,,,,,99,受兵种伤害-,0
590513,590513,1,1,5,0,100,100,59051301,0,10,0,0,0,0,白波轻步对白波长弓相克,白波轻步对白波长弓相克,0,0,,,,,99,受兵种伤害-,0
590514,590514,1,1,5,0,100,100,59051401,0,10,0,0,0,0,白波轻步对黑山长弓相克,白波轻步对黑山长弓相克,0,0,,,,,99,受兵种伤害-,0
590515,590515,1,1,5,0,100,100,59051501,0,10,0,0,0,0,白波轻步对耕战营相克,白波轻步对耕战营相克,0,0,,,,,99,受兵种伤害-,0
590516,590516,1,1,5,0,100,100,59051601,0,10,0,0,0,0,白波轻步对青囊兵相克,白波轻步对青囊兵相克,0,0,,,,,99,受兵种伤害-,0
590517,590517,1,1,5,0,100,100,59051701,0,10,0,0,0,0,白波轻步对大戟士相克,白波轻步对大戟士相克,0,0,,,,,99,受兵种伤害-,0
590518,590518,1,1,5,0,100,100,59051801,0,10,0,0,0,0,白波轻步对乡勇步卒相克,白波轻步对乡勇步卒相克,0,0,,,,,99,受兵种伤害-,0
590519,590519,1,1,5,0,100,100,59051901,0,10,0,0,0,0,白波轻步对乡勇轻骑相克,白波轻步对乡勇轻骑相克,0,0,,,,,99,受兵种伤害-,0
590520,590520,1,1,5,0,100,100,59052001,0,10,0,0,0,0,黑山轻步对弓兵相克,黑山轻步对弓兵相克,0,0,,,,,99,受兵种伤害-,0
590521,590521,1,1,5,0,100,100,59052101,0,10,0,0,0,0,黑山轻步对长弓兵相克,黑山轻步对长弓兵相克,0,0,,,,,99,受兵种伤害-,0
590522,590522,1,1,5,0,100,100,59052201,0,10,0,0,0,0,黑山轻步对弩兵相克,黑山轻步对弩兵相克,0,0,,,,,99,受兵种伤害-,0
590523,590523,1,1,5,0,100,100,59052301,0,10,0,0,0,0,黑山轻步对死士相克,黑山轻步对死士相克,0,0,,,,,99,受兵种伤害-,0
590524,590524,1,1,5,0,100,100,59052401,0,10,0,0,0,0,黑山轻步对连弩兵相克,黑山轻步对连弩兵相克,0,0,,,,,99,受兵种伤害-,0
590525,590525,1,1,5,0,100,100,59052501,0,10,0,0,0,0,黑山轻步对火矢兵相克,黑山轻步对火矢兵相克,0,0,,,,,99,受兵种伤害-,0
590526,590526,1,1,5,0,100,100,59052601,0,10,0,0,0,0,黑山轻步对无当飞军相克,黑山轻步对无当飞军相克,0,0,,,,,99,受兵种伤害-,0
590527,590527,1,1,5,0,100,100,59052701,0,10,0,0,0,0,黑山轻步对乡勇弓手相克,黑山轻步对乡勇弓手相克,0,0,,,,,99,受兵种伤害-,0
590528,590528,1,1,5,0,100,100,59052801,0,10,0,0,0,0,黑山轻步对丹阳兵相克,黑山轻步对丹阳兵相克,0,0,,,,,99,受兵种伤害-,0
590529,590529,1,1,5,0,100,100,59052901,0,10,0,0,0,0,黑山轻步对黄巾长弓相克,黑山轻步对黄巾长弓相克,0,0,,,,,99,受兵种伤害-,0
590530,590530,1,1,5,0,100,100,59053001,0,10,0,0,0,0,黑山轻步对解烦兵相克,黑山轻步对解烦兵相克,0,0,,,,,99,受兵种伤害-,0
590531,590531,1,1,5,0,100,100,59053101,0,10,0,0,0,0,黑山轻步对白波长弓相克,黑山轻步对白波长弓相克,0,0,,,,,99,受兵种伤害-,0
590532,590532,1,1,5,0,100,100,59053201,0,10,0,0,0,0,黑山轻步对黑山长弓相克,黑山轻步对黑山长弓相克,0,0,,,,,99,受兵种伤害-,0
590533,590533,1,1,5,0,100,100,59053301,0,10,0,0,0,0,黑山轻步对耕战营相克,黑山轻步对耕战营相克,0,0,,,,,99,受兵种伤害-,0
590534,590534,1,1,5,0,100,100,59053401,0,10,0,0,0,0,黑山轻步对青囊兵相克,黑山轻步对青囊兵相克,0,0,,,,,99,受兵种伤害-,0
590535,590535,1,1,5,0,100,100,59053501,0,10,0,0,0,0,黑山轻步对大戟士相克,黑山轻步对大戟士相克,0,0,,,,,99,受兵种伤害-,0
590536,590536,1,1,5,0,100,100,59053601,0,10,0,0,0,0,黑山轻步对乡勇步卒相克,黑山轻步对乡勇步卒相克,0,0,,,,,99,受兵种伤害-,0
590537,590537,1,1,5,0,100,100,59053701,0,10,0,0,0,0,黑山轻步对乡勇轻骑相克,黑山轻步对乡勇轻骑相克,0,0,,,,,99,受兵种伤害-,0
590538,590538,1,1,5,0,100,100,59053801,0,10,0,0,0,0,陷阵营对弓兵相克,陷阵营对弓兵相克,0,0,,,,,99,受兵种伤害-,0
590539,590539,1,1,5,0,100,100,59053901,0,10,0,0,0,0,陷阵营对长弓兵相克,陷阵营对长弓兵相克,0,0,,,,,99,受兵种伤害-,0
590540,590540,1,1,5,0,100,100,59054001,0,10,0,0,0,0,陷阵营对弩兵相克,陷阵营对弩兵相克,0,0,,,,,99,受兵种伤害-,0
590541,590541,1,1,5,0,100,100,59054101,0,10,0,0,0,0,陷阵营对死士相克,陷阵营对死士相克,0,0,,,,,99,受兵种伤害-,0
590542,590542,1,1,5,0,100,100,59054201,0,10,0,0,0,0,陷阵营对连弩兵相克,陷阵营对连弩兵相克,0,0,,,,,99,受兵种伤害-,0
590543,590543,1,1,5,0,100,100,59054301,0,10,0,0,0,0,陷阵营对火矢兵相克,陷阵营对火矢兵相克,0,0,,,,,99,受兵种伤害-,0
590544,590544,1,1,5,0,100,100,59054401,0,10,0,0,0,0,陷阵营对无当飞军相克,陷阵营对无当飞军相克,0,0,,,,,99,受兵种伤害-,0
590545,590545,1,1,5,0,100,100,59054501,0,10,0,0,0,0,陷阵营对乡勇弓手相克,陷阵营对乡勇弓手相克,0,0,,,,,99,受兵种伤害-,0
590546,590546,1,1,5,0,100,100,59054601,0,10,0,0,0,0,陷阵营对丹阳兵相克,陷阵营对丹阳兵相克,0,0,,,,,99,受兵种伤害-,0
590547,590547,1,1,5,0,100,100,59054701,0,10,0,0,0,0,陷阵营对黄巾长弓相克,陷阵营对黄巾长弓相克,0,0,,,,,99,受兵种伤害-,0
590548,590548,1,1,5,0,100,100,59054801,0,10,0,0,0,0,陷阵营对解烦兵相克,陷阵营对解烦兵相克,0,0,,,,,99,受兵种伤害-,0
590549,590549,1,1,5,0,100,100,59054901,0,10,0,0,0,0,陷阵营对白波长弓相克,陷阵营对白波长弓相克,0,0,,,,,99,受兵种伤害-,0
590550,590550,1,1,5,0,100,100,59055001,0,10,0,0,0,0,陷阵营对黑山长弓相克,陷阵营对黑山长弓相克,0,0,,,,,99,受兵种伤害-,0
590551,590551,1,1,5,0,100,100,59055101,0,10,0,0,0,0,陷阵营对耕战营相克,陷阵营对耕战营相克,0,0,,,,,99,受兵种伤害-,0
590552,590552,1,1,5,0,100,100,59055201,0,10,0,0,0,0,陷阵营对青囊兵相克,陷阵营对青囊兵相克,0,0,,,,,99,受兵种伤害-,0
590553,590553,1,1,5,0,100,100,59055301,0,10,0,0,0,0,陷阵营对大戟士相克,陷阵营对大戟士相克,0,0,,,,,99,受兵种伤害-,0
590554,590554,1,1,5,0,100,100,59055401,0,10,0,0,0,0,陷阵营对乡勇步卒相克,陷阵营对乡勇步卒相克,0,0,,,,,99,受兵种伤害-,0
590555,590555,1,1,5,0,100,100,59055501,0,10,0,0,0,0,陷阵营对乡勇轻骑相克,陷阵营对乡勇轻骑相克,0,0,,,,,99,受兵种伤害-,0
590556,590556,1,1,5,0,100,100,59055601,0,10,0,0,0,0,黄巾轻步对弓兵相克,黄巾轻步对弓兵相克,0,0,,,,,99,受兵种伤害-,0
590557,590557,1,1,5,0,100,100,59055701,0,10,0,0,0,0,黄巾轻步对长弓兵相克,黄巾轻步对长弓兵相克,0,0,,,,,99,受兵种伤害-,0
590558,590558,1,1,5,0,100,100,59055801,0,10,0,0,0,0,黄巾轻步对弩兵相克,黄巾轻步对弩兵相克,0,0,,,,,99,受兵种伤害-,0
590559,590559,1,1,5,0,100,100,59055901,0,10,0,0,0,0,黄巾轻步对死士相克,黄巾轻步对死士相克,0,0,,,,,99,受兵种伤害-,0
590560,590560,1,1,5,0,100,100,59056001,0,10,0,0,0,0,黄巾轻步对连弩兵相克,黄巾轻步对连弩兵相克,0,0,,,,,99,受兵种伤害-,0
590561,590561,1,1,5,0,100,100,59056101,0,10,0,0,0,0,黄巾轻步对火矢兵相克,黄巾轻步对火矢兵相克,0,0,,,,,99,受兵种伤害-,0
590562,590562,1,1,5,0,100,100,59056201,0,10,0,0,0,0,黄巾轻步对无当飞军相克,黄巾轻步对无当飞军相克,0,0,,,,,99,受兵种伤害-,0
590563,590563,1,1,5,0,100,100,59056301,0,10,0,0,0,0,黄巾轻步对乡勇弓手相克,黄巾轻步对乡勇弓手相克,0,0,,,,,99,受兵种伤害-,0
590564,590564,1,1,5,0,100,100,59056401,0,10,0,0,0,0,黄巾轻步对丹阳兵相克,黄巾轻步对丹阳兵相克,0,0,,,,,99,受兵种伤害-,0
590565,590565,1,1,5,0,100,100,59056501,0,10,0,0,0,0,黄巾轻步对黄巾长弓相克,黄巾轻步对黄巾长弓相克,0,0,,,,,99,受兵种伤害-,0
590566,590566,1,1,5,0,100,100,59056601,0,10,0,0,0,0,黄巾轻步对解烦兵相克,黄巾轻步对解烦兵相克,0,0,,,,,99,受兵种伤害-,0
590567,590567,1,1,5,0,100,100,59056701,0,10,0,0,0,0,黄巾轻步对白波长弓相克,黄巾轻步对白波长弓相克,0,0,,,,,99,受兵种伤害-,0
590568,590568,1,1,5,0,100,100,59056801,0,10,0,0,0,0,黄巾轻步对黑山长弓相克,黄巾轻步对黑山长弓相克,0,0,,,,,99,受兵种伤害-,0
590569,590569,1,1,5,0,100,100,59056901,0,10,0,0,0,0,黄巾轻步对耕战营相克,黄巾轻步对耕战营相克,0,0,,,,,99,受兵种伤害-,0
590570,590570,1,1,5,0,100,100,59057001,0,10,0,0,0,0,黄巾轻步对青囊兵相克,黄巾轻步对青囊兵相克,0,0,,,,,99,受兵种伤害-,0
590571,590571,1,1,5,0,100,100,59057101,0,10,0,0,0,0,黄巾轻步对大戟士相克,黄巾轻步对大戟士相克,0,0,,,,,99,受兵种伤害-,0
590572,590572,1,1,5,0,100,100,59057201,0,10,0,0,0,0,黄巾轻步对乡勇步卒相克,黄巾轻步对乡勇步卒相克,0,0,,,,,99,受兵种伤害-,0
590573,590573,1,1,5,0,100,100,59057301,0,10,0,0,0,0,黄巾轻步对乡勇轻骑相克,黄巾轻步对乡勇轻骑相克,0,0,,,,,99,受兵种伤害-,0
590574,590574,1,1,5,0,100,100,59057401,0,10,0,0,0,0,重垣军对弓兵相克,重垣军对弓兵相克,0,0,,,,,99,受兵种伤害-,0
590575,590575,1,1,5,0,100,100,59057501,0,10,0,0,0,0,重垣军对长弓兵相克,重垣军对长弓兵相克,0,0,,,,,99,受兵种伤害-,0
590576,590576,1,1,5,0,100,100,59057601,0,10,0,0,0,0,重垣军对弩兵相克,重垣军对弩兵相克,0,0,,,,,99,受兵种伤害-,0
590577,590577,1,1,5,0,100,100,59057701,0,10,0,0,0,0,重垣军对死士相克,重垣军对死士相克,0,0,,,,,99,受兵种伤害-,0
590578,590578,1,1,5,0,100,100,59057801,0,10,0,0,0,0,重垣军对连弩兵相克,重垣军对连弩兵相克,0,0,,,,,99,受兵种伤害-,0
590579,590579,1,1,5,0,100,100,59057901,0,10,0,0,0,0,重垣军对火矢兵相克,重垣军对火矢兵相克,0,0,,,,,99,受兵种伤害-,0
590580,590580,1,1,5,0,100,100,59058001,0,10,0,0,0,0,重垣军对无当飞军相克,重垣军对无当飞军相克,0,0,,,,,99,受兵种伤害-,0
590581,590581,1,1,5,0,100,100,59058101,0,10,0,0,0,0,重垣军对乡勇弓手相克,重垣军对乡勇弓手相克,0,0,,,,,99,受兵种伤害-,0
590582,590582,1,1,5,0,100,100,59058201,0,10,0,0,0,0,重垣军对丹阳兵相克,重垣军对丹阳兵相克,0,0,,,,,99,受兵种伤害-,0
590583,590583,1,1,5,0,100,100,59058301,0,10,0,0,0,0,重垣军对黄巾长弓相克,重垣军对黄巾长弓相克,0,0,,,,,99,受兵种伤害-,0
590584,590584,1,1,5,0,100,100,59058401,0,10,0,0,0,0,重垣军对解烦兵相克,重垣军对解烦兵相克,0,0,,,,,99,受兵种伤害-,0
590585,590585,1,1,5,0,100,100,59058501,0,10,0,0,0,0,重垣军对白波长弓相克,重垣军对白波长弓相克,0,0,,,,,99,受兵种伤害-,0
590586,590586,1,1,5,0,100,100,59058601,0,10,0,0,0,0,重垣军对黑山长弓相克,重垣军对黑山长弓相克,0,0,,,,,99,受兵种伤害-,0
590587,590587,1,1,5,0,100,100,59058701,0,10,0,0,0,0,重垣军对耕战营相克,重垣军对耕战营相克,0,0,,,,,99,受兵种伤害-,0
590588,590588,1,1,5,0,100,100,59058801,0,10,0,0,0,0,重垣军对青囊兵相克,重垣军对青囊兵相克,0,0,,,,,99,受兵种伤害-,0
590589,590589,1,1,5,0,100,100,59058901,0,10,0,0,0,0,重垣军对大戟士相克,重垣军对大戟士相克,0,0,,,,,99,受兵种伤害-,0
590590,590590,1,1,5,0,100,100,59059001,0,10,0,0,0,0,重垣军对乡勇步卒相克,重垣军对乡勇步卒相克,0,0,,,,,99,受兵种伤害-,0
590591,590591,1,1,5,0,100,100,59059101,0,10,0,0,0,0,重垣军对乡勇轻骑相克,重垣军对乡勇轻骑相克,0,0,,,,,99,受兵种伤害-,0
590592,590592,1,1,5,0,100,100,59059201,0,10,0,0,0,0,骑兵对乡勇弓手相克,骑兵对乡勇弓手相克,0,0,,,,,99,受兵种伤害-,0
590593,590593,1,1,5,0,100,100,59059301,0,10,0,0,0,0,骑兵对舷卫相克,骑兵对舷卫相克,0,0,,,,,99,受兵种伤害-,0
590594,590594,1,1,5,0,100,100,59059401,0,10,0,0,0,0,骑兵对白毦兵相克,骑兵对白毦兵相克,0,0,,,,,99,受兵种伤害-,0
590595,590595,1,1,5,0,100,100,59059501,0,10,0,0,0,0,骑兵对乡勇步卒相克,骑兵对乡勇步卒相克,0,0,,,,,99,受兵种伤害-,0
590596,590596,1,1,5,0,100,100,59059601,0,10,0,0,0,0,骑兵对白波轻步相克,骑兵对白波轻步相克,0,0,,,,,99,受兵种伤害-,0
590597,590597,1,1,5,0,100,100,59059701,0,10,0,0,0,0,骑兵对黑山轻步相克,骑兵对黑山轻步相克,0,0,,,,,99,受兵种伤害-,0
590598,590598,1,1,5,0,100,100,59059801,0,10,0,0,0,0,骑兵对陷阵营相克,骑兵对陷阵营相克,0,0,,,,,99,受兵种伤害-,0
590599,590599,1,1,5,0,100,100,59059901,0,10,0,0,0,0,骑兵对黄巾轻步相克,骑兵对黄巾轻步相克,0,0,,,,,99,受兵种伤害-,0
590600,590600,1,1,5,0,100,100,59060001,0,10,0,0,0,0,骑兵对重垣军相克,骑兵对重垣军相克,0,0,,,,,99,受兵种伤害-,0
590601,590601,1,1,5,0,100,100,59060101,0,10,0,0,0,0,骑兵对乡勇轻骑相克,骑兵对乡勇轻骑相克,0,0,,,,,99,受兵种伤害-,0
590602,590602,1,1,5,0,100,100,59060201,0,10,0,0,0,0,重骑兵对乡勇弓手相克,重骑兵对乡勇弓手相克,0,0,,,,,99,受兵种伤害-,0
590603,590603,1,1,5,0,100,100,59060301,0,10,0,0,0,0,重骑兵对舷卫相克,重骑兵对舷卫相克,0,0,,,,,99,受兵种伤害-,0
590604,590604,1,1,5,0,100,100,59060401,0,10,0,0,0,0,重骑兵对白毦兵相克,重骑兵对白毦兵相克,0,0,,,,,99,受兵种伤害-,0
590605,590605,1,1,5,0,100,100,59060501,0,10,0,0,0,0,重骑兵对乡勇步卒相克,重骑兵对乡勇步卒相克,0,0,,,,,99,受兵种伤害-,0
590606,590606,1,1,5,0,100,100,59060601,0,10,0,0,0,0,重骑兵对白波轻步相克,重骑兵对白波轻步相克,0,0,,,,,99,受兵种伤害-,0
590607,590607,1,1,5,0,100,100,59060701,0,10,0,0,0,0,重骑兵对黑山轻步相克,重骑兵对黑山轻步相克,0,0,,,,,99,受兵种伤害-,0
590608,590608,1,1,5,0,100,100,59060801,0,10,0,0,0,0,重骑兵对陷阵营相克,重骑兵对陷阵营相克,0,0,,,,,99,受兵种伤害-,0
590609,590609,1,1,5,0,100,100,59060901,0,10,0,0,0,0,重骑兵对黄巾轻步相克,重骑兵对黄巾轻步相克,0,0,,,,,99,受兵种伤害-,0
590610,590610,1,1,5,0,100,100,59061001,0,10,0,0,0,0,重骑兵对重垣军相克,重骑兵对重垣军相克,0,0,,,,,99,受兵种伤害-,0
590611,590611,1,1,5,0,100,100,59061101,0,10,0,0,0,0,重骑兵对乡勇轻骑相克,重骑兵对乡勇轻骑相克,0,0,,,,,99,受兵种伤害-,0
590612,590612,1,1,5,0,100,100,59061201,0,10,0,0,0,0,轻骑兵对乡勇弓手相克,轻骑兵对乡勇弓手相克,0,0,,,,,99,受兵种伤害-,0
590613,590613,1,1,5,0,100,100,59061301,0,10,0,0,0,0,轻骑兵对舷卫相克,轻骑兵对舷卫相克,0,0,,,,,99,受兵种伤害-,0
590614,590614,1,1,5,0,100,100,59061401,0,10,0,0,0,0,轻骑兵对白毦兵相克,轻骑兵对白毦兵相克,0,0,,,,,99,受兵种伤害-,0
590615,590615,1,1,5,0,100,100,59061501,0,10,0,0,0,0,轻骑兵对乡勇步卒相克,轻骑兵对乡勇步卒相克,0,0,,,,,99,受兵种伤害-,0
590616,590616,1,1,5,0,100,100,59061601,0,10,0,0,0,0,轻骑兵对白波轻步相克,轻骑兵对白波轻步相克,0,0,,,,,99,受兵种伤害-,0
590617,590617,1,1,5,0,100,100,59061701,0,10,0,0,0,0,轻骑兵对黑山轻步相克,轻骑兵对黑山轻步相克,0,0,,,,,99,受兵种伤害-,0
590618,590618,1,1,5,0,100,100,59061801,0,10,0,0,0,0,轻骑兵对陷阵营相克,轻骑兵对陷阵营相克,0,0,,,,,99,受兵种伤害-,0
590619,590619,1,1,5,0,100,100,59061901,0,10,0,0,0,0,轻骑兵对黄巾轻步相克,轻骑兵对黄巾轻步相克,0,0,,,,,99,受兵种伤害-,0
590620,590620,1,1,5,0,100,100,59062001,0,10,0,0,0,0,轻骑兵对重垣军相克,轻骑兵对重垣军相克,0,0,,,,,99,受兵种伤害-,0
590621,590621,1,1,5,0,100,100,59062101,0,10,0,0,0,0,轻骑兵对乡勇轻骑相克,轻骑兵对乡勇轻骑相克,0,0,,,,,99,受兵种伤害-,0
590622,590622,1,1,5,0,100,100,59062201,0,10,0,0,0,0,弓骑兵对乡勇弓手相克,弓骑兵对乡勇弓手相克,0,0,,,,,99,受兵种伤害-,0
590623,590623,1,1,5,0,100,100,59062301,0,10,0,0,0,0,弓骑兵对舷卫相克,弓骑兵对舷卫相克,0,0,,,,,99,受兵种伤害-,0
590624,590624,1,1,5,0,100,100,59062401,0,10,0,0,0,0,弓骑兵对白毦兵相克,弓骑兵对白毦兵相克,0,0,,,,,99,受兵种伤害-,0
590625,590625,1,1,5,0,100,100,59062501,0,10,0,0,0,0,弓骑兵对乡勇步卒相克,弓骑兵对乡勇步卒相克,0,0,,,,,99,受兵种伤害-,0
590626,590626,1,1,5,0,100,100,59062601,0,10,0,0,0,0,弓骑兵对白波轻步相克,弓骑兵对白波轻步相克,0,0,,,,,99,受兵种伤害-,0
590627,590627,1,1,5,0,100,100,59062701,0,10,0,0,0,0,弓骑兵对黑山轻步相克,弓骑兵对黑山轻步相克,0,0,,,,,99,受兵种伤害-,0
590628,590628,1,1,5,0,100,100,59062801,0,10,0,0,0,0,弓骑兵对陷阵营相克,弓骑兵对陷阵营相克,0,0,,,,,99,受兵种伤害-,0
590629,590629,1,1,5,0,100,100,59062901,0,10,0,0,0,0,弓骑兵对黄巾轻步相克,弓骑兵对黄巾轻步相克,0,0,,,,,99,受兵种伤害-,0
590630,590630,1,1,5,0,100,100,59063001,0,10,0,0,0,0,弓骑兵对重垣军相克,弓骑兵对重垣军相克,0,0,,,,,99,受兵种伤害-,0
590631,590631,1,1,5,0,100,100,59063101,0,10,0,0,0,0,弓骑兵对乡勇轻骑相克,弓骑兵对乡勇轻骑相克,0,0,,,,,99,受兵种伤害-,0
590632,590632,1,1,5,0,100,100,59063201,0,10,0,0,0,0,铁骑兵对乡勇弓手相克,铁骑兵对乡勇弓手相克,0,0,,,,,99,受兵种伤害-,0
590633,590633,1,1,5,0,100,100,59063301,0,10,0,0,0,0,铁骑兵对舷卫相克,铁骑兵对舷卫相克,0,0,,,,,99,受兵种伤害-,0
590634,590634,1,1,5,0,100,100,59063401,0,10,0,0,0,0,铁骑兵对白毦兵相克,铁骑兵对白毦兵相克,0,0,,,,,99,受兵种伤害-,0
590635,590635,1,1,5,0,100,100,59063501,0,10,0,0,0,0,铁骑兵对乡勇步卒相克,铁骑兵对乡勇步卒相克,0,0,,,,,99,受兵种伤害-,0
590636,590636,1,1,5,0,100,100,59063601,0,10,0,0,0,0,铁骑兵对白波轻步相克,铁骑兵对白波轻步相克,0,0,,,,,99,受兵种伤害-,0
590637,590637,1,1,5,0,100,100,59063701,0,10,0,0,0,0,铁骑兵对黑山轻步相克,铁骑兵对黑山轻步相克,0,0,,,,,99,受兵种伤害-,0
590638,590638,1,1,5,0,100,100,59063801,0,10,0,0,0,0,铁骑兵对陷阵营相克,铁骑兵对陷阵营相克,0,0,,,,,99,受兵种伤害-,0
590639,590639,1,1,5,0,100,100,59063901,0,10,0,0,0,0,铁骑兵对黄巾轻步相克,铁骑兵对黄巾轻步相克,0,0,,,,,99,受兵种伤害-,0
590640,590640,1,1,5,0,100,100,59064001,0,10,0,0,0,0,铁骑兵对重垣军相克,铁骑兵对重垣军相克,0,0,,,,,99,受兵种伤害-,0
590641,590641,1,1,5,0,100,100,59064101,0,10,0,0,0,0,铁骑兵对乡勇轻骑相克,铁骑兵对乡勇轻骑相克,0,0,,,,,99,受兵种伤害-,0
590642,590642,1,1,5,0,100,100,59064201,0,10,0,0,0,0,象兵对乡勇弓手相克,象兵对乡勇弓手相克,0,0,,,,,99,受兵种伤害-,0
590643,590643,1,1,5,0,100,100,59064301,0,10,0,0,0,0,象兵对步兵相克,象兵对步兵相克,0,0,,,,,99,受兵种伤害-,0
590644,590644,1,1,5,0,100,100,59064401,0,10,0,0,0,0,象兵对重步兵相克,象兵对重步兵相克,0,0,,,,,99,受兵种伤害-,0
590645,590645,1,1,5,0,100,100,59064501,0,10,0,0,0,0,象兵对蛮兵相克,象兵对蛮兵相克,0,0,,,,,99,受兵种伤害-,0
590646,590646,1,1,5,0,100,100,59064601,0,10,0,0,0,0,象兵对禁卫相克,象兵对禁卫相克,0,0,,,,,99,受兵种伤害-,0
590647,590647,1,1,5,0,100,100,59064701,0,10,0,0,0,0,象兵对藤甲兵相克,象兵对藤甲兵相克,0,0,,,,,99,受兵种伤害-,0
590648,590648,1,1,5,0,100,100,59064801,0,10,0,0,0,0,象兵对飞熊军相克,象兵对飞熊军相克,0,0,,,,,99,受兵种伤害-,0
590649,590649,1,1,5,0,100,100,59064901,0,10,0,0,0,0,象兵对舷卫相克,象兵对舷卫相克,0,0,,,,,99,受兵种伤害-,0
590650,590650,1,1,5,0,100,100,59065001,0,10,0,0,0,0,象兵对黄巾兵相克,象兵对黄巾兵相克,0,0,,,,,99,受兵种伤害-,0
590651,590651,1,1,5,0,100,100,59065101,0,10,0,0,0,0,象兵对白毦兵相克,象兵对白毦兵相克,0,0,,,,,99,受兵种伤害-,0
590652,590652,1,1,5,0,100,100,59065201,0,10,0,0,0,0,象兵对乡勇步卒相克,象兵对乡勇步卒相克,0,0,,,,,99,受兵种伤害-,0
590653,590653,1,1,5,0,100,100,59065301,0,10,0,0,0,0,象兵对白波轻步相克,象兵对白波轻步相克,0,0,,,,,99,受兵种伤害-,0
590654,590654,1,1,5,0,100,100,59065401,0,10,0,0,0,0,象兵对黑山轻步相克,象兵对黑山轻步相克,0,0,,,,,99,受兵种伤害-,0
590655,590655,1,1,5,0,100,100,59065501,0,10,0,0,0,0,象兵对陷阵营相克,象兵对陷阵营相克,0,0,,,,,99,受兵种伤害-,0
590656,590656,1,1,5,0,100,100,59065601,0,10,0,0,0,0,象兵对黄巾轻步相克,象兵对黄巾轻步相克,0,0,,,,,99,受兵种伤害-,0
590657,590657,1,1,5,0,100,100,59065701,0,10,0,0,0,0,象兵对重垣军相克,象兵对重垣军相克,0,0,,,,,99,受兵种伤害-,0
590658,590658,1,1,5,0,100,100,59065801,0,10,0,0,0,0,象兵对乡勇轻骑相克,象兵对乡勇轻骑相克,0,0,,,,,99,受兵种伤害-,0
590659,590659,1,1,5,0,100,100,59065901,0,10,0,0,0,0,羽林骑对乡勇弓手相克,羽林骑对乡勇弓手相克,0,0,,,,,99,受兵种伤害-,0
590660,590660,1,1,5,0,100,100,59066001,0,10,0,0,0,0,羽林骑对舷卫相克,羽林骑对舷卫相克,0,0,,,,,99,受兵种伤害-,0
590661,590661,1,1,5,0,100,100,59066101,0,10,0,0,0,0,羽林骑对白毦兵相克,羽林骑对白毦兵相克,0,0,,,,,99,受兵种伤害-,0
590662,590662,1,1,5,0,100,100,59066201,0,10,0,0,0,0,羽林骑对乡勇步卒相克,羽林骑对乡勇步卒相克,0,0,,,,,99,受兵种伤害-,0
590663,590663,1,1,5,0,100,100,59066301,0,10,0,0,0,0,羽林骑对白波轻步相克,羽林骑对白波轻步相克,0,0,,,,,99,受兵种伤害-,0
590664,590664,1,1,5,0,100,100,59066401,0,10,0,0,0,0,羽林骑对黑山轻步相克,羽林骑对黑山轻步相克,0,0,,,,,99,受兵种伤害-,0
590665,590665,1,1,5,0,100,100,59066501,0,10,0,0,0,0,羽林骑对陷阵营相克,羽林骑对陷阵营相克,0,0,,,,,99,受兵种伤害-,0
590666,590666,1,1,5,0,100,100,59066601,0,10,0,0,0,0,羽林骑对黄巾轻步相克,羽林骑对黄巾轻步相克,0,0,,,,,99,受兵种伤害-,0
590667,590667,1,1,5,0,100,100,59066701,0,10,0,0,0,0,羽林骑对重垣军相克,羽林骑对重垣军相克,0,0,,,,,99,受兵种伤害-,0
590668,590668,1,1,5,0,100,100,59066801,0,10,0,0,0,0,羽林骑对乡勇轻骑相克,羽林骑对乡勇轻骑相克,0,0,,,,,99,受兵种伤害-,0
590669,590669,1,1,5,0,100,100,59066901,0,10,0,0,0,0,白马义从对乡勇弓手相克,白马义从对乡勇弓手相克,0,0,,,,,99,受兵种伤害-,0
590670,590670,1,1,5,0,100,100,59067001,0,10,0,0,0,0,白马义从对步兵相克,白马义从对步兵相克,0,0,,,,,99,受兵种伤害-,0
590671,590671,1,1,5,0,100,100,59067101,0,10,0,0,0,0,白马义从对重步兵相克,白马义从对重步兵相克,0,0,,,,,99,受兵种伤害-,0
590672,590672,1,1,5,0,100,100,59067201,0,10,0,0,0,0,白马义从对长枪兵相克,白马义从对长枪兵相克,0,0,,,,,99,受兵种伤害-,0
590673,590673,1,1,5,0,100,100,59067301,0,10,0,0,0,0,白马义从对蛮兵相克,白马义从对蛮兵相克,0,0,,,,,99,受兵种伤害-,0
590674,590674,1,1,5,0,100,100,59067401,0,10,0,0,0,0,白马义从对禁卫相克,白马义从对禁卫相克,0,0,,,,,99,受兵种伤害-,0
590675,590675,1,1,5,0,100,100,59067501,0,10,0,0,0,0,白马义从对藤甲兵相克,白马义从对藤甲兵相克,0,0,,,,,99,受兵种伤害-,0
590676,590676,1,1,5,0,100,100,59067601,0,10,0,0,0,0,白马义从对飞熊军相克,白马义从对飞熊军相克,0,0,,,,,99,受兵种伤害-,0
590677,590677,1,1,5,0,100,100,59067701,0,10,0,0,0,0,白马义从对舷卫相克,白马义从对舷卫相克,0,0,,,,,99,受兵种伤害-,0
590678,590678,1,1,5,0,100,100,59067801,0,10,0,0,0,0,白马义从对黄巾兵相克,白马义从对黄巾兵相克,0,0,,,,,99,受兵种伤害-,0
590679,590679,1,1,5,0,100,100,59067901,0,10,0,0,0,0,白马义从对白毦兵相克,白马义从对白毦兵相克,0,0,,,,,99,受兵种伤害-,0
590680,590680,1,1,5,0,100,100,59068001,0,10,0,0,0,0,白马义从对乡勇步卒相克,白马义从对乡勇步卒相克,0,0,,,,,99,受兵种伤害-,0
590681,590681,1,1,5,0,100,100,59068101,0,10,0,0,0,0,白马义从对白波轻步相克,白马义从对白波轻步相克,0,0,,,,,99,受兵种伤害-,0
590682,590682,1,1,5,0,100,100,59068201,0,10,0,0,0,0,白马义从对黑山轻步相克,白马义从对黑山轻步相克,0,0,,,,,99,受兵种伤害-,0
590683,590683,1,1,5,0,100,100,59068301,0,10,0,0,0,0,白马义从对陷阵营相克,白马义从对陷阵营相克,0,0,,,,,99,受兵种伤害-,0
590684,590684,1,1,5,0,100,100,59068401,0,10,0,0,0,0,白马义从对黄巾轻步相克,白马义从对黄巾轻步相克,0,0,,,,,99,受兵种伤害-,0
590685,590685,1,1,5,0,100,100,59068501,0,10,0,0,0,0,白马义从对重垣军相克,白马义从对重垣军相克,0,0,,,,,99,受兵种伤害-,0
590686,590686,1,1,5,0,100,100,59068601,0,10,0,0,0,0,白马义从对乡勇轻骑相克,白马义从对乡勇轻骑相克,0,0,,,,,99,受兵种伤害-,0
590687,590687,1,1,5,0,100,100,59068701,0,10,0,0,0,0,虎豹骑对乡勇弓手相克,虎豹骑对乡勇弓手相克,0,0,,,,,99,受兵种伤害-,0
590688,590688,1,1,5,0,100,100,59068801,0,10,0,0,0,0,虎豹骑对步兵相克,虎豹骑对步兵相克,0,0,,,,,99,受兵种伤害-,0
590689,590689,1,1,5,0,100,100,59068901,0,10,0,0,0,0,虎豹骑对重步兵相克,虎豹骑对重步兵相克,0,0,,,,,99,受兵种伤害-,0
590690,590690,1,1,5,0,100,100,59069001,0,10,0,0,0,0,虎豹骑对蛮兵相克,虎豹骑对蛮兵相克,0,0,,,,,99,受兵种伤害-,0
590691,590691,1,1,5,0,100,100,59069101,0,10,0,0,0,0,虎豹骑对禁卫相克,虎豹骑对禁卫相克,0,0,,,,,99,受兵种伤害-,0
590692,590692,1,1,5,0,100,100,59069201,0,10,0,0,0,0,虎豹骑对藤甲兵相克,虎豹骑对藤甲兵相克,0,0,,,,,99,受兵种伤害-,0
590693,590693,1,1,5,0,100,100,59069301,0,10,0,0,0,0,虎豹骑对飞熊军相克,虎豹骑对飞熊军相克,0,0,,,,,99,受兵种伤害-,0
590694,590694,1,1,5,0,100,100,59069401,0,10,0,0,0,0,虎豹骑对舷卫相克,虎豹骑对舷卫相克,0,0,,,,,99,受兵种伤害-,0
590695,590695,1,1,5,0,100,100,59069501,0,10,0,0,0,0,虎豹骑对黄巾兵相克,虎豹骑对黄巾兵相克,0,0,,,,,99,受兵种伤害-,0
590696,590696,1,1,5,0,100,100,59069601,0,10,0,0,0,0,虎豹骑对白毦兵相克,虎豹骑对白毦兵相克,0,0,,,,,99,受兵种伤害-,0
590697,590697,1,1,5,0,100,100,59069701,0,10,0,0,0,0,虎豹骑对乡勇步卒相克,虎豹骑对乡勇步卒相克,0,0,,,,,99,受兵种伤害-,0
590698,590698,1,1,5,0,100,100,59069801,0,10,0,0,0,0,虎豹骑对白波轻步相克,虎豹骑对白波轻步相克,0,0,,,,,99,受兵种伤害-,0
590699,590699,1,1,5,0,100,100,59069901,0,10,0,0,0,0,虎豹骑对黑山轻步相克,虎豹骑对黑山轻步相克,0,0,,,,,99,受兵种伤害-,0
590700,590700,1,1,5,0,100,100,59070001,0,10,0,0,0,0,虎豹骑对陷阵营相克,虎豹骑对陷阵营相克,0,0,,,,,99,受兵种伤害-,0
590701,590701,1,1,5,0,100,100,59070101,0,10,0,0,0,0,虎豹骑对黄巾轻步相克,虎豹骑对黄巾轻步相克,0,0,,,,,99,受兵种伤害-,0
590702,590702,1,1,5,0,100,100,59070201,0,10,0,0,0,0,虎豹骑对重垣军相克,虎豹骑对重垣军相克,0,0,,,,,99,受兵种伤害-,0
590703,590703,1,1,5,0,100,100,59070301,0,10,0,0,0,0,虎豹骑对乡勇轻骑相克,虎豹骑对乡勇轻骑相克,0,0,,,,,99,受兵种伤害-,0
590704,590704,1,1,5,0,100,100,59070401,0,10,0,0,0,0,乡勇轻骑对乡勇步卒相克,乡勇轻骑对乡勇步卒相克,0,0,,,,,99,受兵种伤害-,0
590705,590705,1,1,5,0,100,100,59070501,0,10,0,0,0,0,黄巾轻骑对乡勇弓手相克,黄巾轻骑对乡勇弓手相克,0,0,,,,,99,受兵种伤害-,0
590706,590706,1,1,5,0,100,100,59070601,0,10,0,0,0,0,黄巾轻骑对步兵相克,黄巾轻骑对步兵相克,0,0,,,,,99,受兵种伤害-,0
590707,590707,1,1,5,0,100,100,59070701,0,10,0,0,0,0,黄巾轻骑对重步兵相克,黄巾轻骑对重步兵相克,0,0,,,,,99,受兵种伤害-,0
590708,590708,1,1,5,0,100,100,59070801,0,10,0,0,0,0,黄巾轻骑对蛮兵相克,黄巾轻骑对蛮兵相克,0,0,,,,,99,受兵种伤害-,0
590709,590709,1,1,5,0,100,100,59070901,0,10,0,0,0,0,黄巾轻骑对禁卫相克,黄巾轻骑对禁卫相克,0,0,,,,,99,受兵种伤害-,0
590710,590710,1,1,5,0,100,100,59071001,0,10,0,0,0,0,黄巾轻骑对藤甲兵相克,黄巾轻骑对藤甲兵相克,0,0,,,,,99,受兵种伤害-,0
590711,590711,1,1,5,0,100,100,59071101,0,10,0,0,0,0,黄巾轻骑对飞熊军相克,黄巾轻骑对飞熊军相克,0,0,,,,,99,受兵种伤害-,0
590712,590712,1,1,5,0,100,100,59071201,0,10,0,0,0,0,黄巾轻骑对舷卫相克,黄巾轻骑对舷卫相克,0,0,,,,,99,受兵种伤害-,0
590713,590713,1,1,5,0,100,100,59071301,0,10,0,0,0,0,黄巾轻骑对黄巾兵相克,黄巾轻骑对黄巾兵相克,0,0,,,,,99,受兵种伤害-,0
590714,590714,1,1,5,0,100,100,59071401,0,10,0,0,0,0,黄巾轻骑对白毦兵相克,黄巾轻骑对白毦兵相克,0,0,,,,,99,受兵种伤害-,0
590715,590715,1,1,5,0,100,100,59071501,0,10,0,0,0,0,黄巾轻骑对乡勇步卒相克,黄巾轻骑对乡勇步卒相克,0,0,,,,,99,受兵种伤害-,0
590716,590716,1,1,5,0,100,100,59071601,0,10,0,0,0,0,黄巾轻骑对白波轻步相克,黄巾轻骑对白波轻步相克,0,0,,,,,99,受兵种伤害-,0
590717,590717,1,1,5,0,100,100,59071701,0,10,0,0,0,0,黄巾轻骑对黑山轻步相克,黄巾轻骑对黑山轻步相克,0,0,,,,,99,受兵种伤害-,0
590718,590718,1,1,5,0,100,100,59071801,0,10,0,0,0,0,黄巾轻骑对陷阵营相克,黄巾轻骑对陷阵营相克,0,0,,,,,99,受兵种伤害-,0
590719,590719,1,1,5,0,100,100,59071901,0,10,0,0,0,0,黄巾轻骑对黄巾轻步相克,黄巾轻骑对黄巾轻步相克,0,0,,,,,99,受兵种伤害-,0
590720,590720,1,1,5,0,100,100,59072001,0,10,0,0,0,0,黄巾轻骑对重垣军相克,黄巾轻骑对重垣军相克,0,0,,,,,99,受兵种伤害-,0
590721,590721,1,1,5,0,100,100,59072101,0,10,0,0,0,0,黄巾轻骑对乡勇轻骑相克,黄巾轻骑对乡勇轻骑相克,0,0,,,,,99,受兵种伤害-,0
590722,590722,1,1,5,0,100,100,59072201,0,10,0,0,0,0,白波轻骑对乡勇弓手相克,白波轻骑对乡勇弓手相克,0,0,,,,,99,受兵种伤害-,0
590723,590723,1,1,5,0,100,100,59072301,0,10,0,0,0,0,白波轻骑对步兵相克,白波轻骑对步兵相克,0,0,,,,,99,受兵种伤害-,0
590724,590724,1,1,5,0,100,100,59072401,0,10,0,0,0,0,白波轻骑对重步兵相克,白波轻骑对重步兵相克,0,0,,,,,99,受兵种伤害-,0
590725,590725,1,1,5,0,100,100,59072501,0,10,0,0,0,0,白波轻骑对蛮兵相克,白波轻骑对蛮兵相克,0,0,,,,,99,受兵种伤害-,0
590726,590726,1,1,5,0,100,100,59072601,0,10,0,0,0,0,白波轻骑对禁卫相克,白波轻骑对禁卫相克,0,0,,,,,99,受兵种伤害-,0
590727,590727,1,1,5,0,100,100,59072701,0,10,0,0,0,0,白波轻骑对藤甲兵相克,白波轻骑对藤甲兵相克,0,0,,,,,99,受兵种伤害-,0
590728,590728,1,1,5,0,100,100,59072801,0,10,0,0,0,0,白波轻骑对飞熊军相克,白波轻骑对飞熊军相克,0,0,,,,,99,受兵种伤害-,0
590729,590729,1,1,5,0,100,100,59072901,0,10,0,0,0,0,白波轻骑对舷卫相克,白波轻骑对舷卫相克,0,0,,,,,99,受兵种伤害-,0
590730,590730,1,1,5,0,100,100,59073001,0,10,0,0,0,0,白波轻骑对黄巾兵相克,白波轻骑对黄巾兵相克,0,0,,,,,99,受兵种伤害-,0
590731,590731,1,1,5,0,100,100,59073101,0,10,0,0,0,0,白波轻骑对白毦兵相克,白波轻骑对白毦兵相克,0,0,,,,,99,受兵种伤害-,0
590732,590732,1,1,5,0,100,100,59073201,0,10,0,0,0,0,白波轻骑对乡勇步卒相克,白波轻骑对乡勇步卒相克,0,0,,,,,99,受兵种伤害-,0
590733,590733,1,1,5,0,100,100,59073301,0,10,0,0,0,0,白波轻骑对白波轻步相克,白波轻骑对白波轻步相克,0,0,,,,,99,受兵种伤害-,0
590734,590734,1,1,5,0,100,100,59073401,0,10,0,0,0,0,白波轻骑对黑山轻步相克,白波轻骑对黑山轻步相克,0,0,,,,,99,受兵种伤害-,0
590735,590735,1,1,5,0,100,100,59073501,0,10,0,0,0,0,白波轻骑对陷阵营相克,白波轻骑对陷阵营相克,0,0,,,,,99,受兵种伤害-,0
590736,590736,1,1,5,0,100,100,59073601,0,10,0,0,0,0,白波轻骑对黄巾轻步相克,白波轻骑对黄巾轻步相克,0,0,,,,,99,受兵种伤害-,0
590737,590737,1,1,5,0,100,100,59073701,0,10,0,0,0,0,白波轻骑对重垣军相克,白波轻骑对重垣军相克,0,0,,,,,99,受兵种伤害-,0
590738,590738,1,1,5,0,100,100,59073801,0,10,0,0,0,0,白波轻骑对乡勇轻骑相克,白波轻骑对乡勇轻骑相克,0,0,,,,,99,受兵种伤害-,0
590739,590739,1,1,5,0,100,100,59073901,0,10,0,0,0,0,黑山轻骑对乡勇弓手相克,黑山轻骑对乡勇弓手相克,0,0,,,,,99,受兵种伤害-,0
590740,590740,1,1,5,0,100,100,59074001,0,10,0,0,0,0,黑山轻骑对步兵相克,黑山轻骑对步兵相克,0,0,,,,,99,受兵种伤害-,0
590741,590741,1,1,5,0,100,100,59074101,0,10,0,0,0,0,黑山轻骑对重步兵相克,黑山轻骑对重步兵相克,0,0,,,,,99,受兵种伤害-,0
590742,590742,1,1,5,0,100,100,59074201,0,10,0,0,0,0,黑山轻骑对蛮兵相克,黑山轻骑对蛮兵相克,0,0,,,,,99,受兵种伤害-,0
590743,590743,1,1,5,0,100,100,59074301,0,10,0,0,0,0,黑山轻骑对禁卫相克,黑山轻骑对禁卫相克,0,0,,,,,99,受兵种伤害-,0
590744,590744,1,1,5,0,100,100,59074401,0,10,0,0,0,0,黑山轻骑对藤甲兵相克,黑山轻骑对藤甲兵相克,0,0,,,,,99,受兵种伤害-,0
590745,590745,1,1,5,0,100,100,59074501,0,10,0,0,0,0,黑山轻骑对飞熊军相克,黑山轻骑对飞熊军相克,0,0,,,,,99,受兵种伤害-,0
590746,590746,1,1,5,0,100,100,59074601,0,10,0,0,0,0,黑山轻骑对舷卫相克,黑山轻骑对舷卫相克,0,0,,,,,99,受兵种伤害-,0
590747,590747,1,1,5,0,100,100,59074701,0,10,0,0,0,0,黑山轻骑对黄巾兵相克,黑山轻骑对黄巾兵相克,0,0,,,,,99,受兵种伤害-,0
590748,590748,1,1,5,0,100,100,59074801,0,10,0,0,0,0,黑山轻骑对白毦兵相克,黑山轻骑对白毦兵相克,0,0,,,,,99,受兵种伤害-,0
590749,590749,1,1,5,0,100,100,59074901,0,10,0,0,0,0,黑山轻骑对乡勇步卒相克,黑山轻骑对乡勇步卒相克,0,0,,,,,99,受兵种伤害-,0
590750,590750,1,1,5,0,100,100,59075001,0,10,0,0,0,0,黑山轻骑对白波轻步相克,黑山轻骑对白波轻步相克,0,0,,,,,99,受兵种伤害-,0
590751,590751,1,1,5,0,100,100,59075101,0,10,0,0,0,0,黑山轻骑对黑山轻步相克,黑山轻骑对黑山轻步相克,0,0,,,,,99,受兵种伤害-,0
590752,590752,1,1,5,0,100,100,59075201,0,10,0,0,0,0,黑山轻骑对陷阵营相克,黑山轻骑对陷阵营相克,0,0,,,,,99,受兵种伤害-,0
590753,590753,1,1,5,0,100,100,59075301,0,10,0,0,0,0,黑山轻骑对黄巾轻步相克,黑山轻骑对黄巾轻步相克,0,0,,,,,99,受兵种伤害-,0
590754,590754,1,1,5,0,100,100,59075401,0,10,0,0,0,0,黑山轻骑对重垣军相克,黑山轻骑对重垣军相克,0,0,,,,,99,受兵种伤害-,0
590755,590755,1,1,5,0,100,100,59075501,0,10,0,0,0,0,黑山轻骑对乡勇轻骑相克,黑山轻骑对乡勇轻骑相克,0,0,,,,,99,受兵种伤害-,0
590756,590756,1,1,5,0,100,100,59075601,0,10,0,0,0,0,西凉铁骑对乡勇弓手相克,西凉铁骑对乡勇弓手相克,0,0,,,,,99,受兵种伤害-,0
590757,590757,1,1,5,0,100,100,59075701,0,10,0,0,0,0,西凉铁骑对步兵相克,西凉铁骑对步兵相克,0,0,,,,,99,受兵种伤害-,0
590758,590758,1,1,5,0,100,100,59075801,0,10,0,0,0,0,西凉铁骑对重步兵相克,西凉铁骑对重步兵相克,0,0,,,,,99,受兵种伤害-,0
590759,590759,1,1,5,0,100,100,59075901,0,10,0,0,0,0,西凉铁骑对蛮兵相克,西凉铁骑对蛮兵相克,0,0,,,,,99,受兵种伤害-,0
590760,590760,1,1,5,0,100,100,59076001,0,10,0,0,0,0,西凉铁骑对禁卫相克,西凉铁骑对禁卫相克,0,0,,,,,99,受兵种伤害-,0
590761,590761,1,1,5,0,100,100,59076101,0,10,0,0,0,0,西凉铁骑对藤甲兵相克,西凉铁骑对藤甲兵相克,0,0,,,,,99,受兵种伤害-,0
590762,590762,1,1,5,0,100,100,59076201,0,10,0,0,0,0,西凉铁骑对飞熊军相克,西凉铁骑对飞熊军相克,0,0,,,,,99,受兵种伤害-,0
590763,590763,1,1,5,0,100,100,59076301,0,10,0,0,0,0,西凉铁骑对舷卫相克,西凉铁骑对舷卫相克,0,0,,,,,99,受兵种伤害-,0
590764,590764,1,1,5,0,100,100,59076401,0,10,0,0,0,0,西凉铁骑对黄巾兵相克,西凉铁骑对黄巾兵相克,0,0,,,,,99,受兵种伤害-,0
590765,590765,1,1,5,0,100,100,59076501,0,10,0,0,0,0,西凉铁骑对白毦兵相克,西凉铁骑对白毦兵相克,0,0,,,,,99,受兵种伤害-,0
590766,590766,1,1,5,0,100,100,59076601,0,10,0,0,0,0,西凉铁骑对乡勇步卒相克,西凉铁骑对乡勇步卒相克,0,0,,,,,99,受兵种伤害-,0
590767,590767,1,1,5,0,100,100,59076701,0,10,0,0,0,0,西凉铁骑对白波轻步相克,西凉铁骑对白波轻步相克,0,0,,,,,99,受兵种伤害-,0
590768,590768,1,1,5,0,100,100,59076801,0,10,0,0,0,0,西凉铁骑对黑山轻步相克,西凉铁骑对黑山轻步相克,0,0,,,,,99,受兵种伤害-,0
590769,590769,1,1,5,0,100,100,59076901,0,10,0,0,0,0,西凉铁骑对陷阵营相克,西凉铁骑对陷阵营相克,0,0,,,,,99,受兵种伤害-,0
590770,590770,1,1,5,0,100,100,59077001,0,10,0,0,0,0,西凉铁骑对黄巾轻步相克,西凉铁骑对黄巾轻步相克,0,0,,,,,99,受兵种伤害-,0
590771,590771,1,1,5,0,100,100,59077101,0,10,0,0,0,0,西凉铁骑对重垣军相克,西凉铁骑对重垣军相克,0,0,,,,,99,受兵种伤害-,0
590772,590772,1,1,5,0,100,100,59077201,0,10,0,0,0,0,西凉铁骑对乡勇轻骑相克,西凉铁骑对乡勇轻骑相克,0,0,,,,,99,受兵种伤害-,0
590773,590773,1,1,5,0,100,100,59077301,0,10,0,0,0,0,伏龙军对乡勇弓手相克,伏龙军对乡勇弓手相克,0,0,,,,,99,受兵种伤害-,0
590774,590774,1,1,5,0,100,100,59077401,0,10,0,0,0,0,伏龙军对步兵相克,伏龙军对步兵相克,0,0,,,,,99,受兵种伤害-,0
590775,590775,1,1,5,0,100,100,59077501,0,10,0,0,0,0,伏龙军对重步兵相克,伏龙军对重步兵相克,0,0,,,,,99,受兵种伤害-,0
590776,590776,1,1,5,0,100,100,59077601,0,10,0,0,0,0,伏龙军对蛮兵相克,伏龙军对蛮兵相克,0,0,,,,,99,受兵种伤害-,0
590777,590777,1,1,5,0,100,100,59077701,0,10,0,0,0,0,伏龙军对禁卫相克,伏龙军对禁卫相克,0,0,,,,,99,受兵种伤害-,0
590778,590778,1,1,5,0,100,100,59077801,0,10,0,0,0,0,伏龙军对藤甲兵相克,伏龙军对藤甲兵相克,0,0,,,,,99,受兵种伤害-,0
590779,590779,1,1,5,0,100,100,59077901,0,10,0,0,0,0,伏龙军对飞熊军相克,伏龙军对飞熊军相克,0,0,,,,,99,受兵种伤害-,0
590780,590780,1,1,5,0,100,100,59078001,0,10,0,0,0,0,伏龙军对舷卫相克,伏龙军对舷卫相克,0,0,,,,,99,受兵种伤害-,0
590781,590781,1,1,5,0,100,100,59078101,0,10,0,0,0,0,伏龙军对黄巾兵相克,伏龙军对黄巾兵相克,0,0,,,,,99,受兵种伤害-,0
590782,590782,1,1,5,0,100,100,59078201,0,10,0,0,0,0,伏龙军对白毦兵相克,伏龙军对白毦兵相克,0,0,,,,,99,受兵种伤害-,0
590783,590783,1,1,5,0,100,100,59078301,0,10,0,0,0,0,伏龙军对乡勇步卒相克,伏龙军对乡勇步卒相克,0,0,,,,,99,受兵种伤害-,0
590784,590784,1,1,5,0,100,100,59078401,0,10,0,0,0,0,伏龙军对白波轻步相克,伏龙军对白波轻步相克,0,0,,,,,99,受兵种伤害-,0
590785,590785,1,1,5,0,100,100,59078501,0,10,0,0,0,0,伏龙军对黑山轻步相克,伏龙军对黑山轻步相克,0,0,,,,,99,受兵种伤害-,0
590786,590786,1,1,5,0,100,100,59078601,0,10,0,0,0,0,伏龙军对陷阵营相克,伏龙军对陷阵营相克,0,0,,,,,99,受兵种伤害-,0
590787,590787,1,1,5,0,100,100,59078701,0,10,0,0,0,0,伏龙军对黄巾轻步相克,伏龙军对黄巾轻步相克,0,0,,,,,99,受兵种伤害-,0
590788,590788,1,1,5,0,100,100,59078801,0,10,0,0,0,0,伏龙军对重垣军相克,伏龙军对重垣军相克,0,0,,,,,99,受兵种伤害-,0
590789,590789,1,1,5,0,100,100,59078901,0,10,0,0,0,0,伏龙军对乡勇轻骑相克,伏龙军对乡勇轻骑相克,0,0,,,,,99,受兵种伤害-,0
590790,590790,1,1,5,0,100,100,59079001,0,10,0,0,0,0,木牛流马对乡勇弓手相克,木牛流马对乡勇弓手相克,0,0,,,,,99,受兵种伤害-,0
590791,590791,1,1,5,0,100,100,59079101,0,10,0,0,0,0,木牛流马对步兵相克,木牛流马对步兵相克,0,0,,,,,99,受兵种伤害-,0
590792,590792,1,1,5,0,100,100,59079201,0,10,0,0,0,0,木牛流马对重步兵相克,木牛流马对重步兵相克,0,0,,,,,99,受兵种伤害-,0
590793,590793,1,1,5,0,100,100,59079301,0,10,0,0,0,0,木牛流马对蛮兵相克,木牛流马对蛮兵相克,0,0,,,,,99,受兵种伤害-,0
590794,590794,1,1,5,0,100,100,59079401,0,10,0,0,0,0,木牛流马对禁卫相克,木牛流马对禁卫相克,0,0,,,,,99,受兵种伤害-,0
590795,590795,1,1,5,0,100,100,59079501,0,10,0,0,0,0,木牛流马对藤甲兵相克,木牛流马对藤甲兵相克,0,0,,,,,99,受兵种伤害-,0
590796,590796,1,1,5,0,100,100,59079601,0,10,0,0,0,0,木牛流马对飞熊军相克,木牛流马对飞熊军相克,0,0,,,,,99,受兵种伤害-,0
590797,590797,1,1,5,0,100,100,59079701,0,10,0,0,0,0,木牛流马对舷卫相克,木牛流马对舷卫相克,0,0,,,,,99,受兵种伤害-,0
590798,590798,1,1,5,0,100,100,59079801,0,10,0,0,0,0,木牛流马对黄巾兵相克,木牛流马对黄巾兵相克,0,0,,,,,99,受兵种伤害-,0
590799,590799,1,1,5,0,100,100,59079901,0,10,0,0,0,0,木牛流马对白毦兵相克,木牛流马对白毦兵相克,0,0,,,,,99,受兵种伤害-,0
590800,590800,1,1,5,0,100,100,59080001,0,10,0,0,0,0,木牛流马对乡勇步卒相克,木牛流马对乡勇步卒相克,0,0,,,,,99,受兵种伤害-,0
590801,590801,1,1,5,0,100,100,59080101,0,10,0,0,0,0,木牛流马对白波轻步相克,木牛流马对白波轻步相克,0,0,,,,,99,受兵种伤害-,0
590802,590802,1,1,5,0,100,100,59080201,0,10,0,0,0,0,木牛流马对黑山轻步相克,木牛流马对黑山轻步相克,0,0,,,,,99,受兵种伤害-,0
590803,590803,1,1,5,0,100,100,59080301,0,10,0,0,0,0,木牛流马对陷阵营相克,木牛流马对陷阵营相克,0,0,,,,,99,受兵种伤害-,0
590804,590804,1,1,5,0,100,100,59080401,0,10,0,0,0,0,木牛流马对黄巾轻步相克,木牛流马对黄巾轻步相克,0,0,,,,,99,受兵种伤害-,0
590805,590805,1,1,5,0,100,100,59080501,0,10,0,0,0,0,木牛流马对重垣军相克,木牛流马对重垣军相克,0,0,,,,,99,受兵种伤害-,0
590806,590806,1,1,5,0,100,100,59080601,0,10,0,0,0,0,木牛流马对乡勇轻骑相克,木牛流马对乡勇轻骑相克,0,0,,,,,99,受兵种伤害-,0
590807,590807,1,1,5,0,100,100,59080701,0,10,0,0,0,0,弓兵对木牛流马相克,弓兵对木牛流马相克,0,0,,,,,99,受兵种伤害-,0
590808,590808,1,1,5,0,100,100,59080801,0,10,0,0,0,0,长弓兵对木牛流马相克,长弓兵对木牛流马相克,0,0,,,,,99,受兵种伤害-,0
590809,590809,1,1,5,0,100,100,59080901,0,10,0,0,0,0,弩兵对木牛流马相克,弩兵对木牛流马相克,0,0,,,,,99,受兵种伤害-,0
590810,590810,1,1,5,0,100,100,59081001,0,10,0,0,0,0,死士对木牛流马相克,死士对木牛流马相克,0,0,,,,,99,受兵种伤害-,0
590811,590811,1,1,5,0,100,100,59081101,0,10,0,0,0,0,连弩兵对木牛流马相克,连弩兵对木牛流马相克,0,0,,,,,99,受兵种伤害-,0
590812,590812,1,1,5,0,100,100,59081201,0,10,0,0,0,0,火矢兵对木牛流马相克,火矢兵对木牛流马相克,0,0,,,,,99,受兵种伤害-,0
590813,590813,1,1,5,0,100,100,59081301,0,10,0,0,0,0,无当飞军对木牛流马相克,无当飞军对木牛流马相克,0,0,,,,,99,受兵种伤害-,0
590814,590814,1,1,5,0,100,100,59081401,0,10,0,0,0,0,丹阳兵对木牛流马相克,丹阳兵对木牛流马相克,0,0,,,,,99,受兵种伤害-,0
590815,590815,1,1,5,0,100,100,59081501,0,10,0,0,0,0,黄巾长弓对木牛流马相克,黄巾长弓对木牛流马相克,0,0,,,,,99,受兵种伤害-,0
590816,590816,1,1,5,0,100,100,59081601,0,10,0,0,0,0,解烦兵对木牛流马相克,解烦兵对木牛流马相克,0,0,,,,,99,受兵种伤害-,0
590817,590817,1,1,5,0,100,100,59081701,0,10,0,0,0,0,白波长弓对木牛流马相克,白波长弓对木牛流马相克,0,0,,,,,99,受兵种伤害-,0
590818,590818,1,1,5,0,100,100,59081801,0,10,0,0,0,0,黑山长弓对木牛流马相克,黑山长弓对木牛流马相克,0,0,,,,,99,受兵种伤害-,0
590819,590819,1,1,5,0,100,100,59081901,0,10,0,0,0,0,耕战营对木牛流马相克,耕战营对木牛流马相克,0,0,,,,,99,受兵种伤害-,0
590820,590820,1,1,5,0,100,100,59082001,0,10,0,0,0,0,青囊兵对木牛流马相克,青囊兵对木牛流马相克,0,0,,,,,99,受兵种伤害-,0
590821,590821,1,1,5,0,100,100,59082101,0,10,0,0,0,0,长枪兵对木牛流马相克,长枪兵对木牛流马相克,0,0,,,,,99,受兵种伤害-,0
590822,590822,1,1,5,0,100,100,59082201,0,10,0,0,0,0,大戟士对木牛流马相克,大戟士对木牛流马相克,0,0,,,,,99,受兵种伤害-,0
590823,590823,1,1,5,0,100,100,59082301,0,10,0,0,0,0,白衣死士对弓兵相克,白衣死士对弓兵相克,0,0,,,,,99,受兵种伤害-,0
590824,590824,1,1,5,0,100,100,59082401,0,10,0,0,0,0,白衣死士对长弓兵相克,白衣死士对长弓兵相克,0,0,,,,,99,受兵种伤害-,0
590825,590825,1,1,5,0,100,100,59082501,0,10,0,0,0,0,白衣死士对弩兵相克,白衣死士对弩兵相克,0,0,,,,,99,受兵种伤害-,0
590826,590826,1,1,5,0,100,100,59082601,0,10,0,0,0,0,白衣死士对死士相克,白衣死士对死士相克,0,0,,,,,99,受兵种伤害-,0
590827,590827,1,1,5,0,100,100,59082701,0,10,0,0,0,0,白衣死士对连弩兵相克,白衣死士对连弩兵相克,0,0,,,,,99,受兵种伤害-,0
590828,590828,1,1,5,0,100,100,59082801,0,10,0,0,0,0,白衣死士对火矢兵相克,白衣死士对火矢兵相克,0,0,,,,,99,受兵种伤害-,0
590829,590829,1,1,5,0,100,100,59082901,0,10,0,0,0,0,白衣死士对无当飞军相克,白衣死士对无当飞军相克,0,0,,,,,99,受兵种伤害-,0
590830,590830,1,1,5,0,100,100,59083001,0,10,0,0,0,0,白衣死士对乡勇弓手相克,白衣死士对乡勇弓手相克,0,0,,,,,99,受兵种伤害-,0
590831,590831,1,1,5,0,100,100,59083101,0,10,0,0,0,0,白衣死士对丹阳兵相克,白衣死士对丹阳兵相克,0,0,,,,,99,受兵种伤害-,0
590832,590832,1,1,5,0,100,100,59083201,0,10,0,0,0,0,白衣死士对黄巾长弓相克,白衣死士对黄巾长弓相克,0,0,,,,,99,受兵种伤害-,0
590833,590833,1,1,5,0,100,100,59083301,0,10,0,0,0,0,白衣死士对解烦兵相克,白衣死士对解烦兵相克,0,0,,,,,99,受兵种伤害-,0
590834,590834,1,1,5,0,100,100,59083401,0,10,0,0,0,0,白衣死士对白波长弓相克,白衣死士对白波长弓相克,0,0,,,,,99,受兵种伤害-,0
590835,590835,1,1,5,0,100,100,59083501,0,10,0,0,0,0,白衣死士对黑山长弓相克,白衣死士对黑山长弓相克,0,0,,,,,99,受兵种伤害-,0
590836,590836,1,1,5,0,100,100,59083601,0,10,0,0,0,0,白衣死士对耕战营相克,白衣死士对耕战营相克,0,0,,,,,99,受兵种伤害-,0
590837,590837,1,1,5,0,100,100,59083701,0,10,0,0,0,0,白衣死士对青囊兵相克,白衣死士对青囊兵相克,0,0,,,,,99,受兵种伤害-,0
590838,590838,1,1,5,0,100,100,59083801,0,10,0,0,0,0,白衣死士对大戟士相克,白衣死士对大戟士相克,0,0,,,,,99,受兵种伤害-,0
590839,590839,1,1,5,0,100,100,59083901,0,10,0,0,0,0,白衣死士对乡勇步卒相克,白衣死士对乡勇步卒相克,0,0,,,,,99,受兵种伤害-,0
590840,590840,1,1,5,0,100,100,59084001,0,10,0,0,0,0,白衣死士对乡勇轻骑相克,白衣死士对乡勇轻骑相克,0,0,,,,,99,受兵种伤害-,0
590841,590841,1,1,5,0,100,100,59084101,0,10,0,0,0,0,骑兵对白衣死士相克,骑兵对白衣死士相克,0,0,,,,,99,受兵种伤害-,0
590842,590842,1,1,5,0,100,100,59084201,0,10,0,0,0,0,重骑兵对白衣死士相克,重骑兵对白衣死士相克,0,0,,,,,99,受兵种伤害-,0
590843,590843,1,1,5,0,100,100,59084301,0,10,0,0,0,0,轻骑兵对白衣死士相克,轻骑兵对白衣死士相克,0,0,,,,,99,受兵种伤害-,0
590844,590844,1,1,5,0,100,100,59084401,0,10,0,0,0,0,弓骑兵对白衣死士相克,弓骑兵对白衣死士相克,0,0,,,,,99,受兵种伤害-,0
590845,590845,1,1,5,0,100,100,59084501,0,10,0,0,0,0,铁骑兵对白衣死士相克,铁骑兵对白衣死士相克,0,0,,,,,99,受兵种伤害-,0
590846,590846,1,1,5,0,100,100,59084601,0,10,0,0,0,0,象兵对白衣死士相克,象兵对白衣死士相克,0,0,,,,,99,受兵种伤害-,0
590847,590847,1,1,5,0,100,100,59084701,0,10,0,0,0,0,羽林骑对白衣死士相克,羽林骑对白衣死士相克,0,0,,,,,99,受兵种伤害-,0
590848,590848,1,1,5,0,100,100,59084801,0,10,0,0,0,0,白马义从对白衣死士相克,白马义从对白衣死士相克,0,0,,,,,99,受兵种伤害-,0
590849,590849,1,1,5,0,100,100,59084901,0,10,0,0,0,0,虎豹骑对白衣死士相克,虎豹骑对白衣死士相克,0,0,,,,,99,受兵种伤害-,0
590850,590850,1,1,5,0,100,100,59085001,0,10,0,0,0,0,黄巾轻骑对白衣死士相克,黄巾轻骑对白衣死士相克,0,0,,,,,99,受兵种伤害-,0
590851,590851,1,1,5,0,100,100,59085101,0,10,0,0,0,0,白波轻骑对白衣死士相克,白波轻骑对白衣死士相克,0,0,,,,,99,受兵种伤害-,0
590852,590852,1,1,5,0,100,100,59085201,0,10,0,0,0,0,黑山轻骑对白衣死士相克,黑山轻骑对白衣死士相克,0,0,,,,,99,受兵种伤害-,0
590853,590853,1,1,5,0,100,100,59085301,0,10,0,0,0,0,西凉铁骑对白衣死士相克,西凉铁骑对白衣死士相克,0,0,,,,,99,受兵种伤害-,0
590854,590854,1,1,5,0,100,100,59085401,0,10,0,0,0,0,伏龙军对白衣死士相克,伏龙军对白衣死士相克,0,0,,,,,99,受兵种伤害-,0
590855,590855,1,1,5,0,100,100,59085501,0,10,0,0,0,0,木牛流马对白衣死士相克,木牛流马对白衣死士相克,0,0,,,,,99,受兵种伤害-,0
